CustomerID,TotalOrders,ActiveMonth,AvgOrderValue,Recency,PurchaseFrequency,clusters,Churn,segment,Customer_Text
12346.0,1,1,28.08,325,1.0,0,1,Dormant Customers,"
       Customer Profile:
- Orders: 1
- Active Months: 1
- Avg Order Value: 28.08
- Recency: 325
- Frequency: 1.0
- Cluster: 0
- Churn Risk: Yes"
12347.0,7,7,905.42,2,1.0,1,0,Occasional Customers,"
       Customer Profile:
- Orders: 7
- Active Months: 7
- Avg Order Value: 905.42
- Recency: 2
- Frequency: 1.0
- Cluster: 1
- Churn Risk: No"
12348.0,4,4,139.39249999999998,75,1.0,1,0,Occasional Customers,"
       Customer Profile:
- Orders: 4
- Active Months: 4
- Avg Order Value: 139.39
- Recency: 75
- Frequency: 1.0
- Cluster: 1
- Churn Risk: No"
12349.0,1,1,1051.65,18,1.0,1,0,Occasional Customers,"
       Customer Profile:
- Orders: 1
- Active Months: 1
- Avg Order Value: 1051.65
- Recency: 18
- Frequency: 1.0
- Cluster: 1
- Churn Risk: No"
12350.0,1,1,294.4,310,1.0,0,1,Dormant Customers,"
       Customer Profile:
- Orders: 1
- Active Months: 1
- Avg Order Value: 294.40
- Recency: 310
- Frequency: 1.0
- Cluster: 0
- Churn Risk: Yes"
12352.0,7,4,195.94285714285712,36,1.75,1,0,Occasional Customers,"
       Customer Profile:
- Orders: 7
- Active Months: 4
- Avg Order Value: 195.94
- Recency: 36
- Frequency: 1.75
- Cluster: 1
- Churn Risk: No"
12353.0,1,1,29.300000000000004,204,1.0,0,1,Dormant Customers,"
       Customer Profile:
- Orders: 1
- Active Months: 1
- Avg Order Value: 29.30
- Recency: 204
- Frequency: 1.0
- Cluster: 0
- Churn Risk: Yes"
12354.0,1,1,2319.418999999997,232,1.0,0,1,Dormant Customers,"
       Customer Profile:
- Orders: 1
- Active Months: 1
- Avg Order Value: 2319.42
- Recency: 232
- Frequency: 1.0
- Cluster: 0
- Churn Risk: Yes"
12355.0,1,1,573.0,214,1.0,0,1,Dormant Customers,"
       Customer Profile:
- Orders: 1
- Active Months: 1
- Avg Order Value: 573.00
- Recency: 214
- Frequency: 1.0
- Cluster: 0
- Churn Risk: Yes"
12356.0,2,2,760.495,245,1.0,0,1,Dormant Customers,"
       Customer Profile:
- Orders: 2
- Active Months: 2
- Avg Order Value: 760.50
- Recency: 245
- Frequency: 1.0
- Cluster: 0
- Churn Risk: Yes"
12357.0,1,1,2319.418999999997,33,1.0,1,0,Occasional Customers,"
       Customer Profile:
- Orders: 1
- Active Months: 1
- Avg Order Value: 2319.42
- Recency: 33
- Frequency: 1.0
- Cluster: 1
- Churn Risk: No"
12358.0,2,2,1928.13,1,1.0,1,0,Occasional Customers,"
       Customer Profile:
- Orders: 2
- Active Months: 2
- Avg Order Value: 1928.13
- Recency: 1
- Frequency: 1.0
- Cluster: 1
- Churn Risk: No"
12359.0,4,4,790.395,57,1.0,1,0,Occasional Customers,"
       Customer Profile:
- Orders: 4
- Active Months: 4
- Avg Order Value: 790.39
- Recency: 57
- Frequency: 1.0
- Cluster: 1
- Churn Risk: No"
12360.0,3,3,620.2366666666667,52,1.0,1,0,Occasional Customers,"
       Customer Profile:
- Orders: 3
- Active Months: 3
- Avg Order Value: 620.24
- Recency: 52
- Frequency: 1.0
- Cluster: 1
- Churn Risk: No"
12361.0,1,1,174.9,287,1.0,0,1,Dormant Customers,"
       Customer Profile:
- Orders: 1
- Active Months: 1
- Avg Order Value: 174.90
- Recency: 287
- Frequency: 1.0
- Cluster: 0
- Churn Risk: Yes"
12362.0,10,8,459.402,3,1.25,2,0,Frequent Customers,"
       Customer Profile:
- Orders: 10
- Active Months: 8
- Avg Order Value: 459.40
- Recency: 3
- Frequency: 1.25
- Cluster: 2
- Churn Risk: No"
12363.0,2,2,249.675,109,1.0,1,0,Occasional Customers,"
       Customer Profile:
- Orders: 2
- Active Months: 2
- Avg Order Value: 249.68
- Recency: 109
- Frequency: 1.0
- Cluster: 1
- Churn Risk: No"
12364.0,4,4,349.1,7,1.0,1,0,Occasional Customers,"
       Customer Profile:
- Orders: 4
- Active Months: 4
- Avg Order Value: 349.10
- Recency: 7
- Frequency: 1.0
- Cluster: 1
- Churn Risk: No"
12365.0,1,1,615.88,291,1.0,0,1,Dormant Customers,"
       Customer Profile:
- Orders: 1
- Active Months: 1
- Avg Order Value: 615.88
- Recency: 291
- Frequency: 1.0
- Cluster: 0
- Churn Risk: Yes"
12367.0,1,1,143.97,4,1.0,1,0,Occasional Customers,"
       Customer Profile:
- Orders: 1
- Active Months: 1
- Avg Order Value: 143.97
- Recency: 4
- Frequency: 1.0
- Cluster: 1
- Churn Risk: No"
12370.0,4,3,722.2950000000001,51,1.3333333333333333,1,0,Occasional Customers,"
       Customer Profile:
- Orders: 4
- Active Months: 3
- Avg Order Value: 722.30
- Recency: 51
- Frequency: 1.3333333333333333
- Cluster: 1
- Churn Risk: No"
12371.0,1,1,1419.26,59,1.0,1,0,Occasional Customers,"
       Customer Profile:
- Orders: 1
- Active Months: 1
- Avg Order Value: 1419.26
- Recency: 59
- Frequency: 1.0
- Cluster: 1
- Churn Risk: No"
12372.0,3,3,357.33,71,1.0,1,0,Occasional Customers,"
       Customer Profile:
- Orders: 3
- Active Months: 3
- Avg Order Value: 357.33
- Recency: 71
- Frequency: 1.0
- Cluster: 1
- Churn Risk: No"
12373.0,1,1,322.05,311,1.0,0,1,Dormant Customers,"
       Customer Profile:
- Orders: 1
- Active Months: 1
- Avg Order Value: 322.05
- Recency: 311
- Frequency: 1.0
- Cluster: 0
- Churn Risk: Yes"
12374.0,1,1,531.73,25,1.0,1,0,Occasional Customers,"
       Customer Profile:
- Orders: 1
- Active Months: 1
- Avg Order Value: 531.73
- Recency: 25
- Frequency: 1.0
- Cluster: 1
- Churn Risk: No"
12375.0,2,2,169.73000000000002,10,1.0,1,0,Occasional Customers,"
       Customer Profile:
- Orders: 2
- Active Months: 2
- Avg Order Value: 169.73
- Recency: 10
- Frequency: 1.0
- Cluster: 1
- Churn Risk: No"
12377.0,2,2,736.26,315,1.0,0,1,Dormant Customers,"
       Customer Profile:
- Orders: 2
- Active Months: 2
- Avg Order Value: 736.26
- Recency: 315
- Frequency: 1.0
- Cluster: 0
- Churn Risk: Yes"
12378.0,1,1,2319.418999999997,129,1.0,1,0,Occasional Customers,"
       Customer Profile:
- Orders: 1
- Active Months: 1
- Avg Order Value: 2319.42
- Recency: 129
- Frequency: 1.0
- Cluster: 1
- Churn Risk: No"
12379.0,2,2,379.6950000000001,81,1.0,1,0,Occasional Customers,"
       Customer Profile:
- Orders: 2
- Active Months: 2
- Avg Order Value: 379.70
- Recency: 81
- Frequency: 1.0
- Cluster: 1
- Churn Risk: No"
12380.0,4,4,503.075,21,1.0,1,0,Occasional Customers,"
       Customer Profile:
- Orders: 4
- Active Months: 4
- Avg Order Value: 503.07
- Recency: 21
- Frequency: 1.0
- Cluster: 1
- Churn Risk: No"
12381.0,5,4,300.61400000000003,4,1.25,1,0,Occasional Customers,"
       Customer Profile:
- Orders: 5
- Active Months: 4
- Avg Order Value: 300.61
- Recency: 4
- Frequency: 1.25
- Cluster: 1
- Churn Risk: No"
12383.0,5,5,258.784,184,1.0,0,1,Dormant Customers,"
       Customer Profile:
- Orders: 5
- Active Months: 5
- Avg Order Value: 258.78
- Recency: 184
- Frequency: 1.0
- Cluster: 0
- Churn Risk: Yes"
12384.0,2,2,351.93,28,1.0,1,0,Occasional Customers,"
       Customer Profile:
- Orders: 2
- Active Months: 2
- Avg Order Value: 351.93
- Recency: 28
- Frequency: 1.0
- Cluster: 1
- Churn Risk: No"
12386.0,2,2,874.71,337,1.0,0,1,Dormant Customers,"
       Customer Profile:
- Orders: 2
- Active Months: 2
- Avg Order Value: 874.71
- Recency: 337
- Frequency: 1.0
- Cluster: 0
- Churn Risk: Yes"
12388.0,6,6,552.9783333333334,15,1.0,1,0,Occasional Customers,"
       Customer Profile:
- Orders: 6
- Active Months: 6
- Avg Order Value: 552.98
- Recency: 15
- Frequency: 1.0
- Cluster: 1
- Churn Risk: No"
12390.0,1,1,425.29,79,1.0,1,0,Occasional Customers,"
       Customer Profile:
- Orders: 1
- Active Months: 1
- Avg Order Value: 425.29
- Recency: 79
- Frequency: 1.0
- Cluster: 1
- Churn Risk: No"
12391.0,1,1,412.55,21,1.0,1,0,Occasional Customers,"
       Customer Profile:
- Orders: 1
- Active Months: 1
- Avg Order Value: 412.55
- Recency: 21
- Frequency: 1.0
- Cluster: 1
- Churn Risk: No"
12393.0,4,3,373.975,72,1.3333333333333333,1,0,Occasional Customers,"
       Customer Profile:
- Orders: 4
- Active Months: 3
- Avg Order Value: 373.98
- Recency: 72
- Frequency: 1.3333333333333333
- Cluster: 1
- Churn Risk: No"
12394.0,2,2,296.405,63,1.0,1,0,Occasional Customers,"
       Customer Profile:
- Orders: 2
- Active Months: 2
- Avg Order Value: 296.40
- Recency: 63
- Frequency: 1.0
- Cluster: 1
- Churn Risk: No"
12395.0,12,8,224.1541666666667,19,1.5,2,0,Frequent Customers,"
       Customer Profile:
- Orders: 12
- Active Months: 8
- Avg Order Value: 224.15
- Recency: 19
- Frequency: 1.5
- Cluster: 2
- Churn Risk: No"
12397.0,2,2,874.0450000000001,35,1.0,1,0,Occasional Customers,"
       Customer Profile:
- Orders: 2
- Active Months: 2
- Avg Order Value: 874.05
- Recency: 35
- Frequency: 1.0
- Cluster: 1
- Churn Risk: No"
12398.0,1,1,1378.33,45,1.0,1,0,Occasional Customers,"
       Customer Profile:
- Orders: 1
- Active Months: 1
- Avg Order Value: 1378.33
- Recency: 45
- Frequency: 1.0
- Cluster: 1
- Churn Risk: No"
12399.0,4,4,223.8,119,1.0,1,0,Occasional Customers,"
       Customer Profile:
- Orders: 4
- Active Months: 4
- Avg Order Value: 223.80
- Recency: 119
- Frequency: 1.0
- Cluster: 1
- Churn Risk: No"
12401.0,1,1,32.85,303,1.0,0,1,Dormant Customers,"
       Customer Profile:
- Orders: 1
- Active Months: 1
- Avg Order Value: 32.85
- Recency: 303
- Frequency: 1.0
- Cluster: 0
- Churn Risk: Yes"
12402.0,1,1,195.6,323,1.0,0,1,Dormant Customers,"
       Customer Profile:
- Orders: 1
- Active Months: 1
- Avg Order Value: 195.60
- Recency: 323
- Frequency: 1.0
- Cluster: 0
- Churn Risk: Yes"
12403.0,1,1,317.0,49,1.0,1,0,Occasional Customers,"
       Customer Profile:
- Orders: 1
- Active Months: 1
- Avg Order Value: 317.00
- Recency: 49
- Frequency: 1.0
- Cluster: 1
- Churn Risk: No"
12405.0,1,1,1174.8000000000002,148,1.0,1,0,Occasional Customers,"
       Customer Profile:
- Orders: 1
- Active Months: 1
- Avg Order Value: 1174.80
- Recency: 148
- Frequency: 1.0
- Cluster: 1
- Churn Risk: No"
12406.0,2,2,1536.33,22,1.0,1,0,Occasional Customers,"
       Customer Profile:
- Orders: 2
- Active Months: 2
- Avg Order Value: 1536.33
- Recency: 22
- Frequency: 1.0
- Cluster: 1
- Churn Risk: No"
12407.0,5,4,282.374,49,1.25,1,0,Occasional Customers,"
       Customer Profile:
- Orders: 5
- Active Months: 4
- Avg Order Value: 282.37
- Recency: 49
- Frequency: 1.25
- Cluster: 1
- Churn Risk: No"
12408.0,5,4,547.198,32,1.25,1,0,Occasional Customers,"
       Customer Profile:
- Orders: 5
- Active Months: 4
- Avg Order Value: 547.20
- Recency: 32
- Frequency: 1.25
- Cluster: 1
- Churn Risk: No"
12409.0,3,2,1720.8199999999997,78,1.5,1,0,Occasional Customers,"
       Customer Profile:
- Orders: 3
- Active Months: 2
- Avg Order Value: 1720.82
- Recency: 78
- Frequency: 1.5
- Cluster: 1
- Churn Risk: No"
12410.0,1,1,274.23,308,1.0,0,1,Dormant Customers,"
       Customer Profile:
- Orders: 1
- Active Months: 1
- Avg Order Value: 274.23
- Recency: 308
- Frequency: 1.0
- Cluster: 0
- Churn Risk: Yes"
12412.0,3,3,1006.78,74,1.0,1,0,Occasional Customers,"
       Customer Profile:
- Orders: 3
- Active Months: 3
- Avg Order Value: 1006.78
- Recency: 74
- Frequency: 1.0
- Cluster: 1
- Churn Risk: No"
12413.0,3,3,828.8666666666668,66,1.0,1,0,Occasional Customers,"
       Customer Profile:
- Orders: 3
- Active Months: 3
- Avg Order Value: 828.87
- Recency: 66
- Frequency: 1.0
- Cluster: 1
- Churn Risk: No"
12414.0,3,3,133.54,217,1.0,0,1,Dormant Customers,"
       Customer Profile:
- Orders: 3
- Active Months: 3
- Avg Order Value: 133.54
- Recency: 217
- Frequency: 1.0
- Cluster: 0
- Churn Risk: Yes"
12415.0,20,10,2210.886,24,2.0,2,0,Frequent Customers,"
       Customer Profile:
- Orders: 20
- Active Months: 10
- Avg Order Value: 2210.89
- Recency: 24
- Frequency: 2.0
- Cluster: 2
- Churn Risk: No"
12417.0,9,8,350.9833333333333,3,1.125,1,0,Occasional Customers,"
       Customer Profile:
- Orders: 9
- Active Months: 8
- Avg Order Value: 350.98
- Recency: 3
- Frequency: 1.125
- Cluster: 1
- Churn Risk: No"
12418.0,1,1,425.99,112,1.0,1,0,Occasional Customers,"
       Customer Profile:
- Orders: 1
- Active Months: 1
- Avg Order Value: 425.99
- Recency: 112
- Frequency: 1.0
- Cluster: 1
- Churn Risk: No"
12420.0,1,1,394.07,63,1.0,1,0,Occasional Customers,"
       Customer Profile:
- Orders: 1
- Active Months: 1
- Avg Order Value: 394.07
- Recency: 63
- Frequency: 1.0
- Cluster: 1
- Churn Risk: No"
12421.0,4,4,195.1275,15,1.0,1,0,Occasional Customers,"
       Customer Profile:
- Orders: 4
- Active Months: 4
- Avg Order Value: 195.13
- Recency: 15
- Frequency: 1.0
- Cluster: 1
- Churn Risk: No"
12422.0,3,3,363.45666666666665,95,1.0,1,0,Occasional Customers,"
       Customer Profile:
- Orders: 3
- Active Months: 3
- Avg Order Value: 363.46
- Recency: 95
- Frequency: 1.0
- Cluster: 1
- Churn Risk: No"
12423.0,8,8,320.40875,1,1.0,1,0,Occasional Customers,"
       Customer Profile:
- Orders: 8
- Active Months: 8
- Avg Order Value: 320.41
- Recency: 1
- Frequency: 1.0
- Cluster: 1
- Churn Risk: No"
12424.0,2,1,641.5699999999999,162,2.0,1,0,Occasional Customers,"
       Customer Profile:
- Orders: 2
- Active Months: 1
- Avg Order Value: 641.57
- Recency: 162
- Frequency: 2.0
- Cluster: 1
- Churn Risk: No"
12425.0,1,1,661.8000000000001,78,1.0,1,0,Occasional Customers,"
       Customer Profile:
- Orders: 1
- Active Months: 1
- Avg Order Value: 661.80
- Recency: 78
- Frequency: 1.0
- Cluster: 1
- Churn Risk: No"
12426.0,1,1,892.16,194,1.0,0,1,Dormant Customers,"
       Customer Profile:
- Orders: 1
- Active Months: 1
- Avg Order Value: 892.16
- Recency: 194
- Frequency: 1.0
- Cluster: 0
- Churn Risk: Yes"
12427.0,3,3,297.15,21,1.0,1,0,Occasional Customers,"
       Customer Profile:
- Orders: 3
- Active Months: 3
- Avg Order Value: 297.15
- Recency: 21
- Frequency: 1.0
- Cluster: 1
- Churn Risk: No"
12428.0,8,5,688.3525,25,1.6,1,0,Occasional Customers,"
       Customer Profile:
- Orders: 8
- Active Months: 5
- Avg Order Value: 688.35
- Recency: 25
- Frequency: 1.6
- Cluster: 1
- Churn Risk: No"
12429.0,4,4,866.7175,9,1.0,1,0,Occasional Customers,"
       Customer Profile:
- Orders: 4
- Active Months: 4
- Avg Order Value: 866.72
- Recency: 9
- Frequency: 1.0
- Cluster: 1
- Churn Risk: No"
12430.0,1,1,168.6,43,1.0,1,0,Occasional Customers,"
       Customer Profile:
- Orders: 1
- Active Months: 1
- Avg Order Value: 168.60
- Recency: 43
- Frequency: 1.0
- Cluster: 1
- Churn Risk: No"
12431.0,15,8,370.1186666666666,35,1.875,2,0,Frequent Customers,"
       Customer Profile:
- Orders: 15
- Active Months: 8
- Avg Order Value: 370.12
- Recency: 35
- Frequency: 1.875
- Cluster: 2
- Churn Risk: No"
12432.0,4,2,672.4275,42,2.0,1,0,Occasional Customers,"
       Customer Profile:
- Orders: 4
- Active Months: 2
- Avg Order Value: 672.43
- Recency: 42
- Frequency: 2.0
- Cluster: 1
- Churn Risk: No"
12433.0,7,5,2319.418999999997,1,1.4,1,0,Occasional Customers,"
       Customer Profile:
- Orders: 7
- Active Months: 5
- Avg Order Value: 2319.42
- Recency: 1
- Frequency: 1.4
- Cluster: 1
- Churn Risk: No"
12434.0,2,2,312.42,84,1.0,1,0,Occasional Customers,"
       Customer Profile:
- Orders: 2
- Active Months: 2
- Avg Order Value: 312.42
- Recency: 84
- Frequency: 1.0
- Cluster: 1
- Churn Risk: No"
12435.0,2,2,1523.295,79,1.0,1,0,Occasional Customers,"
       Customer Profile:
- Orders: 2
- Active Months: 2
- Avg Order Value: 1523.30
- Recency: 79
- Frequency: 1.0
- Cluster: 1
- Churn Risk: No"
12436.0,1,1,429.0100000000001,99,1.0,1,0,Occasional Customers,"
       Customer Profile:
- Orders: 1
- Active Months: 1
- Avg Order Value: 429.01
- Recency: 99
- Frequency: 1.0
- Cluster: 1
- Churn Risk: No"
12437.0,18,10,189.56666666666663,1,1.8,2,0,Frequent Customers,"
       Customer Profile:
- Orders: 18
- Active Months: 10
- Avg Order Value: 189.57
- Recency: 1
- Frequency: 1.8
- Cluster: 2
- Churn Risk: No"
12438.0,2,2,891.5450000000001,14,1.0,1,0,Occasional Customers,"
       Customer Profile:
- Orders: 2
- Active Months: 2
- Avg Order Value: 891.55
- Recency: 14
- Frequency: 1.0
- Cluster: 1
- Churn Risk: No"
12441.0,1,1,933.3,366,1.0,0,1,Dormant Customers,"
       Customer Profile:
- Orders: 1
- Active Months: 1
- Avg Order Value: 933.30
- Recency: 366
- Frequency: 1.0
- Cluster: 0
- Churn Risk: Yes"
12442.0,1,1,288.12,3,1.0,1,0,Occasional Customers,"
       Customer Profile:
- Orders: 1
- Active Months: 1
- Avg Order Value: 288.12
- Recency: 3
- Frequency: 1.0
- Cluster: 1
- Churn Risk: No"
12444.0,5,5,523.356,21,1.0,1,0,Occasional Customers,"
       Customer Profile:
- Orders: 5
- Active Months: 5
- Avg Order Value: 523.36
- Recency: 21
- Frequency: 1.0
- Cluster: 1
- Churn Risk: No"
12445.0,1,1,77.4,22,1.0,1,0,Occasional Customers,"
       Customer Profile:
- Orders: 1
- Active Months: 1
- Avg Order Value: 77.40
- Recency: 22
- Frequency: 1.0
- Cluster: 1
- Churn Risk: No"
12446.0,1,1,734.36,57,1.0,1,0,Occasional Customers,"
       Customer Profile:
- Orders: 1
- Active Months: 1
- Avg Order Value: 734.36
- Recency: 57
- Frequency: 1.0
- Cluster: 1
- Churn Risk: No"
12447.0,1,1,759.5799999999999,243,1.0,0,1,Dormant Customers,"
       Customer Profile:
- Orders: 1
- Active Months: 1
- Avg Order Value: 759.58
- Recency: 243
- Frequency: 1.0
- Cluster: 0
- Churn Risk: Yes"
12448.0,1,1,283.95,44,1.0,1,0,Occasional Customers,"
       Customer Profile:
- Orders: 1
- Active Months: 1
- Avg Order Value: 283.95
- Recency: 44
- Frequency: 1.0
- Cluster: 1
- Churn Risk: No"
12449.0,4,4,853.9925000000001,22,1.0,1,0,Occasional Customers,"
       Customer Profile:
- Orders: 4
- Active Months: 4
- Avg Order Value: 853.99
- Recency: 22
- Frequency: 1.0
- Cluster: 1
- Churn Risk: No"
12450.0,2,2,139.155,156,1.0,0,0,Dormant Customers,"
       Customer Profile:
- Orders: 2
- Active Months: 2
- Avg Order Value: 139.16
- Recency: 156
- Frequency: 1.0
- Cluster: 0
- Churn Risk: No"
12451.0,5,4,1437.994,10,1.25,1,0,Occasional Customers,"
       Customer Profile:
- Orders: 5
- Active Months: 4
- Avg Order Value: 1437.99
- Recency: 10
- Frequency: 1.25
- Cluster: 1
- Churn Risk: No"
12452.0,1,1,287.67,16,1.0,1,0,Occasional Customers,"
       Customer Profile:
- Orders: 1
- Active Months: 1
- Avg Order Value: 287.67
- Recency: 16
- Frequency: 1.0
- Cluster: 1
- Churn Risk: No"
12453.0,1,1,707.09,134,1.0,1,0,Occasional Customers,"
       Customer Profile:
- Orders: 1
- Active Months: 1
- Avg Order Value: 707.09
- Recency: 134
- Frequency: 1.0
- Cluster: 1
- Churn Risk: No"
12454.0,1,1,1260.61,56,1.0,1,0,Occasional Customers,"
       Customer Profile:
- Orders: 1
- Active Months: 1
- Avg Order Value: 1260.61
- Recency: 56
- Frequency: 1.0
- Cluster: 1
- Churn Risk: No"
12455.0,5,5,338.43600000000004,73,1.0,1,0,Occasional Customers,"
       Customer Profile:
- Orders: 5
- Active Months: 5
- Avg Order Value: 338.44
- Recency: 73
- Frequency: 1.0
- Cluster: 1
- Churn Risk: No"
12456.0,3,3,882.7999999999998,44,1.0,1,0,Occasional Customers,"
       Customer Profile:
- Orders: 3
- Active Months: 3
- Avg Order Value: 882.80
- Recency: 44
- Frequency: 1.0
- Cluster: 1
- Churn Risk: No"
12457.0,6,3,240.73166666666668,66,2.0,1,0,Occasional Customers,"
       Customer Profile:
- Orders: 6
- Active Months: 3
- Avg Order Value: 240.73
- Recency: 66
- Frequency: 2.0
- Cluster: 1
- Churn Risk: No"
12458.0,2,2,353.575,71,1.0,1,0,Occasional Customers,"
       Customer Profile:
- Orders: 2
- Active Months: 2
- Avg Order Value: 353.57
- Recency: 71
- Frequency: 1.0
- Cluster: 1
- Churn Risk: No"
12461.0,1,1,419.08,154,1.0,0,0,Dormant Customers,"
       Customer Profile:
- Orders: 1
- Active Months: 1
- Avg Order Value: 419.08
- Recency: 154
- Frequency: 1.0
- Cluster: 0
- Churn Risk: No"
12462.0,2,2,339.43,18,1.0,1,0,Occasional Customers,"
       Customer Profile:
- Orders: 2
- Active Months: 2
- Avg Order Value: 339.43
- Recency: 18
- Frequency: 1.0
- Cluster: 1
- Churn Risk: No"
12463.0,4,4,288.845,53,1.0,1,0,Occasional Customers,"
       Customer Profile:
- Orders: 4
- Active Months: 4
- Avg Order Value: 288.85
- Recency: 53
- Frequency: 1.0
- Cluster: 1
- Churn Risk: No"
12464.0,4,3,22.6365,149,1.3333333333333333,0,0,Dormant Customers,"
       Customer Profile:
- Orders: 4
- Active Months: 3
- Avg Order Value: 22.64
- Recency: 149
- Frequency: 1.3333333333333333
- Cluster: 0
- Churn Risk: No"
12465.0,2,2,1068.6,17,1.0,1,0,Occasional Customers,"
       Customer Profile:
- Orders: 2
- Active Months: 2
- Avg Order Value: 1068.60
- Recency: 17
- Frequency: 1.0
- Cluster: 1
- Churn Risk: No"
12468.0,2,2,520.37,187,1.0,0,1,Dormant Customers,"
       Customer Profile:
- Orders: 2
- Active Months: 2
- Avg Order Value: 520.37
- Recency: 187
- Frequency: 1.0
- Cluster: 0
- Churn Risk: Yes"
12471.0,27,12,384.9074074074074,2,2.25,2,0,Frequent Customers,"
       Customer Profile:
- Orders: 27
- Active Months: 12
- Avg Order Value: 384.91
- Recency: 2
- Frequency: 2.25
- Cluster: 2
- Churn Risk: No"
12472.0,7,7,2319.418999999997,32,1.0,1,0,Occasional Customers,"
       Customer Profile:
- Orders: 7
- Active Months: 7
- Avg Order Value: 2319.42
- Recency: 32
- Frequency: 1.0
- Cluster: 1
- Churn Risk: No"
12473.0,3,3,782.85,53,1.0,1,0,Occasional Customers,"
       Customer Profile:
- Orders: 3
- Active Months: 3
- Avg Order Value: 782.85
- Recency: 53
- Frequency: 1.0
- Cluster: 1
- Churn Risk: No"
12474.0,18,9,378.5677777777778,17,2.0,2,0,Frequent Customers,"
       Customer Profile:
- Orders: 18
- Active Months: 9
- Avg Order Value: 378.57
- Recency: 17
- Frequency: 2.0
- Cluster: 2
- Churn Risk: No"
12475.0,1,1,597.31,53,1.0,1,0,Occasional Customers,"
       Customer Profile:
- Orders: 1
- Active Months: 1
- Avg Order Value: 597.31
- Recency: 53
- Frequency: 1.0
- Cluster: 1
- Churn Risk: No"
12476.0,10,8,385.51,15,1.25,2,0,Frequent Customers,"
       Customer Profile:
- Orders: 10
- Active Months: 8
- Avg Order Value: 385.51
- Recency: 15
- Frequency: 1.25
- Cluster: 2
- Churn Risk: No"
12477.0,6,5,1377.8233333333335,22,1.2,1,0,Occasional Customers,"
       Customer Profile:
- Orders: 6
- Active Months: 5
- Avg Order Value: 1377.82
- Recency: 22
- Frequency: 1.2
- Cluster: 1
- Churn Risk: No"
12478.0,1,1,959.18,3,1.0,1,0,Occasional Customers,"
       Customer Profile:
- Orders: 1
- Active Months: 1
- Avg Order Value: 959.18
- Recency: 3
- Frequency: 1.0
- Cluster: 1
- Churn Risk: No"
12479.0,1,1,426.35,11,1.0,1,0,Occasional Customers,"
       Customer Profile:
- Orders: 1
- Active Months: 1
- Avg Order Value: 426.35
- Recency: 11
- Frequency: 1.0
- Cluster: 1
- Churn Risk: No"
12480.0,4,4,1577.77,28,1.0,1,0,Occasional Customers,"
       Customer Profile:
- Orders: 4
- Active Months: 4
- Avg Order Value: 1577.77
- Recency: 28
- Frequency: 1.0
- Cluster: 1
- Churn Risk: No"
12481.0,10,7,971.832,22,1.4285714285714286,2,0,Frequent Customers,"
       Customer Profile:
- Orders: 10
- Active Months: 7
- Avg Order Value: 971.83
- Recency: 22
- Frequency: 1.4285714285714286
- Cluster: 2
- Churn Risk: No"
12483.0,8,7,376.18,17,1.1428571428571428,1,0,Occasional Customers,"
       Customer Profile:
- Orders: 8
- Active Months: 7
- Avg Order Value: 376.18
- Recency: 17
- Frequency: 1.1428571428571428
- Cluster: 1
- Churn Risk: No"
12484.0,4,4,1356.4225,35,1.0,1,0,Occasional Customers,"
       Customer Profile:
- Orders: 4
- Active Months: 4
- Avg Order Value: 1356.42
- Recency: 35
- Frequency: 1.0
- Cluster: 1
- Churn Risk: No"
12488.0,3,3,730.8766666666667,9,1.0,1,0,Occasional Customers,"
       Customer Profile:
- Orders: 3
- Active Months: 3
- Avg Order Value: 730.88
- Recency: 9
- Frequency: 1.0
- Cluster: 1
- Churn Risk: No"
12489.0,1,1,382.86,336,1.0,0,1,Dormant Customers,"
       Customer Profile:
- Orders: 1
- Active Months: 1
- Avg Order Value: 382.86
- Recency: 336
- Frequency: 1.0
- Cluster: 0
- Churn Risk: Yes"
12490.0,10,8,554.085,5,1.25,2,0,Frequent Customers,"
       Customer Profile:
- Orders: 10
- Active Months: 8
- Avg Order Value: 554.09
- Recency: 5
- Frequency: 1.25
- Cluster: 2
- Churn Risk: No"
12491.0,1,1,2319.418999999997,38,1.0,1,0,Occasional Customers,"
       Customer Profile:
- Orders: 1
- Active Months: 1
- Avg Order Value: 2319.42
- Recency: 38
- Frequency: 1.0
- Cluster: 1
- Churn Risk: No"
12492.0,2,2,113.60500000000002,63,1.0,1,0,Occasional Customers,"
       Customer Profile:
- Orders: 2
- Active Months: 2
- Avg Order Value: 113.61
- Recency: 63
- Frequency: 1.0
- Cluster: 1
- Churn Risk: No"
12493.0,2,2,177.66000000000005,165,1.0,0,0,Dormant Customers,"
       Customer Profile:
- Orders: 2
- Active Months: 2
- Avg Order Value: 177.66
- Recency: 165
- Frequency: 1.0
- Cluster: 0
- Churn Risk: No"
12494.0,7,6,161.2271428571429,15,1.1666666666666667,1,0,Occasional Customers,"
       Customer Profile:
- Orders: 7
- Active Months: 6
- Avg Order Value: 161.23
- Recency: 15
- Frequency: 1.1666666666666667
- Cluster: 1
- Churn Risk: No"
12497.0,1,1,290.13,81,1.0,1,0,Occasional Customers,"
       Customer Profile:
- Orders: 1
- Active Months: 1
- Avg Order Value: 290.13
- Recency: 81
- Frequency: 1.0
- Cluster: 1
- Churn Risk: No"
12498.0,3,2,116.56666666666668,21,1.5,1,0,Occasional Customers,"
       Customer Profile:
- Orders: 3
- Active Months: 2
- Avg Order Value: 116.57
- Recency: 21
- Frequency: 1.5
- Cluster: 1
- Churn Risk: No"
12500.0,11,7,140.88363636363636,23,1.5714285714285714,2,0,Frequent Customers,"
       Customer Profile:
- Orders: 11
- Active Months: 7
- Avg Order Value: 140.88
- Recency: 23
- Frequency: 1.5714285714285714
- Cluster: 2
- Churn Risk: No"
12501.0,1,1,2319.418999999997,336,1.0,0,1,Dormant Customers,"
       Customer Profile:
- Orders: 1
- Active Months: 1
- Avg Order Value: 2319.42
- Recency: 336
- Frequency: 1.0
- Cluster: 0
- Churn Risk: Yes"
12502.0,5,5,383.4740000000001,95,1.0,1,0,Occasional Customers,"
       Customer Profile:
- Orders: 5
- Active Months: 5
- Avg Order Value: 383.47
- Recency: 95
- Frequency: 1.0
- Cluster: 1
- Churn Risk: No"
12504.0,1,1,60.0,30,1.0,1,0,Occasional Customers,"
       Customer Profile:
- Orders: 1
- Active Months: 1
- Avg Order Value: 60.00
- Recency: 30
- Frequency: 1.0
- Cluster: 1
- Churn Risk: No"
12506.0,1,1,288.0,232,1.0,0,1,Dormant Customers,"
       Customer Profile:
- Orders: 1
- Active Months: 1
- Avg Order Value: 288.00
- Recency: 232
- Frequency: 1.0
- Cluster: 0
- Churn Risk: Yes"
12507.0,3,2,175.21333333333334,134,1.5,1,0,Occasional Customers,"
       Customer Profile:
- Orders: 3
- Active Months: 2
- Avg Order Value: 175.21
- Recency: 134
- Frequency: 1.5
- Cluster: 1
- Churn Risk: No"
12508.0,2,1,260.48,26,2.0,1,0,Occasional Customers,"
       Customer Profile:
- Orders: 2
- Active Months: 1
- Avg Order Value: 260.48
- Recency: 26
- Frequency: 2.0
- Cluster: 1
- Churn Risk: No"
12509.0,1,1,124.5,284,1.0,0,1,Dormant Customers,"
       Customer Profile:
- Orders: 1
- Active Months: 1
- Avg Order Value: 124.50
- Recency: 284
- Frequency: 1.0
- Cluster: 0
- Churn Risk: Yes"
12510.0,2,2,355.79,142,1.0,0,0,Dormant Customers,"
       Customer Profile:
- Orders: 2
- Active Months: 2
- Avg Order Value: 355.79
- Recency: 142
- Frequency: 1.0
- Cluster: 0
- Churn Risk: No"
12512.0,2,1,62.115,66,2.0,1,0,Occasional Customers,"
       Customer Profile:
- Orders: 2
- Active Months: 1
- Avg Order Value: 62.12
- Recency: 66
- Frequency: 2.0
- Cluster: 1
- Churn Risk: No"
12513.0,1,1,520.04,112,1.0,1,0,Occasional Customers,"
       Customer Profile:
- Orders: 1
- Active Months: 1
- Avg Order Value: 520.04
- Recency: 112
- Frequency: 1.0
- Cluster: 1
- Churn Risk: No"
12514.0,1,1,2319.418999999997,267,1.0,0,1,Dormant Customers,"
       Customer Profile:
- Orders: 1
- Active Months: 1
- Avg Order Value: 2319.42
- Recency: 267
- Frequency: 1.0
- Cluster: 0
- Churn Risk: Yes"
12515.0,1,1,190.8,353,1.0,0,1,Dormant Customers,"
       Customer Profile:
- Orders: 1
- Active Months: 1
- Avg Order Value: 190.80
- Recency: 353
- Frequency: 1.0
- Cluster: 0
- Churn Risk: Yes"
12516.0,2,2,2235.255,77,1.0,1,0,Occasional Customers,"
       Customer Profile:
- Orders: 2
- Active Months: 2
- Avg Order Value: 2235.26
- Recency: 77
- Frequency: 1.0
- Cluster: 1
- Churn Risk: No"
12517.0,4,4,2319.418999999997,28,1.0,1,0,Occasional Customers,"
       Customer Profile:
- Orders: 4
- Active Months: 4
- Avg Order Value: 2319.42
- Recency: 28
- Frequency: 1.0
- Cluster: 1
- Churn Risk: No"
12518.0,5,5,788.5840000000001,1,1.0,1,0,Occasional Customers,"
       Customer Profile:
- Orders: 5
- Active Months: 5
- Avg Order Value: 788.58
- Recency: 1
- Frequency: 1.0
- Cluster: 1
- Churn Risk: No"
12519.0,1,1,242.84,63,1.0,1,0,Occasional Customers,"
       Customer Profile:
- Orders: 1
- Active Months: 1
- Avg Order Value: 242.84
- Recency: 63
- Frequency: 1.0
- Cluster: 1
- Churn Risk: No"
12520.0,5,4,412.312,79,1.25,1,0,Occasional Customers,"
       Customer Profile:
- Orders: 5
- Active Months: 4
- Avg Order Value: 412.31
- Recency: 79
- Frequency: 1.25
- Cluster: 1
- Churn Risk: No"
12521.0,1,1,499.03,142,1.0,0,0,Dormant Customers,"
       Customer Profile:
- Orders: 1
- Active Months: 1
- Avg Order Value: 499.03
- Recency: 142
- Frequency: 1.0
- Cluster: 0
- Churn Risk: No"
12522.0,2,1,162.22,39,2.0,1,0,Occasional Customers,"
       Customer Profile:
- Orders: 2
- Active Months: 1
- Avg Order Value: 162.22
- Recency: 39
- Frequency: 2.0
- Cluster: 1
- Churn Risk: No"
12523.0,11,9,186.68727272727276,19,1.2222222222222223,2,0,Frequent Customers,"
       Customer Profile:
- Orders: 11
- Active Months: 9
- Avg Order Value: 186.69
- Recency: 19
- Frequency: 1.2222222222222223
- Cluster: 2
- Churn Risk: No"
12524.0,8,7,2319.418999999997,9,1.1428571428571428,1,0,Occasional Customers,"
       Customer Profile:
- Orders: 8
- Active Months: 7
- Avg Order Value: 2319.42
- Recency: 9
- Frequency: 1.1428571428571428
- Cluster: 1
- Churn Risk: No"
12526.0,3,3,358.15333333333336,1,1.0,1,0,Occasional Customers,"
       Customer Profile:
- Orders: 3
- Active Months: 3
- Avg Order Value: 358.15
- Recency: 1
- Frequency: 1.0
- Cluster: 1
- Churn Risk: No"
12527.0,3,3,98.90333333333336,81,1.0,1,0,Occasional Customers,"
       Customer Profile:
- Orders: 3
- Active Months: 3
- Avg Order Value: 98.90
- Recency: 81
- Frequency: 1.0
- Cluster: 1
- Churn Risk: No"
12528.0,6,6,271.4866666666667,9,1.0,1,0,Occasional Customers,"
       Customer Profile:
- Orders: 6
- Active Months: 6
- Avg Order Value: 271.49
- Recency: 9
- Frequency: 1.0
- Cluster: 1
- Churn Risk: No"
12530.0,4,4,348.535,59,1.0,1,0,Occasional Customers,"
       Customer Profile:
- Orders: 4
- Active Months: 4
- Avg Order Value: 348.54
- Recency: 59
- Frequency: 1.0
- Cluster: 1
- Churn Risk: No"
12531.0,1,1,95.27,14,1.0,1,0,Occasional Customers,"
       Customer Profile:
- Orders: 1
- Active Months: 1
- Avg Order Value: 95.27
- Recency: 14
- Frequency: 1.0
- Cluster: 1
- Churn Risk: No"
12532.0,1,1,297.33000000000004,30,1.0,1,0,Occasional Customers,"
       Customer Profile:
- Orders: 1
- Active Months: 1
- Avg Order Value: 297.33
- Recency: 30
- Frequency: 1.0
- Cluster: 1
- Churn Risk: No"
12534.0,1,1,2319.418999999997,130,1.0,1,0,Occasional Customers,"
       Customer Profile:
- Orders: 1
- Active Months: 1
- Avg Order Value: 2319.42
- Recency: 130
- Frequency: 1.0
- Cluster: 1
- Churn Risk: No"
12535.0,2,2,822.25,91,1.0,1,0,Occasional Customers,"
       Customer Profile:
- Orders: 2
- Active Months: 2
- Avg Order Value: 822.25
- Recency: 91
- Frequency: 1.0
- Cluster: 1
- Churn Risk: No"
12536.0,1,1,2319.418999999997,59,1.0,1,0,Occasional Customers,"
       Customer Profile:
- Orders: 1
- Active Months: 1
- Avg Order Value: 2319.42
- Recency: 59
- Frequency: 1.0
- Cluster: 1
- Churn Risk: No"
12538.0,1,1,258.75,29,1.0,1,0,Occasional Customers,"
       Customer Profile:
- Orders: 1
- Active Months: 1
- Avg Order Value: 258.75
- Recency: 29
- Frequency: 1.0
- Cluster: 1
- Churn Risk: No"
12539.0,4,3,1367.6875,22,1.3333333333333333,1,0,Occasional Customers,"
       Customer Profile:
- Orders: 4
- Active Months: 3
- Avg Order Value: 1367.69
- Recency: 22
- Frequency: 1.3333333333333333
- Cluster: 1
- Churn Risk: No"
12540.0,17,11,686.5888235294118,19,1.5454545454545454,2,0,Frequent Customers,"
       Customer Profile:
- Orders: 17
- Active Months: 11
- Avg Order Value: 686.59
- Recency: 19
- Frequency: 1.5454545454545454
- Cluster: 2
- Churn Risk: No"
12541.0,3,3,313.3566666666666,29,1.0,1,0,Occasional Customers,"
       Customer Profile:
- Orders: 3
- Active Months: 3
- Avg Order Value: 313.36
- Recency: 29
- Frequency: 1.0
- Cluster: 1
- Churn Risk: No"
12544.0,1,1,284.9,36,1.0,1,0,Occasional Customers,"
       Customer Profile:
- Orders: 1
- Active Months: 1
- Avg Order Value: 284.90
- Recency: 36
- Frequency: 1.0
- Cluster: 1
- Churn Risk: No"
12545.0,2,2,462.08,75,1.0,1,0,Occasional Customers,"
       Customer Profile:
- Orders: 2
- Active Months: 2
- Avg Order Value: 462.08
- Recency: 75
- Frequency: 1.0
- Cluster: 1
- Churn Risk: No"
12546.0,2,2,486.41,46,1.0,1,0,Occasional Customers,"
       Customer Profile:
- Orders: 2
- Active Months: 2
- Avg Order Value: 486.41
- Recency: 46
- Frequency: 1.0
- Cluster: 1
- Churn Risk: No"
12547.0,2,2,75.9,197,1.0,0,1,Dormant Customers,"
       Customer Profile:
- Orders: 2
- Active Months: 2
- Avg Order Value: 75.90
- Recency: 197
- Frequency: 1.0
- Cluster: 0
- Churn Risk: Yes"
12548.0,1,1,134.39999999999998,166,1.0,0,0,Dormant Customers,"
       Customer Profile:
- Orders: 1
- Active Months: 1
- Avg Order Value: 134.40
- Recency: 166
- Frequency: 1.0
- Cluster: 0
- Churn Risk: No"
12550.0,1,1,748.88,79,1.0,1,0,Occasional Customers,"
       Customer Profile:
- Orders: 1
- Active Months: 1
- Avg Order Value: 748.88
- Recency: 79
- Frequency: 1.0
- Cluster: 1
- Churn Risk: No"
12551.0,1,1,168.0,357,1.0,0,1,Dormant Customers,"
       Customer Profile:
- Orders: 1
- Active Months: 1
- Avg Order Value: 168.00
- Recency: 357
- Frequency: 1.0
- Cluster: 0
- Churn Risk: Yes"
12552.0,1,1,496.41,39,1.0,1,0,Occasional Customers,"
       Customer Profile:
- Orders: 1
- Active Months: 1
- Avg Order Value: 496.41
- Recency: 39
- Frequency: 1.0
- Cluster: 1
- Churn Risk: No"
12553.0,10,9,419.745,8,1.1111111111111112,2,0,Frequent Customers,"
       Customer Profile:
- Orders: 10
- Active Months: 9
- Avg Order Value: 419.75
- Recency: 8
- Frequency: 1.1111111111111112
- Cluster: 2
- Churn Risk: No"
12556.0,2,2,256.83,50,1.0,1,0,Occasional Customers,"
       Customer Profile:
- Orders: 2
- Active Months: 2
- Avg Order Value: 256.83
- Recency: 50
- Frequency: 1.0
- Cluster: 1
- Churn Risk: No"
12557.0,5,5,550.26,16,1.0,1,0,Occasional Customers,"
       Customer Profile:
- Orders: 5
- Active Months: 5
- Avg Order Value: 550.26
- Recency: 16
- Frequency: 1.0
- Cluster: 1
- Churn Risk: No"
12558.0,1,1,251.24,7,1.0,1,0,Occasional Customers,"
       Customer Profile:
- Orders: 1
- Active Months: 1
- Avg Order Value: 251.24
- Recency: 7
- Frequency: 1.0
- Cluster: 1
- Churn Risk: No"
12559.0,2,2,218.88,310,1.0,0,1,Dormant Customers,"
       Customer Profile:
- Orders: 2
- Active Months: 2
- Avg Order Value: 218.88
- Recency: 310
- Frequency: 1.0
- Cluster: 0
- Churn Risk: Yes"
12560.0,2,2,1180.9050000000002,5,1.0,1,0,Occasional Customers,"
       Customer Profile:
- Orders: 2
- Active Months: 2
- Avg Order Value: 1180.91
- Recency: 5
- Frequency: 1.0
- Cluster: 1
- Churn Risk: No"
12561.0,1,1,207.05,302,1.0,0,1,Dormant Customers,"
       Customer Profile:
- Orders: 1
- Active Months: 1
- Avg Order Value: 207.05
- Recency: 302
- Frequency: 1.0
- Cluster: 0
- Churn Risk: Yes"
12562.0,7,7,406.0971428571429,8,1.0,1,0,Occasional Customers,"
       Customer Profile:
- Orders: 7
- Active Months: 7
- Avg Order Value: 406.10
- Recency: 8
- Frequency: 1.0
- Cluster: 1
- Churn Risk: No"
12564.0,1,1,336.15,261,1.0,0,1,Dormant Customers,"
       Customer Profile:
- Orders: 1
- Active Months: 1
- Avg Order Value: 336.15
- Recency: 261
- Frequency: 1.0
- Cluster: 0
- Churn Risk: Yes"
12565.0,1,1,145.92,288,1.0,0,1,Dormant Customers,"
       Customer Profile:
- Orders: 1
- Active Months: 1
- Avg Order Value: 145.92
- Recency: 288
- Frequency: 1.0
- Cluster: 0
- Churn Risk: Yes"
12566.0,1,1,232.66,86,1.0,1,0,Occasional Customers,"
       Customer Profile:
- Orders: 1
- Active Months: 1
- Avg Order Value: 232.66
- Recency: 86
- Frequency: 1.0
- Cluster: 1
- Churn Risk: No"
12567.0,10,7,1576.1460000000002,22,1.4285714285714286,2,0,Frequent Customers,"
       Customer Profile:
- Orders: 10
- Active Months: 7
- Avg Order Value: 1576.15
- Recency: 22
- Frequency: 1.4285714285714286
- Cluster: 2
- Churn Risk: No"
12569.0,28,9,107.1275,2,3.0,2,0,Frequent Customers,"
       Customer Profile:
- Orders: 28
- Active Months: 9
- Avg Order Value: 107.13
- Recency: 2
- Frequency: 3.0
- Cluster: 2
- Churn Risk: No"
12571.0,2,2,519.725,39,1.0,1,0,Occasional Customers,"
       Customer Profile:
- Orders: 2
- Active Months: 2
- Avg Order Value: 519.73
- Recency: 39
- Frequency: 1.0
- Cluster: 1
- Churn Risk: No"
12572.0,2,2,345.01,8,1.0,1,0,Occasional Customers,"
       Customer Profile:
- Orders: 2
- Active Months: 2
- Avg Order Value: 345.01
- Recency: 8
- Frequency: 1.0
- Cluster: 1
- Churn Risk: No"
12573.0,1,1,150.59,227,1.0,0,1,Dormant Customers,"
       Customer Profile:
- Orders: 1
- Active Months: 1
- Avg Order Value: 150.59
- Recency: 227
- Frequency: 1.0
- Cluster: 0
- Churn Risk: Yes"
12574.0,1,1,162.55,315,1.0,0,1,Dormant Customers,"
       Customer Profile:
- Orders: 1
- Active Months: 1
- Avg Order Value: 162.55
- Recency: 315
- Frequency: 1.0
- Cluster: 0
- Churn Risk: Yes"
12576.0,5,5,292.928,35,1.0,1,0,Occasional Customers,"
       Customer Profile:
- Orders: 5
- Active Months: 5
- Avg Order Value: 292.93
- Recency: 35
- Frequency: 1.0
- Cluster: 1
- Churn Risk: No"
12577.0,3,2,190.21666666666667,35,1.5,1,0,Occasional Customers,"
       Customer Profile:
- Orders: 3
- Active Months: 2
- Avg Order Value: 190.22
- Recency: 35
- Frequency: 1.5
- Cluster: 1
- Churn Risk: No"
12578.0,2,2,1130.255,21,1.0,1,0,Occasional Customers,"
       Customer Profile:
- Orders: 2
- Active Months: 2
- Avg Order Value: 1130.26
- Recency: 21
- Frequency: 1.0
- Cluster: 1
- Churn Risk: No"
12579.0,1,1,329.12,78,1.0,1,0,Occasional Customers,"
       Customer Profile:
- Orders: 1
- Active Months: 1
- Avg Order Value: 329.12
- Recency: 78
- Frequency: 1.0
- Cluster: 1
- Churn Risk: No"
12580.0,1,1,379.7,246,1.0,0,1,Dormant Customers,"
       Customer Profile:
- Orders: 1
- Active Months: 1
- Avg Order Value: 379.70
- Recency: 246
- Frequency: 1.0
- Cluster: 0
- Churn Risk: Yes"
12581.0,1,1,509.28,39,1.0,1,0,Occasional Customers,"
       Customer Profile:
- Orders: 1
- Active Months: 1
- Avg Order Value: 509.28
- Recency: 39
- Frequency: 1.0
- Cluster: 1
- Churn Risk: No"
12582.0,2,2,167.49,238,1.0,0,1,Dormant Customers,"
       Customer Profile:
- Orders: 2
- Active Months: 2
- Avg Order Value: 167.49
- Recency: 238
- Frequency: 1.0
- Cluster: 0
- Churn Risk: Yes"
12583.0,15,12,599.0106666666667,2,1.25,2,0,Frequent Customers,"
       Customer Profile:
- Orders: 15
- Active Months: 12
- Avg Order Value: 599.01
- Recency: 2
- Frequency: 1.25
- Cluster: 2
- Churn Risk: No"
12584.0,8,7,177.625,3,1.1428571428571428,1,0,Occasional Customers,"
       Customer Profile:
- Orders: 8
- Active Months: 7
- Avg Order Value: 177.62
- Recency: 3
- Frequency: 1.1428571428571428
- Cluster: 1
- Churn Risk: No"
12585.0,2,2,661.825,234,1.0,0,1,Dormant Customers,"
       Customer Profile:
- Orders: 2
- Active Months: 2
- Avg Order Value: 661.83
- Recency: 234
- Frequency: 1.0
- Cluster: 0
- Churn Risk: Yes"
12586.0,1,1,186.54,17,1.0,1,0,Occasional Customers,"
       Customer Profile:
- Orders: 1
- Active Months: 1
- Avg Order Value: 186.54
- Recency: 17
- Frequency: 1.0
- Cluster: 1
- Churn Risk: No"
12587.0,1,1,104.0,7,1.0,1,0,Occasional Customers,"
       Customer Profile:
- Orders: 1
- Active Months: 1
- Avg Order Value: 104.00
- Recency: 7
- Frequency: 1.0
- Cluster: 1
- Churn Risk: No"
12588.0,1,1,238.95,39,1.0,1,0,Occasional Customers,"
       Customer Profile:
- Orders: 1
- Active Months: 1
- Avg Order Value: 238.95
- Recency: 39
- Frequency: 1.0
- Cluster: 1
- Churn Risk: No"
12589.0,2,2,702.56,28,1.0,1,0,Occasional Customers,"
       Customer Profile:
- Orders: 2
- Active Months: 2
- Avg Order Value: 702.56
- Recency: 28
- Frequency: 1.0
- Cluster: 1
- Churn Risk: No"
12590.0,1,1,2319.418999999997,211,1.0,1,1,Occasional Customers,"
       Customer Profile:
- Orders: 1
- Active Months: 1
- Avg Order Value: 2319.42
- Recency: 211
- Frequency: 1.0
- Cluster: 1
- Churn Risk: Yes"
12591.0,1,1,646.2,317,1.0,0,1,Dormant Customers,"
       Customer Profile:
- Orders: 1
- Active Months: 1
- Avg Order Value: 646.20
- Recency: 317
- Frequency: 1.0
- Cluster: 0
- Churn Risk: Yes"
12592.0,2,2,198.25,92,1.0,1,0,Occasional Customers,"
       Customer Profile:
- Orders: 2
- Active Months: 2
- Avg Order Value: 198.25
- Recency: 92
- Frequency: 1.0
- Cluster: 1
- Churn Risk: No"
12593.0,3,2,127.36666666666667,108,1.5,1,0,Occasional Customers,"
       Customer Profile:
- Orders: 3
- Active Months: 2
- Avg Order Value: 127.37
- Recency: 108
- Frequency: 1.5
- Cluster: 1
- Churn Risk: No"
12594.0,9,9,337.7355555555556,37,1.0,1,0,Occasional Customers,"
       Customer Profile:
- Orders: 9
- Active Months: 9
- Avg Order Value: 337.74
- Recency: 37
- Frequency: 1.0
- Cluster: 1
- Churn Risk: No"
12596.0,2,2,166.95,51,1.0,1,0,Occasional Customers,"
       Customer Profile:
- Orders: 2
- Active Months: 2
- Avg Order Value: 166.95
- Recency: 51
- Frequency: 1.0
- Cluster: 1
- Churn Risk: No"
12597.0,4,4,1174.485,19,1.0,1,0,Occasional Customers,"
       Customer Profile:
- Orders: 4
- Active Months: 4
- Avg Order Value: 1174.48
- Recency: 19
- Frequency: 1.0
- Cluster: 1
- Churn Risk: No"
12598.0,7,5,789.3928571428571,9,1.4,1,0,Occasional Customers,"
       Customer Profile:
- Orders: 7
- Active Months: 5
- Avg Order Value: 789.39
- Recency: 9
- Frequency: 1.4
- Cluster: 1
- Churn Risk: No"
12599.0,7,6,152.09,29,1.1666666666666667,1,0,Occasional Customers,"
       Customer Profile:
- Orders: 7
- Active Months: 6
- Avg Order Value: 152.09
- Recency: 29
- Frequency: 1.1666666666666667
- Cluster: 1
- Churn Risk: No"
12600.0,10,9,356.05300000000005,28,1.1111111111111112,2,0,Frequent Customers,"
       Customer Profile:
- Orders: 10
- Active Months: 9
- Avg Order Value: 356.05
- Recency: 28
- Frequency: 1.1111111111111112
- Cluster: 2
- Churn Risk: No"
12601.0,5,5,82.642,189,1.0,0,1,Dormant Customers,"
       Customer Profile:
- Orders: 5
- Active Months: 5
- Avg Order Value: 82.64
- Recency: 189
- Frequency: 1.0
- Cluster: 0
- Churn Risk: Yes"
12602.0,1,1,387.66,58,1.0,1,0,Occasional Customers,"
       Customer Profile:
- Orders: 1
- Active Months: 1
- Avg Order Value: 387.66
- Recency: 58
- Frequency: 1.0
- Cluster: 1
- Churn Risk: No"
12604.0,2,2,118.09,79,1.0,1,0,Occasional Customers,"
       Customer Profile:
- Orders: 2
- Active Months: 2
- Avg Order Value: 118.09
- Recency: 79
- Frequency: 1.0
- Cluster: 1
- Churn Risk: No"
12607.0,1,1,2319.418999999997,60,1.0,1,0,Occasional Customers,"
       Customer Profile:
- Orders: 1
- Active Months: 1
- Avg Order Value: 2319.42
- Recency: 60
- Frequency: 1.0
- Cluster: 1
- Churn Risk: No"
12609.0,3,3,614.1766666666667,78,1.0,1,0,Occasional Customers,"
       Customer Profile:
- Orders: 3
- Active Months: 3
- Avg Order Value: 614.18
- Recency: 78
- Frequency: 1.0
- Cluster: 1
- Churn Risk: No"
12610.0,4,3,369.91,22,1.3333333333333333,1,0,Occasional Customers,"
       Customer Profile:
- Orders: 4
- Active Months: 3
- Avg Order Value: 369.91
- Recency: 22
- Frequency: 1.3333333333333333
- Cluster: 1
- Churn Risk: No"
12611.0,1,1,943.96,52,1.0,1,0,Occasional Customers,"
       Customer Profile:
- Orders: 1
- Active Months: 1
- Avg Order Value: 943.96
- Recency: 52
- Frequency: 1.0
- Cluster: 1
- Churn Risk: No"
12612.0,1,1,664.5300000000001,74,1.0,1,0,Occasional Customers,"
       Customer Profile:
- Orders: 1
- Active Months: 1
- Avg Order Value: 664.53
- Recency: 74
- Frequency: 1.0
- Cluster: 1
- Churn Risk: No"
12613.0,4,3,742.9975,57,1.3333333333333333,1,0,Occasional Customers,"
       Customer Profile:
- Orders: 4
- Active Months: 3
- Avg Order Value: 743.00
- Recency: 57
- Frequency: 1.3333333333333333
- Cluster: 1
- Churn Risk: No"
12614.0,1,1,218.15,277,1.0,0,1,Dormant Customers,"
       Customer Profile:
- Orders: 1
- Active Months: 1
- Avg Order Value: 218.15
- Recency: 277
- Frequency: 1.0
- Cluster: 0
- Churn Risk: Yes"
12615.0,4,4,547.8175,2,1.0,1,0,Occasional Customers,"
       Customer Profile:
- Orders: 4
- Active Months: 4
- Avg Order Value: 547.82
- Recency: 2
- Frequency: 1.0
- Cluster: 1
- Churn Risk: No"
12616.0,2,2,308.79999999999995,95,1.0,1,0,Occasional Customers,"
       Customer Profile:
- Orders: 2
- Active Months: 2
- Avg Order Value: 308.80
- Recency: 95
- Frequency: 1.0
- Cluster: 1
- Churn Risk: No"
12617.0,1,1,333.08,29,1.0,1,0,Occasional Customers,"
       Customer Profile:
- Orders: 1
- Active Months: 1
- Avg Order Value: 333.08
- Recency: 29
- Frequency: 1.0
- Cluster: 1
- Churn Risk: No"
12618.0,1,1,121.41,21,1.0,1,0,Occasional Customers,"
       Customer Profile:
- Orders: 1
- Active Months: 1
- Avg Order Value: 121.41
- Recency: 21
- Frequency: 1.0
- Cluster: 1
- Churn Risk: No"
12619.0,8,6,409.63375,16,1.3333333333333333,1,0,Occasional Customers,"
       Customer Profile:
- Orders: 8
- Active Months: 6
- Avg Order Value: 409.63
- Recency: 16
- Frequency: 1.3333333333333333
- Cluster: 1
- Churn Risk: No"
12620.0,3,3,399.3133333333333,14,1.0,1,0,Occasional Customers,"
       Customer Profile:
- Orders: 3
- Active Months: 3
- Avg Order Value: 399.31
- Recency: 14
- Frequency: 1.0
- Cluster: 1
- Churn Risk: No"
12621.0,20,12,772.1389999999999,1,1.6666666666666667,2,0,Frequent Customers,"
       Customer Profile:
- Orders: 20
- Active Months: 12
- Avg Order Value: 772.14
- Recency: 1
- Frequency: 1.6666666666666667
- Cluster: 2
- Churn Risk: No"
12622.0,1,1,619.25,232,1.0,0,1,Dormant Customers,"
       Customer Profile:
- Orders: 1
- Active Months: 1
- Avg Order Value: 619.25
- Recency: 232
- Frequency: 1.0
- Cluster: 0
- Churn Risk: Yes"
12623.0,1,1,1076.4,276,1.0,0,1,Dormant Customers,"
       Customer Profile:
- Orders: 1
- Active Months: 1
- Avg Order Value: 1076.40
- Recency: 276
- Frequency: 1.0
- Cluster: 0
- Churn Risk: Yes"
12624.0,2,2,246.39,106,1.0,1,0,Occasional Customers,"
       Customer Profile:
- Orders: 2
- Active Months: 2
- Avg Order Value: 246.39
- Recency: 106
- Frequency: 1.0
- Cluster: 1
- Churn Risk: No"
12625.0,2,2,972.885,211,1.0,0,1,Dormant Customers,"
       Customer Profile:
- Orders: 2
- Active Months: 2
- Avg Order Value: 972.88
- Recency: 211
- Frequency: 1.0
- Cluster: 0
- Churn Risk: Yes"
12626.0,9,6,577.7888888888889,23,1.5,1,0,Occasional Customers,"
       Customer Profile:
- Orders: 9
- Active Months: 6
- Avg Order Value: 577.79
- Recency: 23
- Frequency: 1.5
- Cluster: 1
- Churn Risk: No"
12627.0,6,5,756.3766666666667,10,1.2,1,0,Occasional Customers,"
       Customer Profile:
- Orders: 6
- Active Months: 5
- Avg Order Value: 756.38
- Recency: 10
- Frequency: 1.2
- Cluster: 1
- Churn Risk: No"
12628.0,3,3,300.8433333333333,4,1.0,1,0,Occasional Customers,"
       Customer Profile:
- Orders: 3
- Active Months: 3
- Avg Order Value: 300.84
- Recency: 4
- Frequency: 1.0
- Cluster: 1
- Churn Risk: No"
12630.0,2,2,648.71,9,1.0,1,0,Occasional Customers,"
       Customer Profile:
- Orders: 2
- Active Months: 2
- Avg Order Value: 648.71
- Recency: 9
- Frequency: 1.0
- Cluster: 1
- Churn Risk: No"
12631.0,1,1,396.0,57,1.0,1,0,Occasional Customers,"
       Customer Profile:
- Orders: 1
- Active Months: 1
- Avg Order Value: 396.00
- Recency: 57
- Frequency: 1.0
- Cluster: 1
- Churn Risk: No"
12633.0,4,4,496.1825,58,1.0,1,0,Occasional Customers,"
       Customer Profile:
- Orders: 4
- Active Months: 4
- Avg Order Value: 496.18
- Recency: 58
- Frequency: 1.0
- Cluster: 1
- Churn Risk: No"
12635.0,2,2,1060.96,89,1.0,1,0,Occasional Customers,"
       Customer Profile:
- Orders: 2
- Active Months: 2
- Avg Order Value: 1060.96
- Recency: 89
- Frequency: 1.0
- Cluster: 1
- Churn Risk: No"
12637.0,8,6,776.12125,67,1.3333333333333333,1,0,Occasional Customers,"
       Customer Profile:
- Orders: 8
- Active Months: 6
- Avg Order Value: 776.12
- Recency: 67
- Frequency: 1.3333333333333333
- Cluster: 1
- Churn Risk: No"
12638.0,1,1,1019.18,33,1.0,1,0,Occasional Customers,"
       Customer Profile:
- Orders: 1
- Active Months: 1
- Avg Order Value: 1019.18
- Recency: 33
- Frequency: 1.0
- Cluster: 1
- Churn Risk: No"
12639.0,1,1,325.3,238,1.0,0,1,Dormant Customers,"
       Customer Profile:
- Orders: 1
- Active Months: 1
- Avg Order Value: 325.30
- Recency: 238
- Frequency: 1.0
- Cluster: 0
- Churn Risk: Yes"
12640.0,3,2,203.17666666666665,23,1.5,1,0,Occasional Customers,"
       Customer Profile:
- Orders: 3
- Active Months: 2
- Avg Order Value: 203.18
- Recency: 23
- Frequency: 1.5
- Cluster: 1
- Churn Risk: No"
12641.0,1,1,128.9,115,1.0,1,0,Occasional Customers,"
       Customer Profile:
- Orders: 1
- Active Months: 1
- Avg Order Value: 128.90
- Recency: 115
- Frequency: 1.0
- Cluster: 1
- Churn Risk: No"
12642.0,3,3,268.9833333333333,25,1.0,1,0,Occasional Customers,"
       Customer Profile:
- Orders: 3
- Active Months: 3
- Avg Order Value: 268.98
- Recency: 25
- Frequency: 1.0
- Cluster: 1
- Churn Risk: No"
12643.0,6,4,247.24,128,1.5,1,0,Occasional Customers,"
       Customer Profile:
- Orders: 6
- Active Months: 4
- Avg Order Value: 247.24
- Recency: 128
- Frequency: 1.5
- Cluster: 1
- Churn Risk: No"
12644.0,1,1,427.65,129,1.0,1,0,Occasional Customers,"
       Customer Profile:
- Orders: 1
- Active Months: 1
- Avg Order Value: 427.65
- Recency: 129
- Frequency: 1.0
- Cluster: 1
- Churn Risk: No"
12645.0,4,4,485.175,33,1.0,1,0,Occasional Customers,"
       Customer Profile:
- Orders: 4
- Active Months: 4
- Avg Order Value: 485.18
- Recency: 33
- Frequency: 1.0
- Cluster: 1
- Churn Risk: No"
12646.0,2,2,543.685,4,1.0,1,0,Occasional Customers,"
       Customer Profile:
- Orders: 2
- Active Months: 2
- Avg Order Value: 543.68
- Recency: 4
- Frequency: 1.0
- Cluster: 1
- Churn Risk: No"
12647.0,12,8,226.70833333333331,22,1.5,2,0,Frequent Customers,"
       Customer Profile:
- Orders: 12
- Active Months: 8
- Avg Order Value: 226.71
- Recency: 22
- Frequency: 1.5
- Cluster: 2
- Churn Risk: No"
12648.0,1,1,255.3,154,1.0,0,0,Dormant Customers,"
       Customer Profile:
- Orders: 1
- Active Months: 1
- Avg Order Value: 255.30
- Recency: 154
- Frequency: 1.0
- Cluster: 0
- Churn Risk: No"
12649.0,3,2,182.6266666666667,107,1.5,1,0,Occasional Customers,"
       Customer Profile:
- Orders: 3
- Active Months: 2
- Avg Order Value: 182.63
- Recency: 107
- Frequency: 1.5
- Cluster: 1
- Churn Risk: No"
12650.0,1,1,484.88000000000005,3,1.0,1,0,Occasional Customers,"
       Customer Profile:
- Orders: 1
- Active Months: 1
- Avg Order Value: 484.88
- Recency: 3
- Frequency: 1.0
- Cluster: 1
- Churn Risk: No"
12651.0,1,1,228.0,334,1.0,0,1,Dormant Customers,"
       Customer Profile:
- Orders: 1
- Active Months: 1
- Avg Order Value: 228.00
- Recency: 334
- Frequency: 1.0
- Cluster: 0
- Churn Risk: Yes"
12652.0,1,1,732.28,331,1.0,0,1,Dormant Customers,"
       Customer Profile:
- Orders: 1
- Active Months: 1
- Avg Order Value: 732.28
- Recency: 331
- Frequency: 1.0
- Cluster: 0
- Churn Risk: Yes"
12653.0,2,2,574.585,148,1.0,1,0,Occasional Customers,"
       Customer Profile:
- Orders: 2
- Active Months: 2
- Avg Order Value: 574.59
- Recency: 148
- Frequency: 1.0
- Cluster: 1
- Churn Risk: No"
12654.0,5,3,99.866,10,1.6666666666666667,1,0,Occasional Customers,"
       Customer Profile:
- Orders: 5
- Active Months: 3
- Avg Order Value: 99.87
- Recency: 10
- Frequency: 1.6666666666666667
- Cluster: 1
- Churn Risk: No"
12656.0,5,5,2072.896,17,1.0,1,0,Occasional Customers,"
       Customer Profile:
- Orders: 5
- Active Months: 5
- Avg Order Value: 2072.90
- Recency: 17
- Frequency: 1.0
- Cluster: 1
- Churn Risk: No"
12657.0,3,2,241.68666666666664,11,1.5,1,0,Occasional Customers,"
       Customer Profile:
- Orders: 3
- Active Months: 2
- Avg Order Value: 241.69
- Recency: 11
- Frequency: 1.5
- Cluster: 1
- Churn Risk: No"
12658.0,1,1,535.4,18,1.0,1,0,Occasional Customers,"
       Customer Profile:
- Orders: 1
- Active Months: 1
- Avg Order Value: 535.40
- Recency: 18
- Frequency: 1.0
- Cluster: 1
- Churn Risk: No"
12659.0,1,1,56.13,29,1.0,1,0,Occasional Customers,"
       Customer Profile:
- Orders: 1
- Active Months: 1
- Avg Order Value: 56.13
- Recency: 29
- Frequency: 1.0
- Cluster: 1
- Churn Risk: No"
12660.0,1,1,221.25,11,1.0,1,0,Occasional Customers,"
       Customer Profile:
- Orders: 1
- Active Months: 1
- Avg Order Value: 221.25
- Recency: 11
- Frequency: 1.0
- Cluster: 1
- Churn Risk: No"
12662.0,11,10,411.22545454545457,1,1.1,2,0,Frequent Customers,"
       Customer Profile:
- Orders: 11
- Active Months: 10
- Avg Order Value: 411.23
- Recency: 1
- Frequency: 1.1
- Cluster: 2
- Churn Risk: No"
12664.0,9,7,445.4533333333333,8,1.2857142857142858,1,0,Occasional Customers,"
       Customer Profile:
- Orders: 9
- Active Months: 7
- Avg Order Value: 445.45
- Recency: 8
- Frequency: 1.2857142857142858
- Cluster: 1
- Churn Risk: No"
12665.0,1,1,45.0,324,1.0,0,1,Dormant Customers,"
       Customer Profile:
- Orders: 1
- Active Months: 1
- Avg Order Value: 45.00
- Recency: 324
- Frequency: 1.0
- Cluster: 0
- Churn Risk: Yes"
12667.0,1,1,1230.69,58,1.0,1,0,Occasional Customers,"
       Customer Profile:
- Orders: 1
- Active Months: 1
- Avg Order Value: 1230.69
- Recency: 58
- Frequency: 1.0
- Cluster: 1
- Churn Risk: No"
12668.0,4,4,768.9125,11,1.0,1,0,Occasional Customers,"
       Customer Profile:
- Orders: 4
- Active Months: 4
- Avg Order Value: 768.91
- Recency: 11
- Frequency: 1.0
- Cluster: 1
- Churn Risk: No"
12669.0,2,2,853.0899999999999,150,1.0,1,0,Occasional Customers,"
       Customer Profile:
- Orders: 2
- Active Months: 2
- Avg Order Value: 853.09
- Recency: 150
- Frequency: 1.0
- Cluster: 1
- Churn Risk: No"
12670.0,5,4,866.3879999999999,10,1.25,1,0,Occasional Customers,"
       Customer Profile:
- Orders: 5
- Active Months: 4
- Avg Order Value: 866.39
- Recency: 10
- Frequency: 1.25
- Cluster: 1
- Churn Risk: No"
12672.0,1,1,162.29999999999998,329,1.0,0,1,Dormant Customers,"
       Customer Profile:
- Orders: 1
- Active Months: 1
- Avg Order Value: 162.30
- Recency: 329
- Frequency: 1.0
- Cluster: 0
- Churn Risk: Yes"
12673.0,2,2,416.055,5,1.0,1,0,Occasional Customers,"
       Customer Profile:
- Orders: 2
- Active Months: 2
- Avg Order Value: 416.06
- Recency: 5
- Frequency: 1.0
- Cluster: 1
- Churn Risk: No"
12674.0,4,4,1366.43,38,1.0,1,0,Occasional Customers,"
       Customer Profile:
- Orders: 4
- Active Months: 4
- Avg Order Value: 1366.43
- Recency: 38
- Frequency: 1.0
- Cluster: 1
- Churn Risk: No"
12676.0,6,6,313.44,24,1.0,1,0,Occasional Customers,"
       Customer Profile:
- Orders: 6
- Active Months: 6
- Avg Order Value: 313.44
- Recency: 24
- Frequency: 1.0
- Cluster: 1
- Churn Risk: No"
12678.0,9,8,704.2344444444444,42,1.125,1,0,Occasional Customers,"
       Customer Profile:
- Orders: 9
- Active Months: 8
- Avg Order Value: 704.23
- Recency: 42
- Frequency: 1.125
- Cluster: 1
- Churn Risk: No"
12679.0,4,4,195.74,58,1.0,1,0,Occasional Customers,"
       Customer Profile:
- Orders: 4
- Active Months: 4
- Avg Order Value: 195.74
- Recency: 58
- Frequency: 1.0
- Cluster: 1
- Churn Risk: No"
12680.0,4,3,210.47,1,1.3333333333333333,1,0,Occasional Customers,"
       Customer Profile:
- Orders: 4
- Active Months: 3
- Avg Order Value: 210.47
- Recency: 1
- Frequency: 1.3333333333333333
- Cluster: 1
- Churn Risk: No"
12681.0,22,10,593.5954545454546,14,2.2,2,0,Frequent Customers,"
       Customer Profile:
- Orders: 22
- Active Months: 10
- Avg Order Value: 593.60
- Recency: 14
- Frequency: 2.2
- Cluster: 2
- Churn Risk: No"
12682.0,31,13,480.5993548387097,3,2.3846153846153846,2,0,Frequent Customers,"
       Customer Profile:
- Orders: 31
- Active Months: 13
- Avg Order Value: 480.60
- Recency: 3
- Frequency: 2.3846153846153846
- Cluster: 2
- Churn Risk: No"
12683.0,14,9,500.7128571428571,4,1.5555555555555556,2,0,Frequent Customers,"
       Customer Profile:
- Orders: 14
- Active Months: 9
- Avg Order Value: 500.71
- Recency: 4
- Frequency: 1.5555555555555556
- Cluster: 2
- Churn Risk: No"
12684.0,6,5,307.71,7,1.2,1,0,Occasional Customers,"
       Customer Profile:
- Orders: 6
- Active Months: 5
- Avg Order Value: 307.71
- Recency: 7
- Frequency: 1.2
- Cluster: 1
- Churn Risk: No"
12685.0,6,3,587.72,28,2.0,1,0,Occasional Customers,"
       Customer Profile:
- Orders: 6
- Active Months: 3
- Avg Order Value: 587.72
- Recency: 28
- Frequency: 2.0
- Cluster: 1
- Churn Risk: No"
12686.0,1,1,71.14,368,1.0,0,1,Dormant Customers,"
       Customer Profile:
- Orders: 1
- Active Months: 1
- Avg Order Value: 71.14
- Recency: 368
- Frequency: 1.0
- Cluster: 0
- Churn Risk: Yes"
12688.0,1,1,2319.418999999997,113,1.0,1,0,Occasional Customers,"
       Customer Profile:
- Orders: 1
- Active Months: 1
- Avg Order Value: 2319.42
- Recency: 113
- Frequency: 1.0
- Cluster: 1
- Churn Risk: No"
12689.0,2,2,510.105,25,1.0,1,0,Occasional Customers,"
       Customer Profile:
- Orders: 2
- Active Months: 2
- Avg Order Value: 510.11
- Recency: 25
- Frequency: 1.0
- Cluster: 1
- Churn Risk: No"
12690.0,1,1,235.11,205,1.0,0,1,Dormant Customers,"
       Customer Profile:
- Orders: 1
- Active Months: 1
- Avg Order Value: 235.11
- Recency: 205
- Frequency: 1.0
- Cluster: 0
- Churn Risk: Yes"
12691.0,5,5,320.65,28,1.0,1,0,Occasional Customers,"
       Customer Profile:
- Orders: 5
- Active Months: 5
- Avg Order Value: 320.65
- Recency: 28
- Frequency: 1.0
- Cluster: 1
- Churn Risk: No"
12693.0,4,4,166.115,127,1.0,1,0,Occasional Customers,"
       Customer Profile:
- Orders: 4
- Active Months: 4
- Avg Order Value: 166.12
- Recency: 127
- Frequency: 1.0
- Cluster: 1
- Churn Risk: No"
12694.0,2,2,241.36,70,1.0,1,0,Occasional Customers,"
       Customer Profile:
- Orders: 2
- Active Months: 2
- Avg Order Value: 241.36
- Recency: 70
- Frequency: 1.0
- Cluster: 1
- Churn Risk: No"
12695.0,4,4,88.27250000000001,7,1.0,1,0,Occasional Customers,"
       Customer Profile:
- Orders: 4
- Active Months: 4
- Avg Order Value: 88.27
- Recency: 7
- Frequency: 1.0
- Cluster: 1
- Churn Risk: No"
12697.0,3,3,909.1133333333332,28,1.0,1,0,Occasional Customers,"
       Customer Profile:
- Orders: 3
- Active Months: 3
- Avg Order Value: 909.11
- Recency: 28
- Frequency: 1.0
- Cluster: 1
- Churn Risk: No"
12700.0,4,4,1677.145,7,1.0,1,0,Occasional Customers,"
       Customer Profile:
- Orders: 4
- Active Months: 4
- Avg Order Value: 1677.14
- Recency: 7
- Frequency: 1.0
- Cluster: 1
- Churn Risk: No"
12701.0,2,2,329.06000000000006,79,1.0,1,0,Occasional Customers,"
       Customer Profile:
- Orders: 2
- Active Months: 2
- Avg Order Value: 329.06
- Recency: 79
- Frequency: 1.0
- Cluster: 1
- Churn Risk: No"
12702.0,1,1,804.0,19,1.0,1,0,Occasional Customers,"
       Customer Profile:
- Orders: 1
- Active Months: 1
- Avg Order Value: 804.00
- Recency: 19
- Frequency: 1.0
- Cluster: 1
- Churn Risk: No"
12703.0,1,1,265.55,71,1.0,1,0,Occasional Customers,"
       Customer Profile:
- Orders: 1
- Active Months: 1
- Avg Order Value: 265.55
- Recency: 71
- Frequency: 1.0
- Cluster: 1
- Churn Risk: No"
12704.0,8,5,288.16125,7,1.6,1,0,Occasional Customers,"
       Customer Profile:
- Orders: 8
- Active Months: 5
- Avg Order Value: 288.16
- Recency: 7
- Frequency: 1.6
- Cluster: 1
- Churn Risk: No"
12705.0,8,7,880.57625,15,1.1428571428571428,1,0,Occasional Customers,"
       Customer Profile:
- Orders: 8
- Active Months: 7
- Avg Order Value: 880.58
- Recency: 15
- Frequency: 1.1428571428571428
- Cluster: 1
- Churn Risk: No"
12707.0,1,1,835.0400000000001,291,1.0,0,1,Dormant Customers,"
       Customer Profile:
- Orders: 1
- Active Months: 1
- Avg Order Value: 835.04
- Recency: 291
- Frequency: 1.0
- Cluster: 0
- Churn Risk: Yes"
12708.0,10,9,482.863,29,1.1111111111111112,2,0,Frequent Customers,"
       Customer Profile:
- Orders: 10
- Active Months: 9
- Avg Order Value: 482.86
- Recency: 29
- Frequency: 1.1111111111111112
- Cluster: 2
- Churn Risk: No"
12709.0,15,10,1220.0273333333332,15,1.5,2,0,Frequent Customers,"
       Customer Profile:
- Orders: 15
- Active Months: 10
- Avg Order Value: 1220.03
- Recency: 15
- Frequency: 1.5
- Cluster: 2
- Churn Risk: No"
12710.0,3,3,602.3966666666666,96,1.0,1,0,Occasional Customers,"
       Customer Profile:
- Orders: 3
- Active Months: 3
- Avg Order Value: 602.40
- Recency: 96
- Frequency: 1.0
- Cluster: 1
- Churn Risk: No"
12712.0,13,10,241.31,28,1.3,2,0,Frequent Customers,"
       Customer Profile:
- Orders: 13
- Active Months: 10
- Avg Order Value: 241.31
- Recency: 28
- Frequency: 1.3
- Cluster: 2
- Churn Risk: No"
12713.0,1,1,722.85,1,1.0,1,0,Occasional Customers,"
       Customer Profile:
- Orders: 1
- Active Months: 1
- Avg Order Value: 722.85
- Recency: 1
- Frequency: 1.0
- Cluster: 1
- Churn Risk: No"
12714.0,5,5,1643.37,9,1.0,1,0,Occasional Customers,"
       Customer Profile:
- Orders: 5
- Active Months: 5
- Avg Order Value: 1643.37
- Recency: 9
- Frequency: 1.0
- Cluster: 1
- Churn Risk: No"
12715.0,1,1,263.36,106,1.0,1,0,Occasional Customers,"
       Customer Profile:
- Orders: 1
- Active Months: 1
- Avg Order Value: 263.36
- Recency: 106
- Frequency: 1.0
- Cluster: 1
- Churn Risk: No"
12716.0,2,2,622.025,3,1.0,1,0,Occasional Customers,"
       Customer Profile:
- Orders: 2
- Active Months: 2
- Avg Order Value: 622.02
- Recency: 3
- Frequency: 1.0
- Cluster: 1
- Churn Risk: No"
12717.0,2,2,387.015,151,1.0,0,0,Dormant Customers,"
       Customer Profile:
- Orders: 2
- Active Months: 2
- Avg Order Value: 387.01
- Recency: 151
- Frequency: 1.0
- Cluster: 0
- Churn Risk: No"
12718.0,1,1,182.35,71,1.0,1,0,Occasional Customers,"
       Customer Profile:
- Orders: 1
- Active Months: 1
- Avg Order Value: 182.35
- Recency: 71
- Frequency: 1.0
- Cluster: 1
- Churn Risk: No"
12719.0,2,2,383.25,5,1.0,1,0,Occasional Customers,"
       Customer Profile:
- Orders: 2
- Active Months: 2
- Avg Order Value: 383.25
- Recency: 5
- Frequency: 1.0
- Cluster: 1
- Churn Risk: No"
12720.0,25,13,258.8772,2,1.9230769230769231,2,0,Frequent Customers,"
       Customer Profile:
- Orders: 25
- Active Months: 13
- Avg Order Value: 258.88
- Recency: 2
- Frequency: 1.9230769230769231
- Cluster: 2
- Churn Risk: No"
12721.0,6,6,357.395,31,1.0,1,0,Occasional Customers,"
       Customer Profile:
- Orders: 6
- Active Months: 6
- Avg Order Value: 357.39
- Recency: 31
- Frequency: 1.0
- Cluster: 1
- Churn Risk: No"
12722.0,2,2,519.235,114,1.0,1,0,Occasional Customers,"
       Customer Profile:
- Orders: 2
- Active Months: 2
- Avg Order Value: 519.24
- Recency: 114
- Frequency: 1.0
- Cluster: 1
- Churn Risk: No"
12723.0,4,3,162.53500000000005,3,1.3333333333333333,1,0,Occasional Customers,"
       Customer Profile:
- Orders: 4
- Active Months: 3
- Avg Order Value: 162.54
- Recency: 3
- Frequency: 1.3333333333333333
- Cluster: 1
- Churn Risk: No"
12724.0,4,4,305.27750000000003,5,1.0,1,0,Occasional Customers,"
       Customer Profile:
- Orders: 4
- Active Months: 4
- Avg Order Value: 305.28
- Recency: 5
- Frequency: 1.0
- Cluster: 1
- Churn Risk: No"
12725.0,1,1,371.8,368,1.0,0,1,Dormant Customers,"
       Customer Profile:
- Orders: 1
- Active Months: 1
- Avg Order Value: 371.80
- Recency: 368
- Frequency: 1.0
- Cluster: 0
- Churn Risk: Yes"
12726.0,7,7,613.4342857142857,28,1.0,1,0,Occasional Customers,"
       Customer Profile:
- Orders: 7
- Active Months: 7
- Avg Order Value: 613.43
- Recency: 28
- Frequency: 1.0
- Cluster: 1
- Churn Risk: No"
12727.0,7,6,500.7285714285714,10,1.1666666666666667,1,0,Occasional Customers,"
       Customer Profile:
- Orders: 7
- Active Months: 6
- Avg Order Value: 500.73
- Recency: 10
- Frequency: 1.1666666666666667
- Cluster: 1
- Churn Risk: No"
12728.0,4,4,163.495,71,1.0,1,0,Occasional Customers,"
       Customer Profile:
- Orders: 4
- Active Months: 4
- Avg Order Value: 163.50
- Recency: 71
- Frequency: 1.0
- Cluster: 1
- Churn Risk: No"
12729.0,1,1,360.71,113,1.0,1,0,Occasional Customers,"
       Customer Profile:
- Orders: 1
- Active Months: 1
- Avg Order Value: 360.71
- Recency: 113
- Frequency: 1.0
- Cluster: 1
- Churn Risk: No"
12731.0,12,10,884.6125000000001,23,1.2,2,0,Frequent Customers,"
       Customer Profile:
- Orders: 12
- Active Months: 10
- Avg Order Value: 884.61
- Recency: 23
- Frequency: 1.2
- Cluster: 2
- Churn Risk: No"
12732.0,1,1,1908.09,179,1.0,1,0,Occasional Customers,"
       Customer Profile:
- Orders: 1
- Active Months: 1
- Avg Order Value: 1908.09
- Recency: 179
- Frequency: 1.0
- Cluster: 1
- Churn Risk: No"
12733.0,1,1,299.8,234,1.0,0,1,Dormant Customers,"
       Customer Profile:
- Orders: 1
- Active Months: 1
- Avg Order Value: 299.80
- Recency: 234
- Frequency: 1.0
- Cluster: 0
- Churn Risk: Yes"
12734.0,1,1,110.4,352,1.0,0,1,Dormant Customers,"
       Customer Profile:
- Orders: 1
- Active Months: 1
- Avg Order Value: 110.40
- Recency: 352
- Frequency: 1.0
- Cluster: 0
- Churn Risk: Yes"
12735.0,2,1,865.5949999999999,315,2.0,0,1,Dormant Customers,"
       Customer Profile:
- Orders: 2
- Active Months: 1
- Avg Order Value: 865.59
- Recency: 315
- Frequency: 2.0
- Cluster: 0
- Churn Risk: Yes"
12736.0,1,1,104.94,332,1.0,0,1,Dormant Customers,"
       Customer Profile:
- Orders: 1
- Active Months: 1
- Avg Order Value: 104.94
- Recency: 332
- Frequency: 1.0
- Cluster: 0
- Churn Risk: Yes"
12738.0,1,1,110.4,368,1.0,0,1,Dormant Customers,"
       Customer Profile:
- Orders: 1
- Active Months: 1
- Avg Order Value: 110.40
- Recency: 368
- Frequency: 1.0
- Cluster: 0
- Churn Risk: Yes"
12739.0,1,1,544.08,99,1.0,1,0,Occasional Customers,"
       Customer Profile:
- Orders: 1
- Active Months: 1
- Avg Order Value: 544.08
- Recency: 99
- Frequency: 1.0
- Cluster: 1
- Churn Risk: No"
12740.0,1,1,367.75,63,1.0,1,0,Occasional Customers,"
       Customer Profile:
- Orders: 1
- Active Months: 1
- Avg Order Value: 367.75
- Recency: 63
- Frequency: 1.0
- Cluster: 1
- Churn Risk: No"
12743.0,2,1,209.465,134,2.0,1,0,Occasional Customers,"
       Customer Profile:
- Orders: 2
- Active Months: 1
- Avg Order Value: 209.47
- Recency: 134
- Frequency: 2.0
- Cluster: 1
- Churn Risk: No"
12744.0,4,4,1601.755,56,1.0,1,0,Occasional Customers,"
       Customer Profile:
- Orders: 4
- Active Months: 4
- Avg Order Value: 1601.76
- Recency: 56
- Frequency: 1.0
- Cluster: 1
- Churn Risk: No"
12747.0,11,9,343.4472727272727,2,1.2222222222222223,2,0,Frequent Customers,"
       Customer Profile:
- Orders: 11
- Active Months: 9
- Avg Order Value: 343.45
- Recency: 2
- Frequency: 1.2222222222222223
- Cluster: 2
- Churn Risk: No"
12748.0,202,13,167.75950495049503,1,3.0,2,0,Frequent Customers,"
       Customer Profile:
- Orders: 202
- Active Months: 13
- Avg Order Value: 167.76
- Recency: 1
- Frequency: 3.0
- Cluster: 2
- Churn Risk: No"
12749.0,5,4,1569.152,3,1.25,1,0,Occasional Customers,"
       Customer Profile:
- Orders: 5
- Active Months: 4
- Avg Order Value: 1569.15
- Recency: 3
- Frequency: 1.25
- Cluster: 1
- Churn Risk: No"
12750.0,1,1,184.98,128,1.0,0,0,Dormant Customers,"
       Customer Profile:
- Orders: 1
- Active Months: 1
- Avg Order Value: 184.98
- Recency: 128
- Frequency: 1.0
- Cluster: 0
- Churn Risk: No"
12752.0,1,1,2250.29,81,1.0,1,0,Occasional Customers,"
       Customer Profile:
- Orders: 1
- Active Months: 1
- Avg Order Value: 2250.29
- Recency: 81
- Frequency: 1.0
- Cluster: 1
- Churn Risk: No"
12753.0,6,6,2162.218333333333,22,1.0,1,0,Occasional Customers,"
       Customer Profile:
- Orders: 6
- Active Months: 6
- Avg Order Value: 2162.22
- Recency: 22
- Frequency: 1.0
- Cluster: 1
- Churn Risk: No"
12754.0,3,3,103.88,235,1.0,0,1,Dormant Customers,"
       Customer Profile:
- Orders: 3
- Active Months: 3
- Avg Order Value: 103.88
- Recency: 235
- Frequency: 1.0
- Cluster: 0
- Churn Risk: Yes"
12755.0,2,2,38.225,280,1.0,0,1,Dormant Customers,"
       Customer Profile:
- Orders: 2
- Active Months: 2
- Avg Order Value: 38.23
- Recency: 280
- Frequency: 1.0
- Cluster: 0
- Churn Risk: Yes"
12756.0,1,1,73.83,86,1.0,1,0,Occasional Customers,"
       Customer Profile:
- Orders: 1
- Active Months: 1
- Avg Order Value: 73.83
- Recency: 86
- Frequency: 1.0
- Cluster: 1
- Churn Risk: No"
12757.0,8,5,585.89625,15,1.6,1,0,Occasional Customers,"
       Customer Profile:
- Orders: 8
- Active Months: 5
- Avg Order Value: 585.90
- Recency: 15
- Frequency: 1.6
- Cluster: 1
- Churn Risk: No"
12758.0,2,2,2319.418999999997,116,1.0,1,0,Occasional Customers,"
       Customer Profile:
- Orders: 2
- Active Months: 2
- Avg Order Value: 2319.42
- Recency: 116
- Frequency: 1.0
- Cluster: 1
- Churn Risk: No"
12759.0,3,3,432.21333333333337,52,1.0,1,0,Occasional Customers,"
       Customer Profile:
- Orders: 3
- Active Months: 3
- Avg Order Value: 432.21
- Recency: 52
- Frequency: 1.0
- Cluster: 1
- Churn Risk: No"
12762.0,2,2,695.425,7,1.0,1,0,Occasional Customers,"
       Customer Profile:
- Orders: 2
- Active Months: 2
- Avg Order Value: 695.42
- Recency: 7
- Frequency: 1.0
- Cluster: 1
- Churn Risk: No"
12763.0,2,2,398.38,138,1.0,1,0,Occasional Customers,"
       Customer Profile:
- Orders: 2
- Active Months: 2
- Avg Order Value: 398.38
- Recency: 138
- Frequency: 1.0
- Cluster: 1
- Churn Risk: No"
12764.0,1,1,952.88,316,1.0,0,1,Dormant Customers,"
       Customer Profile:
- Orders: 1
- Active Months: 1
- Avg Order Value: 952.88
- Recency: 316
- Frequency: 1.0
- Cluster: 0
- Churn Risk: Yes"
12766.0,7,7,1700.1171428571429,3,1.0,1,0,Occasional Customers,"
       Customer Profile:
- Orders: 7
- Active Months: 7
- Avg Order Value: 1700.12
- Recency: 3
- Frequency: 1.0
- Cluster: 1
- Churn Risk: No"
12769.0,1,1,869.4,238,1.0,0,1,Dormant Customers,"
       Customer Profile:
- Orders: 1
- Active Months: 1
- Avg Order Value: 869.40
- Recency: 238
- Frequency: 1.0
- Cluster: 0
- Churn Risk: Yes"
12770.0,1,1,394.2,210,1.0,0,1,Dormant Customers,"
       Customer Profile:
- Orders: 1
- Active Months: 1
- Avg Order Value: 394.20
- Recency: 210
- Frequency: 1.0
- Cluster: 0
- Churn Risk: Yes"
12772.0,1,1,615.3199999999999,59,1.0,1,0,Occasional Customers,"
       Customer Profile:
- Orders: 1
- Active Months: 1
- Avg Order Value: 615.32
- Recency: 59
- Frequency: 1.0
- Cluster: 1
- Churn Risk: No"
12775.0,5,5,212.268,17,1.0,1,0,Occasional Customers,"
       Customer Profile:
- Orders: 5
- Active Months: 5
- Avg Order Value: 212.27
- Recency: 17
- Frequency: 1.0
- Cluster: 1
- Churn Risk: No"
12778.0,6,5,140.90666666666667,19,1.2,1,0,Occasional Customers,"
       Customer Profile:
- Orders: 6
- Active Months: 5
- Avg Order Value: 140.91
- Recency: 19
- Frequency: 1.2
- Cluster: 1
- Churn Risk: No"
12779.0,8,8,357.3925,37,1.0,1,0,Occasional Customers,"
       Customer Profile:
- Orders: 8
- Active Months: 8
- Avg Order Value: 357.39
- Recency: 37
- Frequency: 1.0
- Cluster: 1
- Churn Risk: No"
12781.0,2,2,356.13,63,1.0,1,0,Occasional Customers,"
       Customer Profile:
- Orders: 2
- Active Months: 2
- Avg Order Value: 356.13
- Recency: 63
- Frequency: 1.0
- Cluster: 1
- Churn Risk: No"
12782.0,5,5,473.588,4,1.0,1,0,Occasional Customers,"
       Customer Profile:
- Orders: 5
- Active Months: 5
- Avg Order Value: 473.59
- Recency: 4
- Frequency: 1.0
- Cluster: 1
- Churn Risk: No"
12783.0,4,4,374.1025,2,1.0,1,0,Occasional Customers,"
       Customer Profile:
- Orders: 4
- Active Months: 4
- Avg Order Value: 374.10
- Recency: 2
- Frequency: 1.0
- Cluster: 1
- Churn Risk: No"
12784.0,1,1,455.47,15,1.0,1,0,Occasional Customers,"
       Customer Profile:
- Orders: 1
- Active Months: 1
- Avg Order Value: 455.47
- Recency: 15
- Frequency: 1.0
- Cluster: 1
- Churn Risk: No"
12785.0,1,1,239.0,364,1.0,0,1,Dormant Customers,"
       Customer Profile:
- Orders: 1
- Active Months: 1
- Avg Order Value: 239.00
- Recency: 364
- Frequency: 1.0
- Cluster: 0
- Churn Risk: Yes"
12787.0,3,3,170.06,9,1.0,1,0,Occasional Customers,"
       Customer Profile:
- Orders: 3
- Active Months: 3
- Avg Order Value: 170.06
- Recency: 9
- Frequency: 1.0
- Cluster: 1
- Churn Risk: No"
12790.0,1,1,199.42,192,1.0,0,1,Dormant Customers,"
       Customer Profile:
- Orders: 1
- Active Months: 1
- Avg Order Value: 199.42
- Recency: 192
- Frequency: 1.0
- Cluster: 0
- Churn Risk: Yes"
12791.0,1,1,49.95,368,1.0,0,1,Dormant Customers,"
       Customer Profile:
- Orders: 1
- Active Months: 1
- Avg Order Value: 49.95
- Recency: 368
- Frequency: 1.0
- Cluster: 0
- Churn Risk: Yes"
12792.0,1,1,329.59,256,1.0,0,1,Dormant Customers,"
       Customer Profile:
- Orders: 1
- Active Months: 1
- Avg Order Value: 329.59
- Recency: 256
- Frequency: 1.0
- Cluster: 0
- Churn Risk: Yes"
12793.0,2,2,388.13,334,1.0,0,1,Dormant Customers,"
       Customer Profile:
- Orders: 2
- Active Months: 2
- Avg Order Value: 388.13
- Recency: 334
- Frequency: 1.0
- Cluster: 0
- Churn Risk: Yes"
12794.0,2,2,414.63,53,1.0,1,0,Occasional Customers,"
       Customer Profile:
- Orders: 2
- Active Months: 2
- Avg Order Value: 414.63
- Recency: 53
- Frequency: 1.0
- Cluster: 1
- Churn Risk: No"
12795.0,1,1,144.63,18,1.0,1,0,Occasional Customers,"
       Customer Profile:
- Orders: 1
- Active Months: 1
- Avg Order Value: 144.63
- Recency: 18
- Frequency: 1.0
- Cluster: 1
- Churn Risk: No"
12797.0,1,1,206.13,365,1.0,0,1,Dormant Customers,"
       Customer Profile:
- Orders: 1
- Active Months: 1
- Avg Order Value: 206.13
- Recency: 365
- Frequency: 1.0
- Cluster: 0
- Churn Risk: Yes"
12798.0,3,3,75.42,10,1.0,1,0,Occasional Customers,"
       Customer Profile:
- Orders: 3
- Active Months: 3
- Avg Order Value: 75.42
- Recency: 10
- Frequency: 1.0
- Cluster: 1
- Churn Risk: No"
12802.0,1,1,1590.32,186,1.0,1,1,Occasional Customers,"
       Customer Profile:
- Orders: 1
- Active Months: 1
- Avg Order Value: 1590.32
- Recency: 186
- Frequency: 1.0
- Cluster: 1
- Churn Risk: Yes"
12808.0,3,3,182.36666666666667,36,1.0,1,0,Occasional Customers,"
       Customer Profile:
- Orders: 3
- Active Months: 3
- Avg Order Value: 182.37
- Recency: 36
- Frequency: 1.0
- Cluster: 1
- Churn Risk: No"
12809.0,1,1,343.41,177,1.0,0,0,Dormant Customers,"
       Customer Profile:
- Orders: 1
- Active Months: 1
- Avg Order Value: 343.41
- Recency: 177
- Frequency: 1.0
- Cluster: 0
- Churn Risk: No"
12811.0,2,2,217.05,261,1.0,0,1,Dormant Customers,"
       Customer Profile:
- Orders: 2
- Active Months: 2
- Avg Order Value: 217.05
- Recency: 261
- Frequency: 1.0
- Cluster: 0
- Churn Risk: Yes"
12812.0,1,1,229.64,44,1.0,1,0,Occasional Customers,"
       Customer Profile:
- Orders: 1
- Active Months: 1
- Avg Order Value: 229.64
- Recency: 44
- Frequency: 1.0
- Cluster: 1
- Churn Risk: No"
12814.0,1,1,48.33,101,1.0,1,0,Occasional Customers,"
       Customer Profile:
- Orders: 1
- Active Months: 1
- Avg Order Value: 48.33
- Recency: 101
- Frequency: 1.0
- Cluster: 1
- Churn Risk: No"
12815.0,2,2,355.305,147,1.0,0,0,Dormant Customers,"
       Customer Profile:
- Orders: 2
- Active Months: 2
- Avg Order Value: 355.31
- Recency: 147
- Frequency: 1.0
- Cluster: 0
- Churn Risk: No"
12816.0,2,2,182.7,95,1.0,1,0,Occasional Customers,"
       Customer Profile:
- Orders: 2
- Active Months: 2
- Avg Order Value: 182.70
- Recency: 95
- Frequency: 1.0
- Cluster: 1
- Churn Risk: No"
12817.0,1,1,126.04,281,1.0,0,1,Dormant Customers,"
       Customer Profile:
- Orders: 1
- Active Months: 1
- Avg Order Value: 126.04
- Recency: 281
- Frequency: 1.0
- Cluster: 0
- Churn Risk: Yes"
12818.0,1,1,400.44,261,1.0,0,1,Dormant Customers,"
       Customer Profile:
- Orders: 1
- Active Months: 1
- Avg Order Value: 400.44
- Recency: 261
- Frequency: 1.0
- Cluster: 0
- Churn Risk: Yes"
12820.0,4,4,286.125,3,1.0,1,0,Occasional Customers,"
       Customer Profile:
- Orders: 4
- Active Months: 4
- Avg Order Value: 286.12
- Recency: 3
- Frequency: 1.0
- Cluster: 1
- Churn Risk: No"
12821.0,1,1,151.44,214,1.0,0,1,Dormant Customers,"
       Customer Profile:
- Orders: 1
- Active Months: 1
- Avg Order Value: 151.44
- Recency: 214
- Frequency: 1.0
- Cluster: 0
- Churn Risk: Yes"
12822.0,2,1,417.54,70,2.0,1,0,Occasional Customers,"
       Customer Profile:
- Orders: 2
- Active Months: 1
- Avg Order Value: 417.54
- Recency: 70
- Frequency: 2.0
- Cluster: 1
- Churn Risk: No"
12824.0,1,1,316.42,59,1.0,1,0,Occasional Customers,"
       Customer Profile:
- Orders: 1
- Active Months: 1
- Avg Order Value: 316.42
- Recency: 59
- Frequency: 1.0
- Cluster: 1
- Churn Risk: No"
12826.0,7,6,206.59,2,1.1666666666666667,1,0,Occasional Customers,"
       Customer Profile:
- Orders: 7
- Active Months: 6
- Avg Order Value: 206.59
- Recency: 2
- Frequency: 1.1666666666666667
- Cluster: 1
- Churn Risk: No"
12827.0,3,3,214.1833333333333,5,1.0,1,0,Occasional Customers,"
       Customer Profile:
- Orders: 3
- Active Months: 3
- Avg Order Value: 214.18
- Recency: 5
- Frequency: 1.0
- Cluster: 1
- Churn Risk: No"
12828.0,6,4,285.12666666666667,2,1.5,1,0,Occasional Customers,"
       Customer Profile:
- Orders: 6
- Active Months: 4
- Avg Order Value: 285.13
- Recency: 2
- Frequency: 1.5
- Cluster: 1
- Churn Risk: No"
12829.0,2,2,44.7,336,1.0,0,1,Dormant Customers,"
       Customer Profile:
- Orders: 2
- Active Months: 2
- Avg Order Value: 44.70
- Recency: 336
- Frequency: 1.0
- Cluster: 0
- Churn Risk: Yes"
12830.0,6,4,185.76,37,1.5,1,0,Occasional Customers,"
       Customer Profile:
- Orders: 6
- Active Months: 4
- Avg Order Value: 185.76
- Recency: 37
- Frequency: 1.5
- Cluster: 1
- Churn Risk: No"
12831.0,1,1,173.35,262,1.0,0,1,Dormant Customers,"
       Customer Profile:
- Orders: 1
- Active Months: 1
- Avg Order Value: 173.35
- Recency: 262
- Frequency: 1.0
- Cluster: 0
- Churn Risk: Yes"
12832.0,2,2,240.88,32,1.0,1,0,Occasional Customers,"
       Customer Profile:
- Orders: 2
- Active Months: 2
- Avg Order Value: 240.88
- Recency: 32
- Frequency: 1.0
- Cluster: 1
- Churn Risk: No"
12833.0,1,1,584.0600000000001,145,1.0,0,0,Dormant Customers,"
       Customer Profile:
- Orders: 1
- Active Months: 1
- Avg Order Value: 584.06
- Recency: 145
- Frequency: 1.0
- Cluster: 0
- Churn Risk: No"
12834.0,1,1,201.08,282,1.0,0,1,Dormant Customers,"
       Customer Profile:
- Orders: 1
- Active Months: 1
- Avg Order Value: 201.08
- Recency: 282
- Frequency: 1.0
- Cluster: 0
- Churn Risk: Yes"
12836.0,4,4,424.2000000000001,59,1.0,1,0,Occasional Customers,"
       Customer Profile:
- Orders: 4
- Active Months: 4
- Avg Order Value: 424.20
- Recency: 59
- Frequency: 1.0
- Cluster: 1
- Churn Risk: No"
12837.0,1,1,117.5,173,1.0,0,0,Dormant Customers,"
       Customer Profile:
- Orders: 1
- Active Months: 1
- Avg Order Value: 117.50
- Recency: 173
- Frequency: 1.0
- Cluster: 0
- Churn Risk: No"
12838.0,2,2,405.405,33,1.0,1,0,Occasional Customers,"
       Customer Profile:
- Orders: 2
- Active Months: 2
- Avg Order Value: 405.40
- Recency: 33
- Frequency: 1.0
- Cluster: 1
- Churn Risk: No"
12839.0,14,10,405.2764285714285,2,1.4,2,0,Frequent Customers,"
       Customer Profile:
- Orders: 14
- Active Months: 10
- Avg Order Value: 405.28
- Recency: 2
- Frequency: 1.4
- Cluster: 2
- Churn Risk: No"
12840.0,4,4,1076.185,143,1.0,1,0,Occasional Customers,"
       Customer Profile:
- Orders: 4
- Active Months: 4
- Avg Order Value: 1076.18
- Recency: 143
- Frequency: 1.0
- Cluster: 1
- Churn Risk: No"
12841.0,25,13,349.7784,4,1.9230769230769231,2,0,Frequent Customers,"
       Customer Profile:
- Orders: 25
- Active Months: 13
- Avg Order Value: 349.78
- Recency: 4
- Frequency: 1.9230769230769231
- Cluster: 2
- Churn Risk: No"
12842.0,2,2,417.245,70,1.0,1,0,Occasional Customers,"
       Customer Profile:
- Orders: 2
- Active Months: 2
- Avg Order Value: 417.25
- Recency: 70
- Frequency: 1.0
- Cluster: 1
- Churn Risk: No"
12843.0,7,4,512.3314285714285,159,1.75,1,0,Occasional Customers,"
       Customer Profile:
- Orders: 7
- Active Months: 4
- Avg Order Value: 512.33
- Recency: 159
- Frequency: 1.75
- Cluster: 1
- Churn Risk: No"
12844.0,2,2,512.74,29,1.0,1,0,Occasional Customers,"
       Customer Profile:
- Orders: 2
- Active Months: 2
- Avg Order Value: 512.74
- Recency: 29
- Frequency: 1.0
- Cluster: 1
- Churn Risk: No"
12845.0,4,2,66.01,267,2.0,0,1,Dormant Customers,"
       Customer Profile:
- Orders: 4
- Active Months: 2
- Avg Order Value: 66.01
- Recency: 267
- Frequency: 2.0
- Cluster: 0
- Churn Risk: Yes"
12847.0,1,1,746.89,22,1.0,1,0,Occasional Customers,"
       Customer Profile:
- Orders: 1
- Active Months: 1
- Avg Order Value: 746.89
- Recency: 22
- Frequency: 1.0
- Cluster: 1
- Churn Risk: No"
12849.0,2,2,419.87,31,1.0,1,0,Occasional Customers,"
       Customer Profile:
- Orders: 2
- Active Months: 2
- Avg Order Value: 419.87
- Recency: 31
- Frequency: 1.0
- Cluster: 1
- Churn Risk: No"
12851.0,1,1,209.82,96,1.0,1,0,Occasional Customers,"
       Customer Profile:
- Orders: 1
- Active Months: 1
- Avg Order Value: 209.82
- Recency: 96
- Frequency: 1.0
- Cluster: 1
- Churn Risk: No"
12852.0,1,1,264.15000000000003,294,1.0,0,1,Dormant Customers,"
       Customer Profile:
- Orders: 1
- Active Months: 1
- Avg Order Value: 264.15
- Recency: 294
- Frequency: 1.0
- Cluster: 0
- Churn Risk: Yes"
12853.0,5,3,261.37,134,1.6666666666666667,1,0,Occasional Customers,"
       Customer Profile:
- Orders: 5
- Active Months: 3
- Avg Order Value: 261.37
- Recency: 134
- Frequency: 1.6666666666666667
- Cluster: 1
- Churn Risk: No"
12854.0,3,3,367.3433333333333,78,1.0,1,0,Occasional Customers,"
       Customer Profile:
- Orders: 3
- Active Months: 3
- Avg Order Value: 367.34
- Recency: 78
- Frequency: 1.0
- Cluster: 1
- Churn Risk: No"
12855.0,1,1,38.1,368,1.0,0,1,Dormant Customers,"
       Customer Profile:
- Orders: 1
- Active Months: 1
- Avg Order Value: 38.10
- Recency: 368
- Frequency: 1.0
- Cluster: 0
- Churn Risk: Yes"
12856.0,6,3,569.6616666666667,7,2.0,1,0,Occasional Customers,"
       Customer Profile:
- Orders: 6
- Active Months: 3
- Avg Order Value: 569.66
- Recency: 7
- Frequency: 2.0
- Cluster: 1
- Churn Risk: No"
12857.0,2,2,415.5750000000001,210,1.0,0,1,Dormant Customers,"
       Customer Profile:
- Orders: 2
- Active Months: 2
- Avg Order Value: 415.58
- Recency: 210
- Frequency: 1.0
- Cluster: 0
- Churn Risk: Yes"
12863.0,1,1,128.64,52,1.0,1,0,Occasional Customers,"
       Customer Profile:
- Orders: 1
- Active Months: 1
- Avg Order Value: 128.64
- Recency: 52
- Frequency: 1.0
- Cluster: 1
- Churn Risk: No"
12864.0,1,1,80.88,138,1.0,0,0,Dormant Customers,"
       Customer Profile:
- Orders: 1
- Active Months: 1
- Avg Order Value: 80.88
- Recency: 138
- Frequency: 1.0
- Cluster: 0
- Churn Risk: No"
12865.0,2,2,937.22,26,1.0,1,0,Occasional Customers,"
       Customer Profile:
- Orders: 2
- Active Months: 2
- Avg Order Value: 937.22
- Recency: 26
- Frequency: 1.0
- Cluster: 1
- Churn Risk: No"
12866.0,1,1,344.92,283,1.0,0,1,Dormant Customers,"
       Customer Profile:
- Orders: 1
- Active Months: 1
- Avg Order Value: 344.92
- Recency: 283
- Frequency: 1.0
- Cluster: 0
- Churn Risk: Yes"
12867.0,7,7,1033.7,26,1.0,1,0,Occasional Customers,"
       Customer Profile:
- Orders: 7
- Active Months: 7
- Avg Order Value: 1033.70
- Recency: 26
- Frequency: 1.0
- Cluster: 1
- Churn Risk: No"
12868.0,6,5,255.785,185,1.2,0,1,Dormant Customers,"
       Customer Profile:
- Orders: 6
- Active Months: 5
- Avg Order Value: 255.78
- Recency: 185
- Frequency: 1.2
- Cluster: 0
- Churn Risk: Yes"
12871.0,2,2,129.12,84,1.0,1,0,Occasional Customers,"
       Customer Profile:
- Orders: 2
- Active Months: 2
- Avg Order Value: 129.12
- Recency: 84
- Frequency: 1.0
- Cluster: 1
- Churn Risk: No"
12872.0,2,2,270.435,326,1.0,0,1,Dormant Customers,"
       Customer Profile:
- Orders: 2
- Active Months: 2
- Avg Order Value: 270.44
- Recency: 326
- Frequency: 1.0
- Cluster: 0
- Churn Risk: Yes"
12873.0,1,1,206.55,282,1.0,0,1,Dormant Customers,"
       Customer Profile:
- Orders: 1
- Active Months: 1
- Avg Order Value: 206.55
- Recency: 282
- Frequency: 1.0
- Cluster: 0
- Churn Risk: Yes"
12875.0,2,2,22.6365,143,1.0,0,0,Dormant Customers,"
       Customer Profile:
- Orders: 2
- Active Months: 2
- Avg Order Value: 22.64
- Recency: 143
- Frequency: 1.0
- Cluster: 0
- Churn Risk: No"
12876.0,2,2,731.985,57,1.0,1,0,Occasional Customers,"
       Customer Profile:
- Orders: 2
- Active Months: 2
- Avg Order Value: 731.99
- Recency: 57
- Frequency: 1.0
- Cluster: 1
- Churn Risk: No"
12877.0,12,11,147.59083333333334,3,1.0909090909090908,2,0,Frequent Customers,"
       Customer Profile:
- Orders: 12
- Active Months: 11
- Avg Order Value: 147.59
- Recency: 3
- Frequency: 1.0909090909090908
- Cluster: 2
- Churn Risk: No"
12878.0,2,2,943.455,236,1.0,0,1,Dormant Customers,"
       Customer Profile:
- Orders: 2
- Active Months: 2
- Avg Order Value: 943.46
- Recency: 236
- Frequency: 1.0
- Cluster: 0
- Churn Risk: Yes"
12879.0,3,2,124.67333333333332,44,1.5,1,0,Occasional Customers,"
       Customer Profile:
- Orders: 3
- Active Months: 2
- Avg Order Value: 124.67
- Recency: 44
- Frequency: 1.5
- Cluster: 1
- Churn Risk: No"
12881.0,1,1,69.0,275,1.0,0,1,Dormant Customers,"
       Customer Profile:
- Orders: 1
- Active Months: 1
- Avg Order Value: 69.00
- Recency: 275
- Frequency: 1.0
- Cluster: 0
- Churn Risk: Yes"
12882.0,2,1,1334.25,9,2.0,1,0,Occasional Customers,"
       Customer Profile:
- Orders: 2
- Active Months: 1
- Avg Order Value: 1334.25
- Recency: 9
- Frequency: 2.0
- Cluster: 1
- Churn Risk: No"
12883.0,4,2,178.8375,24,2.0,1,0,Occasional Customers,"
       Customer Profile:
- Orders: 4
- Active Months: 2
- Avg Order Value: 178.84
- Recency: 24
- Frequency: 2.0
- Cluster: 1
- Churn Risk: No"
12884.0,1,1,107.25,88,1.0,1,0,Occasional Customers,"
       Customer Profile:
- Orders: 1
- Active Months: 1
- Avg Order Value: 107.25
- Recency: 88
- Frequency: 1.0
- Cluster: 1
- Churn Risk: No"
12885.0,3,2,325.74,63,1.5,1,0,Occasional Customers,"
       Customer Profile:
- Orders: 3
- Active Months: 2
- Avg Order Value: 325.74
- Recency: 63
- Frequency: 1.5
- Cluster: 1
- Churn Risk: No"
12886.0,2,2,548.985,67,1.0,1,0,Occasional Customers,"
       Customer Profile:
- Orders: 2
- Active Months: 2
- Avg Order Value: 548.99
- Recency: 67
- Frequency: 1.0
- Cluster: 1
- Churn Risk: No"
12888.0,2,2,134.64,214,1.0,0,1,Dormant Customers,"
       Customer Profile:
- Orders: 2
- Active Months: 2
- Avg Order Value: 134.64
- Recency: 214
- Frequency: 1.0
- Cluster: 0
- Churn Risk: Yes"
12890.0,1,1,366.76,24,1.0,1,0,Occasional Customers,"
       Customer Profile:
- Orders: 1
- Active Months: 1
- Avg Order Value: 366.76
- Recency: 24
- Frequency: 1.0
- Cluster: 1
- Churn Risk: No"
12891.0,3,3,22.6365,185,1.0,0,1,Dormant Customers,"
       Customer Profile:
- Orders: 3
- Active Months: 3
- Avg Order Value: 22.64
- Recency: 185
- Frequency: 1.0
- Cluster: 0
- Churn Risk: Yes"
12893.0,1,1,176.55,30,1.0,1,0,Occasional Customers,"
       Customer Profile:
- Orders: 1
- Active Months: 1
- Avg Order Value: 176.55
- Recency: 30
- Frequency: 1.0
- Cluster: 1
- Churn Risk: No"
12895.0,2,2,167.525,42,1.0,1,0,Occasional Customers,"
       Customer Profile:
- Orders: 2
- Active Months: 2
- Avg Order Value: 167.53
- Recency: 42
- Frequency: 1.0
- Cluster: 1
- Churn Risk: No"
12897.0,2,2,89.4,204,1.0,0,1,Dormant Customers,"
       Customer Profile:
- Orders: 2
- Active Months: 2
- Avg Order Value: 89.40
- Recency: 204
- Frequency: 1.0
- Cluster: 0
- Churn Risk: Yes"
12901.0,28,10,105.84,8,2.8,2,0,Frequent Customers,"
       Customer Profile:
- Orders: 28
- Active Months: 10
- Avg Order Value: 105.84
- Recency: 8
- Frequency: 2.8
- Cluster: 2
- Churn Risk: No"
12902.0,1,1,175.56,264,1.0,0,1,Dormant Customers,"
       Customer Profile:
- Orders: 1
- Active Months: 1
- Avg Order Value: 175.56
- Recency: 264
- Frequency: 1.0
- Cluster: 0
- Churn Risk: Yes"
12904.0,2,2,179.23,18,1.0,1,0,Occasional Customers,"
       Customer Profile:
- Orders: 2
- Active Months: 2
- Avg Order Value: 179.23
- Recency: 18
- Frequency: 1.0
- Cluster: 1
- Churn Risk: No"
12906.0,5,2,377.07,11,2.5,2,0,Frequent Customers,"
       Customer Profile:
- Orders: 5
- Active Months: 2
- Avg Order Value: 377.07
- Recency: 11
- Frequency: 2.5
- Cluster: 2
- Churn Risk: No"
12908.0,2,2,22.6365,176,1.0,0,0,Dormant Customers,"
       Customer Profile:
- Orders: 2
- Active Months: 2
- Avg Order Value: 22.64
- Recency: 176
- Frequency: 1.0
- Cluster: 0
- Churn Risk: No"
12909.0,5,4,369.72,39,1.25,1,0,Occasional Customers,"
       Customer Profile:
- Orders: 5
- Active Months: 4
- Avg Order Value: 369.72
- Recency: 39
- Frequency: 1.25
- Cluster: 1
- Churn Risk: No"
12910.0,8,6,353.37875,23,1.3333333333333333,1,0,Occasional Customers,"
       Customer Profile:
- Orders: 8
- Active Months: 6
- Avg Order Value: 353.38
- Recency: 23
- Frequency: 1.3333333333333333
- Cluster: 1
- Churn Risk: No"
12912.0,5,3,313.02,2,1.6666666666666667,1,0,Occasional Customers,"
       Customer Profile:
- Orders: 5
- Active Months: 3
- Avg Order Value: 313.02
- Recency: 2
- Frequency: 1.6666666666666667
- Cluster: 1
- Churn Risk: No"
12913.0,5,5,403.04,4,1.0,1,0,Occasional Customers,"
       Customer Profile:
- Orders: 5
- Active Months: 5
- Avg Order Value: 403.04
- Recency: 4
- Frequency: 1.0
- Cluster: 1
- Churn Risk: No"
12915.0,2,2,100.525,148,1.0,0,0,Dormant Customers,"
       Customer Profile:
- Orders: 2
- Active Months: 2
- Avg Order Value: 100.53
- Recency: 148
- Frequency: 1.0
- Cluster: 0
- Churn Risk: No"
12916.0,4,4,1040.185,138,1.0,1,0,Occasional Customers,"
       Customer Profile:
- Orders: 4
- Active Months: 4
- Avg Order Value: 1040.18
- Recency: 138
- Frequency: 1.0
- Cluster: 1
- Churn Risk: No"
12917.0,1,1,267.3,128,1.0,0,0,Dormant Customers,"
       Customer Profile:
- Orders: 1
- Active Months: 1
- Avg Order Value: 267.30
- Recency: 128
- Frequency: 1.0
- Cluster: 0
- Churn Risk: No"
12919.0,6,5,629.39,8,1.2,1,0,Occasional Customers,"
       Customer Profile:
- Orders: 6
- Active Months: 5
- Avg Order Value: 629.39
- Recency: 8
- Frequency: 1.2
- Cluster: 1
- Churn Risk: No"
12920.0,1,1,117.42,17,1.0,1,0,Occasional Customers,"
       Customer Profile:
- Orders: 1
- Active Months: 1
- Avg Order Value: 117.42
- Recency: 17
- Frequency: 1.0
- Cluster: 1
- Churn Risk: No"
12921.0,37,11,591.4278378378378,9,3.0,2,0,Frequent Customers,"
       Customer Profile:
- Orders: 37
- Active Months: 11
- Avg Order Value: 591.43
- Recency: 9
- Frequency: 3.0
- Cluster: 2
- Churn Risk: No"
12922.0,1,1,398.36,161,1.0,0,0,Dormant Customers,"
       Customer Profile:
- Orders: 1
- Active Months: 1
- Avg Order Value: 398.36
- Recency: 161
- Frequency: 1.0
- Cluster: 0
- Churn Risk: No"
12923.0,1,1,152.92,64,1.0,1,0,Occasional Customers,"
       Customer Profile:
- Orders: 1
- Active Months: 1
- Avg Order Value: 152.92
- Recency: 64
- Frequency: 1.0
- Cluster: 1
- Churn Risk: No"
12924.0,4,4,195.51,88,1.0,1,0,Occasional Customers,"
       Customer Profile:
- Orders: 4
- Active Months: 4
- Avg Order Value: 195.51
- Recency: 88
- Frequency: 1.0
- Cluster: 1
- Churn Risk: No"
12925.0,2,2,321.98,4,1.0,1,0,Occasional Customers,"
       Customer Profile:
- Orders: 2
- Active Months: 2
- Avg Order Value: 321.98
- Recency: 4
- Frequency: 1.0
- Cluster: 1
- Churn Risk: No"
12928.0,5,5,379.376,35,1.0,1,0,Occasional Customers,"
       Customer Profile:
- Orders: 5
- Active Months: 5
- Avg Order Value: 379.38
- Recency: 35
- Frequency: 1.0
- Cluster: 1
- Churn Risk: No"
12929.0,1,1,70.95,311,1.0,0,1,Dormant Customers,"
       Customer Profile:
- Orders: 1
- Active Months: 1
- Avg Order Value: 70.95
- Recency: 311
- Frequency: 1.0
- Cluster: 0
- Churn Risk: Yes"
12930.0,2,2,200.475,78,1.0,1,0,Occasional Customers,"
       Customer Profile:
- Orders: 2
- Active Months: 2
- Avg Order Value: 200.47
- Recency: 78
- Frequency: 1.0
- Cluster: 1
- Churn Risk: No"
12931.0,15,8,217.75266666666667,21,1.875,2,0,Frequent Customers,"
       Customer Profile:
- Orders: 15
- Active Months: 8
- Avg Order Value: 217.75
- Recency: 21
- Frequency: 1.875
- Cluster: 2
- Churn Risk: No"
12933.0,3,3,173.15666666666667,24,1.0,1,0,Occasional Customers,"
       Customer Profile:
- Orders: 3
- Active Months: 3
- Avg Order Value: 173.16
- Recency: 24
- Frequency: 1.0
- Cluster: 1
- Churn Risk: No"
12935.0,7,6,315.16,2,1.1666666666666667,1,0,Occasional Customers,"
       Customer Profile:
- Orders: 7
- Active Months: 6
- Avg Order Value: 315.16
- Recency: 2
- Frequency: 1.1666666666666667
- Cluster: 1
- Churn Risk: No"
12936.0,4,2,253.625,17,2.0,1,0,Occasional Customers,"
       Customer Profile:
- Orders: 4
- Active Months: 2
- Avg Order Value: 253.62
- Recency: 17
- Frequency: 2.0
- Cluster: 1
- Churn Risk: No"
12937.0,4,4,447.0325,15,1.0,1,0,Occasional Customers,"
       Customer Profile:
- Orders: 4
- Active Months: 4
- Avg Order Value: 447.03
- Recency: 15
- Frequency: 1.0
- Cluster: 1
- Churn Risk: No"
12938.0,1,1,108.05,25,1.0,1,0,Occasional Customers,"
       Customer Profile:
- Orders: 1
- Active Months: 1
- Avg Order Value: 108.05
- Recency: 25
- Frequency: 1.0
- Cluster: 1
- Churn Risk: No"
12939.0,8,6,485.145,64,1.3333333333333333,1,0,Occasional Customers,"
       Customer Profile:
- Orders: 8
- Active Months: 6
- Avg Order Value: 485.14
- Recency: 64
- Frequency: 1.3333333333333333
- Cluster: 1
- Churn Risk: No"
12940.0,2,2,434.89,54,1.0,1,0,Occasional Customers,"
       Customer Profile:
- Orders: 2
- Active Months: 2
- Avg Order Value: 434.89
- Recency: 54
- Frequency: 1.0
- Cluster: 1
- Churn Risk: No"
12942.0,3,3,235.4266666666667,131,1.0,1,0,Occasional Customers,"
       Customer Profile:
- Orders: 3
- Active Months: 3
- Avg Order Value: 235.43
- Recency: 131
- Frequency: 1.0
- Cluster: 1
- Churn Risk: No"
12944.0,2,2,259.905,35,1.0,1,0,Occasional Customers,"
       Customer Profile:
- Orders: 2
- Active Months: 2
- Avg Order Value: 259.90
- Recency: 35
- Frequency: 1.0
- Cluster: 1
- Churn Risk: No"
12945.0,1,1,303.40000000000003,288,1.0,0,1,Dormant Customers,"
       Customer Profile:
- Orders: 1
- Active Months: 1
- Avg Order Value: 303.40
- Recency: 288
- Frequency: 1.0
- Cluster: 0
- Churn Risk: Yes"
12947.0,6,5,246.91333333333333,143,1.2,1,0,Occasional Customers,"
       Customer Profile:
- Orders: 6
- Active Months: 5
- Avg Order Value: 246.91
- Recency: 143
- Frequency: 1.2
- Cluster: 1
- Churn Risk: No"
12948.0,7,5,368.1528571428572,16,1.4,1,0,Occasional Customers,"
       Customer Profile:
- Orders: 7
- Active Months: 5
- Avg Order Value: 368.15
- Recency: 16
- Frequency: 1.4
- Cluster: 1
- Churn Risk: No"
12949.0,8,4,836.03125,30,2.0,2,0,Frequent Customers,"
       Customer Profile:
- Orders: 8
- Active Months: 4
- Avg Order Value: 836.03
- Recency: 30
- Frequency: 2.0
- Cluster: 2
- Churn Risk: No"
12950.0,3,2,254.75333333333333,2,1.5,1,0,Occasional Customers,"
       Customer Profile:
- Orders: 3
- Active Months: 2
- Avg Order Value: 254.75
- Recency: 2
- Frequency: 1.5
- Cluster: 1
- Churn Risk: No"
12951.0,6,5,184.33666666666667,8,1.2,1,0,Occasional Customers,"
       Customer Profile:
- Orders: 6
- Active Months: 5
- Avg Order Value: 184.34
- Recency: 8
- Frequency: 1.2
- Cluster: 1
- Churn Risk: No"
12952.0,4,3,330.52750000000003,5,1.3333333333333333,1,0,Occasional Customers,"
       Customer Profile:
- Orders: 4
- Active Months: 3
- Avg Order Value: 330.53
- Recency: 5
- Frequency: 1.3333333333333333
- Cluster: 1
- Churn Risk: No"
12953.0,1,1,384.9,9,1.0,1,0,Occasional Customers,"
       Customer Profile:
- Orders: 1
- Active Months: 1
- Avg Order Value: 384.90
- Recency: 9
- Frequency: 1.0
- Cluster: 1
- Churn Risk: No"
12955.0,11,8,598.7645454545454,1,1.375,2,0,Frequent Customers,"
       Customer Profile:
- Orders: 11
- Active Months: 8
- Avg Order Value: 598.76
- Recency: 1
- Frequency: 1.375
- Cluster: 2
- Churn Risk: No"
12956.0,1,1,224.01,306,1.0,0,1,Dormant Customers,"
       Customer Profile:
- Orders: 1
- Active Months: 1
- Avg Order Value: 224.01
- Recency: 306
- Frequency: 1.0
- Cluster: 0
- Churn Risk: Yes"
12957.0,8,6,804.61,9,1.3333333333333333,1,0,Occasional Customers,"
       Customer Profile:
- Orders: 8
- Active Months: 6
- Avg Order Value: 804.61
- Recency: 9
- Frequency: 1.3333333333333333
- Cluster: 1
- Churn Risk: No"
12962.0,2,2,120.44500000000002,7,1.0,1,0,Occasional Customers,"
       Customer Profile:
- Orders: 2
- Active Months: 2
- Avg Order Value: 120.45
- Recency: 7
- Frequency: 1.0
- Cluster: 1
- Churn Risk: No"
12963.0,8,5,201.82375,8,1.6,1,0,Occasional Customers,"
       Customer Profile:
- Orders: 8
- Active Months: 5
- Avg Order Value: 201.82
- Recency: 8
- Frequency: 1.6
- Cluster: 1
- Churn Risk: No"
12965.0,1,1,1161.22,89,1.0,1,0,Occasional Customers,"
       Customer Profile:
- Orders: 1
- Active Months: 1
- Avg Order Value: 1161.22
- Recency: 89
- Frequency: 1.0
- Cluster: 1
- Churn Risk: No"
12966.0,1,1,295.36,9,1.0,1,0,Occasional Customers,"
       Customer Profile:
- Orders: 1
- Active Months: 1
- Avg Order Value: 295.36
- Recency: 9
- Frequency: 1.0
- Cluster: 1
- Churn Risk: No"
12967.0,2,1,446.15,358,2.0,0,1,Dormant Customers,"
       Customer Profile:
- Orders: 2
- Active Months: 1
- Avg Order Value: 446.15
- Recency: 358
- Frequency: 2.0
- Cluster: 0
- Churn Risk: Yes"
12968.0,1,1,126.0,112,1.0,1,0,Occasional Customers,"
       Customer Profile:
- Orders: 1
- Active Months: 1
- Avg Order Value: 126.00
- Recency: 112
- Frequency: 1.0
- Cluster: 1
- Churn Risk: No"
12970.0,4,2,80.34750000000001,7,2.0,1,0,Occasional Customers,"
       Customer Profile:
- Orders: 4
- Active Months: 2
- Avg Order Value: 80.35
- Recency: 7
- Frequency: 2.0
- Cluster: 1
- Churn Risk: No"
12971.0,86,13,135.74232558139536,3,3.0,2,0,Frequent Customers,"
       Customer Profile:
- Orders: 86
- Active Months: 13
- Avg Order Value: 135.74
- Recency: 3
- Frequency: 3.0
- Cluster: 2
- Churn Risk: No"
12974.0,1,1,77.15,197,1.0,0,1,Dormant Customers,"
       Customer Profile:
- Orders: 1
- Active Months: 1
- Avg Order Value: 77.15
- Recency: 197
- Frequency: 1.0
- Cluster: 0
- Churn Risk: Yes"
12976.0,1,1,421.05,211,1.0,0,1,Dormant Customers,"
       Customer Profile:
- Orders: 1
- Active Months: 1
- Avg Order Value: 421.05
- Recency: 211
- Frequency: 1.0
- Cluster: 0
- Churn Risk: Yes"
12977.0,1,1,22.6365,156,1.0,0,0,Dormant Customers,"
       Customer Profile:
- Orders: 1
- Active Months: 1
- Avg Order Value: 22.64
- Recency: 156
- Frequency: 1.0
- Cluster: 0
- Churn Risk: No"
12980.0,7,5,169.63714285714286,176,1.4,1,0,Occasional Customers,"
       Customer Profile:
- Orders: 7
- Active Months: 5
- Avg Order Value: 169.64
- Recency: 176
- Frequency: 1.4
- Cluster: 1
- Churn Risk: No"
12981.0,2,2,186.11,29,1.0,1,0,Occasional Customers,"
       Customer Profile:
- Orders: 2
- Active Months: 2
- Avg Order Value: 186.11
- Recency: 29
- Frequency: 1.0
- Cluster: 1
- Churn Risk: No"
12982.0,1,1,387.03,242,1.0,0,1,Dormant Customers,"
       Customer Profile:
- Orders: 1
- Active Months: 1
- Avg Order Value: 387.03
- Recency: 242
- Frequency: 1.0
- Cluster: 0
- Churn Risk: Yes"
12984.0,1,1,97.5,18,1.0,1,0,Occasional Customers,"
       Customer Profile:
- Orders: 1
- Active Months: 1
- Avg Order Value: 97.50
- Recency: 18
- Frequency: 1.0
- Cluster: 1
- Churn Risk: No"
12985.0,2,2,1554.88,1,1.0,1,0,Occasional Customers,"
       Customer Profile:
- Orders: 2
- Active Months: 2
- Avg Order Value: 1554.88
- Recency: 1
- Frequency: 1.0
- Cluster: 1
- Churn Risk: No"
12987.0,2,2,196.225,73,1.0,1,0,Occasional Customers,"
       Customer Profile:
- Orders: 2
- Active Months: 2
- Avg Order Value: 196.22
- Recency: 73
- Frequency: 1.0
- Cluster: 1
- Churn Risk: No"
12988.0,1,1,572.34,292,1.0,0,1,Dormant Customers,"
       Customer Profile:
- Orders: 1
- Active Months: 1
- Avg Order Value: 572.34
- Recency: 292
- Frequency: 1.0
- Cluster: 0
- Churn Risk: Yes"
12989.0,15,11,273.07466666666664,3,1.3636363636363635,2,0,Frequent Customers,"
       Customer Profile:
- Orders: 15
- Active Months: 11
- Avg Order Value: 273.07
- Recency: 3
- Frequency: 1.3636363636363635
- Cluster: 2
- Churn Risk: No"
12990.0,3,3,134.54999999999998,31,1.0,1,0,Occasional Customers,"
       Customer Profile:
- Orders: 3
- Active Months: 3
- Avg Order Value: 134.55
- Recency: 31
- Frequency: 1.0
- Cluster: 1
- Churn Risk: No"
12991.0,2,2,242.105,23,1.0,1,0,Occasional Customers,"
       Customer Profile:
- Orders: 2
- Active Months: 2
- Avg Order Value: 242.10
- Recency: 23
- Frequency: 1.0
- Cluster: 1
- Churn Risk: No"
12993.0,4,4,103.69,23,1.0,1,0,Occasional Customers,"
       Customer Profile:
- Orders: 4
- Active Months: 4
- Avg Order Value: 103.69
- Recency: 23
- Frequency: 1.0
- Cluster: 1
- Churn Risk: No"
12994.0,3,3,260.84,4,1.0,1,0,Occasional Customers,"
       Customer Profile:
- Orders: 3
- Active Months: 3
- Avg Order Value: 260.84
- Recency: 4
- Frequency: 1.0
- Cluster: 1
- Churn Risk: No"
12995.0,1,1,158.49,85,1.0,1,0,Occasional Customers,"
       Customer Profile:
- Orders: 1
- Active Months: 1
- Avg Order Value: 158.49
- Recency: 85
- Frequency: 1.0
- Cluster: 1
- Churn Risk: No"
12997.0,4,4,466.775,22,1.0,1,0,Occasional Customers,"
       Customer Profile:
- Orders: 4
- Active Months: 4
- Avg Order Value: 466.77
- Recency: 22
- Frequency: 1.0
- Cluster: 1
- Churn Risk: No"
12999.0,2,2,154.44,205,1.0,0,1,Dormant Customers,"
       Customer Profile:
- Orders: 2
- Active Months: 2
- Avg Order Value: 154.44
- Recency: 205
- Frequency: 1.0
- Cluster: 0
- Churn Risk: Yes"
13000.0,3,3,140.43666666666667,106,1.0,1,0,Occasional Customers,"
       Customer Profile:
- Orders: 3
- Active Months: 3
- Avg Order Value: 140.44
- Recency: 106
- Frequency: 1.0
- Cluster: 1
- Churn Risk: No"
13001.0,13,9,602.2484615384615,4,1.4444444444444444,2,0,Frequent Customers,"
       Customer Profile:
- Orders: 13
- Active Months: 9
- Avg Order Value: 602.25
- Recency: 4
- Frequency: 1.4444444444444444
- Cluster: 2
- Churn Risk: No"
13002.0,1,1,111.0,318,1.0,0,1,Dormant Customers,"
       Customer Profile:
- Orders: 1
- Active Months: 1
- Avg Order Value: 111.00
- Recency: 318
- Frequency: 1.0
- Cluster: 0
- Churn Risk: Yes"
13003.0,3,3,60.616666666666674,105,1.0,1,0,Occasional Customers,"
       Customer Profile:
- Orders: 3
- Active Months: 3
- Avg Order Value: 60.62
- Recency: 105
- Frequency: 1.0
- Cluster: 1
- Churn Risk: No"
13004.0,17,11,385.3129411764706,11,1.5454545454545454,2,0,Frequent Customers,"
       Customer Profile:
- Orders: 17
- Active Months: 11
- Avg Order Value: 385.31
- Recency: 11
- Frequency: 1.5454545454545454
- Cluster: 2
- Churn Risk: No"
13005.0,2,2,200.275,173,1.0,0,0,Dormant Customers,"
       Customer Profile:
- Orders: 2
- Active Months: 2
- Avg Order Value: 200.28
- Recency: 173
- Frequency: 1.0
- Cluster: 0
- Churn Risk: No"
13006.0,1,1,22.6365,56,1.0,1,0,Occasional Customers,"
       Customer Profile:
- Orders: 1
- Active Months: 1
- Avg Order Value: 22.64
- Recency: 56
- Frequency: 1.0
- Cluster: 1
- Churn Risk: No"
13008.0,1,1,229.47,323,1.0,0,1,Dormant Customers,"
       Customer Profile:
- Orders: 1
- Active Months: 1
- Avg Order Value: 229.47
- Recency: 323
- Frequency: 1.0
- Cluster: 0
- Churn Risk: Yes"
13011.0,1,1,50.55,368,1.0,0,1,Dormant Customers,"
       Customer Profile:
- Orders: 1
- Active Months: 1
- Avg Order Value: 50.55
- Recency: 368
- Frequency: 1.0
- Cluster: 0
- Churn Risk: Yes"
13012.0,7,5,223.78285714285715,9,1.4,1,0,Occasional Customers,"
       Customer Profile:
- Orders: 7
- Active Months: 5
- Avg Order Value: 223.78
- Recency: 9
- Frequency: 1.4
- Cluster: 1
- Churn Risk: No"
13013.0,13,9,427.57538461538456,1,1.4444444444444444,2,0,Frequent Customers,"
       Customer Profile:
- Orders: 13
- Active Months: 9
- Avg Order Value: 427.58
- Recency: 1
- Frequency: 1.4444444444444444
- Cluster: 2
- Churn Risk: No"
13014.0,9,6,332.5422222222222,10,1.5,1,0,Occasional Customers,"
       Customer Profile:
- Orders: 9
- Active Months: 6
- Avg Order Value: 332.54
- Recency: 10
- Frequency: 1.5
- Cluster: 1
- Churn Risk: No"
13015.0,5,3,532.8860000000001,53,1.6666666666666667,1,0,Occasional Customers,"
       Customer Profile:
- Orders: 5
- Active Months: 3
- Avg Order Value: 532.89
- Recency: 53
- Frequency: 1.6666666666666667
- Cluster: 1
- Churn Risk: No"
13016.0,3,2,236.4466666666667,73,1.5,1,0,Occasional Customers,"
       Customer Profile:
- Orders: 3
- Active Months: 2
- Avg Order Value: 236.45
- Recency: 73
- Frequency: 1.5
- Cluster: 1
- Churn Risk: No"
13017.0,1,1,114.75,7,1.0,1,0,Occasional Customers,"
       Customer Profile:
- Orders: 1
- Active Months: 1
- Avg Order Value: 114.75
- Recency: 7
- Frequency: 1.0
- Cluster: 1
- Churn Risk: No"
13018.0,28,10,405.0703571428571,16,2.8,2,0,Frequent Customers,"
       Customer Profile:
- Orders: 28
- Active Months: 10
- Avg Order Value: 405.07
- Recency: 16
- Frequency: 2.8
- Cluster: 2
- Churn Risk: No"
13021.0,9,7,633.8544444444445,4,1.2857142857142858,1,0,Occasional Customers,"
       Customer Profile:
- Orders: 9
- Active Months: 7
- Avg Order Value: 633.85
- Recency: 4
- Frequency: 1.2857142857142858
- Cluster: 1
- Churn Risk: No"
13023.0,2,2,225.195,64,1.0,1,0,Occasional Customers,"
       Customer Profile:
- Orders: 2
- Active Months: 2
- Avg Order Value: 225.19
- Recency: 64
- Frequency: 1.0
- Cluster: 1
- Churn Risk: No"
13026.0,5,5,280.548,1,1.0,1,0,Occasional Customers,"
       Customer Profile:
- Orders: 5
- Active Months: 5
- Avg Order Value: 280.55
- Recency: 1
- Frequency: 1.0
- Cluster: 1
- Churn Risk: No"
13027.0,6,5,54.00000000000001,113,1.2,1,0,Occasional Customers,"
       Customer Profile:
- Orders: 6
- Active Months: 5
- Avg Order Value: 54.00
- Recency: 113
- Frequency: 1.2
- Cluster: 1
- Churn Risk: No"
13028.0,2,2,315.9,22,1.0,1,0,Occasional Customers,"
       Customer Profile:
- Orders: 2
- Active Months: 2
- Avg Order Value: 315.90
- Recency: 22
- Frequency: 1.0
- Cluster: 1
- Churn Risk: No"
13029.0,2,2,103.9,30,1.0,1,0,Occasional Customers,"
       Customer Profile:
- Orders: 2
- Active Months: 2
- Avg Order Value: 103.90
- Recency: 30
- Frequency: 1.0
- Cluster: 1
- Churn Risk: No"
13030.0,2,2,404.975,11,1.0,1,0,Occasional Customers,"
       Customer Profile:
- Orders: 2
- Active Months: 2
- Avg Order Value: 404.98
- Recency: 11
- Frequency: 1.0
- Cluster: 1
- Churn Risk: No"
13032.0,2,2,367.965,52,1.0,1,0,Occasional Customers,"
       Customer Profile:
- Orders: 2
- Active Months: 2
- Avg Order Value: 367.96
- Recency: 52
- Frequency: 1.0
- Cluster: 1
- Churn Risk: No"
13033.0,1,1,190.55,357,1.0,0,1,Dormant Customers,"
       Customer Profile:
- Orders: 1
- Active Months: 1
- Avg Order Value: 190.55
- Recency: 357
- Frequency: 1.0
- Cluster: 0
- Churn Risk: Yes"
13034.0,2,2,627.8199999999999,54,1.0,1,0,Occasional Customers,"
       Customer Profile:
- Orders: 2
- Active Months: 2
- Avg Order Value: 627.82
- Recency: 54
- Frequency: 1.0
- Cluster: 1
- Churn Risk: No"
13035.0,2,2,362.79,73,1.0,1,0,Occasional Customers,"
       Customer Profile:
- Orders: 2
- Active Months: 2
- Avg Order Value: 362.79
- Recency: 73
- Frequency: 1.0
- Cluster: 1
- Churn Risk: No"
13037.0,3,3,317.79,138,1.0,1,0,Occasional Customers,"
       Customer Profile:
- Orders: 3
- Active Months: 3
- Avg Order Value: 317.79
- Recency: 138
- Frequency: 1.0
- Cluster: 1
- Churn Risk: No"
13038.0,3,3,297.15333333333336,80,1.0,1,0,Occasional Customers,"
       Customer Profile:
- Orders: 3
- Active Months: 3
- Avg Order Value: 297.15
- Recency: 80
- Frequency: 1.0
- Cluster: 1
- Churn Risk: No"
13040.0,2,2,490.12,8,1.0,1,0,Occasional Customers,"
       Customer Profile:
- Orders: 2
- Active Months: 2
- Avg Order Value: 490.12
- Recency: 8
- Frequency: 1.0
- Cluster: 1
- Churn Risk: No"
13043.0,1,1,212.33,273,1.0,0,1,Dormant Customers,"
       Customer Profile:
- Orders: 1
- Active Months: 1
- Avg Order Value: 212.33
- Recency: 273
- Frequency: 1.0
- Cluster: 0
- Churn Risk: Yes"
13044.0,1,1,783.44,291,1.0,0,1,Dormant Customers,"
       Customer Profile:
- Orders: 1
- Active Months: 1
- Avg Order Value: 783.44
- Recency: 291
- Frequency: 1.0
- Cluster: 0
- Churn Risk: Yes"
13045.0,1,1,305.28000000000003,99,1.0,1,0,Occasional Customers,"
       Customer Profile:
- Orders: 1
- Active Months: 1
- Avg Order Value: 305.28
- Recency: 99
- Frequency: 1.0
- Cluster: 1
- Churn Risk: No"
13046.0,2,2,209.555,30,1.0,1,0,Occasional Customers,"
       Customer Profile:
- Orders: 2
- Active Months: 2
- Avg Order Value: 209.56
- Recency: 30
- Frequency: 1.0
- Cluster: 1
- Churn Risk: No"
13047.0,10,8,309.309,31,1.25,2,0,Frequent Customers,"
       Customer Profile:
- Orders: 10
- Active Months: 8
- Avg Order Value: 309.31
- Recency: 31
- Frequency: 1.25
- Cluster: 2
- Churn Risk: No"
13048.0,4,4,567.88,14,1.0,1,0,Occasional Customers,"
       Customer Profile:
- Orders: 4
- Active Months: 4
- Avg Order Value: 567.88
- Recency: 14
- Frequency: 1.0
- Cluster: 1
- Churn Risk: No"
13049.0,2,2,241.815,64,1.0,1,0,Occasional Customers,"
       Customer Profile:
- Orders: 2
- Active Months: 2
- Avg Order Value: 241.81
- Recency: 64
- Frequency: 1.0
- Cluster: 1
- Churn Risk: No"
13050.0,17,10,356.36823529411765,14,1.7,2,0,Frequent Customers,"
       Customer Profile:
- Orders: 17
- Active Months: 10
- Avg Order Value: 356.37
- Recency: 14
- Frequency: 1.7
- Cluster: 2
- Churn Risk: No"
13052.0,1,1,245.44,212,1.0,0,1,Dormant Customers,"
       Customer Profile:
- Orders: 1
- Active Months: 1
- Avg Order Value: 245.44
- Recency: 212
- Frequency: 1.0
- Cluster: 0
- Churn Risk: Yes"
13055.0,3,2,375.67,78,1.5,1,0,Occasional Customers,"
       Customer Profile:
- Orders: 3
- Active Months: 2
- Avg Order Value: 375.67
- Recency: 78
- Frequency: 1.5
- Cluster: 1
- Churn Risk: No"
13058.0,3,3,147.25000000000003,24,1.0,1,0,Occasional Customers,"
       Customer Profile:
- Orders: 3
- Active Months: 3
- Avg Order Value: 147.25
- Recency: 24
- Frequency: 1.0
- Cluster: 1
- Churn Risk: No"
13059.0,1,1,85.65,249,1.0,0,1,Dormant Customers,"
       Customer Profile:
- Orders: 1
- Active Months: 1
- Avg Order Value: 85.65
- Recency: 249
- Frequency: 1.0
- Cluster: 0
- Churn Risk: Yes"
13060.0,1,1,243.93,253,1.0,0,1,Dormant Customers,"
       Customer Profile:
- Orders: 1
- Active Months: 1
- Avg Order Value: 243.93
- Recency: 253
- Frequency: 1.0
- Cluster: 0
- Churn Risk: Yes"
13061.0,1,1,200.31,72,1.0,1,0,Occasional Customers,"
       Customer Profile:
- Orders: 1
- Active Months: 1
- Avg Order Value: 200.31
- Recency: 72
- Frequency: 1.0
- Cluster: 1
- Churn Risk: No"
13062.0,1,1,71.37,191,1.0,0,1,Dormant Customers,"
       Customer Profile:
- Orders: 1
- Active Months: 1
- Avg Order Value: 71.37
- Recency: 191
- Frequency: 1.0
- Cluster: 0
- Churn Risk: Yes"
13064.0,4,4,403.02,12,1.0,1,0,Occasional Customers,"
       Customer Profile:
- Orders: 4
- Active Months: 4
- Avg Order Value: 403.02
- Recency: 12
- Frequency: 1.0
- Cluster: 1
- Churn Risk: No"
13065.0,1,1,138.41,368,1.0,0,1,Dormant Customers,"
       Customer Profile:
- Orders: 1
- Active Months: 1
- Avg Order Value: 138.41
- Recency: 368
- Frequency: 1.0
- Cluster: 0
- Churn Risk: Yes"
13066.0,2,1,248.53,24,2.0,1,0,Occasional Customers,"
       Customer Profile:
- Orders: 2
- Active Months: 1
- Avg Order Value: 248.53
- Recency: 24
- Frequency: 2.0
- Cluster: 1
- Churn Risk: No"
13067.0,1,1,183.22,82,1.0,1,0,Occasional Customers,"
       Customer Profile:
- Orders: 1
- Active Months: 1
- Avg Order Value: 183.22
- Recency: 82
- Frequency: 1.0
- Cluster: 1
- Churn Risk: No"
13068.0,2,2,46.44,10,1.0,1,0,Occasional Customers,"
       Customer Profile:
- Orders: 2
- Active Months: 2
- Avg Order Value: 46.44
- Recency: 10
- Frequency: 1.0
- Cluster: 1
- Churn Risk: No"
13069.0,24,13,276.59791666666666,1,1.8461538461538465,2,0,Frequent Customers,"
       Customer Profile:
- Orders: 24
- Active Months: 13
- Avg Order Value: 276.60
- Recency: 1
- Frequency: 1.8461538461538465
- Cluster: 2
- Churn Risk: No"
13070.0,1,1,228.8,192,1.0,0,1,Dormant Customers,"
       Customer Profile:
- Orders: 1
- Active Months: 1
- Avg Order Value: 228.80
- Recency: 192
- Frequency: 1.0
- Cluster: 0
- Churn Risk: Yes"
13072.0,1,1,177.15,266,1.0,0,1,Dormant Customers,"
       Customer Profile:
- Orders: 1
- Active Months: 1
- Avg Order Value: 177.15
- Recency: 266
- Frequency: 1.0
- Cluster: 0
- Churn Risk: Yes"
13075.0,1,1,798.24,129,1.0,1,0,Occasional Customers,"
       Customer Profile:
- Orders: 1
- Active Months: 1
- Avg Order Value: 798.24
- Recency: 129
- Frequency: 1.0
- Cluster: 1
- Churn Risk: No"
13077.0,4,3,702.4575,1,1.3333333333333333,1,0,Occasional Customers,"
       Customer Profile:
- Orders: 4
- Active Months: 3
- Avg Order Value: 702.46
- Recency: 1
- Frequency: 1.3333333333333333
- Cluster: 1
- Churn Risk: No"
13078.0,26,13,748.3242307692308,3,2.0,2,0,Frequent Customers,"
       Customer Profile:
- Orders: 26
- Active Months: 13
- Avg Order Value: 748.32
- Recency: 3
- Frequency: 2.0
- Cluster: 2
- Churn Risk: No"
13079.0,5,4,66.6,4,1.25,1,0,Occasional Customers,"
       Customer Profile:
- Orders: 5
- Active Months: 4
- Avg Order Value: 66.60
- Recency: 4
- Frequency: 1.25
- Cluster: 1
- Churn Risk: No"
13080.0,1,1,522.72,179,1.0,0,0,Dormant Customers,"
       Customer Profile:
- Orders: 1
- Active Months: 1
- Avg Order Value: 522.72
- Recency: 179
- Frequency: 1.0
- Cluster: 0
- Churn Risk: No"
13081.0,11,7,2319.418999999997,11,1.5714285714285714,2,0,Frequent Customers,"
       Customer Profile:
- Orders: 11
- Active Months: 7
- Avg Order Value: 2319.42
- Recency: 11
- Frequency: 1.5714285714285714
- Cluster: 2
- Churn Risk: No"
13082.0,8,6,227.58625,126,1.3333333333333333,1,0,Occasional Customers,"
       Customer Profile:
- Orders: 8
- Active Months: 6
- Avg Order Value: 227.59
- Recency: 126
- Frequency: 1.3333333333333333
- Cluster: 1
- Churn Risk: No"
13083.0,2,2,197.12,4,1.0,1,0,Occasional Customers,"
       Customer Profile:
- Orders: 2
- Active Months: 2
- Avg Order Value: 197.12
- Recency: 4
- Frequency: 1.0
- Cluster: 1
- Churn Risk: No"
13085.0,2,2,173.28000000000003,157,1.0,0,0,Dormant Customers,"
       Customer Profile:
- Orders: 2
- Active Months: 2
- Avg Order Value: 173.28
- Recency: 157
- Frequency: 1.0
- Cluster: 0
- Churn Risk: No"
13089.0,89,13,702.6951685393259,2,3.0,2,0,Frequent Customers,"
       Customer Profile:
- Orders: 89
- Active Months: 13
- Avg Order Value: 702.70
- Recency: 2
- Frequency: 3.0
- Cluster: 2
- Churn Risk: No"
13090.0,13,10,425.08,8,1.3,2,0,Frequent Customers,"
       Customer Profile:
- Orders: 13
- Active Months: 10
- Avg Order Value: 425.08
- Recency: 8
- Frequency: 1.3
- Cluster: 2
- Churn Risk: No"
13091.0,1,1,1307.92,28,1.0,1,0,Occasional Customers,"
       Customer Profile:
- Orders: 1
- Active Months: 1
- Avg Order Value: 1307.92
- Recency: 28
- Frequency: 1.0
- Cluster: 1
- Churn Risk: No"
13092.0,5,5,54.186,70,1.0,1,0,Occasional Customers,"
       Customer Profile:
- Orders: 5
- Active Months: 5
- Avg Order Value: 54.19
- Recency: 70
- Frequency: 1.0
- Cluster: 1
- Churn Risk: No"
13093.0,8,4,1396.1875,275,2.0,0,1,Dormant Customers,"
       Customer Profile:
- Orders: 8
- Active Months: 4
- Avg Order Value: 1396.19
- Recency: 275
- Frequency: 2.0
- Cluster: 0
- Churn Risk: Yes"
13094.0,12,10,99.585,21,1.2,2,0,Frequent Customers,"
       Customer Profile:
- Orders: 12
- Active Months: 10
- Avg Order Value: 99.58
- Recency: 21
- Frequency: 1.2
- Cluster: 2
- Churn Risk: No"
13095.0,1,1,68.31,70,1.0,1,0,Occasional Customers,"
       Customer Profile:
- Orders: 1
- Active Months: 1
- Avg Order Value: 68.31
- Recency: 70
- Frequency: 1.0
- Cluster: 1
- Churn Risk: No"
13097.0,10,9,891.509,32,1.1111111111111112,2,0,Frequent Customers,"
       Customer Profile:
- Orders: 10
- Active Months: 9
- Avg Order Value: 891.51
- Recency: 32
- Frequency: 1.1111111111111112
- Cluster: 2
- Churn Risk: No"
13098.0,28,12,1037.2132142857142,1,2.333333333333333,2,0,Frequent Customers,"
       Customer Profile:
- Orders: 28
- Active Months: 12
- Avg Order Value: 1037.21
- Recency: 1
- Frequency: 2.333333333333333
- Cluster: 2
- Churn Risk: No"
13099.0,1,1,22.6365,99,1.0,1,0,Occasional Customers,"
       Customer Profile:
- Orders: 1
- Active Months: 1
- Avg Order Value: 22.64
- Recency: 99
- Frequency: 1.0
- Cluster: 1
- Churn Risk: No"
13101.0,1,1,76.03,234,1.0,0,1,Dormant Customers,"
       Customer Profile:
- Orders: 1
- Active Months: 1
- Avg Order Value: 76.03
- Recency: 234
- Frequency: 1.0
- Cluster: 0
- Churn Risk: Yes"
13102.0,24,12,304.59125,1,2.0,2,0,Frequent Customers,"
       Customer Profile:
- Orders: 24
- Active Months: 12
- Avg Order Value: 304.59
- Recency: 1
- Frequency: 2.0
- Cluster: 2
- Churn Risk: No"
13103.0,1,1,425.82,39,1.0,1,0,Occasional Customers,"
       Customer Profile:
- Orders: 1
- Active Months: 1
- Avg Order Value: 425.82
- Recency: 39
- Frequency: 1.0
- Cluster: 1
- Churn Risk: No"
13104.0,6,6,221.84500000000003,3,1.0,1,0,Occasional Customers,"
       Customer Profile:
- Orders: 6
- Active Months: 6
- Avg Order Value: 221.85
- Recency: 3
- Frequency: 1.0
- Cluster: 1
- Churn Risk: No"
13106.0,1,1,76.5,133,1.0,0,0,Dormant Customers,"
       Customer Profile:
- Orders: 1
- Active Months: 1
- Avg Order Value: 76.50
- Recency: 133
- Frequency: 1.0
- Cluster: 0
- Churn Risk: No"
13107.0,4,4,442.235,44,1.0,1,0,Occasional Customers,"
       Customer Profile:
- Orders: 4
- Active Months: 4
- Avg Order Value: 442.24
- Recency: 44
- Frequency: 1.0
- Cluster: 1
- Churn Risk: No"
13108.0,1,1,180.89,368,1.0,0,1,Dormant Customers,"
       Customer Profile:
- Orders: 1
- Active Months: 1
- Avg Order Value: 180.89
- Recency: 368
- Frequency: 1.0
- Cluster: 0
- Churn Risk: Yes"
13109.0,2,2,569.09,59,1.0,1,0,Occasional Customers,"
       Customer Profile:
- Orders: 2
- Active Months: 2
- Avg Order Value: 569.09
- Recency: 59
- Frequency: 1.0
- Cluster: 1
- Churn Risk: No"
13110.0,7,5,155.85142857142858,31,1.4,1,0,Occasional Customers,"
       Customer Profile:
- Orders: 7
- Active Months: 5
- Avg Order Value: 155.85
- Recency: 31
- Frequency: 1.4
- Cluster: 1
- Churn Risk: No"
13113.0,24,11,358.71125,1,2.1818181818181817,2,0,Frequent Customers,"
       Customer Profile:
- Orders: 24
- Active Months: 11
- Avg Order Value: 358.71
- Recency: 1
- Frequency: 2.1818181818181817
- Cluster: 2
- Churn Risk: No"
13115.0,4,3,967.1125,11,1.3333333333333333,1,0,Occasional Customers,"
       Customer Profile:
- Orders: 4
- Active Months: 3
- Avg Order Value: 967.11
- Recency: 11
- Frequency: 1.3333333333333333
- Cluster: 1
- Churn Risk: No"
13116.0,1,1,582.58,138,1.0,1,0,Occasional Customers,"
       Customer Profile:
- Orders: 1
- Active Months: 1
- Avg Order Value: 582.58
- Recency: 138
- Frequency: 1.0
- Cluster: 1
- Churn Risk: No"
13117.0,8,7,109.10375,21,1.1428571428571428,1,0,Occasional Customers,"
       Customer Profile:
- Orders: 8
- Active Months: 7
- Avg Order Value: 109.10
- Recency: 21
- Frequency: 1.1428571428571428
- Cluster: 1
- Churn Risk: No"
13118.0,5,4,486.102,19,1.25,1,0,Occasional Customers,"
       Customer Profile:
- Orders: 5
- Active Months: 4
- Avg Order Value: 486.10
- Recency: 19
- Frequency: 1.25
- Cluster: 1
- Churn Risk: No"
13120.0,1,1,30.6,238,1.0,0,1,Dormant Customers,"
       Customer Profile:
- Orders: 1
- Active Months: 1
- Avg Order Value: 30.60
- Recency: 238
- Frequency: 1.0
- Cluster: 0
- Churn Risk: Yes"
13121.0,1,1,271.7,269,1.0,0,1,Dormant Customers,"
       Customer Profile:
- Orders: 1
- Active Months: 1
- Avg Order Value: 271.70
- Recency: 269
- Frequency: 1.0
- Cluster: 0
- Churn Risk: Yes"
13122.0,2,2,421.08,94,1.0,1,0,Occasional Customers,"
       Customer Profile:
- Orders: 2
- Active Months: 2
- Avg Order Value: 421.08
- Recency: 94
- Frequency: 1.0
- Cluster: 1
- Churn Risk: No"
13124.0,3,3,1387.1133333333337,89,1.0,1,0,Occasional Customers,"
       Customer Profile:
- Orders: 3
- Active Months: 3
- Avg Order Value: 1387.11
- Recency: 89
- Frequency: 1.0
- Cluster: 1
- Churn Risk: No"
13126.0,8,6,370.84625,4,1.3333333333333333,1,0,Occasional Customers,"
       Customer Profile:
- Orders: 8
- Active Months: 6
- Avg Order Value: 370.85
- Recency: 4
- Frequency: 1.3333333333333333
- Cluster: 1
- Churn Risk: No"
13127.0,1,1,259.17,77,1.0,1,0,Occasional Customers,"
       Customer Profile:
- Orders: 1
- Active Months: 1
- Avg Order Value: 259.17
- Recency: 77
- Frequency: 1.0
- Cluster: 1
- Churn Risk: No"
13130.0,1,1,64.0,94,1.0,1,0,Occasional Customers,"
       Customer Profile:
- Orders: 1
- Active Months: 1
- Avg Order Value: 64.00
- Recency: 94
- Frequency: 1.0
- Cluster: 1
- Churn Risk: No"
13131.0,3,3,280.95,23,1.0,1,0,Occasional Customers,"
       Customer Profile:
- Orders: 3
- Active Months: 3
- Avg Order Value: 280.95
- Recency: 23
- Frequency: 1.0
- Cluster: 1
- Churn Risk: No"
13132.0,1,1,60.3,261,1.0,0,1,Dormant Customers,"
       Customer Profile:
- Orders: 1
- Active Months: 1
- Avg Order Value: 60.30
- Recency: 261
- Frequency: 1.0
- Cluster: 0
- Churn Risk: Yes"
13133.0,2,2,39.975,273,1.0,0,1,Dormant Customers,"
       Customer Profile:
- Orders: 2
- Active Months: 2
- Avg Order Value: 39.98
- Recency: 273
- Frequency: 1.0
- Cluster: 0
- Churn Risk: Yes"
13134.0,4,3,361.805,85,1.3333333333333333,1,0,Occasional Customers,"
       Customer Profile:
- Orders: 4
- Active Months: 3
- Avg Order Value: 361.81
- Recency: 85
- Frequency: 1.3333333333333333
- Cluster: 1
- Churn Risk: No"
13135.0,1,1,22.6365,196,1.0,0,1,Dormant Customers,"
       Customer Profile:
- Orders: 1
- Active Months: 1
- Avg Order Value: 22.64
- Recency: 196
- Frequency: 1.0
- Cluster: 0
- Churn Risk: Yes"
13136.0,5,4,478.70200000000006,56,1.25,1,0,Occasional Customers,"
       Customer Profile:
- Orders: 5
- Active Months: 4
- Avg Order Value: 478.70
- Recency: 56
- Frequency: 1.25
- Cluster: 1
- Churn Risk: No"
13137.0,8,7,835.075,10,1.1428571428571428,1,0,Occasional Customers,"
       Customer Profile:
- Orders: 8
- Active Months: 7
- Avg Order Value: 835.08
- Recency: 10
- Frequency: 1.1428571428571428
- Cluster: 1
- Churn Risk: No"
13138.0,6,6,157.7483333333333,22,1.0,1,0,Occasional Customers,"
       Customer Profile:
- Orders: 6
- Active Months: 6
- Avg Order Value: 157.75
- Recency: 22
- Frequency: 1.0
- Cluster: 1
- Churn Risk: No"
13139.0,7,5,754.6942857142857,16,1.4,1,0,Occasional Customers,"
       Customer Profile:
- Orders: 7
- Active Months: 5
- Avg Order Value: 754.69
- Recency: 16
- Frequency: 1.4
- Cluster: 1
- Churn Risk: No"
13140.0,3,2,326.99,108,1.5,1,0,Occasional Customers,"
       Customer Profile:
- Orders: 3
- Active Months: 2
- Avg Order Value: 326.99
- Recency: 108
- Frequency: 1.5
- Cluster: 1
- Churn Risk: No"
13141.0,5,4,528.678,84,1.25,1,0,Occasional Customers,"
       Customer Profile:
- Orders: 5
- Active Months: 4
- Avg Order Value: 528.68
- Recency: 84
- Frequency: 1.25
- Cluster: 1
- Churn Risk: No"
13142.0,1,1,999.76,19,1.0,1,0,Occasional Customers,"
       Customer Profile:
- Orders: 1
- Active Months: 1
- Avg Order Value: 999.76
- Recency: 19
- Frequency: 1.0
- Cluster: 1
- Churn Risk: No"
13144.0,1,1,47.2,332,1.0,0,1,Dormant Customers,"
       Customer Profile:
- Orders: 1
- Active Months: 1
- Avg Order Value: 47.20
- Recency: 332
- Frequency: 1.0
- Cluster: 0
- Churn Risk: Yes"
13145.0,3,3,181.64,39,1.0,1,0,Occasional Customers,"
       Customer Profile:
- Orders: 3
- Active Months: 3
- Avg Order Value: 181.64
- Recency: 39
- Frequency: 1.0
- Cluster: 1
- Churn Risk: No"
13146.0,1,1,457.82,26,1.0,1,0,Occasional Customers,"
       Customer Profile:
- Orders: 1
- Active Months: 1
- Avg Order Value: 457.82
- Recency: 26
- Frequency: 1.0
- Cluster: 1
- Churn Risk: No"
13147.0,4,3,126.225,10,1.3333333333333333,1,0,Occasional Customers,"
       Customer Profile:
- Orders: 4
- Active Months: 3
- Avg Order Value: 126.22
- Recency: 10
- Frequency: 1.3333333333333333
- Cluster: 1
- Churn Risk: No"
13148.0,11,6,429.8445454545454,29,1.8333333333333333,2,0,Frequent Customers,"
       Customer Profile:
- Orders: 11
- Active Months: 6
- Avg Order Value: 429.84
- Recency: 29
- Frequency: 1.8333333333333333
- Cluster: 2
- Churn Risk: No"
13149.0,4,4,327.6075,14,1.0,1,0,Occasional Customers,"
       Customer Profile:
- Orders: 4
- Active Months: 4
- Avg Order Value: 327.61
- Recency: 14
- Frequency: 1.0
- Cluster: 1
- Churn Risk: No"
13151.0,1,1,796.22,295,1.0,0,1,Dormant Customers,"
       Customer Profile:
- Orders: 1
- Active Months: 1
- Avg Order Value: 796.22
- Recency: 295
- Frequency: 1.0
- Cluster: 0
- Churn Risk: Yes"
13153.0,1,1,664.86,5,1.0,1,0,Occasional Customers,"
       Customer Profile:
- Orders: 1
- Active Months: 1
- Avg Order Value: 664.86
- Recency: 5
- Frequency: 1.0
- Cluster: 1
- Churn Risk: No"
13155.0,4,4,304.78,33,1.0,1,0,Occasional Customers,"
       Customer Profile:
- Orders: 4
- Active Months: 4
- Avg Order Value: 304.78
- Recency: 33
- Frequency: 1.0
- Cluster: 1
- Churn Risk: No"
13157.0,4,4,392.1,49,1.0,1,0,Occasional Customers,"
       Customer Profile:
- Orders: 4
- Active Months: 4
- Avg Order Value: 392.10
- Recency: 49
- Frequency: 1.0
- Cluster: 1
- Churn Risk: No"
13158.0,4,4,299.7925,94,1.0,1,0,Occasional Customers,"
       Customer Profile:
- Orders: 4
- Active Months: 4
- Avg Order Value: 299.79
- Recency: 94
- Frequency: 1.0
- Cluster: 1
- Churn Risk: No"
13159.0,4,3,308.74,8,1.3333333333333333,1,0,Occasional Customers,"
       Customer Profile:
- Orders: 4
- Active Months: 3
- Avg Order Value: 308.74
- Recency: 8
- Frequency: 1.3333333333333333
- Cluster: 1
- Churn Risk: No"
13160.0,1,1,75.89999999999999,22,1.0,1,0,Occasional Customers,"
       Customer Profile:
- Orders: 1
- Active Months: 1
- Avg Order Value: 75.90
- Recency: 22
- Frequency: 1.0
- Cluster: 1
- Churn Risk: No"
13161.0,1,1,191.5,313,1.0,0,1,Dormant Customers,"
       Customer Profile:
- Orders: 1
- Active Months: 1
- Avg Order Value: 191.50
- Recency: 313
- Frequency: 1.0
- Cluster: 0
- Churn Risk: Yes"
13162.0,4,4,527.6025,122,1.0,1,0,Occasional Customers,"
       Customer Profile:
- Orders: 4
- Active Months: 4
- Avg Order Value: 527.60
- Recency: 122
- Frequency: 1.0
- Cluster: 1
- Churn Risk: No"
13165.0,2,2,356.215,46,1.0,1,0,Occasional Customers,"
       Customer Profile:
- Orders: 2
- Active Months: 2
- Avg Order Value: 356.21
- Recency: 46
- Frequency: 1.0
- Cluster: 1
- Churn Risk: No"
13166.0,1,1,349.6,283,1.0,0,1,Dormant Customers,"
       Customer Profile:
- Orders: 1
- Active Months: 1
- Avg Order Value: 349.60
- Recency: 283
- Frequency: 1.0
- Cluster: 0
- Churn Risk: Yes"
13167.0,4,4,261.485,18,1.0,1,0,Occasional Customers,"
       Customer Profile:
- Orders: 4
- Active Months: 4
- Avg Order Value: 261.49
- Recency: 18
- Frequency: 1.0
- Cluster: 1
- Churn Risk: No"
13168.0,4,4,317.77250000000004,36,1.0,1,0,Occasional Customers,"
       Customer Profile:
- Orders: 4
- Active Months: 4
- Avg Order Value: 317.77
- Recency: 36
- Frequency: 1.0
- Cluster: 1
- Churn Risk: No"
13169.0,2,2,193.48,63,1.0,1,0,Occasional Customers,"
       Customer Profile:
- Orders: 2
- Active Months: 2
- Avg Order Value: 193.48
- Recency: 63
- Frequency: 1.0
- Cluster: 1
- Churn Risk: No"
13170.0,1,1,214.2,26,1.0,1,0,Occasional Customers,"
       Customer Profile:
- Orders: 1
- Active Months: 1
- Avg Order Value: 214.20
- Recency: 26
- Frequency: 1.0
- Cluster: 1
- Churn Risk: No"
13171.0,3,3,121.02,21,1.0,1,0,Occasional Customers,"
       Customer Profile:
- Orders: 3
- Active Months: 3
- Avg Order Value: 121.02
- Recency: 21
- Frequency: 1.0
- Cluster: 1
- Churn Risk: No"
13173.0,2,2,175.775,4,1.0,1,0,Occasional Customers,"
       Customer Profile:
- Orders: 2
- Active Months: 2
- Avg Order Value: 175.78
- Recency: 4
- Frequency: 1.0
- Cluster: 1
- Churn Risk: No"
13174.0,3,3,1030.4033333333334,16,1.0,1,0,Occasional Customers,"
       Customer Profile:
- Orders: 3
- Active Months: 3
- Avg Order Value: 1030.40
- Recency: 16
- Frequency: 1.0
- Cluster: 1
- Churn Risk: No"
13176.0,1,1,389.0,46,1.0,1,0,Occasional Customers,"
       Customer Profile:
- Orders: 1
- Active Months: 1
- Avg Order Value: 389.00
- Recency: 46
- Frequency: 1.0
- Cluster: 1
- Churn Risk: No"
13177.0,1,1,282.45,64,1.0,1,0,Occasional Customers,"
       Customer Profile:
- Orders: 1
- Active Months: 1
- Avg Order Value: 282.45
- Recency: 64
- Frequency: 1.0
- Cluster: 1
- Churn Risk: No"
13178.0,11,8,569.7554545454545,26,1.375,2,0,Frequent Customers,"
       Customer Profile:
- Orders: 11
- Active Months: 8
- Avg Order Value: 569.76
- Recency: 26
- Frequency: 1.375
- Cluster: 2
- Churn Risk: No"
13182.0,1,1,121.18,45,1.0,1,0,Occasional Customers,"
       Customer Profile:
- Orders: 1
- Active Months: 1
- Avg Order Value: 121.18
- Recency: 45
- Frequency: 1.0
- Cluster: 1
- Churn Risk: No"
13183.0,9,8,373.6622222222222,7,1.125,1,0,Occasional Customers,"
       Customer Profile:
- Orders: 9
- Active Months: 8
- Avg Order Value: 373.66
- Recency: 7
- Frequency: 1.125
- Cluster: 1
- Churn Risk: No"
13184.0,10,6,229.128,14,1.6666666666666667,2,0,Frequent Customers,"
       Customer Profile:
- Orders: 10
- Active Months: 6
- Avg Order Value: 229.13
- Recency: 14
- Frequency: 1.6666666666666667
- Cluster: 2
- Churn Risk: No"
13185.0,1,1,214.2,267,1.0,0,1,Dormant Customers,"
       Customer Profile:
- Orders: 1
- Active Months: 1
- Avg Order Value: 214.20
- Recency: 267
- Frequency: 1.0
- Cluster: 0
- Churn Risk: Yes"
13186.0,3,3,634.1033333333334,39,1.0,1,0,Occasional Customers,"
       Customer Profile:
- Orders: 3
- Active Months: 3
- Avg Order Value: 634.10
- Recency: 39
- Frequency: 1.0
- Cluster: 1
- Churn Risk: No"
13187.0,1,1,1078.14,337,1.0,0,1,Dormant Customers,"
       Customer Profile:
- Orders: 1
- Active Months: 1
- Avg Order Value: 1078.14
- Recency: 337
- Frequency: 1.0
- Cluster: 0
- Churn Risk: Yes"
13188.0,1,1,99.6,11,1.0,1,0,Occasional Customers,"
       Customer Profile:
- Orders: 1
- Active Months: 1
- Avg Order Value: 99.60
- Recency: 11
- Frequency: 1.0
- Cluster: 1
- Churn Risk: No"
13189.0,2,2,112.125,18,1.0,1,0,Occasional Customers,"
       Customer Profile:
- Orders: 2
- Active Months: 2
- Avg Order Value: 112.12
- Recency: 18
- Frequency: 1.0
- Cluster: 1
- Churn Risk: No"
13192.0,2,2,653.38,95,1.0,1,0,Occasional Customers,"
       Customer Profile:
- Orders: 2
- Active Months: 2
- Avg Order Value: 653.38
- Recency: 95
- Frequency: 1.0
- Cluster: 1
- Churn Risk: No"
13193.0,1,1,160.26,61,1.0,1,0,Occasional Customers,"
       Customer Profile:
- Orders: 1
- Active Months: 1
- Avg Order Value: 160.26
- Recency: 61
- Frequency: 1.0
- Cluster: 1
- Churn Risk: No"
13194.0,1,1,60.7,135,1.0,0,0,Dormant Customers,"
       Customer Profile:
- Orders: 1
- Active Months: 1
- Avg Order Value: 60.70
- Recency: 135
- Frequency: 1.0
- Cluster: 0
- Churn Risk: No"
13196.0,4,3,426.0075,11,1.3333333333333333,1,0,Occasional Customers,"
       Customer Profile:
- Orders: 4
- Active Months: 3
- Avg Order Value: 426.01
- Recency: 11
- Frequency: 1.3333333333333333
- Cluster: 1
- Churn Risk: No"
13198.0,6,6,537.2333333333333,10,1.0,1,0,Occasional Customers,"
       Customer Profile:
- Orders: 6
- Active Months: 6
- Avg Order Value: 537.23
- Recency: 10
- Frequency: 1.0
- Cluster: 1
- Churn Risk: No"
13199.0,37,13,191.10054054054052,3,2.8461538461538463,2,0,Frequent Customers,"
       Customer Profile:
- Orders: 37
- Active Months: 13
- Avg Order Value: 191.10
- Recency: 3
- Frequency: 2.8461538461538463
- Cluster: 2
- Churn Risk: No"
13200.0,4,3,215.6725,19,1.3333333333333333,1,0,Occasional Customers,"
       Customer Profile:
- Orders: 4
- Active Months: 3
- Avg Order Value: 215.67
- Recency: 19
- Frequency: 1.3333333333333333
- Cluster: 1
- Churn Risk: No"
13203.0,4,4,441.275,9,1.0,1,0,Occasional Customers,"
       Customer Profile:
- Orders: 4
- Active Months: 4
- Avg Order Value: 441.27
- Recency: 9
- Frequency: 1.0
- Cluster: 1
- Churn Risk: No"
13207.0,2,2,223.89000000000004,15,1.0,1,0,Occasional Customers,"
       Customer Profile:
- Orders: 2
- Active Months: 2
- Avg Order Value: 223.89
- Recency: 15
- Frequency: 1.0
- Cluster: 1
- Churn Risk: No"
13208.0,6,5,186.0433333333333,58,1.2,1,0,Occasional Customers,"
       Customer Profile:
- Orders: 6
- Active Months: 5
- Avg Order Value: 186.04
- Recency: 58
- Frequency: 1.2
- Cluster: 1
- Churn Risk: No"
13209.0,8,6,647.39125,30,1.3333333333333333,1,0,Occasional Customers,"
       Customer Profile:
- Orders: 8
- Active Months: 6
- Avg Order Value: 647.39
- Recency: 30
- Frequency: 1.3333333333333333
- Cluster: 1
- Churn Risk: No"
13210.0,1,1,327.02,93,1.0,1,0,Occasional Customers,"
       Customer Profile:
- Orders: 1
- Active Months: 1
- Avg Order Value: 327.02
- Recency: 93
- Frequency: 1.0
- Cluster: 1
- Churn Risk: No"
13211.0,3,3,421.4866666666667,10,1.0,1,0,Occasional Customers,"
       Customer Profile:
- Orders: 3
- Active Months: 3
- Avg Order Value: 421.49
- Recency: 10
- Frequency: 1.0
- Cluster: 1
- Churn Risk: No"
13212.0,3,2,549.7933333333333,19,1.5,1,0,Occasional Customers,"
       Customer Profile:
- Orders: 3
- Active Months: 2
- Avg Order Value: 549.79
- Recency: 19
- Frequency: 1.5
- Cluster: 1
- Churn Risk: No"
13213.0,5,4,261.27200000000005,56,1.25,1,0,Occasional Customers,"
       Customer Profile:
- Orders: 5
- Active Months: 4
- Avg Order Value: 261.27
- Recency: 56
- Frequency: 1.25
- Cluster: 1
- Churn Risk: No"
13216.0,1,1,447.84,267,1.0,0,1,Dormant Customers,"
       Customer Profile:
- Orders: 1
- Active Months: 1
- Avg Order Value: 447.84
- Recency: 267
- Frequency: 1.0
- Cluster: 0
- Churn Risk: Yes"
13217.0,3,2,129.03,122,1.5,1,0,Occasional Customers,"
       Customer Profile:
- Orders: 3
- Active Months: 2
- Avg Order Value: 129.03
- Recency: 122
- Frequency: 1.5
- Cluster: 1
- Churn Risk: No"
13218.0,1,1,62.42999999999999,127,1.0,0,0,Dormant Customers,"
       Customer Profile:
- Orders: 1
- Active Months: 1
- Avg Order Value: 62.43
- Recency: 127
- Frequency: 1.0
- Cluster: 0
- Churn Risk: No"
13220.0,4,4,168.21,78,1.0,1,0,Occasional Customers,"
       Customer Profile:
- Orders: 4
- Active Months: 4
- Avg Order Value: 168.21
- Recency: 78
- Frequency: 1.0
- Cluster: 1
- Churn Risk: No"
13221.0,2,2,285.355,240,1.0,0,1,Dormant Customers,"
       Customer Profile:
- Orders: 2
- Active Months: 2
- Avg Order Value: 285.36
- Recency: 240
- Frequency: 1.0
- Cluster: 0
- Churn Risk: Yes"
13223.0,2,2,172.95,200,1.0,0,1,Dormant Customers,"
       Customer Profile:
- Orders: 2
- Active Months: 2
- Avg Order Value: 172.95
- Recency: 200
- Frequency: 1.0
- Cluster: 0
- Churn Risk: Yes"
13224.0,2,2,1781.025,60,1.0,1,0,Occasional Customers,"
       Customer Profile:
- Orders: 2
- Active Months: 2
- Avg Order Value: 1781.03
- Recency: 60
- Frequency: 1.0
- Cluster: 1
- Churn Risk: No"
13225.0,7,7,400.14,3,1.0,1,0,Occasional Customers,"
       Customer Profile:
- Orders: 7
- Active Months: 7
- Avg Order Value: 400.14
- Recency: 3
- Frequency: 1.0
- Cluster: 1
- Churn Risk: No"
13226.0,1,1,85.51,273,1.0,0,1,Dormant Customers,"
       Customer Profile:
- Orders: 1
- Active Months: 1
- Avg Order Value: 85.51
- Recency: 273
- Frequency: 1.0
- Cluster: 0
- Churn Risk: Yes"
13227.0,1,1,515.4,201,1.0,0,1,Dormant Customers,"
       Customer Profile:
- Orders: 1
- Active Months: 1
- Avg Order Value: 515.40
- Recency: 201
- Frequency: 1.0
- Cluster: 0
- Churn Risk: Yes"
13228.0,1,1,96.66,81,1.0,1,0,Occasional Customers,"
       Customer Profile:
- Orders: 1
- Active Months: 1
- Avg Order Value: 96.66
- Recency: 81
- Frequency: 1.0
- Cluster: 1
- Churn Risk: No"
13229.0,1,1,123.15,225,1.0,0,1,Dormant Customers,"
       Customer Profile:
- Orders: 1
- Active Months: 1
- Avg Order Value: 123.15
- Recency: 225
- Frequency: 1.0
- Cluster: 0
- Churn Risk: Yes"
13230.0,14,9,182.21642857142857,4,1.5555555555555556,2,0,Frequent Customers,"
       Customer Profile:
- Orders: 14
- Active Months: 9
- Avg Order Value: 182.22
- Recency: 4
- Frequency: 1.5555555555555556
- Cluster: 2
- Churn Risk: No"
13232.0,7,5,382.64,12,1.4,1,0,Occasional Customers,"
       Customer Profile:
- Orders: 7
- Active Months: 5
- Avg Order Value: 382.64
- Recency: 12
- Frequency: 1.4
- Cluster: 1
- Churn Risk: No"
13233.0,2,2,423.735,74,1.0,1,0,Occasional Customers,"
       Customer Profile:
- Orders: 2
- Active Months: 2
- Avg Order Value: 423.74
- Recency: 74
- Frequency: 1.0
- Cluster: 1
- Churn Risk: No"
13235.0,1,1,927.27,212,1.0,0,1,Dormant Customers,"
       Customer Profile:
- Orders: 1
- Active Months: 1
- Avg Order Value: 927.27
- Recency: 212
- Frequency: 1.0
- Cluster: 0
- Churn Risk: Yes"
13236.0,2,2,305.40500000000003,24,1.0,1,0,Occasional Customers,"
       Customer Profile:
- Orders: 2
- Active Months: 2
- Avg Order Value: 305.41
- Recency: 24
- Frequency: 1.0
- Cluster: 1
- Churn Risk: No"
13238.0,4,3,137.46,17,1.3333333333333333,1,0,Occasional Customers,"
       Customer Profile:
- Orders: 4
- Active Months: 3
- Avg Order Value: 137.46
- Recency: 17
- Frequency: 1.3333333333333333
- Cluster: 1
- Churn Risk: No"
13239.0,1,1,313.18,261,1.0,0,1,Dormant Customers,"
       Customer Profile:
- Orders: 1
- Active Months: 1
- Avg Order Value: 313.18
- Recency: 261
- Frequency: 1.0
- Cluster: 0
- Churn Risk: Yes"
13240.0,4,4,254.4575,96,1.0,1,0,Occasional Customers,"
       Customer Profile:
- Orders: 4
- Active Months: 4
- Avg Order Value: 254.46
- Recency: 96
- Frequency: 1.0
- Cluster: 1
- Churn Risk: No"
13242.0,3,2,90.13333333333333,112,1.5,1,0,Occasional Customers,"
       Customer Profile:
- Orders: 3
- Active Months: 2
- Avg Order Value: 90.13
- Recency: 112
- Frequency: 1.5
- Cluster: 1
- Churn Risk: No"
13243.0,1,1,480.02,203,1.0,0,1,Dormant Customers,"
       Customer Profile:
- Orders: 1
- Active Months: 1
- Avg Order Value: 480.02
- Recency: 203
- Frequency: 1.0
- Cluster: 0
- Churn Risk: Yes"
13244.0,1,1,94.79,92,1.0,1,0,Occasional Customers,"
       Customer Profile:
- Orders: 1
- Active Months: 1
- Avg Order Value: 94.79
- Recency: 92
- Frequency: 1.0
- Cluster: 1
- Churn Risk: No"
13245.0,1,1,259.85,50,1.0,1,0,Occasional Customers,"
       Customer Profile:
- Orders: 1
- Active Months: 1
- Avg Order Value: 259.85
- Recency: 50
- Frequency: 1.0
- Cluster: 1
- Churn Risk: No"
13246.0,6,5,237.51666666666665,18,1.2,1,0,Occasional Customers,"
       Customer Profile:
- Orders: 6
- Active Months: 5
- Avg Order Value: 237.52
- Recency: 18
- Frequency: 1.2
- Cluster: 1
- Churn Risk: No"
13247.0,4,3,195.7725,17,1.3333333333333333,1,0,Occasional Customers,"
       Customer Profile:
- Orders: 4
- Active Months: 3
- Avg Order Value: 195.77
- Recency: 17
- Frequency: 1.3333333333333333
- Cluster: 1
- Churn Risk: No"
13248.0,2,2,300.58,124,1.0,1,0,Occasional Customers,"
       Customer Profile:
- Orders: 2
- Active Months: 2
- Avg Order Value: 300.58
- Recency: 124
- Frequency: 1.0
- Cluster: 1
- Churn Risk: No"
13249.0,3,2,72.58999999999999,92,1.5,1,0,Occasional Customers,"
       Customer Profile:
- Orders: 3
- Active Months: 2
- Avg Order Value: 72.59
- Recency: 92
- Frequency: 1.5
- Cluster: 1
- Churn Risk: No"
13253.0,2,2,625.56,156,1.0,0,0,Dormant Customers,"
       Customer Profile:
- Orders: 2
- Active Months: 2
- Avg Order Value: 625.56
- Recency: 156
- Frequency: 1.0
- Cluster: 0
- Churn Risk: No"
13255.0,2,2,187.28500000000005,9,1.0,1,0,Occasional Customers,"
       Customer Profile:
- Orders: 2
- Active Months: 2
- Avg Order Value: 187.29
- Recency: 9
- Frequency: 1.0
- Cluster: 1
- Churn Risk: No"
13258.0,3,2,197.2433333333333,11,1.5,1,0,Occasional Customers,"
       Customer Profile:
- Orders: 3
- Active Months: 2
- Avg Order Value: 197.24
- Recency: 11
- Frequency: 1.5
- Cluster: 1
- Churn Risk: No"
13259.0,1,1,498.36,61,1.0,1,0,Occasional Customers,"
       Customer Profile:
- Orders: 1
- Active Months: 1
- Avg Order Value: 498.36
- Recency: 61
- Frequency: 1.0
- Cluster: 1
- Churn Risk: No"
13260.0,1,1,380.64,61,1.0,1,0,Occasional Customers,"
       Customer Profile:
- Orders: 1
- Active Months: 1
- Avg Order Value: 380.64
- Recency: 61
- Frequency: 1.0
- Cluster: 1
- Churn Risk: No"
13261.0,2,2,729.0,268,1.0,0,1,Dormant Customers,"
       Customer Profile:
- Orders: 2
- Active Months: 2
- Avg Order Value: 729.00
- Recency: 268
- Frequency: 1.0
- Cluster: 0
- Churn Risk: Yes"
13262.0,1,1,529.16,263,1.0,0,1,Dormant Customers,"
       Customer Profile:
- Orders: 1
- Active Months: 1
- Avg Order Value: 529.16
- Recency: 263
- Frequency: 1.0
- Cluster: 0
- Churn Risk: Yes"
13263.0,34,11,269.1385294117647,1,3.0,2,0,Frequent Customers,"
       Customer Profile:
- Orders: 34
- Active Months: 11
- Avg Order Value: 269.14
- Recency: 1
- Frequency: 3.0
- Cluster: 2
- Churn Risk: No"
13265.0,5,5,284.79,53,1.0,1,0,Occasional Customers,"
       Customer Profile:
- Orders: 5
- Active Months: 5
- Avg Order Value: 284.79
- Recency: 53
- Frequency: 1.0
- Cluster: 1
- Churn Risk: No"
13266.0,12,9,287.63916666666665,11,1.3333333333333333,2,0,Frequent Customers,"
       Customer Profile:
- Orders: 12
- Active Months: 9
- Avg Order Value: 287.64
- Recency: 11
- Frequency: 1.3333333333333333
- Cluster: 2
- Churn Risk: No"
13267.0,18,10,354.3994444444445,2,1.8,2,0,Frequent Customers,"
       Customer Profile:
- Orders: 18
- Active Months: 10
- Avg Order Value: 354.40
- Recency: 2
- Frequency: 1.8
- Cluster: 2
- Churn Risk: No"
13268.0,11,6,782.6209090909091,17,1.8333333333333333,2,0,Frequent Customers,"
       Customer Profile:
- Orders: 11
- Active Months: 6
- Avg Order Value: 782.62
- Recency: 17
- Frequency: 1.8333333333333333
- Cluster: 2
- Churn Risk: No"
13269.0,15,10,607.9366666666667,1,1.5,2,0,Frequent Customers,"
       Customer Profile:
- Orders: 15
- Active Months: 10
- Avg Order Value: 607.94
- Recency: 1
- Frequency: 1.5
- Cluster: 2
- Churn Risk: No"
13270.0,1,1,477.9,366,1.0,0,1,Dormant Customers,"
       Customer Profile:
- Orders: 1
- Active Months: 1
- Avg Order Value: 477.90
- Recency: 366
- Frequency: 1.0
- Cluster: 0
- Churn Risk: Yes"
13271.0,1,1,211.49,37,1.0,1,0,Occasional Customers,"
       Customer Profile:
- Orders: 1
- Active Months: 1
- Avg Order Value: 211.49
- Recency: 37
- Frequency: 1.0
- Cluster: 1
- Churn Risk: No"
13272.0,2,2,173.31,31,1.0,1,0,Occasional Customers,"
       Customer Profile:
- Orders: 2
- Active Months: 2
- Avg Order Value: 173.31
- Recency: 31
- Frequency: 1.0
- Cluster: 1
- Churn Risk: No"
13273.0,1,1,136.37,113,1.0,1,0,Occasional Customers,"
       Customer Profile:
- Orders: 1
- Active Months: 1
- Avg Order Value: 136.37
- Recency: 113
- Frequency: 1.0
- Cluster: 1
- Churn Risk: No"
13276.0,2,2,231.49,63,1.0,1,0,Occasional Customers,"
       Customer Profile:
- Orders: 2
- Active Months: 2
- Avg Order Value: 231.49
- Recency: 63
- Frequency: 1.0
- Cluster: 1
- Churn Risk: No"
13277.0,4,3,187.125,15,1.3333333333333333,1,0,Occasional Customers,"
       Customer Profile:
- Orders: 4
- Active Months: 3
- Avg Order Value: 187.12
- Recency: 15
- Frequency: 1.3333333333333333
- Cluster: 1
- Churn Risk: No"
13278.0,1,1,985.6,40,1.0,1,0,Occasional Customers,"
       Customer Profile:
- Orders: 1
- Active Months: 1
- Avg Order Value: 985.60
- Recency: 40
- Frequency: 1.0
- Cluster: 1
- Churn Risk: No"
13279.0,1,1,137.75,78,1.0,1,0,Occasional Customers,"
       Customer Profile:
- Orders: 1
- Active Months: 1
- Avg Order Value: 137.75
- Recency: 78
- Frequency: 1.0
- Cluster: 1
- Churn Risk: No"
13280.0,3,2,727.2400000000001,122,1.5,1,0,Occasional Customers,"
       Customer Profile:
- Orders: 3
- Active Months: 2
- Avg Order Value: 727.24
- Recency: 122
- Frequency: 1.5
- Cluster: 1
- Churn Risk: No"
13282.0,3,3,438.1133333333334,18,1.0,1,0,Occasional Customers,"
       Customer Profile:
- Orders: 3
- Active Months: 3
- Avg Order Value: 438.11
- Recency: 18
- Frequency: 1.0
- Cluster: 1
- Churn Risk: No"
13283.0,2,2,46.83,59,1.0,1,0,Occasional Customers,"
       Customer Profile:
- Orders: 2
- Active Months: 2
- Avg Order Value: 46.83
- Recency: 59
- Frequency: 1.0
- Cluster: 1
- Churn Risk: No"
13284.0,1,1,148.74,330,1.0,0,1,Dormant Customers,"
       Customer Profile:
- Orders: 1
- Active Months: 1
- Avg Order Value: 148.74
- Recency: 330
- Frequency: 1.0
- Cluster: 0
- Churn Risk: Yes"
13285.0,4,4,755.3875,23,1.0,1,0,Occasional Customers,"
       Customer Profile:
- Orders: 4
- Active Months: 4
- Avg Order Value: 755.39
- Recency: 23
- Frequency: 1.0
- Cluster: 1
- Churn Risk: No"
13291.0,1,1,338.41,155,1.0,0,0,Dormant Customers,"
       Customer Profile:
- Orders: 1
- Active Months: 1
- Avg Order Value: 338.41
- Recency: 155
- Frequency: 1.0
- Cluster: 0
- Churn Risk: No"
13292.0,2,2,1494.56,38,1.0,1,0,Occasional Customers,"
       Customer Profile:
- Orders: 2
- Active Months: 2
- Avg Order Value: 1494.56
- Recency: 38
- Frequency: 1.0
- Cluster: 1
- Churn Risk: No"
13294.0,2,2,363.195,189,1.0,0,1,Dormant Customers,"
       Customer Profile:
- Orders: 2
- Active Months: 2
- Avg Order Value: 363.19
- Recency: 189
- Frequency: 1.0
- Cluster: 0
- Churn Risk: Yes"
13295.0,1,1,168.3,359,1.0,0,1,Dormant Customers,"
       Customer Profile:
- Orders: 1
- Active Months: 1
- Avg Order Value: 168.30
- Recency: 359
- Frequency: 1.0
- Cluster: 0
- Churn Risk: Yes"
13296.0,1,1,53.4,137,1.0,0,0,Dormant Customers,"
       Customer Profile:
- Orders: 1
- Active Months: 1
- Avg Order Value: 53.40
- Recency: 137
- Frequency: 1.0
- Cluster: 0
- Churn Risk: No"
13297.0,4,3,466.9625,7,1.3333333333333333,1,0,Occasional Customers,"
       Customer Profile:
- Orders: 4
- Active Months: 3
- Avg Order Value: 466.96
- Recency: 7
- Frequency: 1.3333333333333333
- Cluster: 1
- Churn Risk: No"
13298.0,1,1,1147.5,1,1.0,1,0,Occasional Customers,"
       Customer Profile:
- Orders: 1
- Active Months: 1
- Avg Order Value: 1147.50
- Recency: 1
- Frequency: 1.0
- Cluster: 1
- Churn Risk: No"
13299.0,1,1,82.80000000000001,268,1.0,0,1,Dormant Customers,"
       Customer Profile:
- Orders: 1
- Active Months: 1
- Avg Order Value: 82.80
- Recency: 268
- Frequency: 1.0
- Cluster: 0
- Churn Risk: Yes"
13300.0,1,1,1859.45,169,1.0,1,0,Occasional Customers,"
       Customer Profile:
- Orders: 1
- Active Months: 1
- Avg Order Value: 1859.45
- Recency: 169
- Frequency: 1.0
- Cluster: 1
- Churn Risk: No"
13301.0,4,4,1073.11,103,1.0,1,0,Occasional Customers,"
       Customer Profile:
- Orders: 4
- Active Months: 4
- Avg Order Value: 1073.11
- Recency: 103
- Frequency: 1.0
- Cluster: 1
- Churn Risk: No"
13304.0,1,1,260.78000000000003,351,1.0,0,1,Dormant Customers,"
       Customer Profile:
- Orders: 1
- Active Months: 1
- Avg Order Value: 260.78
- Recency: 351
- Frequency: 1.0
- Cluster: 0
- Churn Risk: Yes"
13305.0,10,9,132.406,4,1.1111111111111112,2,0,Frequent Customers,"
       Customer Profile:
- Orders: 10
- Active Months: 9
- Avg Order Value: 132.41
- Recency: 4
- Frequency: 1.1111111111111112
- Cluster: 2
- Churn Risk: No"
13307.0,1,1,22.6365,120,1.0,0,0,Dormant Customers,"
       Customer Profile:
- Orders: 1
- Active Months: 1
- Avg Order Value: 22.64
- Recency: 120
- Frequency: 1.0
- Cluster: 0
- Churn Risk: No"
13308.0,3,3,403.3833333333334,22,1.0,1,0,Occasional Customers,"
       Customer Profile:
- Orders: 3
- Active Months: 3
- Avg Order Value: 403.38
- Recency: 22
- Frequency: 1.0
- Cluster: 1
- Churn Risk: No"
13309.0,5,5,286.704,7,1.0,1,0,Occasional Customers,"
       Customer Profile:
- Orders: 5
- Active Months: 5
- Avg Order Value: 286.70
- Recency: 7
- Frequency: 1.0
- Cluster: 1
- Churn Risk: No"
13310.0,3,3,652.9566666666666,28,1.0,1,0,Occasional Customers,"
       Customer Profile:
- Orders: 3
- Active Months: 3
- Avg Order Value: 652.96
- Recency: 28
- Frequency: 1.0
- Cluster: 1
- Churn Risk: No"
13311.0,2,2,422.09,4,1.0,1,0,Occasional Customers,"
       Customer Profile:
- Orders: 2
- Active Months: 2
- Avg Order Value: 422.09
- Recency: 4
- Frequency: 1.0
- Cluster: 1
- Churn Risk: No"
13313.0,5,4,609.878,22,1.25,1,0,Occasional Customers,"
       Customer Profile:
- Orders: 5
- Active Months: 4
- Avg Order Value: 609.88
- Recency: 22
- Frequency: 1.25
- Cluster: 1
- Churn Risk: No"
13314.0,3,3,483.43,1,1.0,1,0,Occasional Customers,"
       Customer Profile:
- Orders: 3
- Active Months: 3
- Avg Order Value: 483.43
- Recency: 1
- Frequency: 1.0
- Cluster: 1
- Churn Risk: No"
13316.0,4,4,938.945,37,1.0,1,0,Occasional Customers,"
       Customer Profile:
- Orders: 4
- Active Months: 4
- Avg Order Value: 938.95
- Recency: 37
- Frequency: 1.0
- Cluster: 1
- Churn Risk: No"
13317.0,6,4,300.7966666666667,66,1.5,1,0,Occasional Customers,"
       Customer Profile:
- Orders: 6
- Active Months: 4
- Avg Order Value: 300.80
- Recency: 66
- Frequency: 1.5
- Cluster: 1
- Churn Risk: No"
13318.0,3,2,365.54333333333335,1,1.5,1,0,Occasional Customers,"
       Customer Profile:
- Orders: 3
- Active Months: 2
- Avg Order Value: 365.54
- Recency: 1
- Frequency: 1.5
- Cluster: 1
- Churn Risk: No"
13319.0,26,13,533.1784615384615,5,2.0,2,0,Frequent Customers,"
       Customer Profile:
- Orders: 26
- Active Months: 13
- Avg Order Value: 533.18
- Recency: 5
- Frequency: 2.0
- Cluster: 2
- Churn Risk: No"
13320.0,4,3,383.05,78,1.3333333333333333,1,0,Occasional Customers,"
       Customer Profile:
- Orders: 4
- Active Months: 3
- Avg Order Value: 383.05
- Recency: 78
- Frequency: 1.3333333333333333
- Cluster: 1
- Churn Risk: No"
13321.0,2,1,163.405,72,2.0,1,0,Occasional Customers,"
       Customer Profile:
- Orders: 2
- Active Months: 1
- Avg Order Value: 163.41
- Recency: 72
- Frequency: 2.0
- Cluster: 1
- Churn Risk: No"
13322.0,1,1,199.48,17,1.0,1,0,Occasional Customers,"
       Customer Profile:
- Orders: 1
- Active Months: 1
- Avg Order Value: 199.48
- Recency: 17
- Frequency: 1.0
- Cluster: 1
- Churn Risk: No"
13323.0,5,3,196.37,3,1.6666666666666667,1,0,Occasional Customers,"
       Customer Profile:
- Orders: 5
- Active Months: 3
- Avg Order Value: 196.37
- Recency: 3
- Frequency: 1.6666666666666667
- Cluster: 1
- Churn Risk: No"
13324.0,10,6,351.207,36,1.6666666666666667,2,0,Frequent Customers,"
       Customer Profile:
- Orders: 10
- Active Months: 6
- Avg Order Value: 351.21
- Recency: 36
- Frequency: 1.6666666666666667
- Cluster: 2
- Churn Risk: No"
13325.0,1,1,609.0,81,1.0,1,0,Occasional Customers,"
       Customer Profile:
- Orders: 1
- Active Months: 1
- Avg Order Value: 609.00
- Recency: 81
- Frequency: 1.0
- Cluster: 1
- Churn Risk: No"
13327.0,8,7,1382.32875,38,1.1428571428571428,1,0,Occasional Customers,"
       Customer Profile:
- Orders: 8
- Active Months: 7
- Avg Order Value: 1382.33
- Recency: 38
- Frequency: 1.1428571428571428
- Cluster: 1
- Churn Risk: No"
13328.0,1,1,739.23,316,1.0,0,1,Dormant Customers,"
       Customer Profile:
- Orders: 1
- Active Months: 1
- Avg Order Value: 739.23
- Recency: 316
- Frequency: 1.0
- Cluster: 0
- Churn Risk: Yes"
13329.0,2,2,664.665,31,1.0,1,0,Occasional Customers,"
       Customer Profile:
- Orders: 2
- Active Months: 2
- Avg Order Value: 664.66
- Recency: 31
- Frequency: 1.0
- Cluster: 1
- Churn Risk: No"
13330.0,3,3,357.18,92,1.0,1,0,Occasional Customers,"
       Customer Profile:
- Orders: 3
- Active Months: 3
- Avg Order Value: 357.18
- Recency: 92
- Frequency: 1.0
- Cluster: 1
- Churn Risk: No"
13332.0,1,1,338.4,14,1.0,1,0,Occasional Customers,"
       Customer Profile:
- Orders: 1
- Active Months: 1
- Avg Order Value: 338.40
- Recency: 14
- Frequency: 1.0
- Cluster: 1
- Churn Risk: No"
13334.0,3,3,2319.418999999997,82,1.0,1,0,Occasional Customers,"
       Customer Profile:
- Orders: 3
- Active Months: 3
- Avg Order Value: 2319.42
- Recency: 82
- Frequency: 1.0
- Cluster: 1
- Churn Risk: No"
13336.0,1,1,760.63,77,1.0,1,0,Occasional Customers,"
       Customer Profile:
- Orders: 1
- Active Months: 1
- Avg Order Value: 760.63
- Recency: 77
- Frequency: 1.0
- Cluster: 1
- Churn Risk: No"
13338.0,1,1,662.6400000000001,157,1.0,0,0,Dormant Customers,"
       Customer Profile:
- Orders: 1
- Active Months: 1
- Avg Order Value: 662.64
- Recency: 157
- Frequency: 1.0
- Cluster: 0
- Churn Risk: No"
13339.0,1,1,664.42,200,1.0,0,1,Dormant Customers,"
       Customer Profile:
- Orders: 1
- Active Months: 1
- Avg Order Value: 664.42
- Recency: 200
- Frequency: 1.0
- Cluster: 0
- Churn Risk: Yes"
13340.0,7,4,2275.6257142857144,45,1.75,1,0,Occasional Customers,"
       Customer Profile:
- Orders: 7
- Active Months: 4
- Avg Order Value: 2275.63
- Recency: 45
- Frequency: 1.75
- Cluster: 1
- Churn Risk: No"
13341.0,1,1,603.55,260,1.0,0,1,Dormant Customers,"
       Customer Profile:
- Orders: 1
- Active Months: 1
- Avg Order Value: 603.55
- Recency: 260
- Frequency: 1.0
- Cluster: 0
- Churn Risk: Yes"
13343.0,1,1,275.93,177,1.0,0,0,Dormant Customers,"
       Customer Profile:
- Orders: 1
- Active Months: 1
- Avg Order Value: 275.93
- Recency: 177
- Frequency: 1.0
- Cluster: 0
- Churn Risk: No"
13344.0,3,2,556.43,67,1.5,1,0,Occasional Customers,"
       Customer Profile:
- Orders: 3
- Active Months: 2
- Avg Order Value: 556.43
- Recency: 67
- Frequency: 1.5
- Cluster: 1
- Churn Risk: No"
13345.0,1,1,299.70000000000005,287,1.0,0,1,Dormant Customers,"
       Customer Profile:
- Orders: 1
- Active Months: 1
- Avg Order Value: 299.70
- Recency: 287
- Frequency: 1.0
- Cluster: 0
- Churn Risk: Yes"
13347.0,1,1,255.72,70,1.0,1,0,Occasional Customers,"
       Customer Profile:
- Orders: 1
- Active Months: 1
- Avg Order Value: 255.72
- Recency: 70
- Frequency: 1.0
- Cluster: 1
- Churn Risk: No"
13348.0,1,1,233.76,64,1.0,1,0,Occasional Customers,"
       Customer Profile:
- Orders: 1
- Active Months: 1
- Avg Order Value: 233.76
- Recency: 64
- Frequency: 1.0
- Cluster: 1
- Churn Risk: No"
13349.0,1,1,197.32,10,1.0,1,0,Occasional Customers,"
       Customer Profile:
- Orders: 1
- Active Months: 1
- Avg Order Value: 197.32
- Recency: 10
- Frequency: 1.0
- Cluster: 1
- Churn Risk: No"
13350.0,2,2,326.385,16,1.0,1,0,Occasional Customers,"
       Customer Profile:
- Orders: 2
- Active Months: 2
- Avg Order Value: 326.38
- Recency: 16
- Frequency: 1.0
- Cluster: 1
- Churn Risk: No"
13351.0,1,1,323.94,66,1.0,1,0,Occasional Customers,"
       Customer Profile:
- Orders: 1
- Active Months: 1
- Avg Order Value: 323.94
- Recency: 66
- Frequency: 1.0
- Cluster: 1
- Churn Risk: No"
13352.0,1,1,948.54,60,1.0,1,0,Occasional Customers,"
       Customer Profile:
- Orders: 1
- Active Months: 1
- Avg Order Value: 948.54
- Recency: 60
- Frequency: 1.0
- Cluster: 1
- Churn Risk: No"
13354.0,1,1,716.5,71,1.0,1,0,Occasional Customers,"
       Customer Profile:
- Orders: 1
- Active Months: 1
- Avg Order Value: 716.50
- Recency: 71
- Frequency: 1.0
- Cluster: 1
- Churn Risk: No"
13355.0,1,1,538.95,122,1.0,1,0,Occasional Customers,"
       Customer Profile:
- Orders: 1
- Active Months: 1
- Avg Order Value: 538.95
- Recency: 122
- Frequency: 1.0
- Cluster: 1
- Churn Risk: No"
13356.0,1,1,548.59,80,1.0,1,0,Occasional Customers,"
       Customer Profile:
- Orders: 1
- Active Months: 1
- Avg Order Value: 548.59
- Recency: 80
- Frequency: 1.0
- Cluster: 1
- Churn Risk: No"
13357.0,1,1,1029.1,257,1.0,0,1,Dormant Customers,"
       Customer Profile:
- Orders: 1
- Active Months: 1
- Avg Order Value: 1029.10
- Recency: 257
- Frequency: 1.0
- Cluster: 0
- Churn Risk: Yes"
13358.0,1,1,315.24,268,1.0,0,1,Dormant Customers,"
       Customer Profile:
- Orders: 1
- Active Months: 1
- Avg Order Value: 315.24
- Recency: 268
- Frequency: 1.0
- Cluster: 0
- Churn Risk: Yes"
13359.0,1,1,307.06,63,1.0,1,0,Occasional Customers,"
       Customer Profile:
- Orders: 1
- Active Months: 1
- Avg Order Value: 307.06
- Recency: 63
- Frequency: 1.0
- Cluster: 1
- Churn Risk: No"
13362.0,4,4,869.2475000000001,9,1.0,1,0,Occasional Customers,"
       Customer Profile:
- Orders: 4
- Active Months: 4
- Avg Order Value: 869.25
- Recency: 9
- Frequency: 1.0
- Cluster: 1
- Churn Risk: No"
13363.0,2,2,427.975,17,1.0,1,0,Occasional Customers,"
       Customer Profile:
- Orders: 2
- Active Months: 2
- Avg Order Value: 427.98
- Recency: 17
- Frequency: 1.0
- Cluster: 1
- Churn Risk: No"
13364.0,1,1,127.46,71,1.0,1,0,Occasional Customers,"
       Customer Profile:
- Orders: 1
- Active Months: 1
- Avg Order Value: 127.46
- Recency: 71
- Frequency: 1.0
- Cluster: 1
- Churn Risk: No"
13365.0,2,2,1459.82,33,1.0,1,0,Occasional Customers,"
       Customer Profile:
- Orders: 2
- Active Months: 2
- Avg Order Value: 1459.82
- Recency: 33
- Frequency: 1.0
- Cluster: 1
- Churn Risk: No"
13366.0,1,1,22.6365,50,1.0,1,0,Occasional Customers,"
       Customer Profile:
- Orders: 1
- Active Months: 1
- Avg Order Value: 22.64
- Recency: 50
- Frequency: 1.0
- Cluster: 1
- Churn Risk: No"
13368.0,2,2,325.20500000000004,256,1.0,0,1,Dormant Customers,"
       Customer Profile:
- Orders: 2
- Active Months: 2
- Avg Order Value: 325.21
- Recency: 256
- Frequency: 1.0
- Cluster: 0
- Churn Risk: Yes"
13369.0,1,1,232.13,365,1.0,0,1,Dormant Customers,"
       Customer Profile:
- Orders: 1
- Active Months: 1
- Avg Order Value: 232.13
- Recency: 365
- Frequency: 1.0
- Cluster: 0
- Churn Risk: Yes"
13370.0,1,1,612.58,368,1.0,0,1,Dormant Customers,"
       Customer Profile:
- Orders: 1
- Active Months: 1
- Avg Order Value: 612.58
- Recency: 368
- Frequency: 1.0
- Cluster: 0
- Churn Risk: Yes"
13372.0,1,1,580.08,89,1.0,1,0,Occasional Customers,"
       Customer Profile:
- Orders: 1
- Active Months: 1
- Avg Order Value: 580.08
- Recency: 89
- Frequency: 1.0
- Cluster: 1
- Churn Risk: No"
13373.0,3,3,2319.418999999997,60,1.0,1,0,Occasional Customers,"
       Customer Profile:
- Orders: 3
- Active Months: 3
- Avg Order Value: 2319.42
- Recency: 60
- Frequency: 1.0
- Cluster: 1
- Churn Risk: No"
13375.0,1,1,671.56,88,1.0,1,0,Occasional Customers,"
       Customer Profile:
- Orders: 1
- Active Months: 1
- Avg Order Value: 671.56
- Recency: 88
- Frequency: 1.0
- Cluster: 1
- Churn Risk: No"
13376.0,3,3,278.1033333333333,99,1.0,1,0,Occasional Customers,"
       Customer Profile:
- Orders: 3
- Active Months: 3
- Avg Order Value: 278.10
- Recency: 99
- Frequency: 1.0
- Cluster: 1
- Churn Risk: No"
13379.0,3,3,387.67,26,1.0,1,0,Occasional Customers,"
       Customer Profile:
- Orders: 3
- Active Months: 3
- Avg Order Value: 387.67
- Recency: 26
- Frequency: 1.0
- Cluster: 1
- Churn Risk: No"
13381.0,6,6,580.1833333333334,31,1.0,1,0,Occasional Customers,"
       Customer Profile:
- Orders: 6
- Active Months: 6
- Avg Order Value: 580.18
- Recency: 31
- Frequency: 1.0
- Cluster: 1
- Churn Risk: No"
13382.0,1,1,197.14,280,1.0,0,1,Dormant Customers,"
       Customer Profile:
- Orders: 1
- Active Months: 1
- Avg Order Value: 197.14
- Recency: 280
- Frequency: 1.0
- Cluster: 0
- Churn Risk: Yes"
13384.0,7,5,480.2142857142857,30,1.4,1,0,Occasional Customers,"
       Customer Profile:
- Orders: 7
- Active Months: 5
- Avg Order Value: 480.21
- Recency: 30
- Frequency: 1.4
- Cluster: 1
- Churn Risk: No"
13385.0,1,1,403.07,329,1.0,0,1,Dormant Customers,"
       Customer Profile:
- Orders: 1
- Active Months: 1
- Avg Order Value: 403.07
- Recency: 329
- Frequency: 1.0
- Cluster: 0
- Churn Risk: Yes"
13388.0,2,1,505.45,131,2.0,1,0,Occasional Customers,"
       Customer Profile:
- Orders: 2
- Active Months: 1
- Avg Order Value: 505.45
- Recency: 131
- Frequency: 2.0
- Cluster: 1
- Churn Risk: No"
13389.0,3,3,506.2066666666667,11,1.0,1,0,Occasional Customers,"
       Customer Profile:
- Orders: 3
- Active Months: 3
- Avg Order Value: 506.21
- Recency: 11
- Frequency: 1.0
- Cluster: 1
- Churn Risk: No"
13390.0,1,1,372.18,74,1.0,1,0,Occasional Customers,"
       Customer Profile:
- Orders: 1
- Active Months: 1
- Avg Order Value: 372.18
- Recency: 74
- Frequency: 1.0
- Cluster: 1
- Churn Risk: No"
13394.0,8,8,576.33875,1,1.0,1,0,Occasional Customers,"
       Customer Profile:
- Orders: 8
- Active Months: 8
- Avg Order Value: 576.34
- Recency: 1
- Frequency: 1.0
- Cluster: 1
- Churn Risk: No"
13395.0,1,1,253.44,185,1.0,0,1,Dormant Customers,"
       Customer Profile:
- Orders: 1
- Active Months: 1
- Avg Order Value: 253.44
- Recency: 185
- Frequency: 1.0
- Cluster: 0
- Churn Risk: Yes"
13396.0,2,2,542.325,29,1.0,1,0,Occasional Customers,"
       Customer Profile:
- Orders: 2
- Active Months: 2
- Avg Order Value: 542.33
- Recency: 29
- Frequency: 1.0
- Cluster: 1
- Churn Risk: No"
13397.0,5,5,380.342,72,1.0,1,0,Occasional Customers,"
       Customer Profile:
- Orders: 5
- Active Months: 5
- Avg Order Value: 380.34
- Recency: 72
- Frequency: 1.0
- Cluster: 1
- Churn Risk: No"
13398.0,1,1,391.4,192,1.0,0,1,Dormant Customers,"
       Customer Profile:
- Orders: 1
- Active Months: 1
- Avg Order Value: 391.40
- Recency: 192
- Frequency: 1.0
- Cluster: 0
- Churn Risk: Yes"
13402.0,2,2,293.615,127,1.0,1,0,Occasional Customers,"
       Customer Profile:
- Orders: 2
- Active Months: 2
- Avg Order Value: 293.62
- Recency: 127
- Frequency: 1.0
- Cluster: 1
- Churn Risk: No"
13403.0,1,1,63.75,17,1.0,1,0,Occasional Customers,"
       Customer Profile:
- Orders: 1
- Active Months: 1
- Avg Order Value: 63.75
- Recency: 17
- Frequency: 1.0
- Cluster: 1
- Churn Risk: No"
13404.0,2,2,212.945,1,1.0,1,0,Occasional Customers,"
       Customer Profile:
- Orders: 2
- Active Months: 2
- Avg Order Value: 212.94
- Recency: 1
- Frequency: 1.0
- Cluster: 1
- Churn Risk: No"
13405.0,3,3,165.967,74,1.0,1,0,Occasional Customers,"
       Customer Profile:
- Orders: 3
- Active Months: 3
- Avg Order Value: 165.97
- Recency: 74
- Frequency: 1.0
- Cluster: 1
- Churn Risk: No"
13408.0,61,13,454.6118032786885,1,3.0,2,0,Frequent Customers,"
       Customer Profile:
- Orders: 61
- Active Months: 13
- Avg Order Value: 454.61
- Recency: 1
- Frequency: 3.0
- Cluster: 2
- Churn Risk: No"
13410.0,5,5,331.744,24,1.0,1,0,Occasional Customers,"
       Customer Profile:
- Orders: 5
- Active Months: 5
- Avg Order Value: 331.74
- Recency: 24
- Frequency: 1.0
- Cluster: 1
- Churn Risk: No"
13411.0,1,1,203.6,107,1.0,1,0,Occasional Customers,"
       Customer Profile:
- Orders: 1
- Active Months: 1
- Avg Order Value: 203.60
- Recency: 107
- Frequency: 1.0
- Cluster: 1
- Churn Risk: No"
13414.0,3,2,220.21,133,1.5,1,0,Occasional Customers,"
       Customer Profile:
- Orders: 3
- Active Months: 2
- Avg Order Value: 220.21
- Recency: 133
- Frequency: 1.5
- Cluster: 1
- Churn Risk: No"
13416.0,2,2,288.25,43,1.0,1,0,Occasional Customers,"
       Customer Profile:
- Orders: 2
- Active Months: 2
- Avg Order Value: 288.25
- Recency: 43
- Frequency: 1.0
- Cluster: 1
- Churn Risk: No"
13417.0,2,2,145.24,4,1.0,1,0,Occasional Customers,"
       Customer Profile:
- Orders: 2
- Active Months: 2
- Avg Order Value: 145.24
- Recency: 4
- Frequency: 1.0
- Cluster: 1
- Churn Risk: No"
13418.0,18,9,341.91166666666663,11,2.0,2,0,Frequent Customers,"
       Customer Profile:
- Orders: 18
- Active Months: 9
- Avg Order Value: 341.91
- Recency: 11
- Frequency: 2.0
- Cluster: 2
- Churn Risk: No"
13419.0,1,1,221.06,63,1.0,1,0,Occasional Customers,"
       Customer Profile:
- Orders: 1
- Active Months: 1
- Avg Order Value: 221.06
- Recency: 63
- Frequency: 1.0
- Cluster: 1
- Churn Risk: No"
13420.0,2,2,43.8,149,1.0,0,0,Dormant Customers,"
       Customer Profile:
- Orders: 2
- Active Months: 2
- Avg Order Value: 43.80
- Recency: 149
- Frequency: 1.0
- Cluster: 0
- Churn Risk: No"
13421.0,2,2,1321.575,40,1.0,1,0,Occasional Customers,"
       Customer Profile:
- Orders: 2
- Active Months: 2
- Avg Order Value: 1321.58
- Recency: 40
- Frequency: 1.0
- Cluster: 1
- Churn Risk: No"
13422.0,1,1,2319.418999999997,64,1.0,1,0,Occasional Customers,"
       Customer Profile:
- Orders: 1
- Active Months: 1
- Avg Order Value: 2319.42
- Recency: 64
- Frequency: 1.0
- Cluster: 1
- Churn Risk: No"
13425.0,3,3,655.2466666666668,108,1.0,1,0,Occasional Customers,"
       Customer Profile:
- Orders: 3
- Active Months: 3
- Avg Order Value: 655.25
- Recency: 108
- Frequency: 1.0
- Cluster: 1
- Churn Risk: No"
13426.0,10,9,441.943,1,1.1111111111111112,2,0,Frequent Customers,"
       Customer Profile:
- Orders: 10
- Active Months: 9
- Avg Order Value: 441.94
- Recency: 1
- Frequency: 1.1111111111111112
- Cluster: 2
- Churn Risk: No"
13427.0,3,3,467.4466666666667,19,1.0,1,0,Occasional Customers,"
       Customer Profile:
- Orders: 3
- Active Months: 3
- Avg Order Value: 467.45
- Recency: 19
- Frequency: 1.0
- Cluster: 1
- Churn Risk: No"
13428.0,1,1,168.38,10,1.0,1,0,Occasional Customers,"
       Customer Profile:
- Orders: 1
- Active Months: 1
- Avg Order Value: 168.38
- Recency: 10
- Frequency: 1.0
- Cluster: 1
- Churn Risk: No"
13429.0,4,3,368.925,10,1.3333333333333333,1,0,Occasional Customers,"
       Customer Profile:
- Orders: 4
- Active Months: 3
- Avg Order Value: 368.93
- Recency: 10
- Frequency: 1.3333333333333333
- Cluster: 1
- Churn Risk: No"
13430.0,2,2,298.33000000000004,18,1.0,1,0,Occasional Customers,"
       Customer Profile:
- Orders: 2
- Active Months: 2
- Avg Order Value: 298.33
- Recency: 18
- Frequency: 1.0
- Cluster: 1
- Churn Risk: No"
13431.0,2,2,453.3,67,1.0,1,0,Occasional Customers,"
       Customer Profile:
- Orders: 2
- Active Months: 2
- Avg Order Value: 453.30
- Recency: 67
- Frequency: 1.0
- Cluster: 1
- Churn Risk: No"
13434.0,2,1,175.89,74,2.0,1,0,Occasional Customers,"
       Customer Profile:
- Orders: 2
- Active Months: 1
- Avg Order Value: 175.89
- Recency: 74
- Frequency: 2.0
- Cluster: 1
- Churn Risk: No"
13435.0,7,6,606.3114285714286,5,1.1666666666666667,1,0,Occasional Customers,"
       Customer Profile:
- Orders: 7
- Active Months: 6
- Avg Order Value: 606.31
- Recency: 5
- Frequency: 1.1666666666666667
- Cluster: 1
- Churn Risk: No"
13436.0,1,1,681.24,1,1.0,1,0,Occasional Customers,"
       Customer Profile:
- Orders: 1
- Active Months: 1
- Avg Order Value: 681.24
- Recency: 1
- Frequency: 1.0
- Cluster: 1
- Churn Risk: No"
13437.0,7,4,1745.7685714285717,14,1.75,1,0,Occasional Customers,"
       Customer Profile:
- Orders: 7
- Active Months: 4
- Avg Order Value: 1745.77
- Recency: 14
- Frequency: 1.75
- Cluster: 1
- Churn Risk: No"
13439.0,1,1,281.1,255,1.0,0,1,Dormant Customers,"
       Customer Profile:
- Orders: 1
- Active Months: 1
- Avg Order Value: 281.10
- Recency: 255
- Frequency: 1.0
- Cluster: 0
- Churn Risk: Yes"
13441.0,1,1,252.33,91,1.0,1,0,Occasional Customers,"
       Customer Profile:
- Orders: 1
- Active Months: 1
- Avg Order Value: 252.33
- Recency: 91
- Frequency: 1.0
- Cluster: 1
- Churn Risk: No"
13447.0,3,1,469.1466666666667,23,3.0,2,0,Frequent Customers,"
       Customer Profile:
- Orders: 3
- Active Months: 1
- Avg Order Value: 469.15
- Recency: 23
- Frequency: 3.0
- Cluster: 2
- Churn Risk: No"
13448.0,6,4,519.5683333333333,16,1.5,1,0,Occasional Customers,"
       Customer Profile:
- Orders: 6
- Active Months: 4
- Avg Order Value: 519.57
- Recency: 16
- Frequency: 1.5
- Cluster: 1
- Churn Risk: No"
13449.0,1,1,291.88,23,1.0,1,0,Occasional Customers,"
       Customer Profile:
- Orders: 1
- Active Months: 1
- Avg Order Value: 291.88
- Recency: 23
- Frequency: 1.0
- Cluster: 1
- Churn Risk: No"
13450.0,6,5,422.79,26,1.2,1,0,Occasional Customers,"
       Customer Profile:
- Orders: 6
- Active Months: 5
- Avg Order Value: 422.79
- Recency: 26
- Frequency: 1.2
- Cluster: 1
- Churn Risk: No"
13451.0,5,5,694.962,26,1.0,1,0,Occasional Customers,"
       Customer Profile:
- Orders: 5
- Active Months: 5
- Avg Order Value: 694.96
- Recency: 26
- Frequency: 1.0
- Cluster: 1
- Churn Risk: No"
13453.0,2,2,122.79,165,1.0,0,0,Dormant Customers,"
       Customer Profile:
- Orders: 2
- Active Months: 2
- Avg Order Value: 122.79
- Recency: 165
- Frequency: 1.0
- Cluster: 0
- Churn Risk: No"
13455.0,2,2,1447.3200000000002,24,1.0,1,0,Occasional Customers,"
       Customer Profile:
- Orders: 2
- Active Months: 2
- Avg Order Value: 1447.32
- Recency: 24
- Frequency: 1.0
- Cluster: 1
- Churn Risk: No"
13456.0,6,5,234.03666666666663,17,1.2,1,0,Occasional Customers,"
       Customer Profile:
- Orders: 6
- Active Months: 5
- Avg Order Value: 234.04
- Recency: 17
- Frequency: 1.2
- Cluster: 1
- Churn Risk: No"
13458.0,14,11,1272.912857142857,7,1.2727272727272727,2,0,Frequent Customers,"
       Customer Profile:
- Orders: 14
- Active Months: 11
- Avg Order Value: 1272.91
- Recency: 7
- Frequency: 1.2727272727272727
- Cluster: 2
- Churn Risk: No"
13460.0,2,2,91.72,29,1.0,1,0,Occasional Customers,"
       Customer Profile:
- Orders: 2
- Active Months: 2
- Avg Order Value: 91.72
- Recency: 29
- Frequency: 1.0
- Cluster: 1
- Churn Risk: No"
13461.0,3,3,1500.9133333333332,38,1.0,1,0,Occasional Customers,"
       Customer Profile:
- Orders: 3
- Active Months: 3
- Avg Order Value: 1500.91
- Recency: 38
- Frequency: 1.0
- Cluster: 1
- Churn Risk: No"
13462.0,1,1,135.0,252,1.0,0,1,Dormant Customers,"
       Customer Profile:
- Orders: 1
- Active Months: 1
- Avg Order Value: 135.00
- Recency: 252
- Frequency: 1.0
- Cluster: 0
- Churn Risk: Yes"
13464.0,1,1,1820.19,58,1.0,1,0,Occasional Customers,"
       Customer Profile:
- Orders: 1
- Active Months: 1
- Avg Order Value: 1820.19
- Recency: 58
- Frequency: 1.0
- Cluster: 1
- Churn Risk: No"
13466.0,1,1,239.28,184,1.0,0,1,Dormant Customers,"
       Customer Profile:
- Orders: 1
- Active Months: 1
- Avg Order Value: 239.28
- Recency: 184
- Frequency: 1.0
- Cluster: 0
- Churn Risk: Yes"
13467.0,2,1,422.505,10,2.0,1,0,Occasional Customers,"
       Customer Profile:
- Orders: 2
- Active Months: 1
- Avg Order Value: 422.50
- Recency: 10
- Frequency: 2.0
- Cluster: 1
- Churn Risk: No"
13468.0,37,13,198.52297297297295,1,2.8461538461538463,2,0,Frequent Customers,"
       Customer Profile:
- Orders: 37
- Active Months: 13
- Avg Order Value: 198.52
- Recency: 1
- Frequency: 2.8461538461538463
- Cluster: 2
- Churn Risk: No"
13470.0,2,2,82.5,99,1.0,1,0,Occasional Customers,"
       Customer Profile:
- Orders: 2
- Active Months: 2
- Avg Order Value: 82.50
- Recency: 99
- Frequency: 1.0
- Cluster: 1
- Churn Risk: No"
13471.0,4,3,1290.3075,1,1.3333333333333333,1,0,Occasional Customers,"
       Customer Profile:
- Orders: 4
- Active Months: 3
- Avg Order Value: 1290.31
- Recency: 1
- Frequency: 1.3333333333333333
- Cluster: 1
- Churn Risk: No"
13473.0,2,2,234.395,60,1.0,1,0,Occasional Customers,"
       Customer Profile:
- Orders: 2
- Active Months: 2
- Avg Order Value: 234.40
- Recency: 60
- Frequency: 1.0
- Cluster: 1
- Churn Risk: No"
13474.0,1,1,555.72,236,1.0,0,1,Dormant Customers,"
       Customer Profile:
- Orders: 1
- Active Months: 1
- Avg Order Value: 555.72
- Recency: 236
- Frequency: 1.0
- Cluster: 0
- Churn Risk: Yes"
13475.0,4,4,286.07,191,1.0,0,1,Dormant Customers,"
       Customer Profile:
- Orders: 4
- Active Months: 4
- Avg Order Value: 286.07
- Recency: 191
- Frequency: 1.0
- Cluster: 0
- Churn Risk: Yes"
13476.0,2,2,360.31,178,1.0,0,0,Dormant Customers,"
       Customer Profile:
- Orders: 2
- Active Months: 2
- Avg Order Value: 360.31
- Recency: 178
- Frequency: 1.0
- Cluster: 0
- Churn Risk: No"
13477.0,6,6,256.9533333333333,37,1.0,1,0,Occasional Customers,"
       Customer Profile:
- Orders: 6
- Active Months: 6
- Avg Order Value: 256.95
- Recency: 37
- Frequency: 1.0
- Cluster: 1
- Churn Risk: No"
13479.0,2,2,119.325,200,1.0,0,1,Dormant Customers,"
       Customer Profile:
- Orders: 2
- Active Months: 2
- Avg Order Value: 119.33
- Recency: 200
- Frequency: 1.0
- Cluster: 0
- Churn Risk: Yes"
13481.0,5,4,340.642,45,1.25,1,0,Occasional Customers,"
       Customer Profile:
- Orders: 5
- Active Months: 4
- Avg Order Value: 340.64
- Recency: 45
- Frequency: 1.25
- Cluster: 1
- Churn Risk: No"
13482.0,1,1,923.2,232,1.0,0,1,Dormant Customers,"
       Customer Profile:
- Orders: 1
- Active Months: 1
- Avg Order Value: 923.20
- Recency: 232
- Frequency: 1.0
- Cluster: 0
- Churn Risk: Yes"
13483.0,1,1,140.34,65,1.0,1,0,Occasional Customers,"
       Customer Profile:
- Orders: 1
- Active Months: 1
- Avg Order Value: 140.34
- Recency: 65
- Frequency: 1.0
- Cluster: 1
- Churn Risk: No"
13484.0,1,1,202.5,241,1.0,0,1,Dormant Customers,"
       Customer Profile:
- Orders: 1
- Active Months: 1
- Avg Order Value: 202.50
- Recency: 241
- Frequency: 1.0
- Cluster: 0
- Churn Risk: Yes"
13485.0,1,1,411.99,233,1.0,0,1,Dormant Customers,"
       Customer Profile:
- Orders: 1
- Active Months: 1
- Avg Order Value: 411.99
- Recency: 233
- Frequency: 1.0
- Cluster: 0
- Churn Risk: Yes"
13486.0,3,3,335.0733333333333,78,1.0,1,0,Occasional Customers,"
       Customer Profile:
- Orders: 3
- Active Months: 3
- Avg Order Value: 335.07
- Recency: 78
- Frequency: 1.0
- Cluster: 1
- Churn Risk: No"
13487.0,3,3,120.36666666666667,57,1.0,1,0,Occasional Customers,"
       Customer Profile:
- Orders: 3
- Active Months: 3
- Avg Order Value: 120.37
- Recency: 57
- Frequency: 1.0
- Cluster: 1
- Churn Risk: No"
13488.0,13,10,541.5261538461539,17,1.3,2,0,Frequent Customers,"
       Customer Profile:
- Orders: 13
- Active Months: 10
- Avg Order Value: 541.53
- Recency: 17
- Frequency: 1.3
- Cluster: 2
- Churn Risk: No"
13489.0,4,3,71.3475,105,1.3333333333333333,1,0,Occasional Customers,"
       Customer Profile:
- Orders: 4
- Active Months: 3
- Avg Order Value: 71.35
- Recency: 105
- Frequency: 1.3333333333333333
- Cluster: 1
- Churn Risk: No"
13491.0,10,7,130.744,51,1.4285714285714286,2,0,Frequent Customers,"
       Customer Profile:
- Orders: 10
- Active Months: 7
- Avg Order Value: 130.74
- Recency: 51
- Frequency: 1.4285714285714286
- Cluster: 2
- Churn Risk: No"
13492.0,3,2,321.68,136,1.5,1,0,Occasional Customers,"
       Customer Profile:
- Orders: 3
- Active Months: 2
- Avg Order Value: 321.68
- Recency: 136
- Frequency: 1.5
- Cluster: 1
- Churn Risk: No"
13493.0,2,2,81.27,275,1.0,0,1,Dormant Customers,"
       Customer Profile:
- Orders: 2
- Active Months: 2
- Avg Order Value: 81.27
- Recency: 275
- Frequency: 1.0
- Cluster: 0
- Churn Risk: Yes"
13494.0,1,1,307.44000000000005,311,1.0,0,1,Dormant Customers,"
       Customer Profile:
- Orders: 1
- Active Months: 1
- Avg Order Value: 307.44
- Recency: 311
- Frequency: 1.0
- Cluster: 0
- Churn Risk: Yes"
13495.0,5,4,650.634,7,1.25,1,0,Occasional Customers,"
       Customer Profile:
- Orders: 5
- Active Months: 4
- Avg Order Value: 650.63
- Recency: 7
- Frequency: 1.25
- Cluster: 1
- Churn Risk: No"
13496.0,2,2,281.815,10,1.0,1,0,Occasional Customers,"
       Customer Profile:
- Orders: 2
- Active Months: 2
- Avg Order Value: 281.81
- Recency: 10
- Frequency: 1.0
- Cluster: 1
- Churn Risk: No"
13497.0,2,2,250.775,282,1.0,0,1,Dormant Customers,"
       Customer Profile:
- Orders: 2
- Active Months: 2
- Avg Order Value: 250.78
- Recency: 282
- Frequency: 1.0
- Cluster: 0
- Churn Risk: Yes"
13499.0,5,4,168.69,17,1.25,1,0,Occasional Customers,"
       Customer Profile:
- Orders: 5
- Active Months: 4
- Avg Order Value: 168.69
- Recency: 17
- Frequency: 1.25
- Cluster: 1
- Churn Risk: No"
13500.0,3,2,347.1933333333333,23,1.5,1,0,Occasional Customers,"
       Customer Profile:
- Orders: 3
- Active Months: 2
- Avg Order Value: 347.19
- Recency: 23
- Frequency: 1.5
- Cluster: 1
- Churn Risk: No"
13501.0,1,1,1051.27,288,1.0,0,1,Dormant Customers,"
       Customer Profile:
- Orders: 1
- Active Months: 1
- Avg Order Value: 1051.27
- Recency: 288
- Frequency: 1.0
- Cluster: 0
- Churn Risk: Yes"
13502.0,3,3,90.7,16,1.0,1,0,Occasional Customers,"
       Customer Profile:
- Orders: 3
- Active Months: 3
- Avg Order Value: 90.70
- Recency: 16
- Frequency: 1.0
- Cluster: 1
- Churn Risk: No"
13503.0,1,1,192.95,71,1.0,1,0,Occasional Customers,"
       Customer Profile:
- Orders: 1
- Active Months: 1
- Avg Order Value: 192.95
- Recency: 71
- Frequency: 1.0
- Cluster: 1
- Churn Risk: No"
13504.0,1,1,260.48,64,1.0,1,0,Occasional Customers,"
       Customer Profile:
- Orders: 1
- Active Months: 1
- Avg Order Value: 260.48
- Recency: 64
- Frequency: 1.0
- Cluster: 1
- Churn Risk: No"
13505.0,4,4,1610.4375,72,1.0,1,0,Occasional Customers,"
       Customer Profile:
- Orders: 4
- Active Months: 4
- Avg Order Value: 1610.44
- Recency: 72
- Frequency: 1.0
- Cluster: 1
- Churn Risk: No"
13506.0,2,2,334.08,316,1.0,0,1,Dormant Customers,"
       Customer Profile:
- Orders: 2
- Active Months: 2
- Avg Order Value: 334.08
- Recency: 316
- Frequency: 1.0
- Cluster: 0
- Churn Risk: Yes"
13507.0,4,4,862.27,3,1.0,1,0,Occasional Customers,"
       Customer Profile:
- Orders: 4
- Active Months: 4
- Avg Order Value: 862.27
- Recency: 3
- Frequency: 1.0
- Cluster: 1
- Churn Risk: No"
13508.0,1,1,132.84,243,1.0,0,1,Dormant Customers,"
       Customer Profile:
- Orders: 1
- Active Months: 1
- Avg Order Value: 132.84
- Recency: 243
- Frequency: 1.0
- Cluster: 0
- Churn Risk: Yes"
13509.0,6,5,134.20666666666668,8,1.2,1,0,Occasional Customers,"
       Customer Profile:
- Orders: 6
- Active Months: 5
- Avg Order Value: 134.21
- Recency: 8
- Frequency: 1.2
- Cluster: 1
- Churn Risk: No"
13510.0,4,4,865.97,1,1.0,1,0,Occasional Customers,"
       Customer Profile:
- Orders: 4
- Active Months: 4
- Avg Order Value: 865.97
- Recency: 1
- Frequency: 1.0
- Cluster: 1
- Churn Risk: No"
13512.0,1,1,228.51,260,1.0,0,1,Dormant Customers,"
       Customer Profile:
- Orders: 1
- Active Months: 1
- Avg Order Value: 228.51
- Recency: 260
- Frequency: 1.0
- Cluster: 0
- Churn Risk: Yes"
13513.0,1,1,166.35,126,1.0,0,0,Dormant Customers,"
       Customer Profile:
- Orders: 1
- Active Months: 1
- Avg Order Value: 166.35
- Recency: 126
- Frequency: 1.0
- Cluster: 0
- Churn Risk: No"
13514.0,1,1,152.20000000000002,73,1.0,1,0,Occasional Customers,"
       Customer Profile:
- Orders: 1
- Active Months: 1
- Avg Order Value: 152.20
- Recency: 73
- Frequency: 1.0
- Cluster: 1
- Churn Risk: No"
13515.0,4,4,255.555,72,1.0,1,0,Occasional Customers,"
       Customer Profile:
- Orders: 4
- Active Months: 4
- Avg Order Value: 255.56
- Recency: 72
- Frequency: 1.0
- Cluster: 1
- Churn Risk: No"
13516.0,3,3,253.75666666666663,21,1.0,1,0,Occasional Customers,"
       Customer Profile:
- Orders: 3
- Active Months: 3
- Avg Order Value: 253.76
- Recency: 21
- Frequency: 1.0
- Cluster: 1
- Churn Risk: No"
13517.0,3,3,2319.418999999997,59,1.0,1,0,Occasional Customers,"
       Customer Profile:
- Orders: 3
- Active Months: 3
- Avg Order Value: 2319.42
- Recency: 59
- Frequency: 1.0
- Cluster: 1
- Churn Risk: No"
13518.0,1,1,543.27,85,1.0,1,0,Occasional Customers,"
       Customer Profile:
- Orders: 1
- Active Months: 1
- Avg Order Value: 543.27
- Recency: 85
- Frequency: 1.0
- Cluster: 1
- Churn Risk: No"
13519.0,1,1,78.95,78,1.0,1,0,Occasional Customers,"
       Customer Profile:
- Orders: 1
- Active Months: 1
- Avg Order Value: 78.95
- Recency: 78
- Frequency: 1.0
- Cluster: 1
- Churn Risk: No"
13520.0,6,6,574.0566666666667,58,1.0,1,0,Occasional Customers,"
       Customer Profile:
- Orders: 6
- Active Months: 6
- Avg Order Value: 574.06
- Recency: 58
- Frequency: 1.0
- Cluster: 1
- Churn Risk: No"
13521.0,3,2,1039.01,1,1.5,1,0,Occasional Customers,"
       Customer Profile:
- Orders: 3
- Active Months: 2
- Avg Order Value: 1039.01
- Recency: 1
- Frequency: 1.5
- Cluster: 1
- Churn Risk: No"
13522.0,1,1,125.8,30,1.0,1,0,Occasional Customers,"
       Customer Profile:
- Orders: 1
- Active Months: 1
- Avg Order Value: 125.80
- Recency: 30
- Frequency: 1.0
- Cluster: 1
- Churn Risk: No"
13523.0,5,4,1108.602,33,1.25,1,0,Occasional Customers,"
       Customer Profile:
- Orders: 5
- Active Months: 4
- Avg Order Value: 1108.60
- Recency: 33
- Frequency: 1.25
- Cluster: 1
- Churn Risk: No"
13524.0,5,5,177.586,40,1.0,1,0,Occasional Customers,"
       Customer Profile:
- Orders: 5
- Active Months: 5
- Avg Order Value: 177.59
- Recency: 40
- Frequency: 1.0
- Cluster: 1
- Churn Risk: No"
13525.0,2,2,98.46,14,1.0,1,0,Occasional Customers,"
       Customer Profile:
- Orders: 2
- Active Months: 2
- Avg Order Value: 98.46
- Recency: 14
- Frequency: 1.0
- Cluster: 1
- Churn Risk: No"
13527.0,7,5,485.55428571428575,33,1.4,1,0,Occasional Customers,"
       Customer Profile:
- Orders: 7
- Active Months: 5
- Avg Order Value: 485.55
- Recency: 33
- Frequency: 1.4
- Cluster: 1
- Churn Risk: No"
13529.0,2,2,103.03,78,1.0,1,0,Occasional Customers,"
       Customer Profile:
- Orders: 2
- Active Months: 2
- Avg Order Value: 103.03
- Recency: 78
- Frequency: 1.0
- Cluster: 1
- Churn Risk: No"
13531.0,2,2,681.975,205,1.0,0,1,Dormant Customers,"
       Customer Profile:
- Orders: 2
- Active Months: 2
- Avg Order Value: 681.98
- Recency: 205
- Frequency: 1.0
- Cluster: 0
- Churn Risk: Yes"
13532.0,1,1,420.62,33,1.0,1,0,Occasional Customers,"
       Customer Profile:
- Orders: 1
- Active Months: 1
- Avg Order Value: 420.62
- Recency: 33
- Frequency: 1.0
- Cluster: 1
- Churn Risk: No"
13533.0,3,2,173.07333333333335,182,1.5,0,1,Dormant Customers,"
       Customer Profile:
- Orders: 3
- Active Months: 2
- Avg Order Value: 173.07
- Recency: 182
- Frequency: 1.5
- Cluster: 0
- Churn Risk: Yes"
13534.0,24,12,314.32166666666666,2,2.0,2,0,Frequent Customers,"
       Customer Profile:
- Orders: 24
- Active Months: 12
- Avg Order Value: 314.32
- Recency: 2
- Frequency: 2.0
- Cluster: 2
- Churn Risk: No"
13536.0,7,4,1005.2657142857142,1,1.75,1,0,Occasional Customers,"
       Customer Profile:
- Orders: 7
- Active Months: 4
- Avg Order Value: 1005.27
- Recency: 1
- Frequency: 1.75
- Cluster: 1
- Churn Risk: No"
13538.0,5,5,139.89,43,1.0,1,0,Occasional Customers,"
       Customer Profile:
- Orders: 5
- Active Months: 5
- Avg Order Value: 139.89
- Recency: 43
- Frequency: 1.0
- Cluster: 1
- Churn Risk: No"
13539.0,3,3,151.45000000000002,85,1.0,1,0,Occasional Customers,"
       Customer Profile:
- Orders: 3
- Active Months: 3
- Avg Order Value: 151.45
- Recency: 85
- Frequency: 1.0
- Cluster: 1
- Churn Risk: No"
13544.0,2,2,224.505,39,1.0,1,0,Occasional Customers,"
       Customer Profile:
- Orders: 2
- Active Months: 2
- Avg Order Value: 224.50
- Recency: 39
- Frequency: 1.0
- Cluster: 1
- Churn Risk: No"
13546.0,3,3,248.71666666666667,12,1.0,1,0,Occasional Customers,"
       Customer Profile:
- Orders: 3
- Active Months: 3
- Avg Order Value: 248.72
- Recency: 12
- Frequency: 1.0
- Cluster: 1
- Churn Risk: No"
13548.0,2,2,523.23,96,1.0,1,0,Occasional Customers,"
       Customer Profile:
- Orders: 2
- Active Months: 2
- Avg Order Value: 523.23
- Recency: 96
- Frequency: 1.0
- Cluster: 1
- Churn Risk: No"
13549.0,7,5,164.52142857142857,25,1.4,1,0,Occasional Customers,"
       Customer Profile:
- Orders: 7
- Active Months: 5
- Avg Order Value: 164.52
- Recency: 25
- Frequency: 1.4
- Cluster: 1
- Churn Risk: No"
13551.0,1,1,53.55,319,1.0,0,1,Dormant Customers,"
       Customer Profile:
- Orders: 1
- Active Months: 1
- Avg Order Value: 53.55
- Recency: 319
- Frequency: 1.0
- Cluster: 0
- Churn Risk: Yes"
13552.0,12,7,442.7691666666667,66,1.7142857142857142,2,0,Frequent Customers,"
       Customer Profile:
- Orders: 12
- Active Months: 7
- Avg Order Value: 442.77
- Recency: 66
- Frequency: 1.7142857142857142
- Cluster: 2
- Churn Risk: No"
13555.0,4,2,1117.8025,73,2.0,1,0,Occasional Customers,"
       Customer Profile:
- Orders: 4
- Active Months: 2
- Avg Order Value: 1117.80
- Recency: 73
- Frequency: 2.0
- Cluster: 1
- Churn Risk: No"
13557.0,2,2,754.6,28,1.0,1,0,Occasional Customers,"
       Customer Profile:
- Orders: 2
- Active Months: 2
- Avg Order Value: 754.60
- Recency: 28
- Frequency: 1.0
- Cluster: 1
- Churn Risk: No"
13558.0,4,3,275.8775,5,1.3333333333333333,1,0,Occasional Customers,"
       Customer Profile:
- Orders: 4
- Active Months: 3
- Avg Order Value: 275.88
- Recency: 5
- Frequency: 1.3333333333333333
- Cluster: 1
- Churn Risk: No"
13560.0,1,1,171.42000000000002,7,1.0,1,0,Occasional Customers,"
       Customer Profile:
- Orders: 1
- Active Months: 1
- Avg Order Value: 171.42
- Recency: 7
- Frequency: 1.0
- Cluster: 1
- Churn Risk: No"
13561.0,1,1,431.44,215,1.0,0,1,Dormant Customers,"
       Customer Profile:
- Orders: 1
- Active Months: 1
- Avg Order Value: 431.44
- Recency: 215
- Frequency: 1.0
- Cluster: 0
- Churn Risk: Yes"
13562.0,3,3,490.0466666666667,81,1.0,1,0,Occasional Customers,"
       Customer Profile:
- Orders: 3
- Active Months: 3
- Avg Order Value: 490.05
- Recency: 81
- Frequency: 1.0
- Cluster: 1
- Churn Risk: No"
13563.0,2,2,219.755,84,1.0,1,0,Occasional Customers,"
       Customer Profile:
- Orders: 2
- Active Months: 2
- Avg Order Value: 219.75
- Recency: 84
- Frequency: 1.0
- Cluster: 1
- Churn Risk: No"
13564.0,2,1,651.36,354,2.0,0,1,Dormant Customers,"
       Customer Profile:
- Orders: 2
- Active Months: 1
- Avg Order Value: 651.36
- Recency: 354
- Frequency: 2.0
- Cluster: 0
- Churn Risk: Yes"
13565.0,2,2,370.26,19,1.0,1,0,Occasional Customers,"
       Customer Profile:
- Orders: 2
- Active Months: 2
- Avg Order Value: 370.26
- Recency: 19
- Frequency: 1.0
- Cluster: 1
- Churn Risk: No"
13566.0,2,2,831.8900000000001,40,1.0,1,0,Occasional Customers,"
       Customer Profile:
- Orders: 2
- Active Months: 2
- Avg Order Value: 831.89
- Recency: 40
- Frequency: 1.0
- Cluster: 1
- Churn Risk: No"
13568.0,1,1,338.4,173,1.0,0,0,Dormant Customers,"
       Customer Profile:
- Orders: 1
- Active Months: 1
- Avg Order Value: 338.40
- Recency: 173
- Frequency: 1.0
- Cluster: 0
- Churn Risk: No"
13569.0,2,2,133.86,17,1.0,1,0,Occasional Customers,"
       Customer Profile:
- Orders: 2
- Active Months: 2
- Avg Order Value: 133.86
- Recency: 17
- Frequency: 1.0
- Cluster: 1
- Churn Risk: No"
13570.0,1,1,423.28,243,1.0,0,1,Dormant Customers,"
       Customer Profile:
- Orders: 1
- Active Months: 1
- Avg Order Value: 423.28
- Recency: 243
- Frequency: 1.0
- Cluster: 0
- Churn Risk: Yes"
13571.0,12,9,406.3441666666667,12,1.3333333333333333,2,0,Frequent Customers,"
       Customer Profile:
- Orders: 12
- Active Months: 9
- Avg Order Value: 406.34
- Recency: 12
- Frequency: 1.3333333333333333
- Cluster: 2
- Churn Risk: No"
13572.0,1,1,955.16,205,1.0,0,1,Dormant Customers,"
       Customer Profile:
- Orders: 1
- Active Months: 1
- Avg Order Value: 955.16
- Recency: 205
- Frequency: 1.0
- Cluster: 0
- Churn Risk: Yes"
13573.0,2,2,118.6,50,1.0,1,0,Occasional Customers,"
       Customer Profile:
- Orders: 2
- Active Months: 2
- Avg Order Value: 118.60
- Recency: 50
- Frequency: 1.0
- Cluster: 1
- Churn Risk: No"
13575.0,5,5,193.878,23,1.0,1,0,Occasional Customers,"
       Customer Profile:
- Orders: 5
- Active Months: 5
- Avg Order Value: 193.88
- Recency: 23
- Frequency: 1.0
- Cluster: 1
- Churn Risk: No"
13576.0,18,12,408.67777777777775,10,1.5,2,0,Frequent Customers,"
       Customer Profile:
- Orders: 18
- Active Months: 12
- Avg Order Value: 408.68
- Recency: 10
- Frequency: 1.5
- Cluster: 2
- Churn Risk: No"
13577.0,4,4,334.625,25,1.0,1,0,Occasional Customers,"
       Customer Profile:
- Orders: 4
- Active Months: 4
- Avg Order Value: 334.62
- Recency: 25
- Frequency: 1.0
- Cluster: 1
- Churn Risk: No"
13579.0,2,2,234.095,14,1.0,1,0,Occasional Customers,"
       Customer Profile:
- Orders: 2
- Active Months: 2
- Avg Order Value: 234.09
- Recency: 14
- Frequency: 1.0
- Cluster: 1
- Churn Risk: No"
13581.0,1,1,56.95,309,1.0,0,1,Dormant Customers,"
       Customer Profile:
- Orders: 1
- Active Months: 1
- Avg Order Value: 56.95
- Recency: 309
- Frequency: 1.0
- Cluster: 0
- Churn Risk: Yes"
13583.0,1,1,730.47,155,1.0,0,0,Dormant Customers,"
       Customer Profile:
- Orders: 1
- Active Months: 1
- Avg Order Value: 730.47
- Recency: 155
- Frequency: 1.0
- Cluster: 0
- Churn Risk: No"
13584.0,1,1,227.25,306,1.0,0,1,Dormant Customers,"
       Customer Profile:
- Orders: 1
- Active Months: 1
- Avg Order Value: 227.25
- Recency: 306
- Frequency: 1.0
- Cluster: 0
- Churn Risk: Yes"
13587.0,1,1,216.33,63,1.0,1,0,Occasional Customers,"
       Customer Profile:
- Orders: 1
- Active Months: 1
- Avg Order Value: 216.33
- Recency: 63
- Frequency: 1.0
- Cluster: 1
- Churn Risk: No"
13588.0,9,6,267.47,15,1.5,1,0,Occasional Customers,"
       Customer Profile:
- Orders: 9
- Active Months: 6
- Avg Order Value: 267.47
- Recency: 15
- Frequency: 1.5
- Cluster: 1
- Churn Risk: No"
13589.0,2,2,423.625,14,1.0,1,0,Occasional Customers,"
       Customer Profile:
- Orders: 2
- Active Months: 2
- Avg Order Value: 423.62
- Recency: 14
- Frequency: 1.0
- Cluster: 1
- Churn Risk: No"
13590.0,6,6,306.6683333333333,11,1.0,1,0,Occasional Customers,"
       Customer Profile:
- Orders: 6
- Active Months: 6
- Avg Order Value: 306.67
- Recency: 11
- Frequency: 1.0
- Cluster: 1
- Churn Risk: No"
13591.0,3,3,269.86,64,1.0,1,0,Occasional Customers,"
       Customer Profile:
- Orders: 3
- Active Months: 3
- Avg Order Value: 269.86
- Recency: 64
- Frequency: 1.0
- Cluster: 1
- Churn Risk: No"
13592.0,3,3,75.09333333333333,35,1.0,1,0,Occasional Customers,"
       Customer Profile:
- Orders: 3
- Active Months: 3
- Avg Order Value: 75.09
- Recency: 35
- Frequency: 1.0
- Cluster: 1
- Churn Risk: No"
13593.0,5,4,461.126,108,1.25,1,0,Occasional Customers,"
       Customer Profile:
- Orders: 5
- Active Months: 4
- Avg Order Value: 461.13
- Recency: 108
- Frequency: 1.25
- Cluster: 1
- Churn Risk: No"
13594.0,1,1,396.97,52,1.0,1,0,Occasional Customers,"
       Customer Profile:
- Orders: 1
- Active Months: 1
- Avg Order Value: 396.97
- Recency: 52
- Frequency: 1.0
- Cluster: 1
- Churn Risk: No"
13596.0,2,2,586.9100000000001,5,1.0,1,0,Occasional Customers,"
       Customer Profile:
- Orders: 2
- Active Months: 2
- Avg Order Value: 586.91
- Recency: 5
- Frequency: 1.0
- Cluster: 1
- Churn Risk: No"
13598.0,1,1,341.82,47,1.0,1,0,Occasional Customers,"
       Customer Profile:
- Orders: 1
- Active Months: 1
- Avg Order Value: 341.82
- Recency: 47
- Frequency: 1.0
- Cluster: 1
- Churn Risk: No"
13599.0,21,9,416.5,1,2.333333333333333,2,0,Frequent Customers,"
       Customer Profile:
- Orders: 21
- Active Months: 9
- Avg Order Value: 416.50
- Recency: 1
- Frequency: 2.333333333333333
- Cluster: 2
- Churn Risk: No"
13600.0,1,1,94.87,312,1.0,0,1,Dormant Customers,"
       Customer Profile:
- Orders: 1
- Active Months: 1
- Avg Order Value: 94.87
- Recency: 312
- Frequency: 1.0
- Cluster: 0
- Churn Risk: Yes"
13601.0,2,2,342.88,45,1.0,1,0,Occasional Customers,"
       Customer Profile:
- Orders: 2
- Active Months: 2
- Avg Order Value: 342.88
- Recency: 45
- Frequency: 1.0
- Cluster: 1
- Churn Risk: No"
13602.0,1,1,415.66,64,1.0,1,0,Occasional Customers,"
       Customer Profile:
- Orders: 1
- Active Months: 1
- Avg Order Value: 415.66
- Recency: 64
- Frequency: 1.0
- Cluster: 1
- Churn Risk: No"
13603.0,1,1,258.88,26,1.0,1,0,Occasional Customers,"
       Customer Profile:
- Orders: 1
- Active Months: 1
- Avg Order Value: 258.88
- Recency: 26
- Frequency: 1.0
- Cluster: 1
- Churn Risk: No"
13606.0,3,3,122.12333333333332,29,1.0,1,0,Occasional Customers,"
       Customer Profile:
- Orders: 3
- Active Months: 3
- Avg Order Value: 122.12
- Recency: 29
- Frequency: 1.0
- Cluster: 1
- Churn Risk: No"
13607.0,1,1,1126.12,40,1.0,1,0,Occasional Customers,"
       Customer Profile:
- Orders: 1
- Active Months: 1
- Avg Order Value: 1126.12
- Recency: 40
- Frequency: 1.0
- Cluster: 1
- Churn Risk: No"
13610.0,7,7,240.85142857142856,12,1.0,1,0,Occasional Customers,"
       Customer Profile:
- Orders: 7
- Active Months: 7
- Avg Order Value: 240.85
- Recency: 12
- Frequency: 1.0
- Cluster: 1
- Churn Risk: No"
13611.0,3,3,520.82,89,1.0,1,0,Occasional Customers,"
       Customer Profile:
- Orders: 3
- Active Months: 3
- Avg Order Value: 520.82
- Recency: 89
- Frequency: 1.0
- Cluster: 1
- Churn Risk: No"
13614.0,4,4,299.9775,24,1.0,1,0,Occasional Customers,"
       Customer Profile:
- Orders: 4
- Active Months: 4
- Avg Order Value: 299.98
- Recency: 24
- Frequency: 1.0
- Cluster: 1
- Churn Risk: No"
13615.0,1,1,385.89,318,1.0,0,1,Dormant Customers,"
       Customer Profile:
- Orders: 1
- Active Months: 1
- Avg Order Value: 385.89
- Recency: 318
- Frequency: 1.0
- Cluster: 0
- Churn Risk: Yes"
13617.0,3,3,583.1566666666666,40,1.0,1,0,Occasional Customers,"
       Customer Profile:
- Orders: 3
- Active Months: 3
- Avg Order Value: 583.16
- Recency: 40
- Frequency: 1.0
- Cluster: 1
- Churn Risk: No"
13618.0,1,1,339.86,173,1.0,0,0,Dormant Customers,"
       Customer Profile:
- Orders: 1
- Active Months: 1
- Avg Order Value: 339.86
- Recency: 173
- Frequency: 1.0
- Cluster: 0
- Churn Risk: No"
13621.0,1,1,2319.418999999997,116,1.0,1,0,Occasional Customers,"
       Customer Profile:
- Orders: 1
- Active Months: 1
- Avg Order Value: 2319.42
- Recency: 116
- Frequency: 1.0
- Cluster: 1
- Churn Risk: No"
13623.0,5,5,118.28600000000002,30,1.0,1,0,Occasional Customers,"
       Customer Profile:
- Orders: 5
- Active Months: 5
- Avg Order Value: 118.29
- Recency: 30
- Frequency: 1.0
- Cluster: 1
- Churn Risk: No"
13626.0,1,1,241.33,252,1.0,0,1,Dormant Customers,"
       Customer Profile:
- Orders: 1
- Active Months: 1
- Avg Order Value: 241.33
- Recency: 252
- Frequency: 1.0
- Cluster: 0
- Churn Risk: Yes"
13627.0,5,5,251.29,59,1.0,1,0,Occasional Customers,"
       Customer Profile:
- Orders: 5
- Active Months: 5
- Avg Order Value: 251.29
- Recency: 59
- Frequency: 1.0
- Cluster: 1
- Churn Risk: No"
13629.0,11,9,218.9154545454545,23,1.2222222222222223,2,0,Frequent Customers,"
       Customer Profile:
- Orders: 11
- Active Months: 9
- Avg Order Value: 218.92
- Recency: 23
- Frequency: 1.2222222222222223
- Cluster: 2
- Churn Risk: No"
13630.0,7,6,255.1257142857143,5,1.1666666666666667,1,0,Occasional Customers,"
       Customer Profile:
- Orders: 7
- Active Months: 6
- Avg Order Value: 255.13
- Recency: 5
- Frequency: 1.1666666666666667
- Cluster: 1
- Churn Risk: No"
13631.0,8,4,159.6925,143,2.0,2,0,Frequent Customers,"
       Customer Profile:
- Orders: 8
- Active Months: 4
- Avg Order Value: 159.69
- Recency: 143
- Frequency: 2.0
- Cluster: 2
- Churn Risk: No"
13632.0,5,4,419.414,24,1.25,1,0,Occasional Customers,"
       Customer Profile:
- Orders: 5
- Active Months: 4
- Avg Order Value: 419.41
- Recency: 24
- Frequency: 1.25
- Cluster: 1
- Churn Risk: No"
13634.0,5,5,314.908,33,1.0,1,0,Occasional Customers,"
       Customer Profile:
- Orders: 5
- Active Months: 5
- Avg Order Value: 314.91
- Recency: 33
- Frequency: 1.0
- Cluster: 1
- Churn Risk: No"
13635.0,1,1,986.43,67,1.0,1,0,Occasional Customers,"
       Customer Profile:
- Orders: 1
- Active Months: 1
- Avg Order Value: 986.43
- Recency: 67
- Frequency: 1.0
- Cluster: 1
- Churn Risk: No"
13636.0,5,5,162.822,36,1.0,1,0,Occasional Customers,"
       Customer Profile:
- Orders: 5
- Active Months: 5
- Avg Order Value: 162.82
- Recency: 36
- Frequency: 1.0
- Cluster: 1
- Churn Risk: No"
13637.0,3,3,438.15,52,1.0,1,0,Occasional Customers,"
       Customer Profile:
- Orders: 3
- Active Months: 3
- Avg Order Value: 438.15
- Recency: 52
- Frequency: 1.0
- Cluster: 1
- Churn Risk: No"
13638.0,1,1,97.14,15,1.0,1,0,Occasional Customers,"
       Customer Profile:
- Orders: 1
- Active Months: 1
- Avg Order Value: 97.14
- Recency: 15
- Frequency: 1.0
- Cluster: 1
- Churn Risk: No"
13639.0,1,1,780.53,74,1.0,1,0,Occasional Customers,"
       Customer Profile:
- Orders: 1
- Active Months: 1
- Avg Order Value: 780.53
- Recency: 74
- Frequency: 1.0
- Cluster: 1
- Churn Risk: No"
13642.0,1,1,904.12,215,1.0,0,1,Dormant Customers,"
       Customer Profile:
- Orders: 1
- Active Months: 1
- Avg Order Value: 904.12
- Recency: 215
- Frequency: 1.0
- Cluster: 0
- Churn Risk: Yes"
13643.0,3,3,156.14666666666668,31,1.0,1,0,Occasional Customers,"
       Customer Profile:
- Orders: 3
- Active Months: 3
- Avg Order Value: 156.15
- Recency: 31
- Frequency: 1.0
- Cluster: 1
- Churn Risk: No"
13644.0,4,4,529.0625,16,1.0,1,0,Occasional Customers,"
       Customer Profile:
- Orders: 4
- Active Months: 4
- Avg Order Value: 529.06
- Recency: 16
- Frequency: 1.0
- Cluster: 1
- Churn Risk: No"
13645.0,1,1,148.04999999999998,120,1.0,0,0,Dormant Customers,"
       Customer Profile:
- Orders: 1
- Active Months: 1
- Avg Order Value: 148.05
- Recency: 120
- Frequency: 1.0
- Cluster: 0
- Churn Risk: No"
13647.0,4,4,402.05,9,1.0,1,0,Occasional Customers,"
       Customer Profile:
- Orders: 4
- Active Months: 4
- Avg Order Value: 402.05
- Recency: 9
- Frequency: 1.0
- Cluster: 1
- Churn Risk: No"
13649.0,2,2,629.55,256,1.0,0,1,Dormant Customers,"
       Customer Profile:
- Orders: 2
- Active Months: 2
- Avg Order Value: 629.55
- Recency: 256
- Frequency: 1.0
- Cluster: 0
- Churn Risk: Yes"
13650.0,6,5,356.155,16,1.2,1,0,Occasional Customers,"
       Customer Profile:
- Orders: 6
- Active Months: 5
- Avg Order Value: 356.15
- Recency: 16
- Frequency: 1.2
- Cluster: 1
- Churn Risk: No"
13651.0,1,1,189.9,39,1.0,1,0,Occasional Customers,"
       Customer Profile:
- Orders: 1
- Active Months: 1
- Avg Order Value: 189.90
- Recency: 39
- Frequency: 1.0
- Cluster: 1
- Churn Risk: No"
13652.0,3,3,432.1,45,1.0,1,0,Occasional Customers,"
       Customer Profile:
- Orders: 3
- Active Months: 3
- Avg Order Value: 432.10
- Recency: 45
- Frequency: 1.0
- Cluster: 1
- Churn Risk: No"
13654.0,6,5,532.7266666666667,43,1.2,1,0,Occasional Customers,"
       Customer Profile:
- Orders: 6
- Active Months: 5
- Avg Order Value: 532.73
- Recency: 43
- Frequency: 1.2
- Cluster: 1
- Churn Risk: No"
13655.0,2,2,387.005,114,1.0,1,0,Occasional Customers,"
       Customer Profile:
- Orders: 2
- Active Months: 2
- Avg Order Value: 387.00
- Recency: 114
- Frequency: 1.0
- Cluster: 1
- Churn Risk: No"
13656.0,2,2,660.6850000000001,164,1.0,0,0,Dormant Customers,"
       Customer Profile:
- Orders: 2
- Active Months: 2
- Avg Order Value: 660.69
- Recency: 164
- Frequency: 1.0
- Cluster: 0
- Churn Risk: No"
13657.0,2,2,241.68,10,1.0,1,0,Occasional Customers,"
       Customer Profile:
- Orders: 2
- Active Months: 2
- Avg Order Value: 241.68
- Recency: 10
- Frequency: 1.0
- Cluster: 1
- Churn Risk: No"
13658.0,5,3,434.116,9,1.6666666666666667,1,0,Occasional Customers,"
       Customer Profile:
- Orders: 5
- Active Months: 3
- Avg Order Value: 434.12
- Recency: 9
- Frequency: 1.6666666666666667
- Cluster: 1
- Churn Risk: No"
13659.0,2,2,1095.445,205,1.0,0,1,Dormant Customers,"
       Customer Profile:
- Orders: 2
- Active Months: 2
- Avg Order Value: 1095.44
- Recency: 205
- Frequency: 1.0
- Cluster: 0
- Churn Risk: Yes"
13662.0,3,3,221.53666666666663,85,1.0,1,0,Occasional Customers,"
       Customer Profile:
- Orders: 3
- Active Months: 3
- Avg Order Value: 221.54
- Recency: 85
- Frequency: 1.0
- Cluster: 1
- Churn Risk: No"
13663.0,1,1,819.63,179,1.0,0,0,Dormant Customers,"
       Customer Profile:
- Orders: 1
- Active Months: 1
- Avg Order Value: 819.63
- Recency: 179
- Frequency: 1.0
- Cluster: 0
- Churn Risk: No"
13666.0,3,2,24.950000000000003,60,1.5,1,0,Occasional Customers,"
       Customer Profile:
- Orders: 3
- Active Months: 2
- Avg Order Value: 24.95
- Recency: 60
- Frequency: 1.5
- Cluster: 1
- Churn Risk: No"
13667.0,1,1,252.2,149,1.0,0,0,Dormant Customers,"
       Customer Profile:
- Orders: 1
- Active Months: 1
- Avg Order Value: 252.20
- Recency: 149
- Frequency: 1.0
- Cluster: 0
- Churn Risk: No"
13668.0,21,12,312.9747619047619,2,1.75,2,0,Frequent Customers,"
       Customer Profile:
- Orders: 21
- Active Months: 12
- Avg Order Value: 312.97
- Recency: 2
- Frequency: 1.75
- Cluster: 2
- Churn Risk: No"
13669.0,2,2,92.385,50,1.0,1,0,Occasional Customers,"
       Customer Profile:
- Orders: 2
- Active Months: 2
- Avg Order Value: 92.39
- Recency: 50
- Frequency: 1.0
- Cluster: 1
- Churn Risk: No"
13670.0,1,1,666.4,75,1.0,1,0,Occasional Customers,"
       Customer Profile:
- Orders: 1
- Active Months: 1
- Avg Order Value: 666.40
- Recency: 75
- Frequency: 1.0
- Cluster: 1
- Churn Risk: No"
13672.0,2,2,93.195,301,1.0,0,1,Dormant Customers,"
       Customer Profile:
- Orders: 2
- Active Months: 2
- Avg Order Value: 93.19
- Recency: 301
- Frequency: 1.0
- Cluster: 0
- Churn Risk: Yes"
13673.0,2,1,206.13,18,2.0,1,0,Occasional Customers,"
       Customer Profile:
- Orders: 2
- Active Months: 1
- Avg Order Value: 206.13
- Recency: 18
- Frequency: 2.0
- Cluster: 1
- Churn Risk: No"
13675.0,2,2,242.36,151,1.0,0,0,Dormant Customers,"
       Customer Profile:
- Orders: 2
- Active Months: 2
- Avg Order Value: 242.36
- Recency: 151
- Frequency: 1.0
- Cluster: 0
- Churn Risk: No"
13678.0,1,1,146.81,151,1.0,0,0,Dormant Customers,"
       Customer Profile:
- Orders: 1
- Active Months: 1
- Avg Order Value: 146.81
- Recency: 151
- Frequency: 1.0
- Cluster: 0
- Churn Risk: No"
13680.0,4,3,2319.418999999997,1,1.3333333333333333,1,0,Occasional Customers,"
       Customer Profile:
- Orders: 4
- Active Months: 3
- Avg Order Value: 2319.42
- Recency: 1
- Frequency: 1.3333333333333333
- Cluster: 1
- Churn Risk: No"
13681.0,4,3,399.785,17,1.3333333333333333,1,0,Occasional Customers,"
       Customer Profile:
- Orders: 4
- Active Months: 3
- Avg Order Value: 399.79
- Recency: 17
- Frequency: 1.3333333333333333
- Cluster: 1
- Churn Risk: No"
13682.0,1,1,68.0,187,1.0,0,1,Dormant Customers,"
       Customer Profile:
- Orders: 1
- Active Months: 1
- Avg Order Value: 68.00
- Recency: 187
- Frequency: 1.0
- Cluster: 0
- Churn Risk: Yes"
13684.0,1,1,130.26,285,1.0,0,1,Dormant Customers,"
       Customer Profile:
- Orders: 1
- Active Months: 1
- Avg Order Value: 130.26
- Recency: 285
- Frequency: 1.0
- Cluster: 0
- Churn Risk: Yes"
13685.0,7,2,57.46,2,3.0,2,0,Frequent Customers,"
       Customer Profile:
- Orders: 7
- Active Months: 2
- Avg Order Value: 57.46
- Recency: 2
- Frequency: 3.0
- Cluster: 2
- Churn Risk: No"
13686.0,1,1,72.0,182,1.0,0,1,Dormant Customers,"
       Customer Profile:
- Orders: 1
- Active Months: 1
- Avg Order Value: 72.00
- Recency: 182
- Frequency: 1.0
- Cluster: 0
- Churn Risk: Yes"
13689.0,1,1,256.65,63,1.0,1,0,Occasional Customers,"
       Customer Profile:
- Orders: 1
- Active Months: 1
- Avg Order Value: 256.65
- Recency: 63
- Frequency: 1.0
- Cluster: 1
- Churn Risk: No"
13690.0,1,1,81.60000000000001,59,1.0,1,0,Occasional Customers,"
       Customer Profile:
- Orders: 1
- Active Months: 1
- Avg Order Value: 81.60
- Recency: 59
- Frequency: 1.0
- Cluster: 1
- Churn Risk: No"
13692.0,2,2,1204.2,24,1.0,1,0,Occasional Customers,"
       Customer Profile:
- Orders: 2
- Active Months: 2
- Avg Order Value: 1204.20
- Recency: 24
- Frequency: 1.0
- Cluster: 1
- Churn Risk: No"
13694.0,50,13,461.4972,3,3.0,2,0,Frequent Customers,"
       Customer Profile:
- Orders: 50
- Active Months: 13
- Avg Order Value: 461.50
- Recency: 3
- Frequency: 3.0
- Cluster: 2
- Churn Risk: No"
13695.0,15,9,148.64933333333332,31,1.6666666666666667,2,0,Frequent Customers,"
       Customer Profile:
- Orders: 15
- Active Months: 9
- Avg Order Value: 148.65
- Recency: 31
- Frequency: 1.6666666666666667
- Cluster: 2
- Churn Risk: No"
13697.0,1,1,1513.0,38,1.0,1,0,Occasional Customers,"
       Customer Profile:
- Orders: 1
- Active Months: 1
- Avg Order Value: 1513.00
- Recency: 38
- Frequency: 1.0
- Cluster: 1
- Churn Risk: No"
13699.0,1,1,70.08000000000001,155,1.0,0,0,Dormant Customers,"
       Customer Profile:
- Orders: 1
- Active Months: 1
- Avg Order Value: 70.08
- Recency: 155
- Frequency: 1.0
- Cluster: 0
- Churn Risk: No"
13700.0,10,7,277.625,26,1.4285714285714286,2,0,Frequent Customers,"
       Customer Profile:
- Orders: 10
- Active Months: 7
- Avg Order Value: 277.62
- Recency: 26
- Frequency: 1.4285714285714286
- Cluster: 2
- Churn Risk: No"
13704.0,9,4,292.10555555555555,5,2.25,2,0,Frequent Customers,"
       Customer Profile:
- Orders: 9
- Active Months: 4
- Avg Order Value: 292.11
- Recency: 5
- Frequency: 2.25
- Cluster: 2
- Churn Risk: No"
13705.0,3,3,179.47,7,1.0,1,0,Occasional Customers,"
       Customer Profile:
- Orders: 3
- Active Months: 3
- Avg Order Value: 179.47
- Recency: 7
- Frequency: 1.0
- Cluster: 1
- Churn Risk: No"
13706.0,1,1,290.89,302,1.0,0,1,Dormant Customers,"
       Customer Profile:
- Orders: 1
- Active Months: 1
- Avg Order Value: 290.89
- Recency: 302
- Frequency: 1.0
- Cluster: 0
- Churn Risk: Yes"
13707.0,2,2,459.155,267,1.0,0,1,Dormant Customers,"
       Customer Profile:
- Orders: 2
- Active Months: 2
- Avg Order Value: 459.15
- Recency: 267
- Frequency: 1.0
- Cluster: 0
- Churn Risk: Yes"
13708.0,1,1,536.58,271,1.0,0,1,Dormant Customers,"
       Customer Profile:
- Orders: 1
- Active Months: 1
- Avg Order Value: 536.58
- Recency: 271
- Frequency: 1.0
- Cluster: 0
- Churn Risk: Yes"
13709.0,13,6,458.5884615384616,3,2.1666666666666665,2,0,Frequent Customers,"
       Customer Profile:
- Orders: 13
- Active Months: 6
- Avg Order Value: 458.59
- Recency: 3
- Frequency: 2.1666666666666665
- Cluster: 2
- Churn Risk: No"
13710.0,1,1,161.79,31,1.0,1,0,Occasional Customers,"
       Customer Profile:
- Orders: 1
- Active Months: 1
- Avg Order Value: 161.79
- Recency: 31
- Frequency: 1.0
- Cluster: 1
- Churn Risk: No"
13711.0,2,1,116.08,218,2.0,0,1,Dormant Customers,"
       Customer Profile:
- Orders: 2
- Active Months: 1
- Avg Order Value: 116.08
- Recency: 218
- Frequency: 2.0
- Cluster: 0
- Churn Risk: Yes"
13712.0,1,1,148.95,246,1.0,0,1,Dormant Customers,"
       Customer Profile:
- Orders: 1
- Active Months: 1
- Avg Order Value: 148.95
- Recency: 246
- Frequency: 1.0
- Cluster: 0
- Churn Risk: Yes"
13715.0,5,3,249.92400000000004,281,1.6666666666666667,0,1,Dormant Customers,"
       Customer Profile:
- Orders: 5
- Active Months: 3
- Avg Order Value: 249.92
- Recency: 281
- Frequency: 1.6666666666666667
- Cluster: 0
- Churn Risk: Yes"
13716.0,1,1,138.28,269,1.0,0,1,Dormant Customers,"
       Customer Profile:
- Orders: 1
- Active Months: 1
- Avg Order Value: 138.28
- Recency: 269
- Frequency: 1.0
- Cluster: 0
- Churn Risk: Yes"
13717.0,6,6,229.85333333333327,32,1.0,1,0,Occasional Customers,"
       Customer Profile:
- Orders: 6
- Active Months: 6
- Avg Order Value: 229.85
- Recency: 32
- Frequency: 1.0
- Cluster: 1
- Churn Risk: No"
13718.0,2,2,122.55,246,1.0,0,1,Dormant Customers,"
       Customer Profile:
- Orders: 2
- Active Months: 2
- Avg Order Value: 122.55
- Recency: 246
- Frequency: 1.0
- Cluster: 0
- Churn Risk: Yes"
13719.0,5,4,238.888,15,1.25,1,0,Occasional Customers,"
       Customer Profile:
- Orders: 5
- Active Months: 4
- Avg Order Value: 238.89
- Recency: 15
- Frequency: 1.25
- Cluster: 1
- Churn Risk: No"
13720.0,4,4,793.5375,116,1.0,1,0,Occasional Customers,"
       Customer Profile:
- Orders: 4
- Active Months: 4
- Avg Order Value: 793.54
- Recency: 116
- Frequency: 1.0
- Cluster: 1
- Churn Risk: No"
13721.0,1,1,470.94,36,1.0,1,0,Occasional Customers,"
       Customer Profile:
- Orders: 1
- Active Months: 1
- Avg Order Value: 470.94
- Recency: 36
- Frequency: 1.0
- Cluster: 1
- Churn Risk: No"
13722.0,3,2,974.0966666666668,131,1.5,1,0,Occasional Customers,"
       Customer Profile:
- Orders: 3
- Active Months: 2
- Avg Order Value: 974.10
- Recency: 131
- Frequency: 1.5
- Cluster: 1
- Churn Risk: No"
13723.0,1,1,150.10000000000002,217,1.0,0,1,Dormant Customers,"
       Customer Profile:
- Orders: 1
- Active Months: 1
- Avg Order Value: 150.10
- Recency: 217
- Frequency: 1.0
- Cluster: 0
- Churn Risk: Yes"
13725.0,7,5,201.8957142857143,49,1.4,1,0,Occasional Customers,"
       Customer Profile:
- Orders: 7
- Active Months: 5
- Avg Order Value: 201.90
- Recency: 49
- Frequency: 1.4
- Cluster: 1
- Churn Risk: No"
13726.0,2,2,2237.94,38,1.0,1,0,Occasional Customers,"
       Customer Profile:
- Orders: 2
- Active Months: 2
- Avg Order Value: 2237.94
- Recency: 38
- Frequency: 1.0
- Cluster: 1
- Churn Risk: No"
13727.0,2,1,396.18,28,2.0,1,0,Occasional Customers,"
       Customer Profile:
- Orders: 2
- Active Months: 1
- Avg Order Value: 396.18
- Recency: 28
- Frequency: 2.0
- Cluster: 1
- Churn Risk: No"
13728.0,6,6,72.90666666666667,36,1.0,1,0,Occasional Customers,"
       Customer Profile:
- Orders: 6
- Active Months: 6
- Avg Order Value: 72.91
- Recency: 36
- Frequency: 1.0
- Cluster: 1
- Churn Risk: No"
13730.0,2,1,270.05,135,2.0,1,0,Occasional Customers,"
       Customer Profile:
- Orders: 2
- Active Months: 1
- Avg Order Value: 270.05
- Recency: 135
- Frequency: 2.0
- Cluster: 1
- Churn Risk: No"
13731.0,2,2,255.795,219,1.0,0,1,Dormant Customers,"
       Customer Profile:
- Orders: 2
- Active Months: 2
- Avg Order Value: 255.79
- Recency: 219
- Frequency: 1.0
- Cluster: 0
- Churn Risk: Yes"
13732.0,1,1,1967.44,28,1.0,1,0,Occasional Customers,"
       Customer Profile:
- Orders: 1
- Active Months: 1
- Avg Order Value: 1967.44
- Recency: 28
- Frequency: 1.0
- Cluster: 1
- Churn Risk: No"
13735.0,4,4,506.4975,24,1.0,1,0,Occasional Customers,"
       Customer Profile:
- Orders: 4
- Active Months: 4
- Avg Order Value: 506.50
- Recency: 24
- Frequency: 1.0
- Cluster: 1
- Churn Risk: No"
13736.0,2,2,428.06000000000006,5,1.0,1,0,Occasional Customers,"
       Customer Profile:
- Orders: 2
- Active Months: 2
- Avg Order Value: 428.06
- Recency: 5
- Frequency: 1.0
- Cluster: 1
- Churn Risk: No"
13737.0,1,1,254.5,200,1.0,0,1,Dormant Customers,"
       Customer Profile:
- Orders: 1
- Active Months: 1
- Avg Order Value: 254.50
- Recency: 200
- Frequency: 1.0
- Cluster: 0
- Churn Risk: Yes"
13739.0,1,1,193.95,18,1.0,1,0,Occasional Customers,"
       Customer Profile:
- Orders: 1
- Active Months: 1
- Avg Order Value: 193.95
- Recency: 18
- Frequency: 1.0
- Cluster: 1
- Churn Risk: No"
13740.0,1,1,287.36,240,1.0,0,1,Dormant Customers,"
       Customer Profile:
- Orders: 1
- Active Months: 1
- Avg Order Value: 287.36
- Recency: 240
- Frequency: 1.0
- Cluster: 0
- Churn Risk: Yes"
13741.0,3,3,135.21,71,1.0,1,0,Occasional Customers,"
       Customer Profile:
- Orders: 3
- Active Months: 3
- Avg Order Value: 135.21
- Recency: 71
- Frequency: 1.0
- Cluster: 1
- Churn Risk: No"
13742.0,12,7,411.3875000000001,16,1.7142857142857142,2,0,Frequent Customers,"
       Customer Profile:
- Orders: 12
- Active Months: 7
- Avg Order Value: 411.39
- Recency: 16
- Frequency: 1.7142857142857142
- Cluster: 2
- Churn Risk: No"
13743.0,7,6,140.4085714285714,2,1.1666666666666667,1,0,Occasional Customers,"
       Customer Profile:
- Orders: 7
- Active Months: 6
- Avg Order Value: 140.41
- Recency: 2
- Frequency: 1.1666666666666667
- Cluster: 1
- Churn Risk: No"
13744.0,2,2,958.11,95,1.0,1,0,Occasional Customers,"
       Customer Profile:
- Orders: 2
- Active Months: 2
- Avg Order Value: 958.11
- Recency: 95
- Frequency: 1.0
- Cluster: 1
- Churn Risk: No"
13745.0,1,1,285.37,162,1.0,0,0,Dormant Customers,"
       Customer Profile:
- Orders: 1
- Active Months: 1
- Avg Order Value: 285.37
- Recency: 162
- Frequency: 1.0
- Cluster: 0
- Churn Risk: No"
13748.0,5,3,263.81,95,1.6666666666666667,1,0,Occasional Customers,"
       Customer Profile:
- Orders: 5
- Active Months: 3
- Avg Order Value: 263.81
- Recency: 95
- Frequency: 1.6666666666666667
- Cluster: 1
- Churn Risk: No"
13750.0,5,5,151.606,53,1.0,1,0,Occasional Customers,"
       Customer Profile:
- Orders: 5
- Active Months: 5
- Avg Order Value: 151.61
- Recency: 53
- Frequency: 1.0
- Cluster: 1
- Churn Risk: No"
13751.0,1,1,120.15,288,1.0,0,1,Dormant Customers,"
       Customer Profile:
- Orders: 1
- Active Months: 1
- Avg Order Value: 120.15
- Recency: 288
- Frequency: 1.0
- Cluster: 0
- Churn Risk: Yes"
13752.0,6,5,257.12333333333333,124,1.2,1,0,Occasional Customers,"
       Customer Profile:
- Orders: 6
- Active Months: 5
- Avg Order Value: 257.12
- Recency: 124
- Frequency: 1.2
- Cluster: 1
- Churn Risk: No"
13753.0,1,1,733.61,287,1.0,0,1,Dormant Customers,"
       Customer Profile:
- Orders: 1
- Active Months: 1
- Avg Order Value: 733.61
- Recency: 287
- Frequency: 1.0
- Cluster: 0
- Churn Risk: Yes"
13754.0,2,2,159.375,151,1.0,0,0,Dormant Customers,"
       Customer Profile:
- Orders: 2
- Active Months: 2
- Avg Order Value: 159.38
- Recency: 151
- Frequency: 1.0
- Cluster: 0
- Churn Risk: No"
13755.0,9,3,267.97,3,3.0,2,0,Frequent Customers,"
       Customer Profile:
- Orders: 9
- Active Months: 3
- Avg Order Value: 267.97
- Recency: 3
- Frequency: 3.0
- Cluster: 2
- Churn Risk: No"
13756.0,14,9,310.0014285714286,2,1.5555555555555556,2,0,Frequent Customers,"
       Customer Profile:
- Orders: 14
- Active Months: 9
- Avg Order Value: 310.00
- Recency: 2
- Frequency: 1.5555555555555556
- Cluster: 2
- Churn Risk: No"
13758.0,7,5,984.9085714285712,11,1.4,1,0,Occasional Customers,"
       Customer Profile:
- Orders: 7
- Active Months: 5
- Avg Order Value: 984.91
- Recency: 11
- Frequency: 1.4
- Cluster: 1
- Churn Risk: No"
13759.0,2,2,313.71000000000004,33,1.0,1,0,Occasional Customers,"
       Customer Profile:
- Orders: 2
- Active Months: 2
- Avg Order Value: 313.71
- Recency: 33
- Frequency: 1.0
- Cluster: 1
- Churn Risk: No"
13760.0,2,2,219.245,54,1.0,1,0,Occasional Customers,"
       Customer Profile:
- Orders: 2
- Active Months: 2
- Avg Order Value: 219.25
- Recency: 54
- Frequency: 1.0
- Cluster: 1
- Churn Risk: No"
13761.0,2,2,2068.665,50,1.0,1,0,Occasional Customers,"
       Customer Profile:
- Orders: 2
- Active Months: 2
- Avg Order Value: 2068.66
- Recency: 50
- Frequency: 1.0
- Cluster: 1
- Churn Risk: No"
13762.0,1,1,191.79,218,1.0,0,1,Dormant Customers,"
       Customer Profile:
- Orders: 1
- Active Months: 1
- Avg Order Value: 191.79
- Recency: 218
- Frequency: 1.0
- Cluster: 0
- Churn Risk: Yes"
13763.0,1,1,1013.64,63,1.0,1,0,Occasional Customers,"
       Customer Profile:
- Orders: 1
- Active Months: 1
- Avg Order Value: 1013.64
- Recency: 63
- Frequency: 1.0
- Cluster: 1
- Churn Risk: No"
13764.0,3,3,1226.486666666667,70,1.0,1,0,Occasional Customers,"
       Customer Profile:
- Orders: 3
- Active Months: 3
- Avg Order Value: 1226.49
- Recency: 70
- Frequency: 1.0
- Cluster: 1
- Churn Risk: No"
13767.0,36,12,352.2294444444444,2,3.0,2,0,Frequent Customers,"
       Customer Profile:
- Orders: 36
- Active Months: 12
- Avg Order Value: 352.23
- Recency: 2
- Frequency: 3.0
- Cluster: 2
- Churn Risk: No"
13769.0,10,9,238.633,2,1.1111111111111112,2,0,Frequent Customers,"
       Customer Profile:
- Orders: 10
- Active Months: 9
- Avg Order Value: 238.63
- Recency: 2
- Frequency: 1.1111111111111112
- Cluster: 2
- Churn Risk: No"
13771.0,4,3,591.325,64,1.3333333333333333,1,0,Occasional Customers,"
       Customer Profile:
- Orders: 4
- Active Months: 3
- Avg Order Value: 591.33
- Recency: 64
- Frequency: 1.3333333333333333
- Cluster: 1
- Churn Risk: No"
13772.0,3,3,611.38,33,1.0,1,0,Occasional Customers,"
       Customer Profile:
- Orders: 3
- Active Months: 3
- Avg Order Value: 611.38
- Recency: 33
- Frequency: 1.0
- Cluster: 1
- Churn Risk: No"
13774.0,1,1,314.15000000000003,81,1.0,1,0,Occasional Customers,"
       Customer Profile:
- Orders: 1
- Active Months: 1
- Avg Order Value: 314.15
- Recency: 81
- Frequency: 1.0
- Cluster: 1
- Churn Risk: No"
13777.0,33,13,315.0466666666666,1,2.5384615384615383,2,0,Frequent Customers,"
       Customer Profile:
- Orders: 33
- Active Months: 13
- Avg Order Value: 315.05
- Recency: 1
- Frequency: 2.5384615384615383
- Cluster: 2
- Churn Risk: No"
13778.0,1,1,357.4,103,1.0,1,0,Occasional Customers,"
       Customer Profile:
- Orders: 1
- Active Months: 1
- Avg Order Value: 357.40
- Recency: 103
- Frequency: 1.0
- Cluster: 1
- Churn Risk: No"
13780.0,2,2,131.08,7,1.0,1,0,Occasional Customers,"
       Customer Profile:
- Orders: 2
- Active Months: 2
- Avg Order Value: 131.08
- Recency: 7
- Frequency: 1.0
- Cluster: 1
- Churn Risk: No"
13781.0,1,1,137.08,250,1.0,0,1,Dormant Customers,"
       Customer Profile:
- Orders: 1
- Active Months: 1
- Avg Order Value: 137.08
- Recency: 250
- Frequency: 1.0
- Cluster: 0
- Churn Risk: Yes"
13782.0,6,5,280.21,12,1.2,1,0,Occasional Customers,"
       Customer Profile:
- Orders: 6
- Active Months: 5
- Avg Order Value: 280.21
- Recency: 12
- Frequency: 1.2
- Cluster: 1
- Churn Risk: No"
13784.0,11,9,133.76727272727274,9,1.2222222222222223,2,0,Frequent Customers,"
       Customer Profile:
- Orders: 11
- Active Months: 9
- Avg Order Value: 133.77
- Recency: 9
- Frequency: 1.2222222222222223
- Cluster: 2
- Churn Risk: No"
13786.0,1,1,217.65,367,1.0,0,1,Dormant Customers,"
       Customer Profile:
- Orders: 1
- Active Months: 1
- Avg Order Value: 217.65
- Recency: 367
- Frequency: 1.0
- Cluster: 0
- Churn Risk: Yes"
13787.0,2,2,194.82,75,1.0,1,0,Occasional Customers,"
       Customer Profile:
- Orders: 2
- Active Months: 2
- Avg Order Value: 194.82
- Recency: 75
- Frequency: 1.0
- Cluster: 1
- Churn Risk: No"
13790.0,1,1,310.28,4,1.0,1,0,Occasional Customers,"
       Customer Profile:
- Orders: 1
- Active Months: 1
- Avg Order Value: 310.28
- Recency: 4
- Frequency: 1.0
- Cluster: 1
- Churn Risk: No"
13791.0,2,2,311.58,127,1.0,1,0,Occasional Customers,"
       Customer Profile:
- Orders: 2
- Active Months: 2
- Avg Order Value: 311.58
- Recency: 127
- Frequency: 1.0
- Cluster: 1
- Churn Risk: No"
13792.0,2,2,91.525,66,1.0,1,0,Occasional Customers,"
       Customer Profile:
- Orders: 2
- Active Months: 2
- Avg Order Value: 91.53
- Recency: 66
- Frequency: 1.0
- Cluster: 1
- Churn Risk: No"
13798.0,57,13,377.0854385964912,1,3.0,2,0,Frequent Customers,"
       Customer Profile:
- Orders: 57
- Active Months: 13
- Avg Order Value: 377.09
- Recency: 1
- Frequency: 3.0
- Cluster: 2
- Churn Risk: No"
13799.0,2,2,1960.83,116,1.0,1,0,Occasional Customers,"
       Customer Profile:
- Orders: 2
- Active Months: 2
- Avg Order Value: 1960.83
- Recency: 116
- Frequency: 1.0
- Cluster: 1
- Churn Risk: No"
13800.0,1,1,486.62,309,1.0,0,1,Dormant Customers,"
       Customer Profile:
- Orders: 1
- Active Months: 1
- Avg Order Value: 486.62
- Recency: 309
- Frequency: 1.0
- Cluster: 0
- Churn Risk: Yes"
13801.0,1,1,247.1,66,1.0,1,0,Occasional Customers,"
       Customer Profile:
- Orders: 1
- Active Months: 1
- Avg Order Value: 247.10
- Recency: 66
- Frequency: 1.0
- Cluster: 1
- Churn Risk: No"
13802.0,3,3,856.9833333333332,138,1.0,1,0,Occasional Customers,"
       Customer Profile:
- Orders: 3
- Active Months: 3
- Avg Order Value: 856.98
- Recency: 138
- Frequency: 1.0
- Cluster: 1
- Churn Risk: No"
13803.0,1,1,277.07,255,1.0,0,1,Dormant Customers,"
       Customer Profile:
- Orders: 1
- Active Months: 1
- Avg Order Value: 277.07
- Recency: 255
- Frequency: 1.0
- Cluster: 0
- Churn Risk: Yes"
13804.0,7,4,350.4614285714286,30,1.75,1,0,Occasional Customers,"
       Customer Profile:
- Orders: 7
- Active Months: 4
- Avg Order Value: 350.46
- Recency: 30
- Frequency: 1.75
- Cluster: 1
- Churn Risk: No"
13805.0,2,2,104.085,52,1.0,1,0,Occasional Customers,"
       Customer Profile:
- Orders: 2
- Active Months: 2
- Avg Order Value: 104.08
- Recency: 52
- Frequency: 1.0
- Cluster: 1
- Churn Risk: No"
13806.0,1,1,218.13,63,1.0,1,0,Occasional Customers,"
       Customer Profile:
- Orders: 1
- Active Months: 1
- Avg Order Value: 218.13
- Recency: 63
- Frequency: 1.0
- Cluster: 1
- Churn Risk: No"
13807.0,1,1,80.8,367,1.0,0,1,Dormant Customers,"
       Customer Profile:
- Orders: 1
- Active Months: 1
- Avg Order Value: 80.80
- Recency: 367
- Frequency: 1.0
- Cluster: 0
- Churn Risk: Yes"
13808.0,5,3,362.926,5,1.6666666666666667,1,0,Occasional Customers,"
       Customer Profile:
- Orders: 5
- Active Months: 3
- Avg Order Value: 362.93
- Recency: 5
- Frequency: 1.6666666666666667
- Cluster: 1
- Churn Risk: No"
13809.0,1,1,60.3,305,1.0,0,1,Dormant Customers,"
       Customer Profile:
- Orders: 1
- Active Months: 1
- Avg Order Value: 60.30
- Recency: 305
- Frequency: 1.0
- Cluster: 0
- Churn Risk: Yes"
13810.0,2,2,548.12,28,1.0,1,0,Occasional Customers,"
       Customer Profile:
- Orders: 2
- Active Months: 2
- Avg Order Value: 548.12
- Recency: 28
- Frequency: 1.0
- Cluster: 1
- Churn Risk: No"
13812.0,3,2,150.70000000000002,42,1.5,1,0,Occasional Customers,"
       Customer Profile:
- Orders: 3
- Active Months: 2
- Avg Order Value: 150.70
- Recency: 42
- Frequency: 1.5
- Cluster: 1
- Churn Risk: No"
13813.0,4,3,484.97,39,1.3333333333333333,1,0,Occasional Customers,"
       Customer Profile:
- Orders: 4
- Active Months: 3
- Avg Order Value: 484.97
- Recency: 39
- Frequency: 1.3333333333333333
- Cluster: 1
- Churn Risk: No"
13814.0,2,2,691.41,92,1.0,1,0,Occasional Customers,"
       Customer Profile:
- Orders: 2
- Active Months: 2
- Avg Order Value: 691.41
- Recency: 92
- Frequency: 1.0
- Cluster: 1
- Churn Risk: No"
13815.0,4,3,826.7225,22,1.3333333333333333,1,0,Occasional Customers,"
       Customer Profile:
- Orders: 4
- Active Months: 3
- Avg Order Value: 826.72
- Recency: 22
- Frequency: 1.3333333333333333
- Cluster: 1
- Churn Risk: No"
13816.0,2,2,218.985,23,1.0,1,0,Occasional Customers,"
       Customer Profile:
- Orders: 2
- Active Months: 2
- Avg Order Value: 218.99
- Recency: 23
- Frequency: 1.0
- Cluster: 1
- Churn Risk: No"
13817.0,2,2,164.49,29,1.0,1,0,Occasional Customers,"
       Customer Profile:
- Orders: 2
- Active Months: 2
- Avg Order Value: 164.49
- Recency: 29
- Frequency: 1.0
- Cluster: 1
- Churn Risk: No"
13819.0,3,2,287.27000000000004,301,1.5,0,1,Dormant Customers,"
       Customer Profile:
- Orders: 3
- Active Months: 2
- Avg Order Value: 287.27
- Recency: 301
- Frequency: 1.5
- Cluster: 0
- Churn Risk: Yes"
13821.0,2,2,160.945,144,1.0,0,0,Dormant Customers,"
       Customer Profile:
- Orders: 2
- Active Months: 2
- Avg Order Value: 160.94
- Recency: 144
- Frequency: 1.0
- Cluster: 0
- Churn Risk: No"
13822.0,2,2,512.5799999999999,5,1.0,1,0,Occasional Customers,"
       Customer Profile:
- Orders: 2
- Active Months: 2
- Avg Order Value: 512.58
- Recency: 5
- Frequency: 1.0
- Cluster: 1
- Churn Risk: No"
13823.0,2,2,376.105,18,1.0,1,0,Occasional Customers,"
       Customer Profile:
- Orders: 2
- Active Months: 2
- Avg Order Value: 376.11
- Recency: 18
- Frequency: 1.0
- Cluster: 1
- Churn Risk: No"
13824.0,5,5,327.82800000000003,32,1.0,1,0,Occasional Customers,"
       Customer Profile:
- Orders: 5
- Active Months: 5
- Avg Order Value: 327.83
- Recency: 32
- Frequency: 1.0
- Cluster: 1
- Churn Risk: No"
13826.0,1,1,102.3,176,1.0,0,0,Dormant Customers,"
       Customer Profile:
- Orders: 1
- Active Months: 1
- Avg Order Value: 102.30
- Recency: 176
- Frequency: 1.0
- Cluster: 0
- Churn Risk: No"
13827.0,3,2,79.21666666666667,57,1.5,1,0,Occasional Customers,"
       Customer Profile:
- Orders: 3
- Active Months: 2
- Avg Order Value: 79.22
- Recency: 57
- Frequency: 1.5
- Cluster: 1
- Churn Risk: No"
13828.0,1,1,183.84,22,1.0,1,0,Occasional Customers,"
       Customer Profile:
- Orders: 1
- Active Months: 1
- Avg Order Value: 183.84
- Recency: 22
- Frequency: 1.0
- Cluster: 1
- Churn Risk: No"
13831.0,6,5,232.235,16,1.2,1,0,Occasional Customers,"
       Customer Profile:
- Orders: 6
- Active Months: 5
- Avg Order Value: 232.24
- Recency: 16
- Frequency: 1.2
- Cluster: 1
- Churn Risk: No"
13832.0,1,1,208.8,19,1.0,1,0,Occasional Customers,"
       Customer Profile:
- Orders: 1
- Active Months: 1
- Avg Order Value: 208.80
- Recency: 19
- Frequency: 1.0
- Cluster: 1
- Churn Risk: No"
13833.0,1,1,676.35,159,1.0,0,0,Dormant Customers,"
       Customer Profile:
- Orders: 1
- Active Months: 1
- Avg Order Value: 676.35
- Recency: 159
- Frequency: 1.0
- Cluster: 0
- Churn Risk: No"
13835.0,4,4,395.58,25,1.0,1,0,Occasional Customers,"
       Customer Profile:
- Orders: 4
- Active Months: 4
- Avg Order Value: 395.58
- Recency: 25
- Frequency: 1.0
- Cluster: 1
- Churn Risk: No"
13837.0,2,2,176.57,211,1.0,0,1,Dormant Customers,"
       Customer Profile:
- Orders: 2
- Active Months: 2
- Avg Order Value: 176.57
- Recency: 211
- Frequency: 1.0
- Cluster: 0
- Churn Risk: Yes"
13838.0,4,3,255.335,5,1.3333333333333333,1,0,Occasional Customers,"
       Customer Profile:
- Orders: 4
- Active Months: 3
- Avg Order Value: 255.34
- Recency: 5
- Frequency: 1.3333333333333333
- Cluster: 1
- Churn Risk: No"
13841.0,1,1,22.95,252,1.0,0,1,Dormant Customers,"
       Customer Profile:
- Orders: 1
- Active Months: 1
- Avg Order Value: 22.95
- Recency: 252
- Frequency: 1.0
- Cluster: 0
- Churn Risk: Yes"
13842.0,9,9,558.5833333333334,58,1.0,1,0,Occasional Customers,"
       Customer Profile:
- Orders: 9
- Active Months: 9
- Avg Order Value: 558.58
- Recency: 58
- Frequency: 1.0
- Cluster: 1
- Churn Risk: No"
13844.0,1,1,345.12,11,1.0,1,0,Occasional Customers,"
       Customer Profile:
- Orders: 1
- Active Months: 1
- Avg Order Value: 345.12
- Recency: 11
- Frequency: 1.0
- Cluster: 1
- Churn Risk: No"
13845.0,1,1,271.53,64,1.0,1,0,Occasional Customers,"
       Customer Profile:
- Orders: 1
- Active Months: 1
- Avg Order Value: 271.53
- Recency: 64
- Frequency: 1.0
- Cluster: 1
- Churn Risk: No"
13846.0,3,3,244.38666666666668,24,1.0,1,0,Occasional Customers,"
       Customer Profile:
- Orders: 3
- Active Months: 3
- Avg Order Value: 244.39
- Recency: 24
- Frequency: 1.0
- Cluster: 1
- Churn Risk: No"
13848.0,3,3,35.190000000000005,92,1.0,1,0,Occasional Customers,"
       Customer Profile:
- Orders: 3
- Active Months: 3
- Avg Order Value: 35.19
- Recency: 92
- Frequency: 1.0
- Cluster: 1
- Churn Risk: No"
13849.0,2,2,662.775,51,1.0,1,0,Occasional Customers,"
       Customer Profile:
- Orders: 2
- Active Months: 2
- Avg Order Value: 662.77
- Recency: 51
- Frequency: 1.0
- Cluster: 1
- Churn Risk: No"
13850.0,1,1,1478.98,129,1.0,1,0,Occasional Customers,"
       Customer Profile:
- Orders: 1
- Active Months: 1
- Avg Order Value: 1478.98
- Recency: 129
- Frequency: 1.0
- Cluster: 1
- Churn Risk: No"
13851.0,3,3,695.2199999999999,95,1.0,1,0,Occasional Customers,"
       Customer Profile:
- Orders: 3
- Active Months: 3
- Avg Order Value: 695.22
- Recency: 95
- Frequency: 1.0
- Cluster: 1
- Churn Risk: No"
13853.0,1,1,636.13,57,1.0,1,0,Occasional Customers,"
       Customer Profile:
- Orders: 1
- Active Months: 1
- Avg Order Value: 636.13
- Recency: 57
- Frequency: 1.0
- Cluster: 1
- Churn Risk: No"
13854.0,25,12,197.178,8,2.083333333333333,2,0,Frequent Customers,"
       Customer Profile:
- Orders: 25
- Active Months: 12
- Avg Order Value: 197.18
- Recency: 8
- Frequency: 2.083333333333333
- Cluster: 2
- Churn Risk: No"
13856.0,3,2,88.02,168,1.5,0,0,Dormant Customers,"
       Customer Profile:
- Orders: 3
- Active Months: 2
- Avg Order Value: 88.02
- Recency: 168
- Frequency: 1.5
- Cluster: 0
- Churn Risk: No"
13858.0,1,1,182.67,57,1.0,1,0,Occasional Customers,"
       Customer Profile:
- Orders: 1
- Active Months: 1
- Avg Order Value: 182.67
- Recency: 57
- Frequency: 1.0
- Cluster: 1
- Churn Risk: No"
13859.0,1,1,172.76000000000002,326,1.0,0,1,Dormant Customers,"
       Customer Profile:
- Orders: 1
- Active Months: 1
- Avg Order Value: 172.76
- Recency: 326
- Frequency: 1.0
- Cluster: 0
- Churn Risk: Yes"
13860.0,5,4,492.972,1,1.25,1,0,Occasional Customers,"
       Customer Profile:
- Orders: 5
- Active Months: 4
- Avg Order Value: 492.97
- Recency: 1
- Frequency: 1.25
- Cluster: 1
- Churn Risk: No"
13862.0,8,8,392.60625,18,1.0,1,0,Occasional Customers,"
       Customer Profile:
- Orders: 8
- Active Months: 8
- Avg Order Value: 392.61
- Recency: 18
- Frequency: 1.0
- Cluster: 1
- Churn Risk: No"
13863.0,1,1,264.88,247,1.0,0,1,Dormant Customers,"
       Customer Profile:
- Orders: 1
- Active Months: 1
- Avg Order Value: 264.88
- Recency: 247
- Frequency: 1.0
- Cluster: 0
- Churn Risk: Yes"
13865.0,4,4,275.2275,58,1.0,1,0,Occasional Customers,"
       Customer Profile:
- Orders: 4
- Active Months: 4
- Avg Order Value: 275.23
- Recency: 58
- Frequency: 1.0
- Cluster: 1
- Churn Risk: No"
13866.0,1,1,145.67000000000002,74,1.0,1,0,Occasional Customers,"
       Customer Profile:
- Orders: 1
- Active Months: 1
- Avg Order Value: 145.67
- Recency: 74
- Frequency: 1.0
- Cluster: 1
- Churn Risk: No"
13867.0,3,3,231.5133333333333,31,1.0,1,0,Occasional Customers,"
       Customer Profile:
- Orders: 3
- Active Months: 3
- Avg Order Value: 231.51
- Recency: 31
- Frequency: 1.0
- Cluster: 1
- Churn Risk: No"
13868.0,2,2,2218.665,7,1.0,1,0,Occasional Customers,"
       Customer Profile:
- Orders: 2
- Active Months: 2
- Avg Order Value: 2218.66
- Recency: 7
- Frequency: 1.0
- Cluster: 1
- Churn Risk: No"
13869.0,4,4,729.9350000000001,123,1.0,1,0,Occasional Customers,"
       Customer Profile:
- Orders: 4
- Active Months: 4
- Avg Order Value: 729.94
- Recency: 123
- Frequency: 1.0
- Cluster: 1
- Churn Risk: No"
13870.0,8,6,346.6475,2,1.3333333333333333,1,0,Occasional Customers,"
       Customer Profile:
- Orders: 8
- Active Months: 6
- Avg Order Value: 346.65
- Recency: 2
- Frequency: 1.3333333333333333
- Cluster: 1
- Churn Risk: No"
13871.0,13,10,400.79307692307697,22,1.3,2,0,Frequent Customers,"
       Customer Profile:
- Orders: 13
- Active Months: 10
- Avg Order Value: 400.79
- Recency: 22
- Frequency: 1.3
- Cluster: 2
- Churn Risk: No"
13873.0,3,3,93.01666666666668,119,1.0,1,0,Occasional Customers,"
       Customer Profile:
- Orders: 3
- Active Months: 3
- Avg Order Value: 93.02
- Recency: 119
- Frequency: 1.0
- Cluster: 1
- Churn Risk: No"
13874.0,1,1,316.3,358,1.0,0,1,Dormant Customers,"
       Customer Profile:
- Orders: 1
- Active Months: 1
- Avg Order Value: 316.30
- Recency: 358
- Frequency: 1.0
- Cluster: 0
- Churn Risk: Yes"
13875.0,5,5,383.184,53,1.0,1,0,Occasional Customers,"
       Customer Profile:
- Orders: 5
- Active Months: 5
- Avg Order Value: 383.18
- Recency: 53
- Frequency: 1.0
- Cluster: 1
- Churn Risk: No"
13876.0,1,1,83.80000000000001,63,1.0,1,0,Occasional Customers,"
       Customer Profile:
- Orders: 1
- Active Months: 1
- Avg Order Value: 83.80
- Recency: 63
- Frequency: 1.0
- Cluster: 1
- Churn Risk: No"
13877.0,1,1,73.56,86,1.0,1,0,Occasional Customers,"
       Customer Profile:
- Orders: 1
- Active Months: 1
- Avg Order Value: 73.56
- Recency: 86
- Frequency: 1.0
- Cluster: 1
- Churn Risk: No"
13878.0,1,1,1955.28,54,1.0,1,0,Occasional Customers,"
       Customer Profile:
- Orders: 1
- Active Months: 1
- Avg Order Value: 1955.28
- Recency: 54
- Frequency: 1.0
- Cluster: 1
- Churn Risk: No"
13880.0,13,10,306.9269230769231,21,1.3,2,0,Frequent Customers,"
       Customer Profile:
- Orders: 13
- Active Months: 10
- Avg Order Value: 306.93
- Recency: 21
- Frequency: 1.3
- Cluster: 2
- Churn Risk: No"
13881.0,20,11,751.1560000000001,3,1.818181818181818,2,0,Frequent Customers,"
       Customer Profile:
- Orders: 20
- Active Months: 11
- Avg Order Value: 751.16
- Recency: 3
- Frequency: 1.818181818181818
- Cluster: 2
- Churn Risk: No"
13882.0,5,3,163.78199999999998,2,1.6666666666666667,1,0,Occasional Customers,"
       Customer Profile:
- Orders: 5
- Active Months: 3
- Avg Order Value: 163.78
- Recency: 2
- Frequency: 1.6666666666666667
- Cluster: 1
- Churn Risk: No"
13883.0,5,3,429.446,10,1.6666666666666667,1,0,Occasional Customers,"
       Customer Profile:
- Orders: 5
- Active Months: 3
- Avg Order Value: 429.45
- Recency: 10
- Frequency: 1.6666666666666667
- Cluster: 1
- Churn Risk: No"
13884.0,4,3,250.575,7,1.3333333333333333,1,0,Occasional Customers,"
       Customer Profile:
- Orders: 4
- Active Months: 3
- Avg Order Value: 250.57
- Recency: 7
- Frequency: 1.3333333333333333
- Cluster: 1
- Churn Risk: No"
13885.0,2,2,195.1,189,1.0,0,1,Dormant Customers,"
       Customer Profile:
- Orders: 2
- Active Months: 2
- Avg Order Value: 195.10
- Recency: 189
- Frequency: 1.0
- Cluster: 0
- Churn Risk: Yes"
13886.0,1,1,218.56,71,1.0,1,0,Occasional Customers,"
       Customer Profile:
- Orders: 1
- Active Months: 1
- Avg Order Value: 218.56
- Recency: 71
- Frequency: 1.0
- Cluster: 1
- Churn Risk: No"
13887.0,1,1,293.95,204,1.0,0,1,Dormant Customers,"
       Customer Profile:
- Orders: 1
- Active Months: 1
- Avg Order Value: 293.95
- Recency: 204
- Frequency: 1.0
- Cluster: 0
- Churn Risk: Yes"
13888.0,2,2,248.01,119,1.0,1,0,Occasional Customers,"
       Customer Profile:
- Orders: 2
- Active Months: 2
- Avg Order Value: 248.01
- Recency: 119
- Frequency: 1.0
- Cluster: 1
- Churn Risk: No"
13889.0,1,1,416.9,92,1.0,1,0,Occasional Customers,"
       Customer Profile:
- Orders: 1
- Active Months: 1
- Avg Order Value: 416.90
- Recency: 92
- Frequency: 1.0
- Cluster: 1
- Churn Risk: No"
13890.0,10,5,373.096,1,2.0,2,0,Frequent Customers,"
       Customer Profile:
- Orders: 10
- Active Months: 5
- Avg Order Value: 373.10
- Recency: 1
- Frequency: 2.0
- Cluster: 2
- Churn Risk: No"
13892.0,4,3,133.8675,26,1.3333333333333333,1,0,Occasional Customers,"
       Customer Profile:
- Orders: 4
- Active Months: 3
- Avg Order Value: 133.87
- Recency: 26
- Frequency: 1.3333333333333333
- Cluster: 1
- Churn Risk: No"
13893.0,1,1,287.5,297,1.0,0,1,Dormant Customers,"
       Customer Profile:
- Orders: 1
- Active Months: 1
- Avg Order Value: 287.50
- Recency: 297
- Frequency: 1.0
- Cluster: 0
- Churn Risk: Yes"
13894.0,3,2,164.30666666666667,23,1.5,1,0,Occasional Customers,"
       Customer Profile:
- Orders: 3
- Active Months: 2
- Avg Order Value: 164.31
- Recency: 23
- Frequency: 1.5
- Cluster: 1
- Churn Risk: No"
13895.0,4,4,1068.93,28,1.0,1,0,Occasional Customers,"
       Customer Profile:
- Orders: 4
- Active Months: 4
- Avg Order Value: 1068.93
- Recency: 28
- Frequency: 1.0
- Cluster: 1
- Churn Risk: No"
13897.0,1,1,311.16,50,1.0,1,0,Occasional Customers,"
       Customer Profile:
- Orders: 1
- Active Months: 1
- Avg Order Value: 311.16
- Recency: 50
- Frequency: 1.0
- Cluster: 1
- Churn Risk: No"
13898.0,1,1,138.93,325,1.0,0,1,Dormant Customers,"
       Customer Profile:
- Orders: 1
- Active Months: 1
- Avg Order Value: 138.93
- Recency: 325
- Frequency: 1.0
- Cluster: 0
- Churn Risk: Yes"
13899.0,2,2,168.76,16,1.0,1,0,Occasional Customers,"
       Customer Profile:
- Orders: 2
- Active Months: 2
- Avg Order Value: 168.76
- Recency: 16
- Frequency: 1.0
- Cluster: 1
- Churn Risk: No"
13900.0,2,2,311.4,192,1.0,0,1,Dormant Customers,"
       Customer Profile:
- Orders: 2
- Active Months: 2
- Avg Order Value: 311.40
- Recency: 192
- Frequency: 1.0
- Cluster: 0
- Churn Risk: Yes"
13901.0,5,5,779.998,72,1.0,1,0,Occasional Customers,"
       Customer Profile:
- Orders: 5
- Active Months: 5
- Avg Order Value: 780.00
- Recency: 72
- Frequency: 1.0
- Cluster: 1
- Churn Risk: No"
13904.0,2,2,166.32,37,1.0,1,0,Occasional Customers,"
       Customer Profile:
- Orders: 2
- Active Months: 2
- Avg Order Value: 166.32
- Recency: 37
- Frequency: 1.0
- Cluster: 1
- Churn Risk: No"
13908.0,4,4,911.51,79,1.0,1,0,Occasional Customers,"
       Customer Profile:
- Orders: 4
- Active Months: 4
- Avg Order Value: 911.51
- Recency: 79
- Frequency: 1.0
- Cluster: 1
- Churn Risk: No"
13911.0,9,6,336.8544444444444,57,1.5,1,0,Occasional Customers,"
       Customer Profile:
- Orders: 9
- Active Months: 6
- Avg Order Value: 336.85
- Recency: 57
- Frequency: 1.5
- Cluster: 1
- Churn Risk: No"
13914.0,2,1,304.98,11,2.0,1,0,Occasional Customers,"
       Customer Profile:
- Orders: 2
- Active Months: 1
- Avg Order Value: 304.98
- Recency: 11
- Frequency: 2.0
- Cluster: 1
- Churn Risk: No"
13917.0,2,2,126.07,49,1.0,1,0,Occasional Customers,"
       Customer Profile:
- Orders: 2
- Active Months: 2
- Avg Order Value: 126.07
- Recency: 49
- Frequency: 1.0
- Cluster: 1
- Churn Risk: No"
13918.0,2,2,373.135,49,1.0,1,0,Occasional Customers,"
       Customer Profile:
- Orders: 2
- Active Months: 2
- Avg Order Value: 373.13
- Recency: 49
- Frequency: 1.0
- Cluster: 1
- Churn Risk: No"
13919.0,2,2,165.93,59,1.0,1,0,Occasional Customers,"
       Customer Profile:
- Orders: 2
- Active Months: 2
- Avg Order Value: 165.93
- Recency: 59
- Frequency: 1.0
- Cluster: 1
- Churn Risk: No"
13922.0,1,1,92.94,351,1.0,0,1,Dormant Customers,"
       Customer Profile:
- Orders: 1
- Active Months: 1
- Avg Order Value: 92.94
- Recency: 351
- Frequency: 1.0
- Cluster: 0
- Churn Risk: Yes"
13923.0,1,1,317.63,53,1.0,1,0,Occasional Customers,"
       Customer Profile:
- Orders: 1
- Active Months: 1
- Avg Order Value: 317.63
- Recency: 53
- Frequency: 1.0
- Cluster: 1
- Churn Risk: No"
13924.0,6,4,488.5916666666667,1,1.5,1,0,Occasional Customers,"
       Customer Profile:
- Orders: 6
- Active Months: 4
- Avg Order Value: 488.59
- Recency: 1
- Frequency: 1.5
- Cluster: 1
- Churn Risk: No"
13925.0,4,3,108.3775,92,1.3333333333333333,1,0,Occasional Customers,"
       Customer Profile:
- Orders: 4
- Active Months: 3
- Avg Order Value: 108.38
- Recency: 92
- Frequency: 1.3333333333333333
- Cluster: 1
- Churn Risk: No"
13926.0,1,1,150.10000000000002,23,1.0,1,0,Occasional Customers,"
       Customer Profile:
- Orders: 1
- Active Months: 1
- Avg Order Value: 150.10
- Recency: 23
- Frequency: 1.0
- Cluster: 1
- Churn Risk: No"
13927.0,1,1,333.99,74,1.0,1,0,Occasional Customers,"
       Customer Profile:
- Orders: 1
- Active Months: 1
- Avg Order Value: 333.99
- Recency: 74
- Frequency: 1.0
- Cluster: 1
- Churn Risk: No"
13928.0,4,3,76.6175,10,1.3333333333333333,1,0,Occasional Customers,"
       Customer Profile:
- Orders: 4
- Active Months: 3
- Avg Order Value: 76.62
- Recency: 10
- Frequency: 1.3333333333333333
- Cluster: 1
- Churn Risk: No"
13929.0,2,2,683.925,169,1.0,0,0,Dormant Customers,"
       Customer Profile:
- Orders: 2
- Active Months: 2
- Avg Order Value: 683.92
- Recency: 169
- Frequency: 1.0
- Cluster: 0
- Churn Risk: No"
13930.0,2,2,168.67,57,1.0,1,0,Occasional Customers,"
       Customer Profile:
- Orders: 2
- Active Months: 2
- Avg Order Value: 168.67
- Recency: 57
- Frequency: 1.0
- Cluster: 1
- Churn Risk: No"
13931.0,2,2,781.875,95,1.0,1,0,Occasional Customers,"
       Customer Profile:
- Orders: 2
- Active Months: 2
- Avg Order Value: 781.88
- Recency: 95
- Frequency: 1.0
- Cluster: 1
- Churn Risk: No"
13932.0,1,1,195.8,294,1.0,0,1,Dormant Customers,"
       Customer Profile:
- Orders: 1
- Active Months: 1
- Avg Order Value: 195.80
- Recency: 294
- Frequency: 1.0
- Cluster: 0
- Churn Risk: Yes"
13933.0,2,2,288.495,109,1.0,1,0,Occasional Customers,"
       Customer Profile:
- Orders: 2
- Active Months: 2
- Avg Order Value: 288.50
- Recency: 109
- Frequency: 1.0
- Cluster: 1
- Churn Risk: No"
13934.0,1,1,2319.418999999997,263,1.0,0,1,Dormant Customers,"
       Customer Profile:
- Orders: 1
- Active Months: 1
- Avg Order Value: 2319.42
- Recency: 263
- Frequency: 1.0
- Cluster: 0
- Churn Risk: Yes"
13936.0,1,1,2319.418999999997,179,1.0,1,0,Occasional Customers,"
       Customer Profile:
- Orders: 1
- Active Months: 1
- Avg Order Value: 2319.42
- Recency: 179
- Frequency: 1.0
- Cluster: 1
- Churn Risk: No"
13937.0,1,1,756.0,169,1.0,0,0,Dormant Customers,"
       Customer Profile:
- Orders: 1
- Active Months: 1
- Avg Order Value: 756.00
- Recency: 169
- Frequency: 1.0
- Cluster: 0
- Churn Risk: No"
13938.0,1,1,71.66,35,1.0,1,0,Occasional Customers,"
       Customer Profile:
- Orders: 1
- Active Months: 1
- Avg Order Value: 71.66
- Recency: 35
- Frequency: 1.0
- Cluster: 1
- Churn Risk: No"
13939.0,3,3,172.01666666666665,23,1.0,1,0,Occasional Customers,"
       Customer Profile:
- Orders: 3
- Active Months: 3
- Avg Order Value: 172.02
- Recency: 23
- Frequency: 1.0
- Cluster: 1
- Churn Risk: No"
13940.0,4,4,489.17,17,1.0,1,0,Occasional Customers,"
       Customer Profile:
- Orders: 4
- Active Months: 4
- Avg Order Value: 489.17
- Recency: 17
- Frequency: 1.0
- Cluster: 1
- Churn Risk: No"
13941.0,5,5,637.082,21,1.0,1,0,Occasional Customers,"
       Customer Profile:
- Orders: 5
- Active Months: 5
- Avg Order Value: 637.08
- Recency: 21
- Frequency: 1.0
- Cluster: 1
- Churn Risk: No"
13946.0,3,3,251.61,79,1.0,1,0,Occasional Customers,"
       Customer Profile:
- Orders: 3
- Active Months: 3
- Avg Order Value: 251.61
- Recency: 79
- Frequency: 1.0
- Cluster: 1
- Churn Risk: No"
13947.0,1,1,90.6,65,1.0,1,0,Occasional Customers,"
       Customer Profile:
- Orders: 1
- Active Months: 1
- Avg Order Value: 90.60
- Recency: 65
- Frequency: 1.0
- Cluster: 1
- Churn Risk: No"
13948.0,1,1,70.19999999999999,360,1.0,0,1,Dormant Customers,"
       Customer Profile:
- Orders: 1
- Active Months: 1
- Avg Order Value: 70.20
- Recency: 360
- Frequency: 1.0
- Cluster: 0
- Churn Risk: Yes"
13949.0,6,4,425.4666666666667,2,1.5,1,0,Occasional Customers,"
       Customer Profile:
- Orders: 6
- Active Months: 4
- Avg Order Value: 425.47
- Recency: 2
- Frequency: 1.5
- Cluster: 1
- Churn Risk: No"
13950.0,4,3,126.6275,11,1.3333333333333333,1,0,Occasional Customers,"
       Customer Profile:
- Orders: 4
- Active Months: 3
- Avg Order Value: 126.63
- Recency: 11
- Frequency: 1.3333333333333333
- Cluster: 1
- Churn Risk: No"
13951.0,3,3,359.67333333333335,176,1.0,0,0,Dormant Customers,"
       Customer Profile:
- Orders: 3
- Active Months: 3
- Avg Order Value: 359.67
- Recency: 176
- Frequency: 1.0
- Cluster: 0
- Churn Risk: No"
13952.0,2,2,1191.8505,217,1.0,0,1,Dormant Customers,"
       Customer Profile:
- Orders: 2
- Active Months: 2
- Avg Order Value: 1191.85
- Recency: 217
- Frequency: 1.0
- Cluster: 0
- Churn Risk: Yes"
13953.0,7,7,71.70428571428572,7,1.0,1,0,Occasional Customers,"
       Customer Profile:
- Orders: 7
- Active Months: 7
- Avg Order Value: 71.70
- Recency: 7
- Frequency: 1.0
- Cluster: 1
- Churn Risk: No"
13954.0,2,2,563.0600000000001,1,1.0,1,0,Occasional Customers,"
       Customer Profile:
- Orders: 2
- Active Months: 2
- Avg Order Value: 563.06
- Recency: 1
- Frequency: 1.0
- Cluster: 1
- Churn Risk: No"
13955.0,2,2,119.655,154,1.0,0,0,Dormant Customers,"
       Customer Profile:
- Orders: 2
- Active Months: 2
- Avg Order Value: 119.66
- Recency: 154
- Frequency: 1.0
- Cluster: 0
- Churn Risk: No"
13956.0,5,5,291.344,5,1.0,1,0,Occasional Customers,"
       Customer Profile:
- Orders: 5
- Active Months: 5
- Avg Order Value: 291.34
- Recency: 5
- Frequency: 1.0
- Cluster: 1
- Churn Risk: No"
13959.0,3,3,226.94333333333336,79,1.0,1,0,Occasional Customers,"
       Customer Profile:
- Orders: 3
- Active Months: 3
- Avg Order Value: 226.94
- Recency: 79
- Frequency: 1.0
- Cluster: 1
- Churn Risk: No"
13960.0,2,2,115.11,21,1.0,1,0,Occasional Customers,"
       Customer Profile:
- Orders: 2
- Active Months: 2
- Avg Order Value: 115.11
- Recency: 21
- Frequency: 1.0
- Cluster: 1
- Churn Risk: No"
13962.0,2,2,41.05,21,1.0,1,0,Occasional Customers,"
       Customer Profile:
- Orders: 2
- Active Months: 2
- Avg Order Value: 41.05
- Recency: 21
- Frequency: 1.0
- Cluster: 1
- Churn Risk: No"
13963.0,4,3,228.91,308,1.3333333333333333,0,1,Dormant Customers,"
       Customer Profile:
- Orders: 4
- Active Months: 3
- Avg Order Value: 228.91
- Recency: 308
- Frequency: 1.3333333333333333
- Cluster: 0
- Churn Risk: Yes"
13967.0,1,1,138.9,145,1.0,0,0,Dormant Customers,"
       Customer Profile:
- Orders: 1
- Active Months: 1
- Avg Order Value: 138.90
- Recency: 145
- Frequency: 1.0
- Cluster: 0
- Churn Risk: No"
13969.0,18,11,747.095,7,1.6363636363636365,2,0,Frequent Customers,"
       Customer Profile:
- Orders: 18
- Active Months: 11
- Avg Order Value: 747.10
- Recency: 7
- Frequency: 1.6363636363636365
- Cluster: 2
- Churn Risk: No"
13971.0,8,7,397.52375,18,1.1428571428571428,1,0,Occasional Customers,"
       Customer Profile:
- Orders: 8
- Active Months: 7
- Avg Order Value: 397.52
- Recency: 18
- Frequency: 1.1428571428571428
- Cluster: 1
- Churn Risk: No"
13972.0,2,2,152.175,70,1.0,1,0,Occasional Customers,"
       Customer Profile:
- Orders: 2
- Active Months: 2
- Avg Order Value: 152.18
- Recency: 70
- Frequency: 1.0
- Cluster: 1
- Churn Risk: No"
13973.0,1,1,186.75,287,1.0,0,1,Dormant Customers,"
       Customer Profile:
- Orders: 1
- Active Months: 1
- Avg Order Value: 186.75
- Recency: 287
- Frequency: 1.0
- Cluster: 0
- Churn Risk: Yes"
13974.0,1,1,413.59,49,1.0,1,0,Occasional Customers,"
       Customer Profile:
- Orders: 1
- Active Months: 1
- Avg Order Value: 413.59
- Recency: 49
- Frequency: 1.0
- Cluster: 1
- Churn Risk: No"
13975.0,6,5,823.0316666666666,31,1.2,1,0,Occasional Customers,"
       Customer Profile:
- Orders: 6
- Active Months: 5
- Avg Order Value: 823.03
- Recency: 31
- Frequency: 1.2
- Cluster: 1
- Churn Risk: No"
13976.0,1,1,238.49,206,1.0,0,1,Dormant Customers,"
       Customer Profile:
- Orders: 1
- Active Months: 1
- Avg Order Value: 238.49
- Recency: 206
- Frequency: 1.0
- Cluster: 0
- Churn Risk: Yes"
13978.0,2,2,83.68,14,1.0,1,0,Occasional Customers,"
       Customer Profile:
- Orders: 2
- Active Months: 2
- Avg Order Value: 83.68
- Recency: 14
- Frequency: 1.0
- Cluster: 1
- Churn Risk: No"
13979.0,1,1,869.87,73,1.0,1,0,Occasional Customers,"
       Customer Profile:
- Orders: 1
- Active Months: 1
- Avg Order Value: 869.87
- Recency: 73
- Frequency: 1.0
- Cluster: 1
- Churn Risk: No"
13980.0,1,1,373.83,60,1.0,1,0,Occasional Customers,"
       Customer Profile:
- Orders: 1
- Active Months: 1
- Avg Order Value: 373.83
- Recency: 60
- Frequency: 1.0
- Cluster: 1
- Churn Risk: No"
13982.0,4,4,746.0675,39,1.0,1,0,Occasional Customers,"
       Customer Profile:
- Orders: 4
- Active Months: 4
- Avg Order Value: 746.07
- Recency: 39
- Frequency: 1.0
- Cluster: 1
- Churn Risk: No"
13983.0,10,7,413.801,29,1.4285714285714286,2,0,Frequent Customers,"
       Customer Profile:
- Orders: 10
- Active Months: 7
- Avg Order Value: 413.80
- Recency: 29
- Frequency: 1.4285714285714286
- Cluster: 2
- Churn Risk: No"
13984.0,5,5,254.966,26,1.0,1,0,Occasional Customers,"
       Customer Profile:
- Orders: 5
- Active Months: 5
- Avg Order Value: 254.97
- Recency: 26
- Frequency: 1.0
- Cluster: 1
- Churn Risk: No"
13985.0,15,9,618.6153333333333,4,1.6666666666666667,2,0,Frequent Customers,"
       Customer Profile:
- Orders: 15
- Active Months: 9
- Avg Order Value: 618.62
- Recency: 4
- Frequency: 1.6666666666666667
- Cluster: 2
- Churn Risk: No"
13986.0,1,1,220.08,17,1.0,1,0,Occasional Customers,"
       Customer Profile:
- Orders: 1
- Active Months: 1
- Avg Order Value: 220.08
- Recency: 17
- Frequency: 1.0
- Cluster: 1
- Churn Risk: No"
13988.0,6,6,752.25,19,1.0,1,0,Occasional Customers,"
       Customer Profile:
- Orders: 6
- Active Months: 6
- Avg Order Value: 752.25
- Recency: 19
- Frequency: 1.0
- Cluster: 1
- Churn Risk: No"
13989.0,2,2,341.805,65,1.0,1,0,Occasional Customers,"
       Customer Profile:
- Orders: 2
- Active Months: 2
- Avg Order Value: 341.81
- Recency: 65
- Frequency: 1.0
- Cluster: 1
- Churn Risk: No"
13990.0,1,1,303.11,213,1.0,0,1,Dormant Customers,"
       Customer Profile:
- Orders: 1
- Active Months: 1
- Avg Order Value: 303.11
- Recency: 213
- Frequency: 1.0
- Cluster: 0
- Churn Risk: Yes"
13991.0,6,4,199.57833333333332,12,1.5,1,0,Occasional Customers,"
       Customer Profile:
- Orders: 6
- Active Months: 4
- Avg Order Value: 199.58
- Recency: 12
- Frequency: 1.5
- Cluster: 1
- Churn Risk: No"
13992.0,1,1,76.8,30,1.0,1,0,Occasional Customers,"
       Customer Profile:
- Orders: 1
- Active Months: 1
- Avg Order Value: 76.80
- Recency: 30
- Frequency: 1.0
- Cluster: 1
- Churn Risk: No"
13993.0,9,8,323.6722222222222,42,1.125,1,0,Occasional Customers,"
       Customer Profile:
- Orders: 9
- Active Months: 8
- Avg Order Value: 323.67
- Recency: 42
- Frequency: 1.125
- Cluster: 1
- Churn Risk: No"
13994.0,6,5,524.79,3,1.2,1,0,Occasional Customers,"
       Customer Profile:
- Orders: 6
- Active Months: 5
- Avg Order Value: 524.79
- Recency: 3
- Frequency: 1.2
- Cluster: 1
- Churn Risk: No"
13995.0,5,5,261.798,15,1.0,1,0,Occasional Customers,"
       Customer Profile:
- Orders: 5
- Active Months: 5
- Avg Order Value: 261.80
- Recency: 15
- Frequency: 1.0
- Cluster: 1
- Churn Risk: No"
13999.0,12,10,602.2275000000001,10,1.2,2,0,Frequent Customers,"
       Customer Profile:
- Orders: 12
- Active Months: 10
- Avg Order Value: 602.23
- Recency: 10
- Frequency: 1.2
- Cluster: 2
- Churn Risk: No"
14000.0,1,1,390.18,211,1.0,0,1,Dormant Customers,"
       Customer Profile:
- Orders: 1
- Active Months: 1
- Avg Order Value: 390.18
- Recency: 211
- Frequency: 1.0
- Cluster: 0
- Churn Risk: Yes"
14001.0,3,3,1116.4466666666667,45,1.0,1,0,Occasional Customers,"
       Customer Profile:
- Orders: 3
- Active Months: 3
- Avg Order Value: 1116.45
- Recency: 45
- Frequency: 1.0
- Cluster: 1
- Churn Risk: No"
14002.0,2,1,207.25,134,2.0,1,0,Occasional Customers,"
       Customer Profile:
- Orders: 2
- Active Months: 1
- Avg Order Value: 207.25
- Recency: 134
- Frequency: 2.0
- Cluster: 1
- Churn Risk: No"
14004.0,7,5,560.1899999999999,43,1.4,1,0,Occasional Customers,"
       Customer Profile:
- Orders: 7
- Active Months: 5
- Avg Order Value: 560.19
- Recency: 43
- Frequency: 1.4
- Cluster: 1
- Churn Risk: No"
14005.0,5,5,686.03,9,1.0,1,0,Occasional Customers,"
       Customer Profile:
- Orders: 5
- Active Months: 5
- Avg Order Value: 686.03
- Recency: 9
- Frequency: 1.0
- Cluster: 1
- Churn Risk: No"
14006.0,3,3,213.04666666666665,115,1.0,1,0,Occasional Customers,"
       Customer Profile:
- Orders: 3
- Active Months: 3
- Avg Order Value: 213.05
- Recency: 115
- Frequency: 1.0
- Cluster: 1
- Churn Risk: No"
14009.0,2,1,323.405,198,2.0,0,1,Dormant Customers,"
       Customer Profile:
- Orders: 2
- Active Months: 1
- Avg Order Value: 323.40
- Recency: 198
- Frequency: 2.0
- Cluster: 0
- Churn Risk: Yes"
14012.0,1,1,328.8,277,1.0,0,1,Dormant Customers,"
       Customer Profile:
- Orders: 1
- Active Months: 1
- Avg Order Value: 328.80
- Recency: 277
- Frequency: 1.0
- Cluster: 0
- Churn Risk: Yes"
14013.0,3,3,264.9266666666667,110,1.0,1,0,Occasional Customers,"
       Customer Profile:
- Orders: 3
- Active Months: 3
- Avg Order Value: 264.93
- Recency: 110
- Frequency: 1.0
- Cluster: 1
- Churn Risk: No"
14014.0,1,1,419.98,77,1.0,1,0,Occasional Customers,"
       Customer Profile:
- Orders: 1
- Active Months: 1
- Avg Order Value: 419.98
- Recency: 77
- Frequency: 1.0
- Cluster: 1
- Churn Risk: No"
14015.0,1,1,830.64,52,1.0,1,0,Occasional Customers,"
       Customer Profile:
- Orders: 1
- Active Months: 1
- Avg Order Value: 830.64
- Recency: 52
- Frequency: 1.0
- Cluster: 1
- Churn Risk: No"
14016.0,4,4,722.14,161,1.0,1,0,Occasional Customers,"
       Customer Profile:
- Orders: 4
- Active Months: 4
- Avg Order Value: 722.14
- Recency: 161
- Frequency: 1.0
- Cluster: 1
- Churn Risk: No"
14019.0,3,3,512.0733333333333,46,1.0,1,0,Occasional Customers,"
       Customer Profile:
- Orders: 3
- Active Months: 3
- Avg Order Value: 512.07
- Recency: 46
- Frequency: 1.0
- Cluster: 1
- Churn Risk: No"
14020.0,2,2,292.195,16,1.0,1,0,Occasional Customers,"
       Customer Profile:
- Orders: 2
- Active Months: 2
- Avg Order Value: 292.19
- Recency: 16
- Frequency: 1.0
- Cluster: 1
- Churn Risk: No"
14021.0,3,3,160.23333333333332,155,1.0,0,0,Dormant Customers,"
       Customer Profile:
- Orders: 3
- Active Months: 3
- Avg Order Value: 160.23
- Recency: 155
- Frequency: 1.0
- Cluster: 0
- Churn Risk: No"
14022.0,1,1,427.85,225,1.0,0,1,Dormant Customers,"
       Customer Profile:
- Orders: 1
- Active Months: 1
- Avg Order Value: 427.85
- Recency: 225
- Frequency: 1.0
- Cluster: 0
- Churn Risk: Yes"
14023.0,2,2,405.78,7,1.0,1,0,Occasional Customers,"
       Customer Profile:
- Orders: 2
- Active Months: 2
- Avg Order Value: 405.78
- Recency: 7
- Frequency: 1.0
- Cluster: 1
- Churn Risk: No"
14024.0,2,1,382.425,121,2.0,1,0,Occasional Customers,"
       Customer Profile:
- Orders: 2
- Active Months: 1
- Avg Order Value: 382.43
- Recency: 121
- Frequency: 2.0
- Cluster: 1
- Churn Risk: No"
14027.0,1,1,314.46,60,1.0,1,0,Occasional Customers,"
       Customer Profile:
- Orders: 1
- Active Months: 1
- Avg Order Value: 314.46
- Recency: 60
- Frequency: 1.0
- Cluster: 1
- Churn Risk: No"
14029.0,2,2,174.70499999999998,63,1.0,1,0,Occasional Customers,"
       Customer Profile:
- Orders: 2
- Active Months: 2
- Avg Order Value: 174.70
- Recency: 63
- Frequency: 1.0
- Cluster: 1
- Churn Risk: No"
14030.0,8,6,318.52,18,1.3333333333333333,1,0,Occasional Customers,"
       Customer Profile:
- Orders: 8
- Active Months: 6
- Avg Order Value: 318.52
- Recency: 18
- Frequency: 1.3333333333333333
- Cluster: 1
- Churn Risk: No"
14031.0,18,11,756.8433333333334,7,1.6363636363636365,2,0,Frequent Customers,"
       Customer Profile:
- Orders: 18
- Active Months: 11
- Avg Order Value: 756.84
- Recency: 7
- Frequency: 1.6363636363636365
- Cluster: 2
- Churn Risk: No"
14032.0,11,8,402.3427272727273,2,1.375,2,0,Frequent Customers,"
       Customer Profile:
- Orders: 11
- Active Months: 8
- Avg Order Value: 402.34
- Recency: 2
- Frequency: 1.375
- Cluster: 2
- Churn Risk: No"
14034.0,3,2,259.1666666666667,22,1.5,1,0,Occasional Customers,"
       Customer Profile:
- Orders: 3
- Active Months: 2
- Avg Order Value: 259.17
- Recency: 22
- Frequency: 1.5
- Cluster: 1
- Churn Risk: No"
14035.0,5,5,608.728,28,1.0,1,0,Occasional Customers,"
       Customer Profile:
- Orders: 5
- Active Months: 5
- Avg Order Value: 608.73
- Recency: 28
- Frequency: 1.0
- Cluster: 1
- Churn Risk: No"
14036.0,1,1,451.25,284,1.0,0,1,Dormant Customers,"
       Customer Profile:
- Orders: 1
- Active Months: 1
- Avg Order Value: 451.25
- Recency: 284
- Frequency: 1.0
- Cluster: 0
- Churn Risk: Yes"
14037.0,2,2,69.625,176,1.0,0,0,Dormant Customers,"
       Customer Profile:
- Orders: 2
- Active Months: 2
- Avg Order Value: 69.62
- Recency: 176
- Frequency: 1.0
- Cluster: 0
- Churn Risk: No"
14038.0,3,3,520.1266666666667,78,1.0,1,0,Occasional Customers,"
       Customer Profile:
- Orders: 3
- Active Months: 3
- Avg Order Value: 520.13
- Recency: 78
- Frequency: 1.0
- Cluster: 1
- Churn Risk: No"
14039.0,1,1,243.5,33,1.0,1,0,Occasional Customers,"
       Customer Profile:
- Orders: 1
- Active Months: 1
- Avg Order Value: 243.50
- Recency: 33
- Frequency: 1.0
- Cluster: 1
- Churn Risk: No"
14040.0,12,8,322.7608333333333,40,1.5,2,0,Frequent Customers,"
       Customer Profile:
- Orders: 12
- Active Months: 8
- Avg Order Value: 322.76
- Recency: 40
- Frequency: 1.5
- Cluster: 2
- Churn Risk: No"
14041.0,1,1,141.41,266,1.0,0,1,Dormant Customers,"
       Customer Profile:
- Orders: 1
- Active Months: 1
- Avg Order Value: 141.41
- Recency: 266
- Frequency: 1.0
- Cluster: 0
- Churn Risk: Yes"
14044.0,4,4,228.4375,26,1.0,1,0,Occasional Customers,"
       Customer Profile:
- Orders: 4
- Active Months: 4
- Avg Order Value: 228.44
- Recency: 26
- Frequency: 1.0
- Cluster: 1
- Churn Risk: No"
14045.0,3,2,391.5,337,1.5,0,1,Dormant Customers,"
       Customer Profile:
- Orders: 3
- Active Months: 2
- Avg Order Value: 391.50
- Recency: 337
- Frequency: 1.5
- Cluster: 0
- Churn Risk: Yes"
14046.0,1,1,97.66,284,1.0,0,1,Dormant Customers,"
       Customer Profile:
- Orders: 1
- Active Months: 1
- Avg Order Value: 97.66
- Recency: 284
- Frequency: 1.0
- Cluster: 0
- Churn Risk: Yes"
14047.0,5,5,162.882,8,1.0,1,0,Occasional Customers,"
       Customer Profile:
- Orders: 5
- Active Months: 5
- Avg Order Value: 162.88
- Recency: 8
- Frequency: 1.0
- Cluster: 1
- Churn Risk: No"
14048.0,1,1,405.52,305,1.0,0,1,Dormant Customers,"
       Customer Profile:
- Orders: 1
- Active Months: 1
- Avg Order Value: 405.52
- Recency: 305
- Frequency: 1.0
- Cluster: 0
- Churn Risk: Yes"
14049.0,4,4,1482.2725,16,1.0,1,0,Occasional Customers,"
       Customer Profile:
- Orders: 4
- Active Months: 4
- Avg Order Value: 1482.27
- Recency: 16
- Frequency: 1.0
- Cluster: 1
- Churn Risk: No"
14050.0,2,2,373.18,31,1.0,1,0,Occasional Customers,"
       Customer Profile:
- Orders: 2
- Active Months: 2
- Avg Order Value: 373.18
- Recency: 31
- Frequency: 1.0
- Cluster: 1
- Churn Risk: No"
14051.0,23,13,837.3339130434782,1,1.7692307692307692,2,0,Frequent Customers,"
       Customer Profile:
- Orders: 23
- Active Months: 13
- Avg Order Value: 837.33
- Recency: 1
- Frequency: 1.7692307692307692
- Cluster: 2
- Churn Risk: No"
14052.0,1,1,634.64,19,1.0,1,0,Occasional Customers,"
       Customer Profile:
- Orders: 1
- Active Months: 1
- Avg Order Value: 634.64
- Recency: 19
- Frequency: 1.0
- Cluster: 1
- Churn Risk: No"
14053.0,2,2,156.18,124,1.0,1,0,Occasional Customers,"
       Customer Profile:
- Orders: 2
- Active Months: 2
- Avg Order Value: 156.18
- Recency: 124
- Frequency: 1.0
- Cluster: 1
- Churn Risk: No"
14054.0,1,1,92.46,65,1.0,1,0,Occasional Customers,"
       Customer Profile:
- Orders: 1
- Active Months: 1
- Avg Order Value: 92.46
- Recency: 65
- Frequency: 1.0
- Cluster: 1
- Churn Risk: No"
14055.0,1,1,300.34000000000003,106,1.0,1,0,Occasional Customers,"
       Customer Profile:
- Orders: 1
- Active Months: 1
- Avg Order Value: 300.34
- Recency: 106
- Frequency: 1.0
- Cluster: 1
- Churn Risk: No"
14056.0,23,11,364.19043478260863,1,2.090909090909091,2,0,Frequent Customers,"
       Customer Profile:
- Orders: 23
- Active Months: 11
- Avg Order Value: 364.19
- Recency: 1
- Frequency: 2.090909090909091
- Cluster: 2
- Churn Risk: No"
14057.0,16,11,351.6775,23,1.4545454545454546,2,0,Frequent Customers,"
       Customer Profile:
- Orders: 16
- Active Months: 11
- Avg Order Value: 351.68
- Recency: 23
- Frequency: 1.4545454545454546
- Cluster: 2
- Churn Risk: No"
14059.0,1,1,155.54999999999998,266,1.0,0,1,Dormant Customers,"
       Customer Profile:
- Orders: 1
- Active Months: 1
- Avg Order Value: 155.55
- Recency: 266
- Frequency: 1.0
- Cluster: 0
- Churn Risk: Yes"
14060.0,19,13,373.24105263157895,4,1.4615384615384617,2,0,Frequent Customers,"
       Customer Profile:
- Orders: 19
- Active Months: 13
- Avg Order Value: 373.24
- Recency: 4
- Frequency: 1.4615384615384617
- Cluster: 2
- Churn Risk: No"
14062.0,12,8,535.7833333333333,9,1.5,2,0,Frequent Customers,"
       Customer Profile:
- Orders: 12
- Active Months: 8
- Avg Order Value: 535.78
- Recency: 9
- Frequency: 1.5
- Cluster: 2
- Churn Risk: No"
14064.0,5,4,182.562,29,1.25,1,0,Occasional Customers,"
       Customer Profile:
- Orders: 5
- Active Months: 4
- Avg Order Value: 182.56
- Recency: 29
- Frequency: 1.25
- Cluster: 1
- Churn Risk: No"
14066.0,1,1,114.3,266,1.0,0,1,Dormant Customers,"
       Customer Profile:
- Orders: 1
- Active Months: 1
- Avg Order Value: 114.30
- Recency: 266
- Frequency: 1.0
- Cluster: 0
- Churn Risk: Yes"
14067.0,2,2,229.725,63,1.0,1,0,Occasional Customers,"
       Customer Profile:
- Orders: 2
- Active Months: 2
- Avg Order Value: 229.72
- Recency: 63
- Frequency: 1.0
- Cluster: 1
- Churn Risk: No"
14068.0,1,1,497.7,320,1.0,0,1,Dormant Customers,"
       Customer Profile:
- Orders: 1
- Active Months: 1
- Avg Order Value: 497.70
- Recency: 320
- Frequency: 1.0
- Cluster: 0
- Churn Risk: Yes"
14071.0,8,4,258.40125,3,2.0,2,0,Frequent Customers,"
       Customer Profile:
- Orders: 8
- Active Months: 4
- Avg Order Value: 258.40
- Recency: 3
- Frequency: 2.0
- Cluster: 2
- Churn Risk: No"
14073.0,1,1,302.08,32,1.0,1,0,Occasional Customers,"
       Customer Profile:
- Orders: 1
- Active Months: 1
- Avg Order Value: 302.08
- Recency: 32
- Frequency: 1.0
- Cluster: 1
- Churn Risk: No"
14075.0,3,3,568.2666666666667,4,1.0,1,0,Occasional Customers,"
       Customer Profile:
- Orders: 3
- Active Months: 3
- Avg Order Value: 568.27
- Recency: 4
- Frequency: 1.0
- Cluster: 1
- Churn Risk: No"
14076.0,1,1,101.72,129,1.0,0,0,Dormant Customers,"
       Customer Profile:
- Orders: 1
- Active Months: 1
- Avg Order Value: 101.72
- Recency: 129
- Frequency: 1.0
- Cluster: 0
- Churn Risk: No"
14077.0,5,5,99.502,40,1.0,1,0,Occasional Customers,"
       Customer Profile:
- Orders: 5
- Active Months: 5
- Avg Order Value: 99.50
- Recency: 40
- Frequency: 1.0
- Cluster: 1
- Churn Risk: No"
14078.0,6,6,182.57833333333332,101,1.0,1,0,Occasional Customers,"
       Customer Profile:
- Orders: 6
- Active Months: 6
- Avg Order Value: 182.58
- Recency: 101
- Frequency: 1.0
- Cluster: 1
- Churn Risk: No"
14079.0,1,1,609.42,124,1.0,1,0,Occasional Customers,"
       Customer Profile:
- Orders: 1
- Active Months: 1
- Avg Order Value: 609.42
- Recency: 124
- Frequency: 1.0
- Cluster: 1
- Churn Risk: No"
14080.0,1,1,91.2,32,1.0,1,0,Occasional Customers,"
       Customer Profile:
- Orders: 1
- Active Months: 1
- Avg Order Value: 91.20
- Recency: 32
- Frequency: 1.0
- Cluster: 1
- Churn Risk: No"
14081.0,2,2,498.115,302,1.0,0,1,Dormant Customers,"
       Customer Profile:
- Orders: 2
- Active Months: 2
- Avg Order Value: 498.12
- Recency: 302
- Frequency: 1.0
- Cluster: 0
- Churn Risk: Yes"
14082.0,1,1,144.6,364,1.0,0,1,Dormant Customers,"
       Customer Profile:
- Orders: 1
- Active Months: 1
- Avg Order Value: 144.60
- Recency: 364
- Frequency: 1.0
- Cluster: 0
- Churn Risk: Yes"
14083.0,9,6,91.48222222222222,4,1.5,1,0,Occasional Customers,"
       Customer Profile:
- Orders: 9
- Active Months: 6
- Avg Order Value: 91.48
- Recency: 4
- Frequency: 1.5
- Cluster: 1
- Churn Risk: No"
14085.0,18,10,252.69833333333327,2,1.8,2,0,Frequent Customers,"
       Customer Profile:
- Orders: 18
- Active Months: 10
- Avg Order Value: 252.70
- Recency: 2
- Frequency: 1.8
- Cluster: 2
- Churn Risk: No"
14087.0,1,1,190.84,2,1.0,1,0,Occasional Customers,"
       Customer Profile:
- Orders: 1
- Active Months: 1
- Avg Order Value: 190.84
- Recency: 2
- Frequency: 1.0
- Cluster: 1
- Churn Risk: No"
14088.0,13,6,2319.418999999997,10,2.1666666666666665,2,0,Frequent Customers,"
       Customer Profile:
- Orders: 13
- Active Months: 6
- Avg Order Value: 2319.42
- Recency: 10
- Frequency: 2.1666666666666665
- Cluster: 2
- Churn Risk: No"
14089.0,1,1,128.6,56,1.0,1,0,Occasional Customers,"
       Customer Profile:
- Orders: 1
- Active Months: 1
- Avg Order Value: 128.60
- Recency: 56
- Frequency: 1.0
- Cluster: 1
- Churn Risk: No"
14090.0,1,1,28.62,324,1.0,0,1,Dormant Customers,"
       Customer Profile:
- Orders: 1
- Active Months: 1
- Avg Order Value: 28.62
- Recency: 324
- Frequency: 1.0
- Cluster: 0
- Churn Risk: Yes"
14092.0,14,11,348.0878571428572,7,1.2727272727272727,2,0,Frequent Customers,"
       Customer Profile:
- Orders: 14
- Active Months: 11
- Avg Order Value: 348.09
- Recency: 7
- Frequency: 1.2727272727272727
- Cluster: 2
- Churn Risk: No"
14093.0,1,1,856.74,12,1.0,1,0,Occasional Customers,"
       Customer Profile:
- Orders: 1
- Active Months: 1
- Avg Order Value: 856.74
- Recency: 12
- Frequency: 1.0
- Cluster: 1
- Churn Risk: No"
14096.0,17,5,2319.418999999997,4,3.0,2,0,Frequent Customers,"
       Customer Profile:
- Orders: 17
- Active Months: 5
- Avg Order Value: 2319.42
- Recency: 4
- Frequency: 3.0
- Cluster: 2
- Churn Risk: No"
14098.0,1,1,147.35,36,1.0,1,0,Occasional Customers,"
       Customer Profile:
- Orders: 1
- Active Months: 1
- Avg Order Value: 147.35
- Recency: 36
- Frequency: 1.0
- Cluster: 1
- Churn Risk: No"
14099.0,11,10,273.7927272727273,16,1.1,2,0,Frequent Customers,"
       Customer Profile:
- Orders: 11
- Active Months: 10
- Avg Order Value: 273.79
- Recency: 16
- Frequency: 1.1
- Cluster: 2
- Churn Risk: No"
14100.0,1,1,144.25,137,1.0,0,0,Dormant Customers,"
       Customer Profile:
- Orders: 1
- Active Months: 1
- Avg Order Value: 144.25
- Recency: 137
- Frequency: 1.0
- Cluster: 0
- Churn Risk: No"
14101.0,6,6,280.84166666666664,73,1.0,1,0,Occasional Customers,"
       Customer Profile:
- Orders: 6
- Active Months: 6
- Avg Order Value: 280.84
- Recency: 73
- Frequency: 1.0
- Cluster: 1
- Churn Risk: No"
14102.0,5,3,194.896,5,1.6666666666666667,1,0,Occasional Customers,"
       Customer Profile:
- Orders: 5
- Active Months: 3
- Avg Order Value: 194.90
- Recency: 5
- Frequency: 1.6666666666666667
- Cluster: 1
- Churn Risk: No"
14104.0,1,1,69.71,165,1.0,0,0,Dormant Customers,"
       Customer Profile:
- Orders: 1
- Active Months: 1
- Avg Order Value: 69.71
- Recency: 165
- Frequency: 1.0
- Cluster: 0
- Churn Risk: No"
14105.0,1,1,1100.48,239,1.0,0,1,Dormant Customers,"
       Customer Profile:
- Orders: 1
- Active Months: 1
- Avg Order Value: 1100.48
- Recency: 239
- Frequency: 1.0
- Cluster: 0
- Churn Risk: Yes"
14107.0,7,7,525.74,51,1.0,1,0,Occasional Customers,"
       Customer Profile:
- Orders: 7
- Active Months: 7
- Avg Order Value: 525.74
- Recency: 51
- Frequency: 1.0
- Cluster: 1
- Churn Risk: No"
14108.0,2,2,272.17999999999995,30,1.0,1,0,Occasional Customers,"
       Customer Profile:
- Orders: 2
- Active Months: 2
- Avg Order Value: 272.18
- Recency: 30
- Frequency: 1.0
- Cluster: 1
- Churn Risk: No"
14109.0,1,1,144.2,72,1.0,1,0,Occasional Customers,"
       Customer Profile:
- Orders: 1
- Active Months: 1
- Avg Order Value: 144.20
- Recency: 72
- Frequency: 1.0
- Cluster: 1
- Churn Risk: No"
14110.0,12,9,476.30166666666673,3,1.3333333333333333,2,0,Frequent Customers,"
       Customer Profile:
- Orders: 12
- Active Months: 9
- Avg Order Value: 476.30
- Recency: 3
- Frequency: 1.3333333333333333
- Cluster: 2
- Churn Risk: No"
14111.0,4,4,101.1375,14,1.0,1,0,Occasional Customers,"
       Customer Profile:
- Orders: 4
- Active Months: 4
- Avg Order Value: 101.14
- Recency: 14
- Frequency: 1.0
- Cluster: 1
- Churn Risk: No"
14112.0,6,5,1050.3666666666668,22,1.2,1,0,Occasional Customers,"
       Customer Profile:
- Orders: 6
- Active Months: 5
- Avg Order Value: 1050.37
- Recency: 22
- Frequency: 1.2
- Cluster: 1
- Churn Risk: No"
14113.0,4,4,337.6425,3,1.0,1,0,Occasional Customers,"
       Customer Profile:
- Orders: 4
- Active Months: 4
- Avg Order Value: 337.64
- Recency: 3
- Frequency: 1.0
- Cluster: 1
- Churn Risk: No"
14114.0,1,1,195.13,330,1.0,0,1,Dormant Customers,"
       Customer Profile:
- Orders: 1
- Active Months: 1
- Avg Order Value: 195.13
- Recency: 330
- Frequency: 1.0
- Cluster: 0
- Churn Risk: Yes"
14116.0,5,4,289.338,19,1.25,1,0,Occasional Customers,"
       Customer Profile:
- Orders: 5
- Active Months: 4
- Avg Order Value: 289.34
- Recency: 19
- Frequency: 1.25
- Cluster: 1
- Churn Risk: No"
14117.0,1,1,90.0,143,1.0,0,0,Dormant Customers,"
       Customer Profile:
- Orders: 1
- Active Months: 1
- Avg Order Value: 90.00
- Recency: 143
- Frequency: 1.0
- Cluster: 0
- Churn Risk: No"
14121.0,4,3,790.29,3,1.3333333333333333,1,0,Occasional Customers,"
       Customer Profile:
- Orders: 4
- Active Months: 3
- Avg Order Value: 790.29
- Recency: 3
- Frequency: 1.3333333333333333
- Cluster: 1
- Churn Risk: No"
14124.0,1,1,48.33,84,1.0,1,0,Occasional Customers,"
       Customer Profile:
- Orders: 1
- Active Months: 1
- Avg Order Value: 48.33
- Recency: 84
- Frequency: 1.0
- Cluster: 1
- Churn Risk: No"
14125.0,3,2,1736.9233333333334,10,1.5,1,0,Occasional Customers,"
       Customer Profile:
- Orders: 3
- Active Months: 2
- Avg Order Value: 1736.92
- Recency: 10
- Frequency: 1.5
- Cluster: 1
- Churn Risk: No"
14126.0,3,2,104.42333333333332,7,1.5,1,0,Occasional Customers,"
       Customer Profile:
- Orders: 3
- Active Months: 2
- Avg Order Value: 104.42
- Recency: 7
- Frequency: 1.5
- Cluster: 1
- Churn Risk: No"
14127.0,3,3,167.67,122,1.0,1,0,Occasional Customers,"
       Customer Profile:
- Orders: 3
- Active Months: 3
- Avg Order Value: 167.67
- Recency: 122
- Frequency: 1.0
- Cluster: 1
- Churn Risk: No"
14128.0,2,2,631.96,60,1.0,1,0,Occasional Customers,"
       Customer Profile:
- Orders: 2
- Active Months: 2
- Avg Order Value: 631.96
- Recency: 60
- Frequency: 1.0
- Cluster: 1
- Churn Risk: No"
14129.0,5,4,447.308,1,1.25,1,0,Occasional Customers,"
       Customer Profile:
- Orders: 5
- Active Months: 4
- Avg Order Value: 447.31
- Recency: 1
- Frequency: 1.25
- Cluster: 1
- Churn Risk: No"
14130.0,1,1,383.41,319,1.0,0,1,Dormant Customers,"
       Customer Profile:
- Orders: 1
- Active Months: 1
- Avg Order Value: 383.41
- Recency: 319
- Frequency: 1.0
- Cluster: 0
- Churn Risk: Yes"
14132.0,11,7,370.83454545454543,2,1.5714285714285714,2,0,Frequent Customers,"
       Customer Profile:
- Orders: 11
- Active Months: 7
- Avg Order Value: 370.83
- Recency: 2
- Frequency: 1.5714285714285714
- Cluster: 2
- Churn Risk: No"
14133.0,3,2,174.08,129,1.5,1,0,Occasional Customers,"
       Customer Profile:
- Orders: 3
- Active Months: 2
- Avg Order Value: 174.08
- Recency: 129
- Frequency: 1.5
- Cluster: 1
- Churn Risk: No"
14135.0,15,8,460.77333333333337,1,1.875,2,0,Frequent Customers,"
       Customer Profile:
- Orders: 15
- Active Months: 8
- Avg Order Value: 460.77
- Recency: 1
- Frequency: 1.875
- Cluster: 2
- Churn Risk: No"
14138.0,2,2,1343.365,1,1.0,1,0,Occasional Customers,"
       Customer Profile:
- Orders: 2
- Active Months: 2
- Avg Order Value: 1343.37
- Recency: 1
- Frequency: 1.0
- Cluster: 1
- Churn Risk: No"
14139.0,1,1,337.95,46,1.0,1,0,Occasional Customers,"
       Customer Profile:
- Orders: 1
- Active Months: 1
- Avg Order Value: 337.95
- Recency: 46
- Frequency: 1.0
- Cluster: 1
- Churn Risk: No"
14140.0,2,2,646.69,3,1.0,1,0,Occasional Customers,"
       Customer Profile:
- Orders: 2
- Active Months: 2
- Avg Order Value: 646.69
- Recency: 3
- Frequency: 1.0
- Cluster: 1
- Churn Risk: No"
14141.0,4,4,225.59500000000003,2,1.0,1,0,Occasional Customers,"
       Customer Profile:
- Orders: 4
- Active Months: 4
- Avg Order Value: 225.60
- Recency: 2
- Frequency: 1.0
- Cluster: 1
- Churn Risk: No"
14142.0,1,1,292.29,368,1.0,0,1,Dormant Customers,"
       Customer Profile:
- Orders: 1
- Active Months: 1
- Avg Order Value: 292.29
- Recency: 368
- Frequency: 1.0
- Cluster: 0
- Churn Risk: Yes"
14143.0,1,1,64.8,133,1.0,0,0,Dormant Customers,"
       Customer Profile:
- Orders: 1
- Active Months: 1
- Avg Order Value: 64.80
- Recency: 133
- Frequency: 1.0
- Cluster: 0
- Churn Risk: No"
14145.0,4,3,467.775,46,1.3333333333333333,1,0,Occasional Customers,"
       Customer Profile:
- Orders: 4
- Active Months: 3
- Avg Order Value: 467.77
- Recency: 46
- Frequency: 1.3333333333333333
- Cluster: 1
- Churn Risk: No"
14146.0,5,4,681.92,8,1.25,1,0,Occasional Customers,"
       Customer Profile:
- Orders: 5
- Active Months: 4
- Avg Order Value: 681.92
- Recency: 8
- Frequency: 1.25
- Cluster: 1
- Churn Risk: No"
14147.0,2,2,88.725,78,1.0,1,0,Occasional Customers,"
       Customer Profile:
- Orders: 2
- Active Months: 2
- Avg Order Value: 88.72
- Recency: 78
- Frequency: 1.0
- Cluster: 1
- Churn Risk: No"
14148.0,1,1,29.700000000000003,233,1.0,0,1,Dormant Customers,"
       Customer Profile:
- Orders: 1
- Active Months: 1
- Avg Order Value: 29.70
- Recency: 233
- Frequency: 1.0
- Cluster: 0
- Churn Risk: Yes"
14149.0,1,1,1263.36,220,1.0,0,1,Dormant Customers,"
       Customer Profile:
- Orders: 1
- Active Months: 1
- Avg Order Value: 1263.36
- Recency: 220
- Frequency: 1.0
- Cluster: 0
- Churn Risk: Yes"
14150.0,2,2,318.02,35,1.0,1,0,Occasional Customers,"
       Customer Profile:
- Orders: 2
- Active Months: 2
- Avg Order Value: 318.02
- Recency: 35
- Frequency: 1.0
- Cluster: 1
- Churn Risk: No"
14152.0,2,2,455.845,75,1.0,1,0,Occasional Customers,"
       Customer Profile:
- Orders: 2
- Active Months: 2
- Avg Order Value: 455.85
- Recency: 75
- Frequency: 1.0
- Cluster: 1
- Churn Risk: No"
14154.0,2,1,341.46000000000004,239,2.0,0,1,Dormant Customers,"
       Customer Profile:
- Orders: 2
- Active Months: 1
- Avg Order Value: 341.46
- Recency: 239
- Frequency: 2.0
- Cluster: 0
- Churn Risk: Yes"
14155.0,1,1,118.75,266,1.0,0,1,Dormant Customers,"
       Customer Profile:
- Orders: 1
- Active Months: 1
- Avg Order Value: 118.75
- Recency: 266
- Frequency: 1.0
- Cluster: 0
- Churn Risk: Yes"
14156.0,52,12,1032.6036538461535,9,3.0,2,0,Frequent Customers,"
       Customer Profile:
- Orders: 52
- Active Months: 12
- Avg Order Value: 1032.60
- Recency: 9
- Frequency: 3.0
- Cluster: 2
- Churn Risk: No"
14157.0,2,2,562.96,19,1.0,1,0,Occasional Customers,"
       Customer Profile:
- Orders: 2
- Active Months: 2
- Avg Order Value: 562.96
- Recency: 19
- Frequency: 1.0
- Cluster: 1
- Churn Risk: No"
14158.0,1,1,815.28,40,1.0,1,0,Occasional Customers,"
       Customer Profile:
- Orders: 1
- Active Months: 1
- Avg Order Value: 815.28
- Recency: 40
- Frequency: 1.0
- Cluster: 1
- Churn Risk: No"
14159.0,11,7,887.0018181818182,19,1.5714285714285714,2,0,Frequent Customers,"
       Customer Profile:
- Orders: 11
- Active Months: 7
- Avg Order Value: 887.00
- Recency: 19
- Frequency: 1.5714285714285714
- Cluster: 2
- Churn Risk: No"
14161.0,3,3,854.4,215,1.0,0,1,Dormant Customers,"
       Customer Profile:
- Orders: 3
- Active Months: 3
- Avg Order Value: 854.40
- Recency: 215
- Frequency: 1.0
- Cluster: 0
- Churn Risk: Yes"
14162.0,2,2,221.06,173,1.0,0,0,Dormant Customers,"
       Customer Profile:
- Orders: 2
- Active Months: 2
- Avg Order Value: 221.06
- Recency: 173
- Frequency: 1.0
- Cluster: 0
- Churn Risk: No"
14163.0,4,4,560.2275,87,1.0,1,0,Occasional Customers,"
       Customer Profile:
- Orders: 4
- Active Months: 4
- Avg Order Value: 560.23
- Recency: 87
- Frequency: 1.0
- Cluster: 1
- Churn Risk: No"
14164.0,2,1,442.62,70,2.0,1,0,Occasional Customers,"
       Customer Profile:
- Orders: 2
- Active Months: 1
- Avg Order Value: 442.62
- Recency: 70
- Frequency: 2.0
- Cluster: 1
- Churn Risk: No"
14165.0,1,1,82.19,275,1.0,0,1,Dormant Customers,"
       Customer Profile:
- Orders: 1
- Active Months: 1
- Avg Order Value: 82.19
- Recency: 275
- Frequency: 1.0
- Cluster: 0
- Churn Risk: Yes"
14167.0,4,4,280.155,39,1.0,1,0,Occasional Customers,"
       Customer Profile:
- Orders: 4
- Active Months: 4
- Avg Order Value: 280.15
- Recency: 39
- Frequency: 1.0
- Cluster: 1
- Churn Risk: No"
14171.0,1,1,308.44,98,1.0,1,0,Occasional Customers,"
       Customer Profile:
- Orders: 1
- Active Months: 1
- Avg Order Value: 308.44
- Recency: 98
- Frequency: 1.0
- Cluster: 1
- Churn Risk: No"
14173.0,4,3,80.89750000000001,10,1.3333333333333333,1,0,Occasional Customers,"
       Customer Profile:
- Orders: 4
- Active Months: 3
- Avg Order Value: 80.90
- Recency: 10
- Frequency: 1.3333333333333333
- Cluster: 1
- Churn Risk: No"
14174.0,1,1,249.02,33,1.0,1,0,Occasional Customers,"
       Customer Profile:
- Orders: 1
- Active Months: 1
- Avg Order Value: 249.02
- Recency: 33
- Frequency: 1.0
- Cluster: 1
- Churn Risk: No"
14175.0,3,3,731.6833333333334,59,1.0,1,0,Occasional Customers,"
       Customer Profile:
- Orders: 3
- Active Months: 3
- Avg Order Value: 731.68
- Recency: 59
- Frequency: 1.0
- Cluster: 1
- Churn Risk: No"
14176.0,4,3,129.3,297,1.3333333333333333,0,1,Dormant Customers,"
       Customer Profile:
- Orders: 4
- Active Months: 3
- Avg Order Value: 129.30
- Recency: 297
- Frequency: 1.3333333333333333
- Cluster: 0
- Churn Risk: Yes"
14177.0,4,2,293.515,86,2.0,1,0,Occasional Customers,"
       Customer Profile:
- Orders: 4
- Active Months: 2
- Avg Order Value: 293.51
- Recency: 86
- Frequency: 2.0
- Cluster: 1
- Churn Risk: No"
14178.0,7,6,346.38,8,1.1666666666666667,1,0,Occasional Customers,"
       Customer Profile:
- Orders: 7
- Active Months: 6
- Avg Order Value: 346.38
- Recency: 8
- Frequency: 1.1666666666666667
- Cluster: 1
- Churn Risk: No"
14179.0,2,1,339.46000000000004,40,2.0,1,0,Occasional Customers,"
       Customer Profile:
- Orders: 2
- Active Months: 1
- Avg Order Value: 339.46
- Recency: 40
- Frequency: 2.0
- Cluster: 1
- Churn Risk: No"
14180.0,25,12,84.1248,10,2.083333333333333,2,0,Frequent Customers,"
       Customer Profile:
- Orders: 25
- Active Months: 12
- Avg Order Value: 84.12
- Recency: 10
- Frequency: 2.083333333333333
- Cluster: 2
- Churn Risk: No"
14184.0,1,1,245.59,66,1.0,1,0,Occasional Customers,"
       Customer Profile:
- Orders: 1
- Active Months: 1
- Avg Order Value: 245.59
- Recency: 66
- Frequency: 1.0
- Cluster: 1
- Churn Risk: No"
14185.0,1,1,22.6365,331,1.0,0,1,Dormant Customers,"
       Customer Profile:
- Orders: 1
- Active Months: 1
- Avg Order Value: 22.64
- Recency: 331
- Frequency: 1.0
- Cluster: 0
- Churn Risk: Yes"
14188.0,6,6,387.54,30,1.0,1,0,Occasional Customers,"
       Customer Profile:
- Orders: 6
- Active Months: 6
- Avg Order Value: 387.54
- Recency: 30
- Frequency: 1.0
- Cluster: 1
- Churn Risk: No"
14189.0,15,12,381.2313333333333,2,1.25,2,0,Frequent Customers,"
       Customer Profile:
- Orders: 15
- Active Months: 12
- Avg Order Value: 381.23
- Recency: 2
- Frequency: 1.25
- Cluster: 2
- Churn Risk: No"
14191.0,13,8,710.8292307692308,1,1.625,2,0,Frequent Customers,"
       Customer Profile:
- Orders: 13
- Active Months: 8
- Avg Order Value: 710.83
- Recency: 1
- Frequency: 1.625
- Cluster: 2
- Churn Risk: No"
14193.0,2,2,397.465,67,1.0,1,0,Occasional Customers,"
       Customer Profile:
- Orders: 2
- Active Months: 2
- Avg Order Value: 397.46
- Recency: 67
- Frequency: 1.0
- Cluster: 1
- Churn Risk: No"
14194.0,21,10,502.29333333333335,4,2.1,2,0,Frequent Customers,"
       Customer Profile:
- Orders: 21
- Active Months: 10
- Avg Order Value: 502.29
- Recency: 4
- Frequency: 2.1
- Cluster: 2
- Churn Risk: No"
14195.0,1,1,106.65,252,1.0,0,1,Dormant Customers,"
       Customer Profile:
- Orders: 1
- Active Months: 1
- Avg Order Value: 106.65
- Recency: 252
- Frequency: 1.0
- Cluster: 0
- Churn Risk: Yes"
14196.0,1,1,211.42,106,1.0,1,0,Occasional Customers,"
       Customer Profile:
- Orders: 1
- Active Months: 1
- Avg Order Value: 211.42
- Recency: 106
- Frequency: 1.0
- Cluster: 1
- Churn Risk: No"
14198.0,4,4,165.85,18,1.0,1,0,Occasional Customers,"
       Customer Profile:
- Orders: 4
- Active Months: 4
- Avg Order Value: 165.85
- Recency: 18
- Frequency: 1.0
- Cluster: 1
- Churn Risk: No"
14199.0,1,1,22.6365,218,1.0,0,1,Dormant Customers,"
       Customer Profile:
- Orders: 1
- Active Months: 1
- Avg Order Value: 22.64
- Recency: 218
- Frequency: 1.0
- Cluster: 0
- Churn Risk: Yes"
14201.0,7,7,219.23714285714289,60,1.0,1,0,Occasional Customers,"
       Customer Profile:
- Orders: 7
- Active Months: 7
- Avg Order Value: 219.24
- Recency: 60
- Frequency: 1.0
- Cluster: 1
- Churn Risk: No"
14204.0,1,1,128.16,2,1.0,1,0,Occasional Customers,"
       Customer Profile:
- Orders: 1
- Active Months: 1
- Avg Order Value: 128.16
- Recency: 2
- Frequency: 1.0
- Cluster: 1
- Churn Risk: No"
14205.0,2,2,215.8,16,1.0,1,0,Occasional Customers,"
       Customer Profile:
- Orders: 2
- Active Months: 2
- Avg Order Value: 215.80
- Recency: 16
- Frequency: 1.0
- Cluster: 1
- Churn Risk: No"
14206.0,1,1,302.66,239,1.0,0,1,Dormant Customers,"
       Customer Profile:
- Orders: 1
- Active Months: 1
- Avg Order Value: 302.66
- Recency: 239
- Frequency: 1.0
- Cluster: 0
- Churn Risk: Yes"
14208.0,1,1,101.14,94,1.0,1,0,Occasional Customers,"
       Customer Profile:
- Orders: 1
- Active Months: 1
- Avg Order Value: 101.14
- Recency: 94
- Frequency: 1.0
- Cluster: 1
- Churn Risk: No"
14209.0,6,6,234.66166666666663,10,1.0,1,0,Occasional Customers,"
       Customer Profile:
- Orders: 6
- Active Months: 6
- Avg Order Value: 234.66
- Recency: 10
- Frequency: 1.0
- Cluster: 1
- Churn Risk: No"
14210.0,6,6,366.67,105,1.0,1,0,Occasional Customers,"
       Customer Profile:
- Orders: 6
- Active Months: 6
- Avg Order Value: 366.67
- Recency: 105
- Frequency: 1.0
- Cluster: 1
- Churn Risk: No"
14211.0,9,5,233.45444444444445,53,1.8,2,0,Frequent Customers,"
       Customer Profile:
- Orders: 9
- Active Months: 5
- Avg Order Value: 233.45
- Recency: 53
- Frequency: 1.8
- Cluster: 2
- Churn Risk: No"
14212.0,1,1,608.58,89,1.0,1,0,Occasional Customers,"
       Customer Profile:
- Orders: 1
- Active Months: 1
- Avg Order Value: 608.58
- Recency: 89
- Frequency: 1.0
- Cluster: 1
- Churn Risk: No"
14214.0,5,5,188.654,30,1.0,1,0,Occasional Customers,"
       Customer Profile:
- Orders: 5
- Active Months: 5
- Avg Order Value: 188.65
- Recency: 30
- Frequency: 1.0
- Cluster: 1
- Churn Risk: No"
14215.0,6,5,395.19,11,1.2,1,0,Occasional Customers,"
       Customer Profile:
- Orders: 6
- Active Months: 5
- Avg Order Value: 395.19
- Recency: 11
- Frequency: 1.2
- Cluster: 1
- Churn Risk: No"
14216.0,4,2,338.58500000000004,3,2.0,1,0,Occasional Customers,"
       Customer Profile:
- Orders: 4
- Active Months: 2
- Avg Order Value: 338.59
- Recency: 3
- Frequency: 2.0
- Cluster: 1
- Churn Risk: No"
14217.0,17,12,112.93529411764706,1,1.4166666666666667,2,0,Frequent Customers,"
       Customer Profile:
- Orders: 17
- Active Months: 12
- Avg Order Value: 112.94
- Recency: 1
- Frequency: 1.4166666666666667
- Cluster: 2
- Churn Risk: No"
14218.0,1,1,169.48000000000002,42,1.0,1,0,Occasional Customers,"
       Customer Profile:
- Orders: 1
- Active Months: 1
- Avg Order Value: 169.48
- Recency: 42
- Frequency: 1.0
- Cluster: 1
- Churn Risk: No"
14219.0,1,1,73.44,4,1.0,1,0,Occasional Customers,"
       Customer Profile:
- Orders: 1
- Active Months: 1
- Avg Order Value: 73.44
- Recency: 4
- Frequency: 1.0
- Cluster: 1
- Churn Risk: No"
14220.0,2,2,278.175,247,1.0,0,1,Dormant Customers,"
       Customer Profile:
- Orders: 2
- Active Months: 2
- Avg Order Value: 278.18
- Recency: 247
- Frequency: 1.0
- Cluster: 0
- Churn Risk: Yes"
14221.0,9,7,1163.3744444444444,42,1.2857142857142858,1,0,Occasional Customers,"
       Customer Profile:
- Orders: 9
- Active Months: 7
- Avg Order Value: 1163.37
- Recency: 42
- Frequency: 1.2857142857142858
- Cluster: 1
- Churn Risk: No"
14222.0,1,1,633.74,177,1.0,0,0,Dormant Customers,"
       Customer Profile:
- Orders: 1
- Active Months: 1
- Avg Order Value: 633.74
- Recency: 177
- Frequency: 1.0
- Cluster: 0
- Churn Risk: No"
14223.0,3,3,405.3633333333333,92,1.0,1,0,Occasional Customers,"
       Customer Profile:
- Orders: 3
- Active Months: 3
- Avg Order Value: 405.36
- Recency: 92
- Frequency: 1.0
- Cluster: 1
- Churn Risk: No"
14224.0,4,4,462.91,110,1.0,1,0,Occasional Customers,"
       Customer Profile:
- Orders: 4
- Active Months: 4
- Avg Order Value: 462.91
- Recency: 110
- Frequency: 1.0
- Cluster: 1
- Churn Risk: No"
14226.0,4,4,385.6725,29,1.0,1,0,Occasional Customers,"
       Customer Profile:
- Orders: 4
- Active Months: 4
- Avg Order Value: 385.67
- Recency: 29
- Frequency: 1.0
- Cluster: 1
- Churn Risk: No"
14227.0,10,5,320.978,26,2.0,2,0,Frequent Customers,"
       Customer Profile:
- Orders: 10
- Active Months: 5
- Avg Order Value: 320.98
- Recency: 26
- Frequency: 2.0
- Cluster: 2
- Churn Risk: No"
14229.0,3,3,507.2533333333333,51,1.0,1,0,Occasional Customers,"
       Customer Profile:
- Orders: 3
- Active Months: 3
- Avg Order Value: 507.25
- Recency: 51
- Frequency: 1.0
- Cluster: 1
- Churn Risk: No"
14231.0,3,3,676.4200000000001,183,1.0,0,1,Dormant Customers,"
       Customer Profile:
- Orders: 3
- Active Months: 3
- Avg Order Value: 676.42
- Recency: 183
- Frequency: 1.0
- Cluster: 0
- Churn Risk: Yes"
14232.0,5,5,658.456,42,1.0,1,0,Occasional Customers,"
       Customer Profile:
- Orders: 5
- Active Months: 5
- Avg Order Value: 658.46
- Recency: 42
- Frequency: 1.0
- Cluster: 1
- Churn Risk: No"
14233.0,4,4,320.8625,49,1.0,1,0,Occasional Customers,"
       Customer Profile:
- Orders: 4
- Active Months: 4
- Avg Order Value: 320.86
- Recency: 49
- Frequency: 1.0
- Cluster: 1
- Churn Risk: No"
14234.0,4,2,181.4025,22,2.0,1,0,Occasional Customers,"
       Customer Profile:
- Orders: 4
- Active Months: 2
- Avg Order Value: 181.40
- Recency: 22
- Frequency: 2.0
- Cluster: 1
- Churn Risk: No"
14235.0,5,4,759.836,75,1.25,1,0,Occasional Customers,"
       Customer Profile:
- Orders: 5
- Active Months: 4
- Avg Order Value: 759.84
- Recency: 75
- Frequency: 1.25
- Cluster: 1
- Churn Risk: No"
14236.0,2,2,222.06,80,1.0,1,0,Occasional Customers,"
       Customer Profile:
- Orders: 2
- Active Months: 2
- Avg Order Value: 222.06
- Recency: 80
- Frequency: 1.0
- Cluster: 1
- Churn Risk: No"
14237.0,1,1,77.45,368,1.0,0,1,Dormant Customers,"
       Customer Profile:
- Orders: 1
- Active Months: 1
- Avg Order Value: 77.45
- Recency: 368
- Frequency: 1.0
- Cluster: 0
- Churn Risk: Yes"
14238.0,1,1,113.75,326,1.0,0,1,Dormant Customers,"
       Customer Profile:
- Orders: 1
- Active Months: 1
- Avg Order Value: 113.75
- Recency: 326
- Frequency: 1.0
- Cluster: 0
- Churn Risk: Yes"
14239.0,11,8,225.3409090909091,43,1.375,2,0,Frequent Customers,"
       Customer Profile:
- Orders: 11
- Active Months: 8
- Avg Order Value: 225.34
- Recency: 43
- Frequency: 1.375
- Cluster: 2
- Churn Risk: No"
14240.0,2,2,372.57,30,1.0,1,0,Occasional Customers,"
       Customer Profile:
- Orders: 2
- Active Months: 2
- Avg Order Value: 372.57
- Recency: 30
- Frequency: 1.0
- Cluster: 1
- Churn Risk: No"
14241.0,1,1,213.7,183,1.0,0,1,Dormant Customers,"
       Customer Profile:
- Orders: 1
- Active Months: 1
- Avg Order Value: 213.70
- Recency: 183
- Frequency: 1.0
- Cluster: 0
- Churn Risk: Yes"
14242.0,2,2,109.625,234,1.0,0,1,Dormant Customers,"
       Customer Profile:
- Orders: 2
- Active Months: 2
- Avg Order Value: 109.62
- Recency: 234
- Frequency: 1.0
- Cluster: 0
- Churn Risk: Yes"
14243.0,10,9,431.2310000000001,8,1.1111111111111112,2,0,Frequent Customers,"
       Customer Profile:
- Orders: 10
- Active Months: 9
- Avg Order Value: 431.23
- Recency: 8
- Frequency: 1.1111111111111112
- Cluster: 2
- Churn Risk: No"
14245.0,2,2,2102.5,219,1.0,1,1,Occasional Customers,"
       Customer Profile:
- Orders: 2
- Active Months: 2
- Avg Order Value: 2102.50
- Recency: 219
- Frequency: 1.0
- Cluster: 1
- Churn Risk: Yes"
14246.0,3,3,583.79,110,1.0,1,0,Occasional Customers,"
       Customer Profile:
- Orders: 3
- Active Months: 3
- Avg Order Value: 583.79
- Recency: 110
- Frequency: 1.0
- Cluster: 1
- Churn Risk: No"
14247.0,1,1,208.24,278,1.0,0,1,Dormant Customers,"
       Customer Profile:
- Orders: 1
- Active Months: 1
- Avg Order Value: 208.24
- Recency: 278
- Frequency: 1.0
- Cluster: 0
- Churn Risk: Yes"
14248.0,1,1,98.58,318,1.0,0,1,Dormant Customers,"
       Customer Profile:
- Orders: 1
- Active Months: 1
- Avg Order Value: 98.58
- Recency: 318
- Frequency: 1.0
- Cluster: 0
- Churn Risk: Yes"
14250.0,3,2,995.5666666666666,7,1.5,1,0,Occasional Customers,"
       Customer Profile:
- Orders: 3
- Active Months: 2
- Avg Order Value: 995.57
- Recency: 7
- Frequency: 1.5
- Cluster: 1
- Churn Risk: No"
14251.0,5,3,848.2919999999998,1,1.6666666666666667,1,0,Occasional Customers,"
       Customer Profile:
- Orders: 5
- Active Months: 3
- Avg Order Value: 848.29
- Recency: 1
- Frequency: 1.6666666666666667
- Cluster: 1
- Churn Risk: No"
14256.0,2,2,346.53,260,1.0,0,1,Dormant Customers,"
       Customer Profile:
- Orders: 2
- Active Months: 2
- Avg Order Value: 346.53
- Recency: 260
- Frequency: 1.0
- Cluster: 0
- Churn Risk: Yes"
14257.0,5,5,645.684,64,1.0,1,0,Occasional Customers,"
       Customer Profile:
- Orders: 5
- Active Months: 5
- Avg Order Value: 645.68
- Recency: 64
- Frequency: 1.0
- Cluster: 1
- Churn Risk: No"
14258.0,9,8,1792.3955555555558,9,1.125,1,0,Occasional Customers,"
       Customer Profile:
- Orders: 9
- Active Months: 8
- Avg Order Value: 1792.40
- Recency: 9
- Frequency: 1.125
- Cluster: 1
- Churn Risk: No"
14259.0,1,1,104.1,141,1.0,0,0,Dormant Customers,"
       Customer Profile:
- Orders: 1
- Active Months: 1
- Avg Order Value: 104.10
- Recency: 141
- Frequency: 1.0
- Cluster: 0
- Churn Risk: No"
14261.0,1,1,725.05,78,1.0,1,0,Occasional Customers,"
       Customer Profile:
- Orders: 1
- Active Months: 1
- Avg Order Value: 725.05
- Recency: 78
- Frequency: 1.0
- Cluster: 1
- Churn Risk: No"
14262.0,8,7,351.2175,8,1.1428571428571428,1,0,Occasional Customers,"
       Customer Profile:
- Orders: 8
- Active Months: 7
- Avg Order Value: 351.22
- Recency: 8
- Frequency: 1.1428571428571428
- Cluster: 1
- Churn Risk: No"
14264.0,2,2,88.58500000000001,154,1.0,0,0,Dormant Customers,"
       Customer Profile:
- Orders: 2
- Active Months: 2
- Avg Order Value: 88.59
- Recency: 154
- Frequency: 1.0
- Cluster: 0
- Churn Risk: No"
14265.0,2,2,166.715,109,1.0,1,0,Occasional Customers,"
       Customer Profile:
- Orders: 2
- Active Months: 2
- Avg Order Value: 166.72
- Recency: 109
- Frequency: 1.0
- Cluster: 1
- Churn Risk: No"
14267.0,3,2,313.48,162,1.5,0,0,Dormant Customers,"
       Customer Profile:
- Orders: 3
- Active Months: 2
- Avg Order Value: 313.48
- Recency: 162
- Frequency: 1.5
- Cluster: 0
- Churn Risk: No"
14270.0,1,1,341.65000000000003,331,1.0,0,1,Dormant Customers,"
       Customer Profile:
- Orders: 1
- Active Months: 1
- Avg Order Value: 341.65
- Recency: 331
- Frequency: 1.0
- Cluster: 0
- Churn Risk: Yes"
14271.0,1,1,92.42,225,1.0,0,1,Dormant Customers,"
       Customer Profile:
- Orders: 1
- Active Months: 1
- Avg Order Value: 92.42
- Recency: 225
- Frequency: 1.0
- Cluster: 0
- Churn Risk: Yes"
14272.0,2,2,175.63,73,1.0,1,0,Occasional Customers,"
       Customer Profile:
- Orders: 2
- Active Months: 2
- Avg Order Value: 175.63
- Recency: 73
- Frequency: 1.0
- Cluster: 1
- Churn Risk: No"
14273.0,4,4,139.9925,51,1.0,1,0,Occasional Customers,"
       Customer Profile:
- Orders: 4
- Active Months: 4
- Avg Order Value: 139.99
- Recency: 51
- Frequency: 1.0
- Cluster: 1
- Churn Risk: No"
14276.0,3,3,1485.0966666666666,98,1.0,1,0,Occasional Customers,"
       Customer Profile:
- Orders: 3
- Active Months: 3
- Avg Order Value: 1485.10
- Recency: 98
- Frequency: 1.0
- Cluster: 1
- Churn Risk: No"
14277.0,3,2,1004.54,15,1.5,1,0,Occasional Customers,"
       Customer Profile:
- Orders: 3
- Active Months: 2
- Avg Order Value: 1004.54
- Recency: 15
- Frequency: 1.5
- Cluster: 1
- Churn Risk: No"
14280.0,1,1,92.64,196,1.0,0,1,Dormant Customers,"
       Customer Profile:
- Orders: 1
- Active Months: 1
- Avg Order Value: 92.64
- Recency: 196
- Frequency: 1.0
- Cluster: 0
- Churn Risk: Yes"
14282.0,15,9,351.774,3,1.6666666666666667,2,0,Frequent Customers,"
       Customer Profile:
- Orders: 15
- Active Months: 9
- Avg Order Value: 351.77
- Recency: 3
- Frequency: 1.6666666666666667
- Cluster: 2
- Churn Risk: No"
14284.0,2,2,252.65,30,1.0,1,0,Occasional Customers,"
       Customer Profile:
- Orders: 2
- Active Months: 2
- Avg Order Value: 252.65
- Recency: 30
- Frequency: 1.0
- Cluster: 1
- Churn Risk: No"
14285.0,4,3,338.02250000000004,21,1.3333333333333333,1,0,Occasional Customers,"
       Customer Profile:
- Orders: 4
- Active Months: 3
- Avg Order Value: 338.02
- Recency: 21
- Frequency: 1.3333333333333333
- Cluster: 1
- Churn Risk: No"
14286.0,3,3,1404.63,23,1.0,1,0,Occasional Customers,"
       Customer Profile:
- Orders: 3
- Active Months: 3
- Avg Order Value: 1404.63
- Recency: 23
- Frequency: 1.0
- Cluster: 1
- Churn Risk: No"
14287.0,3,2,54.19666666666666,8,1.5,1,0,Occasional Customers,"
       Customer Profile:
- Orders: 3
- Active Months: 2
- Avg Order Value: 54.20
- Recency: 8
- Frequency: 1.5
- Cluster: 1
- Churn Risk: No"
14288.0,1,1,345.15,213,1.0,0,1,Dormant Customers,"
       Customer Profile:
- Orders: 1
- Active Months: 1
- Avg Order Value: 345.15
- Recency: 213
- Frequency: 1.0
- Cluster: 0
- Churn Risk: Yes"
14289.0,6,6,84.67666666666666,8,1.0,1,0,Occasional Customers,"
       Customer Profile:
- Orders: 6
- Active Months: 6
- Avg Order Value: 84.68
- Recency: 8
- Frequency: 1.0
- Cluster: 1
- Churn Risk: No"
14290.0,5,4,396.64,11,1.25,1,0,Occasional Customers,"
       Customer Profile:
- Orders: 5
- Active Months: 4
- Avg Order Value: 396.64
- Recency: 11
- Frequency: 1.25
- Cluster: 1
- Churn Risk: No"
14291.0,11,6,553.809090909091,1,1.8333333333333333,2,0,Frequent Customers,"
       Customer Profile:
- Orders: 11
- Active Months: 6
- Avg Order Value: 553.81
- Recency: 1
- Frequency: 1.8333333333333333
- Cluster: 2
- Churn Risk: No"
14292.0,9,6,531.6022222222223,7,1.5,1,0,Occasional Customers,"
       Customer Profile:
- Orders: 9
- Active Months: 6
- Avg Order Value: 531.60
- Recency: 7
- Frequency: 1.5
- Cluster: 1
- Churn Risk: No"
14293.0,4,4,405.8075,3,1.0,1,0,Occasional Customers,"
       Customer Profile:
- Orders: 4
- Active Months: 4
- Avg Order Value: 405.81
- Recency: 3
- Frequency: 1.0
- Cluster: 1
- Churn Risk: No"
14295.0,1,1,332.40000000000003,40,1.0,1,0,Occasional Customers,"
       Customer Profile:
- Orders: 1
- Active Months: 1
- Avg Order Value: 332.40
- Recency: 40
- Frequency: 1.0
- Cluster: 1
- Churn Risk: No"
14297.0,4,3,525.1275,17,1.3333333333333333,1,0,Occasional Customers,"
       Customer Profile:
- Orders: 4
- Active Months: 3
- Avg Order Value: 525.13
- Recency: 17
- Frequency: 1.3333333333333333
- Cluster: 1
- Churn Risk: No"
14298.0,44,13,1570.5172727272727,8,3.0,2,0,Frequent Customers,"
       Customer Profile:
- Orders: 44
- Active Months: 13
- Avg Order Value: 1570.52
- Recency: 8
- Frequency: 3.0
- Cluster: 2
- Churn Risk: No"
14299.0,8,7,513.27,8,1.1428571428571428,1,0,Occasional Customers,"
       Customer Profile:
- Orders: 8
- Active Months: 7
- Avg Order Value: 513.27
- Recency: 8
- Frequency: 1.1428571428571428
- Cluster: 1
- Churn Risk: No"
14300.0,1,1,43.2,18,1.0,1,0,Occasional Customers,"
       Customer Profile:
- Orders: 1
- Active Months: 1
- Avg Order Value: 43.20
- Recency: 18
- Frequency: 1.0
- Cluster: 1
- Churn Risk: No"
14301.0,1,1,809.8199999999999,117,1.0,1,0,Occasional Customers,"
       Customer Profile:
- Orders: 1
- Active Months: 1
- Avg Order Value: 809.82
- Recency: 117
- Frequency: 1.0
- Cluster: 1
- Churn Risk: No"
14304.0,1,1,2319.418999999997,222,1.0,1,1,Occasional Customers,"
       Customer Profile:
- Orders: 1
- Active Months: 1
- Avg Order Value: 2319.42
- Recency: 222
- Frequency: 1.0
- Cluster: 1
- Churn Risk: Yes"
14305.0,3,3,603.7199999999999,71,1.0,1,0,Occasional Customers,"
       Customer Profile:
- Orders: 3
- Active Months: 3
- Avg Order Value: 603.72
- Recency: 71
- Frequency: 1.0
- Cluster: 1
- Churn Risk: No"
14306.0,2,2,519.4449999999999,51,1.0,1,0,Occasional Customers,"
       Customer Profile:
- Orders: 2
- Active Months: 2
- Avg Order Value: 519.44
- Recency: 51
- Frequency: 1.0
- Cluster: 1
- Churn Risk: No"
14307.0,6,5,457.9916666666666,88,1.2,1,0,Occasional Customers,"
       Customer Profile:
- Orders: 6
- Active Months: 5
- Avg Order Value: 457.99
- Recency: 88
- Frequency: 1.2
- Cluster: 1
- Churn Risk: No"
14309.0,9,7,332.1333333333334,8,1.2857142857142858,1,0,Occasional Customers,"
       Customer Profile:
- Orders: 9
- Active Months: 7
- Avg Order Value: 332.13
- Recency: 8
- Frequency: 1.2857142857142858
- Cluster: 1
- Churn Risk: No"
14311.0,1,1,209.5,242,1.0,0,1,Dormant Customers,"
       Customer Profile:
- Orders: 1
- Active Months: 1
- Avg Order Value: 209.50
- Recency: 242
- Frequency: 1.0
- Cluster: 0
- Churn Risk: Yes"
14312.0,6,6,531.9683333333334,46,1.0,1,0,Occasional Customers,"
       Customer Profile:
- Orders: 6
- Active Months: 6
- Avg Order Value: 531.97
- Recency: 46
- Frequency: 1.0
- Cluster: 1
- Churn Risk: No"
14314.0,1,1,105.9,106,1.0,1,0,Occasional Customers,"
       Customer Profile:
- Orders: 1
- Active Months: 1
- Avg Order Value: 105.90
- Recency: 106
- Frequency: 1.0
- Cluster: 1
- Churn Risk: No"
14315.0,6,5,341.2966666666667,44,1.2,1,0,Occasional Customers,"
       Customer Profile:
- Orders: 6
- Active Months: 5
- Avg Order Value: 341.30
- Recency: 44
- Frequency: 1.2
- Cluster: 1
- Churn Risk: No"
14317.0,1,1,375.58,64,1.0,1,0,Occasional Customers,"
       Customer Profile:
- Orders: 1
- Active Months: 1
- Avg Order Value: 375.58
- Recency: 64
- Frequency: 1.0
- Cluster: 1
- Churn Risk: No"
14320.0,2,2,228.945,206,1.0,0,1,Dormant Customers,"
       Customer Profile:
- Orders: 2
- Active Months: 2
- Avg Order Value: 228.94
- Recency: 206
- Frequency: 1.0
- Cluster: 0
- Churn Risk: Yes"
14321.0,5,5,849.4559999999999,10,1.0,1,0,Occasional Customers,"
       Customer Profile:
- Orders: 5
- Active Months: 5
- Avg Order Value: 849.46
- Recency: 10
- Frequency: 1.0
- Cluster: 1
- Churn Risk: No"
14323.0,2,2,258.83,114,1.0,1,0,Occasional Customers,"
       Customer Profile:
- Orders: 2
- Active Months: 2
- Avg Order Value: 258.83
- Recency: 114
- Frequency: 1.0
- Cluster: 1
- Churn Risk: No"
14326.0,1,1,157.6,242,1.0,0,1,Dormant Customers,"
       Customer Profile:
- Orders: 1
- Active Months: 1
- Avg Order Value: 157.60
- Recency: 242
- Frequency: 1.0
- Cluster: 0
- Churn Risk: Yes"
14327.0,1,1,311.65,163,1.0,0,0,Dormant Customers,"
       Customer Profile:
- Orders: 1
- Active Months: 1
- Avg Order Value: 311.65
- Recency: 163
- Frequency: 1.0
- Cluster: 0
- Churn Risk: No"
14329.0,7,6,569.7585714285714,17,1.1666666666666667,1,0,Occasional Customers,"
       Customer Profile:
- Orders: 7
- Active Months: 6
- Avg Order Value: 569.76
- Recency: 17
- Frequency: 1.1666666666666667
- Cluster: 1
- Churn Risk: No"
14331.0,2,2,242.88,124,1.0,1,0,Occasional Customers,"
       Customer Profile:
- Orders: 2
- Active Months: 2
- Avg Order Value: 242.88
- Recency: 124
- Frequency: 1.0
- Cluster: 1
- Churn Risk: No"
14332.0,3,3,254.12,22,1.0,1,0,Occasional Customers,"
       Customer Profile:
- Orders: 3
- Active Months: 3
- Avg Order Value: 254.12
- Recency: 22
- Frequency: 1.0
- Cluster: 1
- Churn Risk: No"
14333.0,1,1,158.20000000000002,67,1.0,1,0,Occasional Customers,"
       Customer Profile:
- Orders: 1
- Active Months: 1
- Avg Order Value: 158.20
- Recency: 67
- Frequency: 1.0
- Cluster: 1
- Churn Risk: No"
14334.0,8,8,236.61375,16,1.0,1,0,Occasional Customers,"
       Customer Profile:
- Orders: 8
- Active Months: 8
- Avg Order Value: 236.61
- Recency: 16
- Frequency: 1.0
- Cluster: 1
- Churn Risk: No"
14335.0,2,2,366.86,16,1.0,1,0,Occasional Customers,"
       Customer Profile:
- Orders: 2
- Active Months: 2
- Avg Order Value: 366.86
- Recency: 16
- Frequency: 1.0
- Cluster: 1
- Churn Risk: No"
14336.0,4,3,732.0500000000001,16,1.3333333333333333,1,0,Occasional Customers,"
       Customer Profile:
- Orders: 4
- Active Months: 3
- Avg Order Value: 732.05
- Recency: 16
- Frequency: 1.3333333333333333
- Cluster: 1
- Churn Risk: No"
14338.0,1,1,451.03,196,1.0,0,1,Dormant Customers,"
       Customer Profile:
- Orders: 1
- Active Months: 1
- Avg Order Value: 451.03
- Recency: 196
- Frequency: 1.0
- Cluster: 0
- Churn Risk: Yes"
14339.0,1,1,309.52,242,1.0,0,1,Dormant Customers,"
       Customer Profile:
- Orders: 1
- Active Months: 1
- Avg Order Value: 309.52
- Recency: 242
- Frequency: 1.0
- Cluster: 0
- Churn Risk: Yes"
14340.0,1,1,134.7,218,1.0,0,1,Dormant Customers,"
       Customer Profile:
- Orders: 1
- Active Months: 1
- Avg Order Value: 134.70
- Recency: 218
- Frequency: 1.0
- Cluster: 0
- Churn Risk: Yes"
14341.0,8,5,531.475,45,1.6,1,0,Occasional Customers,"
       Customer Profile:
- Orders: 8
- Active Months: 5
- Avg Order Value: 531.48
- Recency: 45
- Frequency: 1.6
- Cluster: 1
- Churn Risk: No"
14342.0,4,3,103.515,21,1.3333333333333333,1,0,Occasional Customers,"
       Customer Profile:
- Orders: 4
- Active Months: 3
- Avg Order Value: 103.52
- Recency: 21
- Frequency: 1.3333333333333333
- Cluster: 1
- Churn Risk: No"
14344.0,8,5,109.70375,127,1.6,1,0,Occasional Customers,"
       Customer Profile:
- Orders: 8
- Active Months: 5
- Avg Order Value: 109.70
- Recency: 127
- Frequency: 1.6
- Cluster: 1
- Churn Risk: No"
14345.0,1,1,1089.8,38,1.0,1,0,Occasional Customers,"
       Customer Profile:
- Orders: 1
- Active Months: 1
- Avg Order Value: 1089.80
- Recency: 38
- Frequency: 1.0
- Cluster: 1
- Churn Risk: No"
14346.0,2,2,405.4,120,1.0,1,0,Occasional Customers,"
       Customer Profile:
- Orders: 2
- Active Months: 2
- Avg Order Value: 405.40
- Recency: 120
- Frequency: 1.0
- Cluster: 1
- Churn Risk: No"
14348.0,1,1,297.87,260,1.0,0,1,Dormant Customers,"
       Customer Profile:
- Orders: 1
- Active Months: 1
- Avg Order Value: 297.87
- Recency: 260
- Frequency: 1.0
- Cluster: 0
- Churn Risk: Yes"
14349.0,1,1,125.0,10,1.0,1,0,Occasional Customers,"
       Customer Profile:
- Orders: 1
- Active Months: 1
- Avg Order Value: 125.00
- Recency: 10
- Frequency: 1.0
- Cluster: 1
- Churn Risk: No"
14350.0,1,1,282.93,274,1.0,0,1,Dormant Customers,"
       Customer Profile:
- Orders: 1
- Active Months: 1
- Avg Order Value: 282.93
- Recency: 274
- Frequency: 1.0
- Cluster: 0
- Churn Risk: Yes"
14351.0,1,1,51.0,164,1.0,0,0,Dormant Customers,"
       Customer Profile:
- Orders: 1
- Active Months: 1
- Avg Order Value: 51.00
- Recency: 164
- Frequency: 1.0
- Cluster: 0
- Churn Risk: No"
14352.0,4,3,264.2625,157,1.3333333333333333,1,0,Occasional Customers,"
       Customer Profile:
- Orders: 4
- Active Months: 3
- Avg Order Value: 264.26
- Recency: 157
- Frequency: 1.3333333333333333
- Cluster: 1
- Churn Risk: No"
14353.0,1,1,362.4,215,1.0,0,1,Dormant Customers,"
       Customer Profile:
- Orders: 1
- Active Months: 1
- Avg Order Value: 362.40
- Recency: 215
- Frequency: 1.0
- Cluster: 0
- Churn Risk: Yes"
14354.0,2,2,92.82,5,1.0,1,0,Occasional Customers,"
       Customer Profile:
- Orders: 2
- Active Months: 2
- Avg Order Value: 92.82
- Recency: 5
- Frequency: 1.0
- Cluster: 1
- Churn Risk: No"
14355.0,1,1,158.5,365,1.0,0,1,Dormant Customers,"
       Customer Profile:
- Orders: 1
- Active Months: 1
- Avg Order Value: 158.50
- Recency: 365
- Frequency: 1.0
- Cluster: 0
- Churn Risk: Yes"
14356.0,2,1,240.465,79,2.0,1,0,Occasional Customers,"
       Customer Profile:
- Orders: 2
- Active Months: 1
- Avg Order Value: 240.47
- Recency: 79
- Frequency: 2.0
- Cluster: 1
- Churn Risk: No"
14357.0,1,1,215.17,43,1.0,1,0,Occasional Customers,"
       Customer Profile:
- Orders: 1
- Active Months: 1
- Avg Order Value: 215.17
- Recency: 43
- Frequency: 1.0
- Cluster: 1
- Churn Risk: No"
14359.0,3,3,393.06,19,1.0,1,0,Occasional Customers,"
       Customer Profile:
- Orders: 3
- Active Months: 3
- Avg Order Value: 393.06
- Recency: 19
- Frequency: 1.0
- Cluster: 1
- Churn Risk: No"
14360.0,4,3,430.6575,31,1.3333333333333333,1,0,Occasional Customers,"
       Customer Profile:
- Orders: 4
- Active Months: 3
- Avg Order Value: 430.66
- Recency: 31
- Frequency: 1.3333333333333333
- Cluster: 1
- Churn Risk: No"
14362.0,1,1,138.75,22,1.0,1,0,Occasional Customers,"
       Customer Profile:
- Orders: 1
- Active Months: 1
- Avg Order Value: 138.75
- Recency: 22
- Frequency: 1.0
- Cluster: 1
- Churn Risk: No"
14364.0,8,4,270.975,108,2.0,2,0,Frequent Customers,"
       Customer Profile:
- Orders: 8
- Active Months: 4
- Avg Order Value: 270.98
- Recency: 108
- Frequency: 2.0
- Cluster: 2
- Churn Risk: No"
14367.0,16,9,607.851875,8,1.7777777777777777,2,0,Frequent Customers,"
       Customer Profile:
- Orders: 16
- Active Months: 9
- Avg Order Value: 607.85
- Recency: 8
- Frequency: 1.7777777777777777
- Cluster: 2
- Churn Risk: No"
14368.0,1,1,105.2,319,1.0,0,1,Dormant Customers,"
       Customer Profile:
- Orders: 1
- Active Months: 1
- Avg Order Value: 105.20
- Recency: 319
- Frequency: 1.0
- Cluster: 0
- Churn Risk: Yes"
14371.0,1,1,100.5,295,1.0,0,1,Dormant Customers,"
       Customer Profile:
- Orders: 1
- Active Months: 1
- Avg Order Value: 100.50
- Recency: 295
- Frequency: 1.0
- Cluster: 0
- Churn Risk: Yes"
14373.0,1,1,22.6365,358,1.0,0,1,Dormant Customers,"
       Customer Profile:
- Orders: 1
- Active Months: 1
- Avg Order Value: 22.64
- Recency: 358
- Frequency: 1.0
- Cluster: 0
- Churn Risk: Yes"
14375.0,1,1,219.66,185,1.0,0,1,Dormant Customers,"
       Customer Profile:
- Orders: 1
- Active Months: 1
- Avg Order Value: 219.66
- Recency: 185
- Frequency: 1.0
- Cluster: 0
- Churn Risk: Yes"
14377.0,2,2,128.25,191,1.0,0,1,Dormant Customers,"
       Customer Profile:
- Orders: 2
- Active Months: 2
- Avg Order Value: 128.25
- Recency: 191
- Frequency: 1.0
- Cluster: 0
- Churn Risk: Yes"
14379.0,2,2,170.075,44,1.0,1,0,Occasional Customers,"
       Customer Profile:
- Orders: 2
- Active Months: 2
- Avg Order Value: 170.07
- Recency: 44
- Frequency: 1.0
- Cluster: 1
- Churn Risk: No"
14381.0,1,1,202.68,52,1.0,1,0,Occasional Customers,"
       Customer Profile:
- Orders: 1
- Active Months: 1
- Avg Order Value: 202.68
- Recency: 52
- Frequency: 1.0
- Cluster: 1
- Churn Risk: No"
14382.0,1,1,1019.2,26,1.0,1,0,Occasional Customers,"
       Customer Profile:
- Orders: 1
- Active Months: 1
- Avg Order Value: 1019.20
- Recency: 26
- Frequency: 1.0
- Cluster: 1
- Churn Risk: No"
14383.0,3,3,1106.5733333333335,38,1.0,1,0,Occasional Customers,"
       Customer Profile:
- Orders: 3
- Active Months: 3
- Avg Order Value: 1106.57
- Recency: 38
- Frequency: 1.0
- Cluster: 1
- Churn Risk: No"
14385.0,3,1,92.48666666666666,9,3.0,2,0,Frequent Customers,"
       Customer Profile:
- Orders: 3
- Active Months: 1
- Avg Order Value: 92.49
- Recency: 9
- Frequency: 3.0
- Cluster: 2
- Churn Risk: No"
14386.0,1,1,93.6,296,1.0,0,1,Dormant Customers,"
       Customer Profile:
- Orders: 1
- Active Months: 1
- Avg Order Value: 93.60
- Recency: 296
- Frequency: 1.0
- Cluster: 0
- Churn Risk: Yes"
14387.0,3,3,687.3033333333333,32,1.0,1,0,Occasional Customers,"
       Customer Profile:
- Orders: 3
- Active Months: 3
- Avg Order Value: 687.30
- Recency: 32
- Frequency: 1.0
- Cluster: 1
- Churn Risk: No"
14388.0,8,7,364.07,10,1.1428571428571428,1,0,Occasional Customers,"
       Customer Profile:
- Orders: 8
- Active Months: 7
- Avg Order Value: 364.07
- Recency: 10
- Frequency: 1.1428571428571428
- Cluster: 1
- Churn Risk: No"
14389.0,2,2,1942.86,65,1.0,1,0,Occasional Customers,"
       Customer Profile:
- Orders: 2
- Active Months: 2
- Avg Order Value: 1942.86
- Recency: 65
- Frequency: 1.0
- Cluster: 1
- Churn Risk: No"
14390.0,9,6,443.0866666666667,10,1.5,1,0,Occasional Customers,"
       Customer Profile:
- Orders: 9
- Active Months: 6
- Avg Order Value: 443.09
- Recency: 10
- Frequency: 1.5
- Cluster: 1
- Churn Risk: No"
14393.0,1,1,67.95,218,1.0,0,1,Dormant Customers,"
       Customer Profile:
- Orders: 1
- Active Months: 1
- Avg Order Value: 67.95
- Recency: 218
- Frequency: 1.0
- Cluster: 0
- Churn Risk: Yes"
14395.0,9,9,1328.3211111111111,2,1.0,1,0,Occasional Customers,"
       Customer Profile:
- Orders: 9
- Active Months: 9
- Avg Order Value: 1328.32
- Recency: 2
- Frequency: 1.0
- Cluster: 1
- Churn Risk: No"
14396.0,2,2,225.545,65,1.0,1,0,Occasional Customers,"
       Customer Profile:
- Orders: 2
- Active Months: 2
- Avg Order Value: 225.54
- Recency: 65
- Frequency: 1.0
- Cluster: 1
- Churn Risk: No"
14397.0,18,8,131.22833333333335,2,2.25,2,0,Frequent Customers,"
       Customer Profile:
- Orders: 18
- Active Months: 8
- Avg Order Value: 131.23
- Recency: 2
- Frequency: 2.25
- Cluster: 2
- Churn Risk: No"
14400.0,1,1,450.68,149,1.0,0,0,Dormant Customers,"
       Customer Profile:
- Orders: 1
- Active Months: 1
- Avg Order Value: 450.68
- Recency: 149
- Frequency: 1.0
- Cluster: 0
- Churn Risk: No"
14401.0,13,8,536.8815384615384,4,1.625,2,0,Frequent Customers,"
       Customer Profile:
- Orders: 13
- Active Months: 8
- Avg Order Value: 536.88
- Recency: 4
- Frequency: 1.625
- Cluster: 2
- Churn Risk: No"
14403.0,3,3,224.43,141,1.0,1,0,Occasional Customers,"
       Customer Profile:
- Orders: 3
- Active Months: 3
- Avg Order Value: 224.43
- Recency: 141
- Frequency: 1.0
- Cluster: 1
- Churn Risk: No"
14404.0,6,6,470.1666666666666,33,1.0,1,0,Occasional Customers,"
       Customer Profile:
- Orders: 6
- Active Months: 6
- Avg Order Value: 470.17
- Recency: 33
- Frequency: 1.0
- Cluster: 1
- Churn Risk: No"
14406.0,1,1,129.20000000000002,119,1.0,0,0,Dormant Customers,"
       Customer Profile:
- Orders: 1
- Active Months: 1
- Avg Order Value: 129.20
- Recency: 119
- Frequency: 1.0
- Cluster: 0
- Churn Risk: No"
14407.0,5,4,465.7120000000001,107,1.25,1,0,Occasional Customers,"
       Customer Profile:
- Orders: 5
- Active Months: 4
- Avg Order Value: 465.71
- Recency: 107
- Frequency: 1.25
- Cluster: 1
- Churn Risk: No"
14408.0,7,6,743.1914285714286,10,1.1666666666666667,1,0,Occasional Customers,"
       Customer Profile:
- Orders: 7
- Active Months: 6
- Avg Order Value: 743.19
- Recency: 10
- Frequency: 1.1666666666666667
- Cluster: 1
- Churn Risk: No"
14409.0,6,5,228.2983333333333,71,1.2,1,0,Occasional Customers,"
       Customer Profile:
- Orders: 6
- Active Months: 5
- Avg Order Value: 228.30
- Recency: 71
- Frequency: 1.2
- Cluster: 1
- Churn Risk: No"
14410.0,9,6,98.63555555555556,92,1.5,1,0,Occasional Customers,"
       Customer Profile:
- Orders: 9
- Active Months: 6
- Avg Order Value: 98.64
- Recency: 92
- Frequency: 1.5
- Cluster: 1
- Churn Risk: No"
14411.0,1,1,596.1,310,1.0,0,1,Dormant Customers,"
       Customer Profile:
- Orders: 1
- Active Months: 1
- Avg Order Value: 596.10
- Recency: 310
- Frequency: 1.0
- Cluster: 0
- Churn Risk: Yes"
14412.0,2,2,293.18,42,1.0,1,0,Occasional Customers,"
       Customer Profile:
- Orders: 2
- Active Months: 2
- Avg Order Value: 293.18
- Recency: 42
- Frequency: 1.0
- Cluster: 1
- Churn Risk: No"
14413.0,1,1,222.2,362,1.0,0,1,Dormant Customers,"
       Customer Profile:
- Orders: 1
- Active Months: 1
- Avg Order Value: 222.20
- Recency: 362
- Frequency: 1.0
- Cluster: 0
- Churn Risk: Yes"
14414.0,7,4,215.28857142857143,91,1.75,1,0,Occasional Customers,"
       Customer Profile:
- Orders: 7
- Active Months: 4
- Avg Order Value: 215.29
- Recency: 91
- Frequency: 1.75
- Cluster: 1
- Churn Risk: No"
14415.0,13,12,828.1269230769232,1,1.0833333333333333,2,0,Frequent Customers,"
       Customer Profile:
- Orders: 13
- Active Months: 12
- Avg Order Value: 828.13
- Recency: 1
- Frequency: 1.0833333333333333
- Cluster: 2
- Churn Risk: No"
14416.0,2,2,143.07999999999998,22,1.0,1,0,Occasional Customers,"
       Customer Profile:
- Orders: 2
- Active Months: 2
- Avg Order Value: 143.08
- Recency: 22
- Frequency: 1.0
- Cluster: 1
- Churn Risk: No"
14418.0,3,3,838.0933333333334,3,1.0,1,0,Occasional Customers,"
       Customer Profile:
- Orders: 3
- Active Months: 3
- Avg Order Value: 838.09
- Recency: 3
- Frequency: 1.0
- Cluster: 1
- Churn Risk: No"
14419.0,6,5,473.685,10,1.2,1,0,Occasional Customers,"
       Customer Profile:
- Orders: 6
- Active Months: 5
- Avg Order Value: 473.69
- Recency: 10
- Frequency: 1.2
- Cluster: 1
- Churn Risk: No"
14420.0,1,1,387.52,99,1.0,1,0,Occasional Customers,"
       Customer Profile:
- Orders: 1
- Active Months: 1
- Avg Order Value: 387.52
- Recency: 99
- Frequency: 1.0
- Cluster: 1
- Churn Risk: No"
14421.0,2,2,364.305,57,1.0,1,0,Occasional Customers,"
       Customer Profile:
- Orders: 2
- Active Months: 2
- Avg Order Value: 364.31
- Recency: 57
- Frequency: 1.0
- Cluster: 1
- Churn Risk: No"
14422.0,6,6,705.9033333333333,1,1.0,1,0,Occasional Customers,"
       Customer Profile:
- Orders: 6
- Active Months: 6
- Avg Order Value: 705.90
- Recency: 1
- Frequency: 1.0
- Cluster: 1
- Churn Risk: No"
14423.0,1,1,158.1,218,1.0,0,1,Dormant Customers,"
       Customer Profile:
- Orders: 1
- Active Months: 1
- Avg Order Value: 158.10
- Recency: 218
- Frequency: 1.0
- Cluster: 0
- Churn Risk: Yes"
14424.0,1,1,181.17,17,1.0,1,0,Occasional Customers,"
       Customer Profile:
- Orders: 1
- Active Months: 1
- Avg Order Value: 181.17
- Recency: 17
- Frequency: 1.0
- Cluster: 1
- Churn Risk: No"
14426.0,9,5,980.9344444444444,23,1.8,2,0,Frequent Customers,"
       Customer Profile:
- Orders: 9
- Active Months: 5
- Avg Order Value: 980.93
- Recency: 23
- Frequency: 1.8
- Cluster: 2
- Churn Risk: No"
14427.0,2,1,172.22000000000003,50,2.0,1,0,Occasional Customers,"
       Customer Profile:
- Orders: 2
- Active Months: 1
- Avg Order Value: 172.22
- Recency: 50
- Frequency: 2.0
- Cluster: 1
- Churn Risk: No"
14428.0,5,5,158.53199999999998,7,1.0,1,0,Occasional Customers,"
       Customer Profile:
- Orders: 5
- Active Months: 5
- Avg Order Value: 158.53
- Recency: 7
- Frequency: 1.0
- Cluster: 1
- Churn Risk: No"
14431.0,1,1,303.66,302,1.0,0,1,Dormant Customers,"
       Customer Profile:
- Orders: 1
- Active Months: 1
- Avg Order Value: 303.66
- Recency: 302
- Frequency: 1.0
- Cluster: 0
- Churn Risk: Yes"
14432.0,6,3,994.3316666666666,9,2.0,1,0,Occasional Customers,"
       Customer Profile:
- Orders: 6
- Active Months: 3
- Avg Order Value: 994.33
- Recency: 9
- Frequency: 2.0
- Cluster: 1
- Churn Risk: No"
14434.0,6,3,246.25,21,2.0,1,0,Occasional Customers,"
       Customer Profile:
- Orders: 6
- Active Months: 3
- Avg Order Value: 246.25
- Recency: 21
- Frequency: 2.0
- Cluster: 1
- Churn Risk: No"
14436.0,1,1,76.56,98,1.0,1,0,Occasional Customers,"
       Customer Profile:
- Orders: 1
- Active Months: 1
- Avg Order Value: 76.56
- Recency: 98
- Frequency: 1.0
- Cluster: 1
- Churn Risk: No"
14437.0,1,1,63.0,365,1.0,0,1,Dormant Customers,"
       Customer Profile:
- Orders: 1
- Active Months: 1
- Avg Order Value: 63.00
- Recency: 365
- Frequency: 1.0
- Cluster: 0
- Churn Risk: Yes"
14438.0,1,1,395.7,306,1.0,0,1,Dormant Customers,"
       Customer Profile:
- Orders: 1
- Active Months: 1
- Avg Order Value: 395.70
- Recency: 306
- Frequency: 1.0
- Cluster: 0
- Churn Risk: Yes"
14439.0,1,1,1761.5,319,1.0,0,1,Dormant Customers,"
       Customer Profile:
- Orders: 1
- Active Months: 1
- Avg Order Value: 1761.50
- Recency: 319
- Frequency: 1.0
- Cluster: 0
- Churn Risk: Yes"
14440.0,5,5,323.746,8,1.0,1,0,Occasional Customers,"
       Customer Profile:
- Orders: 5
- Active Months: 5
- Avg Order Value: 323.75
- Recency: 8
- Frequency: 1.0
- Cluster: 1
- Churn Risk: No"
14441.0,4,4,333.39750000000004,1,1.0,1,0,Occasional Customers,"
       Customer Profile:
- Orders: 4
- Active Months: 4
- Avg Order Value: 333.40
- Recency: 1
- Frequency: 1.0
- Cluster: 1
- Churn Risk: No"
14442.0,2,2,316.235,204,1.0,0,1,Dormant Customers,"
       Customer Profile:
- Orders: 2
- Active Months: 2
- Avg Order Value: 316.24
- Recency: 204
- Frequency: 1.0
- Cluster: 0
- Churn Risk: Yes"
14443.0,4,4,505.685,53,1.0,1,0,Occasional Customers,"
       Customer Profile:
- Orders: 4
- Active Months: 4
- Avg Order Value: 505.69
- Recency: 53
- Frequency: 1.0
- Cluster: 1
- Churn Risk: No"
14446.0,4,4,323.3775,1,1.0,1,0,Occasional Customers,"
       Customer Profile:
- Orders: 4
- Active Months: 4
- Avg Order Value: 323.38
- Recency: 1
- Frequency: 1.0
- Cluster: 1
- Churn Risk: No"
14447.0,5,4,229.466,18,1.25,1,0,Occasional Customers,"
       Customer Profile:
- Orders: 5
- Active Months: 4
- Avg Order Value: 229.47
- Recency: 18
- Frequency: 1.25
- Cluster: 1
- Churn Risk: No"
14448.0,2,2,215.25,9,1.0,1,0,Occasional Customers,"
       Customer Profile:
- Orders: 2
- Active Months: 2
- Avg Order Value: 215.25
- Recency: 9
- Frequency: 1.0
- Cluster: 1
- Churn Risk: No"
14449.0,4,4,213.1375,18,1.0,1,0,Occasional Customers,"
       Customer Profile:
- Orders: 4
- Active Months: 4
- Avg Order Value: 213.14
- Recency: 18
- Frequency: 1.0
- Cluster: 1
- Churn Risk: No"
14450.0,3,3,892.3000000000001,180,1.0,1,0,Occasional Customers,"
       Customer Profile:
- Orders: 3
- Active Months: 3
- Avg Order Value: 892.30
- Recency: 180
- Frequency: 1.0
- Cluster: 1
- Churn Risk: No"
14451.0,2,2,768.85,60,1.0,1,0,Occasional Customers,"
       Customer Profile:
- Orders: 2
- Active Months: 2
- Avg Order Value: 768.85
- Recency: 60
- Frequency: 1.0
- Cluster: 1
- Churn Risk: No"
14452.0,2,2,95.75,10,1.0,1,0,Occasional Customers,"
       Customer Profile:
- Orders: 2
- Active Months: 2
- Avg Order Value: 95.75
- Recency: 10
- Frequency: 1.0
- Cluster: 1
- Churn Risk: No"
14453.0,1,1,1209.78,190,1.0,0,1,Dormant Customers,"
       Customer Profile:
- Orders: 1
- Active Months: 1
- Avg Order Value: 1209.78
- Recency: 190
- Frequency: 1.0
- Cluster: 0
- Churn Risk: Yes"
14456.0,9,5,497.7722222222222,5,1.8,2,0,Frequent Customers,"
       Customer Profile:
- Orders: 9
- Active Months: 5
- Avg Order Value: 497.77
- Recency: 5
- Frequency: 1.8
- Cluster: 2
- Churn Risk: No"
14457.0,1,1,102.39,310,1.0,0,1,Dormant Customers,"
       Customer Profile:
- Orders: 1
- Active Months: 1
- Avg Order Value: 102.39
- Recency: 310
- Frequency: 1.0
- Cluster: 0
- Churn Risk: Yes"
14459.0,1,1,1399.98,155,1.0,1,0,Occasional Customers,"
       Customer Profile:
- Orders: 1
- Active Months: 1
- Avg Order Value: 1399.98
- Recency: 155
- Frequency: 1.0
- Cluster: 1
- Churn Risk: No"
14460.0,3,3,116.34,110,1.0,1,0,Occasional Customers,"
       Customer Profile:
- Orders: 3
- Active Months: 3
- Avg Order Value: 116.34
- Recency: 110
- Frequency: 1.0
- Cluster: 1
- Churn Risk: No"
14461.0,3,3,514.8566666666667,148,1.0,1,0,Occasional Customers,"
       Customer Profile:
- Orders: 3
- Active Months: 3
- Avg Order Value: 514.86
- Recency: 148
- Frequency: 1.0
- Cluster: 1
- Churn Risk: No"
14462.0,11,9,216.03,66,1.2222222222222223,2,0,Frequent Customers,"
       Customer Profile:
- Orders: 11
- Active Months: 9
- Avg Order Value: 216.03
- Recency: 66
- Frequency: 1.2222222222222223
- Cluster: 2
- Churn Risk: No"
14463.0,3,3,87.54,98,1.0,1,0,Occasional Customers,"
       Customer Profile:
- Orders: 3
- Active Months: 3
- Avg Order Value: 87.54
- Recency: 98
- Frequency: 1.0
- Cluster: 1
- Churn Risk: No"
14465.0,3,2,300.34666666666664,246,1.5,0,1,Dormant Customers,"
       Customer Profile:
- Orders: 3
- Active Months: 2
- Avg Order Value: 300.35
- Recency: 246
- Frequency: 1.5
- Cluster: 0
- Churn Risk: Yes"
14466.0,7,7,234.7642857142857,29,1.0,1,0,Occasional Customers,"
       Customer Profile:
- Orders: 7
- Active Months: 7
- Avg Order Value: 234.76
- Recency: 29
- Frequency: 1.0
- Cluster: 1
- Churn Risk: No"
14467.0,4,3,132.5025,17,1.3333333333333333,1,0,Occasional Customers,"
       Customer Profile:
- Orders: 4
- Active Months: 3
- Avg Order Value: 132.50
- Recency: 17
- Frequency: 1.3333333333333333
- Cluster: 1
- Churn Risk: No"
14470.0,2,2,163.47,11,1.0,1,0,Occasional Customers,"
       Customer Profile:
- Orders: 2
- Active Months: 2
- Avg Order Value: 163.47
- Recency: 11
- Frequency: 1.0
- Cluster: 1
- Churn Risk: No"
14472.0,8,7,381.295,103,1.1428571428571428,1,0,Occasional Customers,"
       Customer Profile:
- Orders: 8
- Active Months: 7
- Avg Order Value: 381.30
- Recency: 103
- Frequency: 1.1428571428571428
- Cluster: 1
- Churn Risk: No"
14473.0,1,1,123.9,74,1.0,1,0,Occasional Customers,"
       Customer Profile:
- Orders: 1
- Active Months: 1
- Avg Order Value: 123.90
- Recency: 74
- Frequency: 1.0
- Cluster: 1
- Churn Risk: No"
14474.0,1,1,210.06,46,1.0,1,0,Occasional Customers,"
       Customer Profile:
- Orders: 1
- Active Months: 1
- Avg Order Value: 210.06
- Recency: 46
- Frequency: 1.0
- Cluster: 1
- Churn Risk: No"
14475.0,3,3,411.5,71,1.0,1,0,Occasional Customers,"
       Customer Profile:
- Orders: 3
- Active Months: 3
- Avg Order Value: 411.50
- Recency: 71
- Frequency: 1.0
- Cluster: 1
- Churn Risk: No"
14476.0,1,1,366.1,257,1.0,0,1,Dormant Customers,"
       Customer Profile:
- Orders: 1
- Active Months: 1
- Avg Order Value: 366.10
- Recency: 257
- Frequency: 1.0
- Cluster: 0
- Churn Risk: Yes"
14477.0,4,4,240.9175,19,1.0,1,0,Occasional Customers,"
       Customer Profile:
- Orders: 4
- Active Months: 4
- Avg Order Value: 240.92
- Recency: 19
- Frequency: 1.0
- Cluster: 1
- Churn Risk: No"
14479.0,2,2,126.325,253,1.0,0,1,Dormant Customers,"
       Customer Profile:
- Orders: 2
- Active Months: 2
- Avg Order Value: 126.33
- Recency: 253
- Frequency: 1.0
- Cluster: 0
- Churn Risk: Yes"
14480.0,1,1,262.55,11,1.0,1,0,Occasional Customers,"
       Customer Profile:
- Orders: 1
- Active Months: 1
- Avg Order Value: 262.55
- Recency: 11
- Frequency: 1.0
- Cluster: 1
- Churn Risk: No"
14481.0,2,2,292.155,164,1.0,0,0,Dormant Customers,"
       Customer Profile:
- Orders: 2
- Active Months: 2
- Avg Order Value: 292.15
- Recency: 164
- Frequency: 1.0
- Cluster: 0
- Churn Risk: No"
14482.0,6,4,249.78333333333333,18,1.5,1,0,Occasional Customers,"
       Customer Profile:
- Orders: 6
- Active Months: 4
- Avg Order Value: 249.78
- Recency: 18
- Frequency: 1.5
- Cluster: 1
- Churn Risk: No"
14483.0,1,1,137.1,281,1.0,0,1,Dormant Customers,"
       Customer Profile:
- Orders: 1
- Active Months: 1
- Avg Order Value: 137.10
- Recency: 281
- Frequency: 1.0
- Cluster: 0
- Churn Risk: Yes"
14484.0,1,1,313.1,50,1.0,1,0,Occasional Customers,"
       Customer Profile:
- Orders: 1
- Active Months: 1
- Avg Order Value: 313.10
- Recency: 50
- Frequency: 1.0
- Cluster: 1
- Churn Risk: No"
14485.0,1,1,1443.5,38,1.0,1,0,Occasional Customers,"
       Customer Profile:
- Orders: 1
- Active Months: 1
- Avg Order Value: 1443.50
- Recency: 38
- Frequency: 1.0
- Cluster: 1
- Churn Risk: No"
14487.0,6,4,305.4433333333333,26,1.5,1,0,Occasional Customers,"
       Customer Profile:
- Orders: 6
- Active Months: 4
- Avg Order Value: 305.44
- Recency: 26
- Frequency: 1.5
- Cluster: 1
- Churn Risk: No"
14488.0,1,1,778.81,67,1.0,1,0,Occasional Customers,"
       Customer Profile:
- Orders: 1
- Active Months: 1
- Avg Order Value: 778.81
- Recency: 67
- Frequency: 1.0
- Cluster: 1
- Churn Risk: No"
14489.0,1,1,455.91,207,1.0,0,1,Dormant Customers,"
       Customer Profile:
- Orders: 1
- Active Months: 1
- Avg Order Value: 455.91
- Recency: 207
- Frequency: 1.0
- Cluster: 0
- Churn Risk: Yes"
14491.0,2,2,110.49,175,1.0,0,0,Dormant Customers,"
       Customer Profile:
- Orders: 2
- Active Months: 2
- Avg Order Value: 110.49
- Recency: 175
- Frequency: 1.0
- Cluster: 0
- Churn Risk: No"
14493.0,5,4,416.264,7,1.25,1,0,Occasional Customers,"
       Customer Profile:
- Orders: 5
- Active Months: 4
- Avg Order Value: 416.26
- Recency: 7
- Frequency: 1.25
- Cluster: 1
- Churn Risk: No"
14494.0,1,1,139.56,25,1.0,1,0,Occasional Customers,"
       Customer Profile:
- Orders: 1
- Active Months: 1
- Avg Order Value: 139.56
- Recency: 25
- Frequency: 1.0
- Cluster: 1
- Churn Risk: No"
14495.0,2,2,61.9,50,1.0,1,0,Occasional Customers,"
       Customer Profile:
- Orders: 2
- Active Months: 2
- Avg Order Value: 61.90
- Recency: 50
- Frequency: 1.0
- Cluster: 1
- Churn Risk: No"
14496.0,2,2,191.725,311,1.0,0,1,Dormant Customers,"
       Customer Profile:
- Orders: 2
- Active Months: 2
- Avg Order Value: 191.72
- Recency: 311
- Frequency: 1.0
- Cluster: 0
- Churn Risk: Yes"
14497.0,1,1,335.52,309,1.0,0,1,Dormant Customers,"
       Customer Profile:
- Orders: 1
- Active Months: 1
- Avg Order Value: 335.52
- Recency: 309
- Frequency: 1.0
- Cluster: 0
- Churn Risk: Yes"
14498.0,5,5,1077.644,42,1.0,1,0,Occasional Customers,"
       Customer Profile:
- Orders: 5
- Active Months: 5
- Avg Order Value: 1077.64
- Recency: 42
- Frequency: 1.0
- Cluster: 1
- Churn Risk: No"
14499.0,3,3,436.1466666666667,26,1.0,1,0,Occasional Customers,"
       Customer Profile:
- Orders: 3
- Active Months: 3
- Avg Order Value: 436.15
- Recency: 26
- Frequency: 1.0
- Cluster: 1
- Churn Risk: No"
14500.0,2,2,125.925,88,1.0,1,0,Occasional Customers,"
       Customer Profile:
- Orders: 2
- Active Months: 2
- Avg Order Value: 125.92
- Recency: 88
- Frequency: 1.0
- Cluster: 1
- Churn Risk: No"
14501.0,2,2,125.605,183,1.0,0,1,Dormant Customers,"
       Customer Profile:
- Orders: 2
- Active Months: 2
- Avg Order Value: 125.61
- Recency: 183
- Frequency: 1.0
- Cluster: 0
- Churn Risk: Yes"
14502.0,9,7,504.56777777777774,19,1.2857142857142858,1,0,Occasional Customers,"
       Customer Profile:
- Orders: 9
- Active Months: 7
- Avg Order Value: 504.57
- Recency: 19
- Frequency: 1.2857142857142858
- Cluster: 1
- Churn Risk: No"
14503.0,6,4,1021.4916666666668,3,1.5,1,0,Occasional Customers,"
       Customer Profile:
- Orders: 6
- Active Months: 4
- Avg Order Value: 1021.49
- Recency: 3
- Frequency: 1.5
- Cluster: 1
- Churn Risk: No"
14504.0,4,3,271.865,47,1.3333333333333333,1,0,Occasional Customers,"
       Customer Profile:
- Orders: 4
- Active Months: 3
- Avg Order Value: 271.87
- Recency: 47
- Frequency: 1.3333333333333333
- Cluster: 1
- Churn Risk: No"
14505.0,8,6,1952.4325,17,1.3333333333333333,1,0,Occasional Customers,"
       Customer Profile:
- Orders: 8
- Active Months: 6
- Avg Order Value: 1952.43
- Recency: 17
- Frequency: 1.3333333333333333
- Cluster: 1
- Churn Risk: No"
14506.0,5,5,288.08000000000004,17,1.0,1,0,Occasional Customers,"
       Customer Profile:
- Orders: 5
- Active Months: 5
- Avg Order Value: 288.08
- Recency: 17
- Frequency: 1.0
- Cluster: 1
- Churn Risk: No"
14507.0,6,5,426.2083333333333,23,1.2,1,0,Occasional Customers,"
       Customer Profile:
- Orders: 6
- Active Months: 5
- Avg Order Value: 426.21
- Recency: 23
- Frequency: 1.2
- Cluster: 1
- Churn Risk: No"
14508.0,2,2,147.18,22,1.0,1,0,Occasional Customers,"
       Customer Profile:
- Orders: 2
- Active Months: 2
- Avg Order Value: 147.18
- Recency: 22
- Frequency: 1.0
- Cluster: 1
- Churn Risk: No"
14511.0,5,4,304.754,11,1.25,1,0,Occasional Customers,"
       Customer Profile:
- Orders: 5
- Active Months: 4
- Avg Order Value: 304.75
- Recency: 11
- Frequency: 1.25
- Cluster: 1
- Churn Risk: No"
14512.0,2,2,297.83500000000004,187,1.0,0,1,Dormant Customers,"
       Customer Profile:
- Orders: 2
- Active Months: 2
- Avg Order Value: 297.84
- Recency: 187
- Frequency: 1.0
- Cluster: 0
- Churn Risk: Yes"
14513.0,3,3,96.53,100,1.0,1,0,Occasional Customers,"
       Customer Profile:
- Orders: 3
- Active Months: 3
- Avg Order Value: 96.53
- Recency: 100
- Frequency: 1.0
- Cluster: 1
- Churn Risk: No"
14514.0,3,3,450.25,61,1.0,1,0,Occasional Customers,"
       Customer Profile:
- Orders: 3
- Active Months: 3
- Avg Order Value: 450.25
- Recency: 61
- Frequency: 1.0
- Cluster: 1
- Churn Risk: No"
14515.0,6,4,289.035,17,1.5,1,0,Occasional Customers,"
       Customer Profile:
- Orders: 6
- Active Months: 4
- Avg Order Value: 289.04
- Recency: 17
- Frequency: 1.5
- Cluster: 1
- Churn Risk: No"
14517.0,2,2,111.425,33,1.0,1,0,Occasional Customers,"
       Customer Profile:
- Orders: 2
- Active Months: 2
- Avg Order Value: 111.42
- Recency: 33
- Frequency: 1.0
- Cluster: 1
- Churn Risk: No"
14518.0,1,1,122.7,64,1.0,1,0,Occasional Customers,"
       Customer Profile:
- Orders: 1
- Active Months: 1
- Avg Order Value: 122.70
- Recency: 64
- Frequency: 1.0
- Cluster: 1
- Churn Risk: No"
14520.0,2,2,221.355,1,1.0,1,0,Occasional Customers,"
       Customer Profile:
- Orders: 2
- Active Months: 2
- Avg Order Value: 221.35
- Recency: 1
- Frequency: 1.0
- Cluster: 1
- Churn Risk: No"
14522.0,4,3,170.7725,24,1.3333333333333333,1,0,Occasional Customers,"
       Customer Profile:
- Orders: 4
- Active Months: 3
- Avg Order Value: 170.77
- Recency: 24
- Frequency: 1.3333333333333333
- Cluster: 1
- Churn Risk: No"
14523.0,1,1,186.29,108,1.0,1,0,Occasional Customers,"
       Customer Profile:
- Orders: 1
- Active Months: 1
- Avg Order Value: 186.29
- Recency: 108
- Frequency: 1.0
- Cluster: 1
- Churn Risk: No"
14524.0,9,6,212.4377777777778,31,1.5,1,0,Occasional Customers,"
       Customer Profile:
- Orders: 9
- Active Months: 6
- Avg Order Value: 212.44
- Recency: 31
- Frequency: 1.5
- Cluster: 1
- Churn Risk: No"
14525.0,9,8,557.5511111111111,19,1.125,1,0,Occasional Customers,"
       Customer Profile:
- Orders: 9
- Active Months: 8
- Avg Order Value: 557.55
- Recency: 19
- Frequency: 1.125
- Cluster: 1
- Churn Risk: No"
14527.0,54,13,110.14611111111113,2,3.0,2,0,Frequent Customers,"
       Customer Profile:
- Orders: 54
- Active Months: 13
- Avg Order Value: 110.15
- Recency: 2
- Frequency: 3.0
- Cluster: 2
- Churn Risk: No"
14528.0,1,1,324.75,37,1.0,1,0,Occasional Customers,"
       Customer Profile:
- Orders: 1
- Active Months: 1
- Avg Order Value: 324.75
- Recency: 37
- Frequency: 1.0
- Cluster: 1
- Churn Risk: No"
14529.0,3,3,362.6133333333334,60,1.0,1,0,Occasional Customers,"
       Customer Profile:
- Orders: 3
- Active Months: 3
- Avg Order Value: 362.61
- Recency: 60
- Frequency: 1.0
- Cluster: 1
- Churn Risk: No"
14530.0,6,6,351.4883333333333,25,1.0,1,0,Occasional Customers,"
       Customer Profile:
- Orders: 6
- Active Months: 6
- Avg Order Value: 351.49
- Recency: 25
- Frequency: 1.0
- Cluster: 1
- Churn Risk: No"
14532.0,3,3,174.80000000000004,236,1.0,0,1,Dormant Customers,"
       Customer Profile:
- Orders: 3
- Active Months: 3
- Avg Order Value: 174.80
- Recency: 236
- Frequency: 1.0
- Cluster: 0
- Churn Risk: Yes"
14533.0,7,5,256.0785714285714,24,1.4,1,0,Occasional Customers,"
       Customer Profile:
- Orders: 7
- Active Months: 5
- Avg Order Value: 256.08
- Recency: 24
- Frequency: 1.4
- Cluster: 1
- Churn Risk: No"
14534.0,18,12,281.48055555555555,2,1.5,2,0,Frequent Customers,"
       Customer Profile:
- Orders: 18
- Active Months: 12
- Avg Order Value: 281.48
- Recency: 2
- Frequency: 1.5
- Cluster: 2
- Churn Risk: No"
14535.0,3,3,1619.2933333333333,60,1.0,1,0,Occasional Customers,"
       Customer Profile:
- Orders: 3
- Active Months: 3
- Avg Order Value: 1619.29
- Recency: 60
- Frequency: 1.0
- Cluster: 1
- Churn Risk: No"
14536.0,1,1,76.0,259,1.0,0,1,Dormant Customers,"
       Customer Profile:
- Orders: 1
- Active Months: 1
- Avg Order Value: 76.00
- Recency: 259
- Frequency: 1.0
- Cluster: 0
- Churn Risk: Yes"
14537.0,1,1,355.56,57,1.0,1,0,Occasional Customers,"
       Customer Profile:
- Orders: 1
- Active Months: 1
- Avg Order Value: 355.56
- Recency: 57
- Frequency: 1.0
- Cluster: 1
- Churn Risk: No"
14538.0,2,2,167.175,64,1.0,1,0,Occasional Customers,"
       Customer Profile:
- Orders: 2
- Active Months: 2
- Avg Order Value: 167.18
- Recency: 64
- Frequency: 1.0
- Cluster: 1
- Churn Risk: No"
14539.0,2,2,255.83,15,1.0,1,0,Occasional Customers,"
       Customer Profile:
- Orders: 2
- Active Months: 2
- Avg Order Value: 255.83
- Recency: 15
- Frequency: 1.0
- Cluster: 1
- Churn Risk: No"
14540.0,3,3,501.92333333333335,9,1.0,1,0,Occasional Customers,"
       Customer Profile:
- Orders: 3
- Active Months: 3
- Avg Order Value: 501.92
- Recency: 9
- Frequency: 1.0
- Cluster: 1
- Churn Risk: No"
14541.0,8,6,255.425,58,1.3333333333333333,1,0,Occasional Customers,"
       Customer Profile:
- Orders: 8
- Active Months: 6
- Avg Order Value: 255.43
- Recency: 58
- Frequency: 1.3333333333333333
- Cluster: 1
- Churn Risk: No"
14542.0,1,1,103.25,185,1.0,0,1,Dormant Customers,"
       Customer Profile:
- Orders: 1
- Active Months: 1
- Avg Order Value: 103.25
- Recency: 185
- Frequency: 1.0
- Cluster: 0
- Churn Risk: Yes"
14543.0,16,10,145.855625,28,1.6,2,0,Frequent Customers,"
       Customer Profile:
- Orders: 16
- Active Months: 10
- Avg Order Value: 145.86
- Recency: 28
- Frequency: 1.6
- Cluster: 2
- Churn Risk: No"
14544.0,2,2,795.415,24,1.0,1,0,Occasional Customers,"
       Customer Profile:
- Orders: 2
- Active Months: 2
- Avg Order Value: 795.41
- Recency: 24
- Frequency: 1.0
- Cluster: 1
- Churn Risk: No"
14546.0,5,5,695.1400000000001,5,1.0,1,0,Occasional Customers,"
       Customer Profile:
- Orders: 5
- Active Months: 5
- Avg Order Value: 695.14
- Recency: 5
- Frequency: 1.0
- Cluster: 1
- Churn Risk: No"
14547.0,8,3,892.4625000000001,3,2.6666666666666665,2,0,Frequent Customers,"
       Customer Profile:
- Orders: 8
- Active Months: 3
- Avg Order Value: 892.46
- Recency: 3
- Frequency: 2.6666666666666665
- Cluster: 2
- Churn Risk: No"
14548.0,2,2,275.4,150,1.0,0,0,Dormant Customers,"
       Customer Profile:
- Orders: 2
- Active Months: 2
- Avg Order Value: 275.40
- Recency: 150
- Frequency: 1.0
- Cluster: 0
- Churn Risk: No"
14549.0,1,1,230.65,311,1.0,0,1,Dormant Customers,"
       Customer Profile:
- Orders: 1
- Active Months: 1
- Avg Order Value: 230.65
- Recency: 311
- Frequency: 1.0
- Cluster: 0
- Churn Risk: Yes"
14550.0,2,2,349.55,10,1.0,1,0,Occasional Customers,"
       Customer Profile:
- Orders: 2
- Active Months: 2
- Avg Order Value: 349.55
- Recency: 10
- Frequency: 1.0
- Cluster: 1
- Churn Risk: No"
14551.0,2,2,66.61500000000001,18,1.0,1,0,Occasional Customers,"
       Customer Profile:
- Orders: 2
- Active Months: 2
- Avg Order Value: 66.62
- Recency: 18
- Frequency: 1.0
- Cluster: 1
- Churn Risk: No"
14552.0,1,1,156.27,151,1.0,0,0,Dormant Customers,"
       Customer Profile:
- Orders: 1
- Active Months: 1
- Avg Order Value: 156.27
- Recency: 151
- Frequency: 1.0
- Cluster: 0
- Churn Risk: No"
14553.0,5,3,296.954,19,1.6666666666666667,1,0,Occasional Customers,"
       Customer Profile:
- Orders: 5
- Active Months: 3
- Avg Order Value: 296.95
- Recency: 19
- Frequency: 1.6666666666666667
- Cluster: 1
- Churn Risk: No"
14554.0,4,2,483.4125,10,2.0,1,0,Occasional Customers,"
       Customer Profile:
- Orders: 4
- Active Months: 2
- Avg Order Value: 483.41
- Recency: 10
- Frequency: 2.0
- Cluster: 1
- Churn Risk: No"
14555.0,2,2,148.665,57,1.0,1,0,Occasional Customers,"
       Customer Profile:
- Orders: 2
- Active Months: 2
- Avg Order Value: 148.66
- Recency: 57
- Frequency: 1.0
- Cluster: 1
- Churn Risk: No"
14557.0,1,1,597.4,85,1.0,1,0,Occasional Customers,"
       Customer Profile:
- Orders: 1
- Active Months: 1
- Avg Order Value: 597.40
- Recency: 85
- Frequency: 1.0
- Cluster: 1
- Churn Risk: No"
14560.0,17,10,44.71411764705882,7,1.7,2,0,Frequent Customers,"
       Customer Profile:
- Orders: 17
- Active Months: 10
- Avg Order Value: 44.71
- Recency: 7
- Frequency: 1.7
- Cluster: 2
- Churn Risk: No"
14561.0,3,2,485.48,75,1.5,1,0,Occasional Customers,"
       Customer Profile:
- Orders: 3
- Active Months: 2
- Avg Order Value: 485.48
- Recency: 75
- Frequency: 1.5
- Cluster: 1
- Churn Risk: No"
14562.0,18,9,419.6516666666667,3,2.0,2,0,Frequent Customers,"
       Customer Profile:
- Orders: 18
- Active Months: 9
- Avg Order Value: 419.65
- Recency: 3
- Frequency: 2.0
- Cluster: 2
- Churn Risk: No"
14565.0,4,4,789.98,95,1.0,1,0,Occasional Customers,"
       Customer Profile:
- Orders: 4
- Active Months: 4
- Avg Order Value: 789.98
- Recency: 95
- Frequency: 1.0
- Cluster: 1
- Churn Risk: No"
14566.0,1,1,386.64,110,1.0,1,0,Occasional Customers,"
       Customer Profile:
- Orders: 1
- Active Months: 1
- Avg Order Value: 386.64
- Recency: 110
- Frequency: 1.0
- Cluster: 1
- Churn Risk: No"
14567.0,2,2,1685.7,56,1.0,1,0,Occasional Customers,"
       Customer Profile:
- Orders: 2
- Active Months: 2
- Avg Order Value: 1685.70
- Recency: 56
- Frequency: 1.0
- Cluster: 1
- Churn Risk: No"
14569.0,1,1,893.64,1,1.0,1,0,Occasional Customers,"
       Customer Profile:
- Orders: 1
- Active Months: 1
- Avg Order Value: 893.64
- Recency: 1
- Frequency: 1.0
- Cluster: 1
- Churn Risk: No"
14570.0,2,1,95.105,280,2.0,0,1,Dormant Customers,"
       Customer Profile:
- Orders: 2
- Active Months: 1
- Avg Order Value: 95.11
- Recency: 280
- Frequency: 2.0
- Cluster: 0
- Churn Risk: Yes"
14572.0,7,6,493.1571428571429,3,1.1666666666666667,1,0,Occasional Customers,"
       Customer Profile:
- Orders: 7
- Active Months: 6
- Avg Order Value: 493.16
- Recency: 3
- Frequency: 1.1666666666666667
- Cluster: 1
- Churn Risk: No"
14573.0,9,5,128.10444444444445,179,1.8,2,0,Frequent Customers,"
       Customer Profile:
- Orders: 9
- Active Months: 5
- Avg Order Value: 128.10
- Recency: 179
- Frequency: 1.8
- Cluster: 2
- Churn Risk: No"
14576.0,1,1,35.400000000000006,368,1.0,0,1,Dormant Customers,"
       Customer Profile:
- Orders: 1
- Active Months: 1
- Avg Order Value: 35.40
- Recency: 368
- Frequency: 1.0
- Cluster: 0
- Churn Risk: Yes"
14577.0,4,4,476.03,12,1.0,1,0,Occasional Customers,"
       Customer Profile:
- Orders: 4
- Active Months: 4
- Avg Order Value: 476.03
- Recency: 12
- Frequency: 1.0
- Cluster: 1
- Churn Risk: No"
14578.0,1,1,282.42,3,1.0,1,0,Occasional Customers,"
       Customer Profile:
- Orders: 1
- Active Months: 1
- Avg Order Value: 282.42
- Recency: 3
- Frequency: 1.0
- Cluster: 1
- Churn Risk: No"
14581.0,1,1,108.63,16,1.0,1,0,Occasional Customers,"
       Customer Profile:
- Orders: 1
- Active Months: 1
- Avg Order Value: 108.63
- Recency: 16
- Frequency: 1.0
- Cluster: 1
- Churn Risk: No"
14582.0,1,1,188.42,40,1.0,1,0,Occasional Customers,"
       Customer Profile:
- Orders: 1
- Active Months: 1
- Avg Order Value: 188.42
- Recency: 40
- Frequency: 1.0
- Cluster: 1
- Churn Risk: No"
14583.0,5,4,208.17200000000005,5,1.25,1,0,Occasional Customers,"
       Customer Profile:
- Orders: 5
- Active Months: 4
- Avg Order Value: 208.17
- Recency: 5
- Frequency: 1.25
- Cluster: 1
- Churn Risk: No"
14584.0,4,2,419.89,169,2.0,1,0,Occasional Customers,"
       Customer Profile:
- Orders: 4
- Active Months: 2
- Avg Order Value: 419.89
- Recency: 169
- Frequency: 2.0
- Cluster: 1
- Churn Risk: No"
14585.0,1,1,148.55,50,1.0,1,0,Occasional Customers,"
       Customer Profile:
- Orders: 1
- Active Months: 1
- Avg Order Value: 148.55
- Recency: 50
- Frequency: 1.0
- Cluster: 1
- Churn Risk: No"
14586.0,1,1,909.12,276,1.0,0,1,Dormant Customers,"
       Customer Profile:
- Orders: 1
- Active Months: 1
- Avg Order Value: 909.12
- Recency: 276
- Frequency: 1.0
- Cluster: 0
- Churn Risk: Yes"
14587.0,9,7,140.44444444444446,18,1.2857142857142858,1,0,Occasional Customers,"
       Customer Profile:
- Orders: 9
- Active Months: 7
- Avg Order Value: 140.44
- Recency: 18
- Frequency: 1.2857142857142858
- Cluster: 1
- Churn Risk: No"
14591.0,4,2,269.9075,15,2.0,1,0,Occasional Customers,"
       Customer Profile:
- Orders: 4
- Active Months: 2
- Avg Order Value: 269.91
- Recency: 15
- Frequency: 2.0
- Cluster: 1
- Churn Risk: No"
14592.0,3,2,172.09666666666666,35,1.5,1,0,Occasional Customers,"
       Customer Profile:
- Orders: 3
- Active Months: 2
- Avg Order Value: 172.10
- Recency: 35
- Frequency: 1.5
- Cluster: 1
- Churn Risk: No"
14593.0,3,2,145.31666666666666,21,1.5,1,0,Occasional Customers,"
       Customer Profile:
- Orders: 3
- Active Months: 2
- Avg Order Value: 145.32
- Recency: 21
- Frequency: 1.5
- Cluster: 1
- Churn Risk: No"
14594.0,2,2,136.64,7,1.0,1,0,Occasional Customers,"
       Customer Profile:
- Orders: 2
- Active Months: 2
- Avg Order Value: 136.64
- Recency: 7
- Frequency: 1.0
- Cluster: 1
- Churn Risk: No"
14595.0,6,4,356.86000000000007,19,1.5,1,0,Occasional Customers,"
       Customer Profile:
- Orders: 6
- Active Months: 4
- Avg Order Value: 356.86
- Recency: 19
- Frequency: 1.5
- Cluster: 1
- Churn Risk: No"
14597.0,2,2,352.26,11,1.0,1,0,Occasional Customers,"
       Customer Profile:
- Orders: 2
- Active Months: 2
- Avg Order Value: 352.26
- Recency: 11
- Frequency: 1.0
- Cluster: 1
- Churn Risk: No"
14598.0,1,1,221.97,44,1.0,1,0,Occasional Customers,"
       Customer Profile:
- Orders: 1
- Active Months: 1
- Avg Order Value: 221.97
- Recency: 44
- Frequency: 1.0
- Cluster: 1
- Churn Risk: No"
14600.0,1,1,236.43,305,1.0,0,1,Dormant Customers,"
       Customer Profile:
- Orders: 1
- Active Months: 1
- Avg Order Value: 236.43
- Recency: 305
- Frequency: 1.0
- Cluster: 0
- Churn Risk: Yes"
14601.0,1,1,157.71,10,1.0,1,0,Occasional Customers,"
       Customer Profile:
- Orders: 1
- Active Months: 1
- Avg Order Value: 157.71
- Recency: 10
- Frequency: 1.0
- Cluster: 1
- Churn Risk: No"
14603.0,1,1,89.1,274,1.0,0,1,Dormant Customers,"
       Customer Profile:
- Orders: 1
- Active Months: 1
- Avg Order Value: 89.10
- Recency: 274
- Frequency: 1.0
- Cluster: 0
- Churn Risk: Yes"
14606.0,90,13,160.38833333333335,1,3.0,2,0,Frequent Customers,"
       Customer Profile:
- Orders: 90
- Active Months: 13
- Avg Order Value: 160.39
- Recency: 1
- Frequency: 3.0
- Cluster: 2
- Churn Risk: No"
14607.0,13,3,239.9676923076923,15,3.0,2,0,Frequent Customers,"
       Customer Profile:
- Orders: 13
- Active Months: 3
- Avg Order Value: 239.97
- Recency: 15
- Frequency: 3.0
- Cluster: 2
- Churn Risk: No"
14608.0,4,4,390.975,4,1.0,1,0,Occasional Customers,"
       Customer Profile:
- Orders: 4
- Active Months: 4
- Avg Order Value: 390.98
- Recency: 4
- Frequency: 1.0
- Cluster: 1
- Churn Risk: No"
14609.0,4,4,22.6365,72,1.0,1,0,Occasional Customers,"
       Customer Profile:
- Orders: 4
- Active Months: 4
- Avg Order Value: 22.64
- Recency: 72
- Frequency: 1.0
- Cluster: 1
- Churn Risk: No"
14616.0,3,3,137.01000000000002,242,1.0,0,1,Dormant Customers,"
       Customer Profile:
- Orders: 3
- Active Months: 3
- Avg Order Value: 137.01
- Recency: 242
- Frequency: 1.0
- Cluster: 0
- Churn Risk: Yes"
14618.0,3,2,584.7600000000001,9,1.5,1,0,Occasional Customers,"
       Customer Profile:
- Orders: 3
- Active Months: 2
- Avg Order Value: 584.76
- Recency: 9
- Frequency: 1.5
- Cluster: 1
- Churn Risk: No"
14619.0,1,1,263.74,245,1.0,0,1,Dormant Customers,"
       Customer Profile:
- Orders: 1
- Active Months: 1
- Avg Order Value: 263.74
- Recency: 245
- Frequency: 1.0
- Cluster: 0
- Churn Risk: Yes"
14620.0,2,2,169.935,205,1.0,0,1,Dormant Customers,"
       Customer Profile:
- Orders: 2
- Active Months: 2
- Avg Order Value: 169.94
- Recency: 205
- Frequency: 1.0
- Cluster: 0
- Churn Risk: Yes"
14621.0,5,5,646.432,1,1.0,1,0,Occasional Customers,"
       Customer Profile:
- Orders: 5
- Active Months: 5
- Avg Order Value: 646.43
- Recency: 1
- Frequency: 1.0
- Cluster: 1
- Churn Risk: No"
14622.0,1,1,288.78000000000003,184,1.0,0,1,Dormant Customers,"
       Customer Profile:
- Orders: 1
- Active Months: 1
- Avg Order Value: 288.78
- Recency: 184
- Frequency: 1.0
- Cluster: 0
- Churn Risk: Yes"
14623.0,5,5,650.1360000000001,32,1.0,1,0,Occasional Customers,"
       Customer Profile:
- Orders: 5
- Active Months: 5
- Avg Order Value: 650.14
- Recency: 32
- Frequency: 1.0
- Cluster: 1
- Churn Risk: No"
14624.0,2,1,112.925,57,2.0,1,0,Occasional Customers,"
       Customer Profile:
- Orders: 2
- Active Months: 1
- Avg Order Value: 112.92
- Recency: 57
- Frequency: 2.0
- Cluster: 1
- Churn Risk: No"
14625.0,2,2,334.24,196,1.0,0,1,Dormant Customers,"
       Customer Profile:
- Orders: 2
- Active Months: 2
- Avg Order Value: 334.24
- Recency: 196
- Frequency: 1.0
- Cluster: 0
- Churn Risk: Yes"
14626.0,4,4,548.645,23,1.0,1,0,Occasional Customers,"
       Customer Profile:
- Orders: 4
- Active Months: 4
- Avg Order Value: 548.64
- Recency: 23
- Frequency: 1.0
- Cluster: 1
- Churn Risk: No"
14628.0,2,2,205.855,91,1.0,1,0,Occasional Customers,"
       Customer Profile:
- Orders: 2
- Active Months: 2
- Avg Order Value: 205.85
- Recency: 91
- Frequency: 1.0
- Cluster: 1
- Churn Risk: No"
14629.0,2,2,612.6850000000001,4,1.0,1,0,Occasional Customers,"
       Customer Profile:
- Orders: 2
- Active Months: 2
- Avg Order Value: 612.69
- Recency: 4
- Frequency: 1.0
- Cluster: 1
- Churn Risk: No"
14631.0,3,3,281.56333333333333,50,1.0,1,0,Occasional Customers,"
       Customer Profile:
- Orders: 3
- Active Months: 3
- Avg Order Value: 281.56
- Recency: 50
- Frequency: 1.0
- Cluster: 1
- Churn Risk: No"
14632.0,1,1,90.47,262,1.0,0,1,Dormant Customers,"
       Customer Profile:
- Orders: 1
- Active Months: 1
- Avg Order Value: 90.47
- Recency: 262
- Frequency: 1.0
- Cluster: 0
- Churn Risk: Yes"
14633.0,1,1,235.4,266,1.0,0,1,Dormant Customers,"
       Customer Profile:
- Orders: 1
- Active Months: 1
- Avg Order Value: 235.40
- Recency: 266
- Frequency: 1.0
- Cluster: 0
- Churn Risk: Yes"
14636.0,2,2,304.925,36,1.0,1,0,Occasional Customers,"
       Customer Profile:
- Orders: 2
- Active Months: 2
- Avg Order Value: 304.93
- Recency: 36
- Frequency: 1.0
- Cluster: 1
- Churn Risk: No"
14638.0,1,1,269.6,50,1.0,1,0,Occasional Customers,"
       Customer Profile:
- Orders: 1
- Active Months: 1
- Avg Order Value: 269.60
- Recency: 50
- Frequency: 1.0
- Cluster: 1
- Churn Risk: No"
14639.0,6,4,419.29,52,1.5,1,0,Occasional Customers,"
       Customer Profile:
- Orders: 6
- Active Months: 4
- Avg Order Value: 419.29
- Recency: 52
- Frequency: 1.5
- Cluster: 1
- Churn Risk: No"
14640.0,6,6,275.30833333333334,24,1.0,1,0,Occasional Customers,"
       Customer Profile:
- Orders: 6
- Active Months: 6
- Avg Order Value: 275.31
- Recency: 24
- Frequency: 1.0
- Cluster: 1
- Churn Risk: No"
14641.0,1,1,110.46,21,1.0,1,0,Occasional Customers,"
       Customer Profile:
- Orders: 1
- Active Months: 1
- Avg Order Value: 110.46
- Recency: 21
- Frequency: 1.0
- Cluster: 1
- Churn Risk: No"
14642.0,1,1,145.26,58,1.0,1,0,Occasional Customers,"
       Customer Profile:
- Orders: 1
- Active Months: 1
- Avg Order Value: 145.26
- Recency: 58
- Frequency: 1.0
- Cluster: 1
- Churn Risk: No"
14643.0,2,2,267.275,170,1.0,0,0,Dormant Customers,"
       Customer Profile:
- Orders: 2
- Active Months: 2
- Avg Order Value: 267.27
- Recency: 170
- Frequency: 1.0
- Cluster: 0
- Churn Risk: No"
14644.0,2,2,224.125,67,1.0,1,0,Occasional Customers,"
       Customer Profile:
- Orders: 2
- Active Months: 2
- Avg Order Value: 224.12
- Recency: 67
- Frequency: 1.0
- Cluster: 1
- Churn Risk: No"
14645.0,2,2,214.975,156,1.0,0,0,Dormant Customers,"
       Customer Profile:
- Orders: 2
- Active Months: 2
- Avg Order Value: 214.97
- Recency: 156
- Frequency: 1.0
- Cluster: 0
- Churn Risk: No"
14646.0,72,13,1140.0793055555555,1,3.0,2,0,Frequent Customers,"
       Customer Profile:
- Orders: 72
- Active Months: 13
- Avg Order Value: 1140.08
- Recency: 1
- Frequency: 3.0
- Cluster: 2
- Churn Risk: No"
14647.0,1,1,472.08,201,1.0,0,1,Dormant Customers,"
       Customer Profile:
- Orders: 1
- Active Months: 1
- Avg Order Value: 472.08
- Recency: 201
- Frequency: 1.0
- Cluster: 0
- Churn Risk: Yes"
14649.0,4,3,281.73,4,1.3333333333333333,1,0,Occasional Customers,"
       Customer Profile:
- Orders: 4
- Active Months: 3
- Avg Order Value: 281.73
- Recency: 4
- Frequency: 1.3333333333333333
- Cluster: 1
- Churn Risk: No"
14651.0,2,2,280.15,67,1.0,1,0,Occasional Customers,"
       Customer Profile:
- Orders: 2
- Active Months: 2
- Avg Order Value: 280.15
- Recency: 67
- Frequency: 1.0
- Cluster: 1
- Churn Risk: No"
14652.0,1,1,94.28,77,1.0,1,0,Occasional Customers,"
       Customer Profile:
- Orders: 1
- Active Months: 1
- Avg Order Value: 94.28
- Recency: 77
- Frequency: 1.0
- Cluster: 1
- Churn Risk: No"
14653.0,7,4,537.5242857142857,1,1.75,1,0,Occasional Customers,"
       Customer Profile:
- Orders: 7
- Active Months: 4
- Avg Order Value: 537.52
- Recency: 1
- Frequency: 1.75
- Cluster: 1
- Churn Risk: No"
14655.0,4,4,2319.418999999997,8,1.0,1,0,Occasional Customers,"
       Customer Profile:
- Orders: 4
- Active Months: 4
- Avg Order Value: 2319.42
- Recency: 8
- Frequency: 1.0
- Cluster: 1
- Churn Risk: No"
14656.0,2,2,416.455,169,1.0,0,0,Dormant Customers,"
       Customer Profile:
- Orders: 2
- Active Months: 2
- Avg Order Value: 416.45
- Recency: 169
- Frequency: 1.0
- Cluster: 0
- Churn Risk: No"
14657.0,4,4,176.8425,17,1.0,1,0,Occasional Customers,"
       Customer Profile:
- Orders: 4
- Active Months: 4
- Avg Order Value: 176.84
- Recency: 17
- Frequency: 1.0
- Cluster: 1
- Churn Risk: No"
14658.0,2,2,110.6,5,1.0,1,0,Occasional Customers,"
       Customer Profile:
- Orders: 2
- Active Months: 2
- Avg Order Value: 110.60
- Recency: 5
- Frequency: 1.0
- Cluster: 1
- Churn Risk: No"
14659.0,9,9,372.8455555555556,8,1.0,1,0,Occasional Customers,"
       Customer Profile:
- Orders: 9
- Active Months: 9
- Avg Order Value: 372.85
- Recency: 8
- Frequency: 1.0
- Cluster: 1
- Churn Risk: No"
14660.0,2,2,128.12,86,1.0,1,0,Occasional Customers,"
       Customer Profile:
- Orders: 2
- Active Months: 2
- Avg Order Value: 128.12
- Recency: 86
- Frequency: 1.0
- Cluster: 1
- Churn Risk: No"
14661.0,1,1,82.1,26,1.0,1,0,Occasional Customers,"
       Customer Profile:
- Orders: 1
- Active Months: 1
- Avg Order Value: 82.10
- Recency: 26
- Frequency: 1.0
- Cluster: 1
- Churn Risk: No"
14662.0,4,4,307.06,28,1.0,1,0,Occasional Customers,"
       Customer Profile:
- Orders: 4
- Active Months: 4
- Avg Order Value: 307.06
- Recency: 28
- Frequency: 1.0
- Cluster: 1
- Churn Risk: No"
14664.0,2,1,785.5899999999999,19,2.0,1,0,Occasional Customers,"
       Customer Profile:
- Orders: 2
- Active Months: 1
- Avg Order Value: 785.59
- Recency: 19
- Frequency: 2.0
- Cluster: 1
- Churn Risk: No"
14665.0,5,3,624.292,60,1.6666666666666667,1,0,Occasional Customers,"
       Customer Profile:
- Orders: 5
- Active Months: 3
- Avg Order Value: 624.29
- Recency: 60
- Frequency: 1.6666666666666667
- Cluster: 1
- Churn Risk: No"
14666.0,1,1,175.35,24,1.0,1,0,Occasional Customers,"
       Customer Profile:
- Orders: 1
- Active Months: 1
- Avg Order Value: 175.35
- Recency: 24
- Frequency: 1.0
- Cluster: 1
- Churn Risk: No"
14667.0,25,11,972.7876,10,2.272727272727273,2,0,Frequent Customers,"
       Customer Profile:
- Orders: 25
- Active Months: 11
- Avg Order Value: 972.79
- Recency: 10
- Frequency: 2.272727272727273
- Cluster: 2
- Churn Risk: No"
14669.0,3,2,359.2,241,1.5,0,1,Dormant Customers,"
       Customer Profile:
- Orders: 3
- Active Months: 2
- Avg Order Value: 359.20
- Recency: 241
- Frequency: 1.5
- Cluster: 0
- Churn Risk: Yes"
14670.0,2,1,192.455,280,2.0,0,1,Dormant Customers,"
       Customer Profile:
- Orders: 2
- Active Months: 1
- Avg Order Value: 192.46
- Recency: 280
- Frequency: 2.0
- Cluster: 0
- Churn Risk: Yes"
14672.0,2,2,439.565,234,1.0,0,1,Dormant Customers,"
       Customer Profile:
- Orders: 2
- Active Months: 2
- Avg Order Value: 439.56
- Recency: 234
- Frequency: 1.0
- Cluster: 0
- Churn Risk: Yes"
14673.0,5,3,445.538,3,1.6666666666666667,1,0,Occasional Customers,"
       Customer Profile:
- Orders: 5
- Active Months: 3
- Avg Order Value: 445.54
- Recency: 3
- Frequency: 1.6666666666666667
- Cluster: 1
- Churn Risk: No"
14675.0,1,1,496.05,16,1.0,1,0,Occasional Customers,"
       Customer Profile:
- Orders: 1
- Active Months: 1
- Avg Order Value: 496.05
- Recency: 16
- Frequency: 1.0
- Cluster: 1
- Churn Risk: No"
14676.0,6,5,250.355,31,1.2,1,0,Occasional Customers,"
       Customer Profile:
- Orders: 6
- Active Months: 5
- Avg Order Value: 250.35
- Recency: 31
- Frequency: 1.2
- Cluster: 1
- Churn Risk: No"
14680.0,16,11,1159.530625,25,1.4545454545454546,2,0,Frequent Customers,"
       Customer Profile:
- Orders: 16
- Active Months: 11
- Avg Order Value: 1159.53
- Recency: 25
- Frequency: 1.4545454545454546
- Cluster: 2
- Churn Risk: No"
14681.0,3,2,40.0,71,1.5,1,0,Occasional Customers,"
       Customer Profile:
- Orders: 3
- Active Months: 2
- Avg Order Value: 40.00
- Recency: 71
- Frequency: 1.5
- Cluster: 1
- Churn Risk: No"
14682.0,2,2,35.1,187,1.0,0,1,Dormant Customers,"
       Customer Profile:
- Orders: 2
- Active Months: 2
- Avg Order Value: 35.10
- Recency: 187
- Frequency: 1.0
- Cluster: 0
- Churn Risk: Yes"
14684.0,5,5,490.9440000000001,25,1.0,1,0,Occasional Customers,"
       Customer Profile:
- Orders: 5
- Active Months: 5
- Avg Order Value: 490.94
- Recency: 25
- Frequency: 1.0
- Cluster: 1
- Churn Risk: No"
14687.0,1,1,423.84,106,1.0,1,0,Occasional Customers,"
       Customer Profile:
- Orders: 1
- Active Months: 1
- Avg Order Value: 423.84
- Recency: 106
- Frequency: 1.0
- Cluster: 1
- Churn Risk: No"
14688.0,21,12,335.68857142857144,7,1.75,2,0,Frequent Customers,"
       Customer Profile:
- Orders: 21
- Active Months: 12
- Avg Order Value: 335.69
- Recency: 7
- Frequency: 1.75
- Cluster: 2
- Churn Risk: No"
14689.0,1,1,209.7,208,1.0,0,1,Dormant Customers,"
       Customer Profile:
- Orders: 1
- Active Months: 1
- Avg Order Value: 209.70
- Recency: 208
- Frequency: 1.0
- Cluster: 0
- Churn Risk: Yes"
14690.0,2,2,149.7,44,1.0,1,0,Occasional Customers,"
       Customer Profile:
- Orders: 2
- Active Months: 2
- Avg Order Value: 149.70
- Recency: 44
- Frequency: 1.0
- Cluster: 1
- Churn Risk: No"
14691.0,5,3,540.538,30,1.6666666666666667,1,0,Occasional Customers,"
       Customer Profile:
- Orders: 5
- Active Months: 3
- Avg Order Value: 540.54
- Recency: 30
- Frequency: 1.6666666666666667
- Cluster: 1
- Churn Risk: No"
14692.0,4,4,169.95000000000002,137,1.0,1,0,Occasional Customers,"
       Customer Profile:
- Orders: 4
- Active Months: 4
- Avg Order Value: 169.95
- Recency: 137
- Frequency: 1.0
- Cluster: 1
- Churn Risk: No"
14693.0,1,1,90.8,264,1.0,0,1,Dormant Customers,"
       Customer Profile:
- Orders: 1
- Active Months: 1
- Avg Order Value: 90.80
- Recency: 264
- Frequency: 1.0
- Cluster: 0
- Churn Risk: Yes"
14696.0,7,7,301.72857142857146,4,1.0,1,0,Occasional Customers,"
       Customer Profile:
- Orders: 7
- Active Months: 7
- Avg Order Value: 301.73
- Recency: 4
- Frequency: 1.0
- Cluster: 1
- Churn Risk: No"
14697.0,2,1,69.745,218,2.0,0,1,Dormant Customers,"
       Customer Profile:
- Orders: 2
- Active Months: 1
- Avg Order Value: 69.75
- Recency: 218
- Frequency: 2.0
- Cluster: 0
- Churn Risk: Yes"
14698.0,5,3,433.1,1,1.6666666666666667,1,0,Occasional Customers,"
       Customer Profile:
- Orders: 5
- Active Months: 3
- Avg Order Value: 433.10
- Recency: 1
- Frequency: 1.6666666666666667
- Cluster: 1
- Churn Risk: No"
14699.0,1,1,218.26,214,1.0,0,1,Dormant Customers,"
       Customer Profile:
- Orders: 1
- Active Months: 1
- Avg Order Value: 218.26
- Recency: 214
- Frequency: 1.0
- Cluster: 0
- Churn Risk: Yes"
14700.0,3,3,798.0999999999999,32,1.0,1,0,Occasional Customers,"
       Customer Profile:
- Orders: 3
- Active Months: 3
- Avg Order Value: 798.10
- Recency: 32
- Frequency: 1.0
- Cluster: 1
- Churn Risk: No"
14701.0,9,6,207.64777777777775,10,1.5,1,0,Occasional Customers,"
       Customer Profile:
- Orders: 9
- Active Months: 6
- Avg Order Value: 207.65
- Recency: 10
- Frequency: 1.5
- Cluster: 1
- Churn Risk: No"
14702.0,17,11,373.4458823529412,1,1.5454545454545454,2,0,Frequent Customers,"
       Customer Profile:
- Orders: 17
- Active Months: 11
- Avg Order Value: 373.45
- Recency: 1
- Frequency: 1.5454545454545454
- Cluster: 2
- Churn Risk: No"
14703.0,1,1,318.17,14,1.0,1,0,Occasional Customers,"
       Customer Profile:
- Orders: 1
- Active Months: 1
- Avg Order Value: 318.17
- Recency: 14
- Frequency: 1.0
- Cluster: 1
- Churn Risk: No"
14704.0,7,5,386.6285714285714,19,1.4,1,0,Occasional Customers,"
       Customer Profile:
- Orders: 7
- Active Months: 5
- Avg Order Value: 386.63
- Recency: 19
- Frequency: 1.4
- Cluster: 1
- Churn Risk: No"
14705.0,1,1,48.33,198,1.0,0,1,Dormant Customers,"
       Customer Profile:
- Orders: 1
- Active Months: 1
- Avg Order Value: 48.33
- Recency: 198
- Frequency: 1.0
- Cluster: 0
- Churn Risk: Yes"
14708.0,3,3,302.86,2,1.0,1,0,Occasional Customers,"
       Customer Profile:
- Orders: 3
- Active Months: 3
- Avg Order Value: 302.86
- Recency: 2
- Frequency: 1.0
- Cluster: 1
- Churn Risk: No"
14709.0,13,9,678.9746153846154,15,1.4444444444444444,2,0,Frequent Customers,"
       Customer Profile:
- Orders: 13
- Active Months: 9
- Avg Order Value: 678.97
- Recency: 15
- Frequency: 1.4444444444444444
- Cluster: 2
- Churn Risk: No"
14710.0,4,2,341.0675,14,2.0,1,0,Occasional Customers,"
       Customer Profile:
- Orders: 4
- Active Months: 2
- Avg Order Value: 341.07
- Recency: 14
- Frequency: 2.0
- Cluster: 1
- Churn Risk: No"
14711.0,11,7,303.5436363636364,10,1.5714285714285714,2,0,Frequent Customers,"
       Customer Profile:
- Orders: 11
- Active Months: 7
- Avg Order Value: 303.54
- Recency: 10
- Frequency: 1.5714285714285714
- Cluster: 2
- Churn Risk: No"
14712.0,3,3,393.2966666666666,29,1.0,1,0,Occasional Customers,"
       Customer Profile:
- Orders: 3
- Active Months: 3
- Avg Order Value: 393.30
- Recency: 29
- Frequency: 1.0
- Cluster: 1
- Churn Risk: No"
14713.0,11,8,298.2063636363636,9,1.375,2,0,Frequent Customers,"
       Customer Profile:
- Orders: 11
- Active Months: 8
- Avg Order Value: 298.21
- Recency: 9
- Frequency: 1.375
- Cluster: 2
- Churn Risk: No"
14714.0,1,1,58.24,24,1.0,1,0,Occasional Customers,"
       Customer Profile:
- Orders: 1
- Active Months: 1
- Avg Order Value: 58.24
- Recency: 24
- Frequency: 1.0
- Cluster: 1
- Churn Risk: No"
14715.0,4,4,173.015,24,1.0,1,0,Occasional Customers,"
       Customer Profile:
- Orders: 4
- Active Months: 4
- Avg Order Value: 173.01
- Recency: 24
- Frequency: 1.0
- Cluster: 1
- Churn Risk: No"
14716.0,2,2,122.855,43,1.0,1,0,Occasional Customers,"
       Customer Profile:
- Orders: 2
- Active Months: 2
- Avg Order Value: 122.86
- Recency: 43
- Frequency: 1.0
- Cluster: 1
- Churn Risk: No"
14719.0,5,5,1142.556,1,1.0,1,0,Occasional Customers,"
       Customer Profile:
- Orders: 5
- Active Months: 5
- Avg Order Value: 1142.56
- Recency: 1
- Frequency: 1.0
- Cluster: 1
- Churn Risk: No"
14720.0,3,3,278.54,5,1.0,1,0,Occasional Customers,"
       Customer Profile:
- Orders: 3
- Active Months: 3
- Avg Order Value: 278.54
- Recency: 5
- Frequency: 1.0
- Cluster: 1
- Churn Risk: No"
14722.0,1,1,154.57,147,1.0,0,0,Dormant Customers,"
       Customer Profile:
- Orders: 1
- Active Months: 1
- Avg Order Value: 154.57
- Recency: 147
- Frequency: 1.0
- Cluster: 0
- Churn Risk: No"
14723.0,6,3,196.94833333333332,10,2.0,1,0,Occasional Customers,"
       Customer Profile:
- Orders: 6
- Active Months: 3
- Avg Order Value: 196.95
- Recency: 10
- Frequency: 2.0
- Cluster: 1
- Churn Risk: No"
14725.0,1,1,502.13,24,1.0,1,0,Occasional Customers,"
       Customer Profile:
- Orders: 1
- Active Months: 1
- Avg Order Value: 502.13
- Recency: 24
- Frequency: 1.0
- Cluster: 1
- Churn Risk: No"
14727.0,1,1,116.03,274,1.0,0,1,Dormant Customers,"
       Customer Profile:
- Orders: 1
- Active Months: 1
- Avg Order Value: 116.03
- Recency: 274
- Frequency: 1.0
- Cluster: 0
- Churn Risk: Yes"
14729.0,1,1,290.79,368,1.0,0,1,Dormant Customers,"
       Customer Profile:
- Orders: 1
- Active Months: 1
- Avg Order Value: 290.79
- Recency: 368
- Frequency: 1.0
- Cluster: 0
- Churn Risk: Yes"
14730.0,8,6,408.645,1,1.3333333333333333,1,0,Occasional Customers,"
       Customer Profile:
- Orders: 8
- Active Months: 6
- Avg Order Value: 408.64
- Recency: 1
- Frequency: 1.3333333333333333
- Cluster: 1
- Churn Risk: No"
14731.0,3,2,196.82333333333332,47,1.5,1,0,Occasional Customers,"
       Customer Profile:
- Orders: 3
- Active Months: 2
- Avg Order Value: 196.82
- Recency: 47
- Frequency: 1.5
- Cluster: 1
- Churn Risk: No"
14732.0,8,8,479.1375000000001,8,1.0,1,0,Occasional Customers,"
       Customer Profile:
- Orders: 8
- Active Months: 8
- Avg Order Value: 479.14
- Recency: 8
- Frequency: 1.0
- Cluster: 1
- Churn Risk: No"
14733.0,12,9,596.24,16,1.3333333333333333,2,0,Frequent Customers,"
       Customer Profile:
- Orders: 12
- Active Months: 9
- Avg Order Value: 596.24
- Recency: 16
- Frequency: 1.3333333333333333
- Cluster: 2
- Churn Risk: No"
14735.0,31,12,181.11387096774192,3,2.583333333333333,2,0,Frequent Customers,"
       Customer Profile:
- Orders: 31
- Active Months: 12
- Avg Order Value: 181.11
- Recency: 3
- Frequency: 2.583333333333333
- Cluster: 2
- Churn Risk: No"
14737.0,3,3,293.0933333333333,3,1.0,1,0,Occasional Customers,"
       Customer Profile:
- Orders: 3
- Active Months: 3
- Avg Order Value: 293.09
- Recency: 3
- Frequency: 1.0
- Cluster: 1
- Churn Risk: No"
14738.0,7,5,172.09285714285716,42,1.4,1,0,Occasional Customers,"
       Customer Profile:
- Orders: 7
- Active Months: 5
- Avg Order Value: 172.09
- Recency: 42
- Frequency: 1.4
- Cluster: 1
- Churn Risk: No"
14739.0,7,7,453.21,4,1.0,1,0,Occasional Customers,"
       Customer Profile:
- Orders: 7
- Active Months: 7
- Avg Order Value: 453.21
- Recency: 4
- Frequency: 1.0
- Cluster: 1
- Churn Risk: No"
14740.0,3,3,427.9533333333334,197,1.0,0,1,Dormant Customers,"
       Customer Profile:
- Orders: 3
- Active Months: 3
- Avg Order Value: 427.95
- Recency: 197
- Frequency: 1.0
- Cluster: 0
- Churn Risk: Yes"
14741.0,6,5,261.90333333333336,11,1.2,1,0,Occasional Customers,"
       Customer Profile:
- Orders: 6
- Active Months: 5
- Avg Order Value: 261.90
- Recency: 11
- Frequency: 1.2
- Cluster: 1
- Churn Risk: No"
14744.0,7,5,181.57571428571427,16,1.4,1,0,Occasional Customers,"
       Customer Profile:
- Orders: 7
- Active Months: 5
- Avg Order Value: 181.58
- Recency: 16
- Frequency: 1.4
- Cluster: 1
- Churn Risk: No"
14745.0,5,4,274.47200000000004,112,1.25,1,0,Occasional Customers,"
       Customer Profile:
- Orders: 5
- Active Months: 4
- Avg Order Value: 274.47
- Recency: 112
- Frequency: 1.25
- Cluster: 1
- Churn Risk: No"
14747.0,1,1,176.95000000000002,249,1.0,0,1,Dormant Customers,"
       Customer Profile:
- Orders: 1
- Active Months: 1
- Avg Order Value: 176.95
- Recency: 249
- Frequency: 1.0
- Cluster: 0
- Churn Risk: Yes"
14748.0,5,4,357.36,29,1.25,1,0,Occasional Customers,"
       Customer Profile:
- Orders: 5
- Active Months: 4
- Avg Order Value: 357.36
- Recency: 29
- Frequency: 1.25
- Cluster: 1
- Churn Risk: No"
14752.0,1,1,187.59,43,1.0,1,0,Occasional Customers,"
       Customer Profile:
- Orders: 1
- Active Months: 1
- Avg Order Value: 187.59
- Recency: 43
- Frequency: 1.0
- Cluster: 1
- Churn Risk: No"
14753.0,1,1,526.75,87,1.0,1,0,Occasional Customers,"
       Customer Profile:
- Orders: 1
- Active Months: 1
- Avg Order Value: 526.75
- Recency: 87
- Frequency: 1.0
- Cluster: 1
- Churn Risk: No"
14754.0,2,2,304.15,44,1.0,1,0,Occasional Customers,"
       Customer Profile:
- Orders: 2
- Active Months: 2
- Avg Order Value: 304.15
- Recency: 44
- Frequency: 1.0
- Cluster: 1
- Churn Risk: No"
14755.0,11,10,513.3527272727273,9,1.1,2,0,Frequent Customers,"
       Customer Profile:
- Orders: 11
- Active Months: 10
- Avg Order Value: 513.35
- Recency: 9
- Frequency: 1.1
- Cluster: 2
- Churn Risk: No"
14756.0,1,1,600.3100000000001,15,1.0,1,0,Occasional Customers,"
       Customer Profile:
- Orders: 1
- Active Months: 1
- Avg Order Value: 600.31
- Recency: 15
- Frequency: 1.0
- Cluster: 1
- Churn Risk: No"
14757.0,1,1,791.0,75,1.0,1,0,Occasional Customers,"
       Customer Profile:
- Orders: 1
- Active Months: 1
- Avg Order Value: 791.00
- Recency: 75
- Frequency: 1.0
- Cluster: 1
- Churn Risk: No"
14758.0,4,4,175.72,144,1.0,1,0,Occasional Customers,"
       Customer Profile:
- Orders: 4
- Active Months: 4
- Avg Order Value: 175.72
- Recency: 144
- Frequency: 1.0
- Cluster: 1
- Churn Risk: No"
14759.0,3,3,692.7566666666667,4,1.0,1,0,Occasional Customers,"
       Customer Profile:
- Orders: 3
- Active Months: 3
- Avg Order Value: 692.76
- Recency: 4
- Frequency: 1.0
- Cluster: 1
- Churn Risk: No"
14760.0,1,1,89.2,297,1.0,0,1,Dormant Customers,"
       Customer Profile:
- Orders: 1
- Active Months: 1
- Avg Order Value: 89.20
- Recency: 297
- Frequency: 1.0
- Cluster: 0
- Churn Risk: Yes"
14761.0,2,2,335.1,58,1.0,1,0,Occasional Customers,"
       Customer Profile:
- Orders: 2
- Active Months: 2
- Avg Order Value: 335.10
- Recency: 58
- Frequency: 1.0
- Cluster: 1
- Churn Risk: No"
14762.0,1,1,1178.68,263,1.0,0,1,Dormant Customers,"
       Customer Profile:
- Orders: 1
- Active Months: 1
- Avg Order Value: 1178.68
- Recency: 263
- Frequency: 1.0
- Cluster: 0
- Churn Risk: Yes"
14764.0,1,1,209.4,46,1.0,1,0,Occasional Customers,"
       Customer Profile:
- Orders: 1
- Active Months: 1
- Avg Order Value: 209.40
- Recency: 46
- Frequency: 1.0
- Cluster: 1
- Churn Risk: No"
14765.0,3,3,57.03333333333333,29,1.0,1,0,Occasional Customers,"
       Customer Profile:
- Orders: 3
- Active Months: 3
- Avg Order Value: 57.03
- Recency: 29
- Frequency: 1.0
- Cluster: 1
- Churn Risk: No"
14766.0,6,6,585.99,8,1.0,1,0,Occasional Customers,"
       Customer Profile:
- Orders: 6
- Active Months: 6
- Avg Order Value: 585.99
- Recency: 8
- Frequency: 1.0
- Cluster: 1
- Churn Risk: No"
14768.0,2,2,96.3,17,1.0,1,0,Occasional Customers,"
       Customer Profile:
- Orders: 2
- Active Months: 2
- Avg Order Value: 96.30
- Recency: 17
- Frequency: 1.0
- Cluster: 1
- Churn Risk: No"
14769.0,8,8,1938.2375,2,1.0,1,0,Occasional Customers,"
       Customer Profile:
- Orders: 8
- Active Months: 8
- Avg Order Value: 1938.24
- Recency: 2
- Frequency: 1.0
- Cluster: 1
- Churn Risk: No"
14770.0,2,2,1122.4,232,1.0,0,1,Dormant Customers,"
       Customer Profile:
- Orders: 2
- Active Months: 2
- Avg Order Value: 1122.40
- Recency: 232
- Frequency: 1.0
- Cluster: 0
- Churn Risk: Yes"
14772.0,1,1,126.51,112,1.0,1,0,Occasional Customers,"
       Customer Profile:
- Orders: 1
- Active Months: 1
- Avg Order Value: 126.51
- Recency: 112
- Frequency: 1.0
- Cluster: 1
- Churn Risk: No"
14775.0,3,3,510.84,58,1.0,1,0,Occasional Customers,"
       Customer Profile:
- Orders: 3
- Active Months: 3
- Avg Order Value: 510.84
- Recency: 58
- Frequency: 1.0
- Cluster: 1
- Churn Risk: No"
14776.0,11,7,178.07454545454544,51,1.5714285714285714,2,0,Frequent Customers,"
       Customer Profile:
- Orders: 11
- Active Months: 7
- Avg Order Value: 178.07
- Recency: 51
- Frequency: 1.5714285714285714
- Cluster: 2
- Churn Risk: No"
14778.0,2,2,345.53,127,1.0,1,0,Occasional Customers,"
       Customer Profile:
- Orders: 2
- Active Months: 2
- Avg Order Value: 345.53
- Recency: 127
- Frequency: 1.0
- Cluster: 1
- Churn Risk: No"
14779.0,3,2,62.51666666666667,280,1.5,0,1,Dormant Customers,"
       Customer Profile:
- Orders: 3
- Active Months: 2
- Avg Order Value: 62.52
- Recency: 280
- Frequency: 1.5
- Cluster: 0
- Churn Risk: Yes"
14780.0,2,2,257.88,54,1.0,1,0,Occasional Customers,"
       Customer Profile:
- Orders: 2
- Active Months: 2
- Avg Order Value: 257.88
- Recency: 54
- Frequency: 1.0
- Cluster: 1
- Churn Risk: No"
14782.0,1,1,143.85000000000002,319,1.0,0,1,Dormant Customers,"
       Customer Profile:
- Orders: 1
- Active Months: 1
- Avg Order Value: 143.85
- Recency: 319
- Frequency: 1.0
- Cluster: 0
- Churn Risk: Yes"
14784.0,2,2,184.51,26,1.0,1,0,Occasional Customers,"
       Customer Profile:
- Orders: 2
- Active Months: 2
- Avg Order Value: 184.51
- Recency: 26
- Frequency: 1.0
- Cluster: 1
- Churn Risk: No"
14785.0,2,1,30.405,10,2.0,1,0,Occasional Customers,"
       Customer Profile:
- Orders: 2
- Active Months: 1
- Avg Order Value: 30.41
- Recency: 10
- Frequency: 2.0
- Cluster: 1
- Churn Risk: No"
14788.0,2,2,449.2,7,1.0,1,0,Occasional Customers,"
       Customer Profile:
- Orders: 2
- Active Months: 2
- Avg Order Value: 449.20
- Recency: 7
- Frequency: 1.0
- Cluster: 1
- Churn Risk: No"
14789.0,1,1,762.12,28,1.0,1,0,Occasional Customers,"
       Customer Profile:
- Orders: 1
- Active Months: 1
- Avg Order Value: 762.12
- Recency: 28
- Frequency: 1.0
- Cluster: 1
- Churn Risk: No"
14790.0,4,3,315.075,16,1.3333333333333333,1,0,Occasional Customers,"
       Customer Profile:
- Orders: 4
- Active Months: 3
- Avg Order Value: 315.07
- Recency: 16
- Frequency: 1.3333333333333333
- Cluster: 1
- Churn Risk: No"
14792.0,1,1,22.6365,63,1.0,1,0,Occasional Customers,"
       Customer Profile:
- Orders: 1
- Active Months: 1
- Avg Order Value: 22.64
- Recency: 63
- Frequency: 1.0
- Cluster: 1
- Churn Risk: No"
14793.0,1,1,228.99,21,1.0,1,0,Occasional Customers,"
       Customer Profile:
- Orders: 1
- Active Months: 1
- Avg Order Value: 228.99
- Recency: 21
- Frequency: 1.0
- Cluster: 1
- Churn Risk: No"
14794.0,6,5,237.80333333333337,2,1.2,1,0,Occasional Customers,"
       Customer Profile:
- Orders: 6
- Active Months: 5
- Avg Order Value: 237.80
- Recency: 2
- Frequency: 1.2
- Cluster: 1
- Churn Risk: No"
14795.0,1,1,22.6365,166,1.0,0,0,Dormant Customers,"
       Customer Profile:
- Orders: 1
- Active Months: 1
- Avg Order Value: 22.64
- Recency: 166
- Frequency: 1.0
- Cluster: 0
- Churn Risk: No"
14796.0,17,13,750.6529411764706,1,1.3076923076923077,2,0,Frequent Customers,"
       Customer Profile:
- Orders: 17
- Active Months: 13
- Avg Order Value: 750.65
- Recency: 1
- Frequency: 1.3076923076923077
- Cluster: 2
- Churn Risk: No"
14798.0,3,3,57.91333333333333,52,1.0,1,0,Occasional Customers,"
       Customer Profile:
- Orders: 3
- Active Months: 3
- Avg Order Value: 57.91
- Recency: 52
- Frequency: 1.0
- Cluster: 1
- Churn Risk: No"
14799.0,1,1,41.63,51,1.0,1,0,Occasional Customers,"
       Customer Profile:
- Orders: 1
- Active Months: 1
- Avg Order Value: 41.63
- Recency: 51
- Frequency: 1.0
- Cluster: 1
- Churn Risk: No"
14800.0,12,9,1742.2341666666669,47,1.3333333333333333,2,0,Frequent Customers,"
       Customer Profile:
- Orders: 12
- Active Months: 9
- Avg Order Value: 1742.23
- Recency: 47
- Frequency: 1.3333333333333333
- Cluster: 2
- Churn Risk: No"
14801.0,1,1,316.68,61,1.0,1,0,Occasional Customers,"
       Customer Profile:
- Orders: 1
- Active Months: 1
- Avg Order Value: 316.68
- Recency: 61
- Frequency: 1.0
- Cluster: 1
- Churn Risk: No"
14803.0,3,3,285.5166666666667,162,1.0,0,0,Dormant Customers,"
       Customer Profile:
- Orders: 3
- Active Months: 3
- Avg Order Value: 285.52
- Recency: 162
- Frequency: 1.0
- Cluster: 0
- Churn Risk: No"
14804.0,1,1,179.82,8,1.0,1,0,Occasional Customers,"
       Customer Profile:
- Orders: 1
- Active Months: 1
- Avg Order Value: 179.82
- Recency: 8
- Frequency: 1.0
- Cluster: 1
- Churn Risk: No"
14805.0,4,3,107.2875,15,1.3333333333333333,1,0,Occasional Customers,"
       Customer Profile:
- Orders: 4
- Active Months: 3
- Avg Order Value: 107.29
- Recency: 15
- Frequency: 1.3333333333333333
- Cluster: 1
- Churn Risk: No"
14806.0,1,1,268.08,75,1.0,1,0,Occasional Customers,"
       Customer Profile:
- Orders: 1
- Active Months: 1
- Avg Order Value: 268.08
- Recency: 75
- Frequency: 1.0
- Cluster: 1
- Churn Risk: No"
14808.0,7,4,430.6071428571428,39,1.75,1,0,Occasional Customers,"
       Customer Profile:
- Orders: 7
- Active Months: 4
- Avg Order Value: 430.61
- Recency: 39
- Frequency: 1.75
- Cluster: 1
- Churn Risk: No"
14810.0,11,9,336.61454545454546,40,1.2222222222222223,2,0,Frequent Customers,"
       Customer Profile:
- Orders: 11
- Active Months: 9
- Avg Order Value: 336.61
- Recency: 40
- Frequency: 1.2222222222222223
- Cluster: 2
- Churn Risk: No"
14813.0,2,1,110.93,368,2.0,0,1,Dormant Customers,"
       Customer Profile:
- Orders: 2
- Active Months: 1
- Avg Order Value: 110.93
- Recency: 368
- Frequency: 2.0
- Cluster: 0
- Churn Risk: Yes"
14815.0,2,2,377.655,36,1.0,1,0,Occasional Customers,"
       Customer Profile:
- Orders: 2
- Active Months: 2
- Avg Order Value: 377.65
- Recency: 36
- Frequency: 1.0
- Cluster: 1
- Churn Risk: No"
14816.0,1,1,22.6365,197,1.0,0,1,Dormant Customers,"
       Customer Profile:
- Orders: 1
- Active Months: 1
- Avg Order Value: 22.64
- Recency: 197
- Frequency: 1.0
- Cluster: 0
- Churn Risk: Yes"
14817.0,2,2,492.65,200,1.0,0,1,Dormant Customers,"
       Customer Profile:
- Orders: 2
- Active Months: 2
- Avg Order Value: 492.65
- Recency: 200
- Frequency: 1.0
- Cluster: 0
- Churn Risk: Yes"
14818.0,3,3,343.95666666666665,73,1.0,1,0,Occasional Customers,"
       Customer Profile:
- Orders: 3
- Active Months: 3
- Avg Order Value: 343.96
- Recency: 73
- Frequency: 1.0
- Cluster: 1
- Churn Risk: No"
14819.0,2,2,104.91,64,1.0,1,0,Occasional Customers,"
       Customer Profile:
- Orders: 2
- Active Months: 2
- Avg Order Value: 104.91
- Recency: 64
- Frequency: 1.0
- Cluster: 1
- Churn Risk: No"
14820.0,4,3,188.645,21,1.3333333333333333,1,0,Occasional Customers,"
       Customer Profile:
- Orders: 4
- Active Months: 3
- Avg Order Value: 188.65
- Recency: 21
- Frequency: 1.3333333333333333
- Cluster: 1
- Churn Risk: No"
14821.0,1,1,292.8,366,1.0,0,1,Dormant Customers,"
       Customer Profile:
- Orders: 1
- Active Months: 1
- Avg Order Value: 292.80
- Recency: 366
- Frequency: 1.0
- Cluster: 0
- Churn Risk: Yes"
14823.0,3,2,373.6666666666667,180,1.5,0,0,Dormant Customers,"
       Customer Profile:
- Orders: 3
- Active Months: 2
- Avg Order Value: 373.67
- Recency: 180
- Frequency: 1.5
- Cluster: 0
- Churn Risk: No"
14824.0,4,2,262.0025,10,2.0,1,0,Occasional Customers,"
       Customer Profile:
- Orders: 4
- Active Months: 2
- Avg Order Value: 262.00
- Recency: 10
- Frequency: 2.0
- Cluster: 1
- Churn Risk: No"
14825.0,12,10,261.4791666666667,3,1.2,2,0,Frequent Customers,"
       Customer Profile:
- Orders: 12
- Active Months: 10
- Avg Order Value: 261.48
- Recency: 3
- Frequency: 1.2
- Cluster: 2
- Churn Risk: No"
14828.0,3,3,216.66,196,1.0,0,1,Dormant Customers,"
       Customer Profile:
- Orders: 3
- Active Months: 3
- Avg Order Value: 216.66
- Recency: 196
- Frequency: 1.0
- Cluster: 0
- Churn Risk: Yes"
14829.0,4,3,171.145,29,1.3333333333333333,1,0,Occasional Customers,"
       Customer Profile:
- Orders: 4
- Active Months: 3
- Avg Order Value: 171.15
- Recency: 29
- Frequency: 1.3333333333333333
- Cluster: 1
- Churn Risk: No"
14830.0,1,1,180.63,53,1.0,1,0,Occasional Customers,"
       Customer Profile:
- Orders: 1
- Active Months: 1
- Avg Order Value: 180.63
- Recency: 53
- Frequency: 1.0
- Cluster: 1
- Churn Risk: No"
14834.0,6,5,288.2383333333333,17,1.2,1,0,Occasional Customers,"
       Customer Profile:
- Orders: 6
- Active Months: 5
- Avg Order Value: 288.24
- Recency: 17
- Frequency: 1.2
- Cluster: 1
- Churn Risk: No"
14836.0,3,1,37.15,10,3.0,2,0,Frequent Customers,"
       Customer Profile:
- Orders: 3
- Active Months: 1
- Avg Order Value: 37.15
- Recency: 10
- Frequency: 3.0
- Cluster: 2
- Churn Risk: No"
14837.0,4,4,720.385,89,1.0,1,0,Occasional Customers,"
       Customer Profile:
- Orders: 4
- Active Months: 4
- Avg Order Value: 720.38
- Recency: 89
- Frequency: 1.0
- Cluster: 1
- Churn Risk: No"
14840.0,1,1,188.55,267,1.0,0,1,Dormant Customers,"
       Customer Profile:
- Orders: 1
- Active Months: 1
- Avg Order Value: 188.55
- Recency: 267
- Frequency: 1.0
- Cluster: 0
- Churn Risk: Yes"
14841.0,6,5,1199.84,53,1.2,1,0,Occasional Customers,"
       Customer Profile:
- Orders: 6
- Active Months: 5
- Avg Order Value: 1199.84
- Recency: 53
- Frequency: 1.2
- Cluster: 1
- Churn Risk: No"
14842.0,4,4,620.3075,43,1.0,1,0,Occasional Customers,"
       Customer Profile:
- Orders: 4
- Active Months: 4
- Avg Order Value: 620.31
- Recency: 43
- Frequency: 1.0
- Cluster: 1
- Churn Risk: No"
14844.0,4,4,544.9575,63,1.0,1,0,Occasional Customers,"
       Customer Profile:
- Orders: 4
- Active Months: 4
- Avg Order Value: 544.96
- Recency: 63
- Frequency: 1.0
- Cluster: 1
- Churn Risk: No"
14847.0,1,1,218.4,148,1.0,0,0,Dormant Customers,"
       Customer Profile:
- Orders: 1
- Active Months: 1
- Avg Order Value: 218.40
- Recency: 148
- Frequency: 1.0
- Cluster: 0
- Churn Risk: No"
14849.0,25,11,309.37440000000004,21,2.272727272727273,2,0,Frequent Customers,"
       Customer Profile:
- Orders: 25
- Active Months: 11
- Avg Order Value: 309.37
- Recency: 21
- Frequency: 2.272727272727273
- Cluster: 2
- Churn Risk: No"
14850.0,1,1,317.25,311,1.0,0,1,Dormant Customers,"
       Customer Profile:
- Orders: 1
- Active Months: 1
- Avg Order Value: 317.25
- Recency: 311
- Frequency: 1.0
- Cluster: 0
- Churn Risk: Yes"
14851.0,2,2,236.625,23,1.0,1,0,Occasional Customers,"
       Customer Profile:
- Orders: 2
- Active Months: 2
- Avg Order Value: 236.62
- Recency: 23
- Frequency: 1.0
- Cluster: 1
- Churn Risk: No"
14852.0,6,5,698.1899999999999,58,1.2,1,0,Occasional Customers,"
       Customer Profile:
- Orders: 6
- Active Months: 5
- Avg Order Value: 698.19
- Recency: 58
- Frequency: 1.2
- Cluster: 1
- Churn Risk: No"
14853.0,2,2,44.25,24,1.0,1,0,Occasional Customers,"
       Customer Profile:
- Orders: 2
- Active Months: 2
- Avg Order Value: 44.25
- Recency: 24
- Frequency: 1.0
- Cluster: 1
- Churn Risk: No"
14854.0,7,5,725.0557142857142,78,1.4,1,0,Occasional Customers,"
       Customer Profile:
- Orders: 7
- Active Months: 5
- Avg Order Value: 725.06
- Recency: 78
- Frequency: 1.4
- Cluster: 1
- Churn Risk: No"
14855.0,2,2,102.625,119,1.0,1,0,Occasional Customers,"
       Customer Profile:
- Orders: 2
- Active Months: 2
- Avg Order Value: 102.62
- Recency: 119
- Frequency: 1.0
- Cluster: 1
- Churn Risk: No"
14856.0,3,2,318.4166666666667,36,1.5,1,0,Occasional Customers,"
       Customer Profile:
- Orders: 3
- Active Months: 2
- Avg Order Value: 318.42
- Recency: 36
- Frequency: 1.5
- Cluster: 1
- Churn Risk: No"
14857.0,2,2,458.085,59,1.0,1,0,Occasional Customers,"
       Customer Profile:
- Orders: 2
- Active Months: 2
- Avg Order Value: 458.08
- Recency: 59
- Frequency: 1.0
- Cluster: 1
- Churn Risk: No"
14859.0,4,3,410.0275,12,1.3333333333333333,1,0,Occasional Customers,"
       Customer Profile:
- Orders: 4
- Active Months: 3
- Avg Order Value: 410.03
- Recency: 12
- Frequency: 1.3333333333333333
- Cluster: 1
- Churn Risk: No"
14860.0,1,1,629.08,19,1.0,1,0,Occasional Customers,"
       Customer Profile:
- Orders: 1
- Active Months: 1
- Avg Order Value: 629.08
- Recency: 19
- Frequency: 1.0
- Cluster: 1
- Churn Risk: No"
14861.0,1,1,115.23,52,1.0,1,0,Occasional Customers,"
       Customer Profile:
- Orders: 1
- Active Months: 1
- Avg Order Value: 115.23
- Recency: 52
- Frequency: 1.0
- Cluster: 1
- Churn Risk: No"
14862.0,2,2,382.575,25,1.0,1,0,Occasional Customers,"
       Customer Profile:
- Orders: 2
- Active Months: 2
- Avg Order Value: 382.57
- Recency: 25
- Frequency: 1.0
- Cluster: 1
- Churn Risk: No"
14863.0,1,1,266.76,29,1.0,1,0,Occasional Customers,"
       Customer Profile:
- Orders: 1
- Active Months: 1
- Avg Order Value: 266.76
- Recency: 29
- Frequency: 1.0
- Cluster: 1
- Churn Risk: No"
14865.0,2,2,24.105,7,1.0,1,0,Occasional Customers,"
       Customer Profile:
- Orders: 2
- Active Months: 2
- Avg Order Value: 24.11
- Recency: 7
- Frequency: 1.0
- Cluster: 1
- Churn Risk: No"
14866.0,11,6,1018.3918181818184,10,1.8333333333333333,2,0,Frequent Customers,"
       Customer Profile:
- Orders: 11
- Active Months: 6
- Avg Order Value: 1018.39
- Recency: 10
- Frequency: 1.8333333333333333
- Cluster: 2
- Churn Risk: No"
14867.0,3,3,236.50666666666663,185,1.0,0,1,Dormant Customers,"
       Customer Profile:
- Orders: 3
- Active Months: 3
- Avg Order Value: 236.51
- Recency: 185
- Frequency: 1.0
- Cluster: 0
- Churn Risk: Yes"
14868.0,8,6,452.9775,3,1.3333333333333333,1,0,Occasional Customers,"
       Customer Profile:
- Orders: 8
- Active Months: 6
- Avg Order Value: 452.98
- Recency: 3
- Frequency: 1.3333333333333333
- Cluster: 1
- Churn Risk: No"
14869.0,2,2,474.515,8,1.0,1,0,Occasional Customers,"
       Customer Profile:
- Orders: 2
- Active Months: 2
- Avg Order Value: 474.51
- Recency: 8
- Frequency: 1.0
- Cluster: 1
- Churn Risk: No"
14870.0,1,1,327.25,261,1.0,0,1,Dormant Customers,"
       Customer Profile:
- Orders: 1
- Active Months: 1
- Avg Order Value: 327.25
- Recency: 261
- Frequency: 1.0
- Cluster: 0
- Churn Risk: Yes"
14871.0,4,4,166.815,3,1.0,1,0,Occasional Customers,"
       Customer Profile:
- Orders: 4
- Active Months: 4
- Avg Order Value: 166.81
- Recency: 3
- Frequency: 1.0
- Cluster: 1
- Churn Risk: No"
14873.0,1,1,346.93,210,1.0,0,1,Dormant Customers,"
       Customer Profile:
- Orders: 1
- Active Months: 1
- Avg Order Value: 346.93
- Recency: 210
- Frequency: 1.0
- Cluster: 0
- Churn Risk: Yes"
14875.0,2,2,481.69000000000005,107,1.0,1,0,Occasional Customers,"
       Customer Profile:
- Orders: 2
- Active Months: 2
- Avg Order Value: 481.69
- Recency: 107
- Frequency: 1.0
- Cluster: 1
- Churn Risk: No"
14878.0,9,7,329.2033333333333,12,1.2857142857142858,1,0,Occasional Customers,"
       Customer Profile:
- Orders: 9
- Active Months: 7
- Avg Order Value: 329.20
- Recency: 12
- Frequency: 1.2857142857142858
- Cluster: 1
- Churn Risk: No"
14880.0,3,3,175.03,77,1.0,1,0,Occasional Customers,"
       Customer Profile:
- Orders: 3
- Active Months: 3
- Avg Order Value: 175.03
- Recency: 77
- Frequency: 1.0
- Cluster: 1
- Churn Risk: No"
14881.0,1,1,946.36,19,1.0,1,0,Occasional Customers,"
       Customer Profile:
- Orders: 1
- Active Months: 1
- Avg Order Value: 946.36
- Recency: 19
- Frequency: 1.0
- Cluster: 1
- Churn Risk: No"
14882.0,2,1,510.2000000000001,26,2.0,1,0,Occasional Customers,"
       Customer Profile:
- Orders: 2
- Active Months: 1
- Avg Order Value: 510.20
- Recency: 26
- Frequency: 2.0
- Cluster: 1
- Churn Risk: No"
14883.0,6,5,155.03666666666666,18,1.2,1,0,Occasional Customers,"
       Customer Profile:
- Orders: 6
- Active Months: 5
- Avg Order Value: 155.04
- Recency: 18
- Frequency: 1.2
- Cluster: 1
- Churn Risk: No"
14885.0,1,1,1002.12,131,1.0,1,0,Occasional Customers,"
       Customer Profile:
- Orders: 1
- Active Months: 1
- Avg Order Value: 1002.12
- Recency: 131
- Frequency: 1.0
- Cluster: 1
- Churn Risk: No"
14886.0,1,1,325.0,252,1.0,0,1,Dormant Customers,"
       Customer Profile:
- Orders: 1
- Active Months: 1
- Avg Order Value: 325.00
- Recency: 252
- Frequency: 1.0
- Cluster: 0
- Churn Risk: Yes"
14887.0,1,1,261.09,79,1.0,1,0,Occasional Customers,"
       Customer Profile:
- Orders: 1
- Active Months: 1
- Avg Order Value: 261.09
- Recency: 79
- Frequency: 1.0
- Cluster: 1
- Churn Risk: No"
14888.0,1,1,369.2,207,1.0,0,1,Dormant Customers,"
       Customer Profile:
- Orders: 1
- Active Months: 1
- Avg Order Value: 369.20
- Recency: 207
- Frequency: 1.0
- Cluster: 0
- Churn Risk: Yes"
14889.0,1,1,271.8,336,1.0,0,1,Dormant Customers,"
       Customer Profile:
- Orders: 1
- Active Months: 1
- Avg Order Value: 271.80
- Recency: 336
- Frequency: 1.0
- Cluster: 0
- Churn Risk: Yes"
14890.0,1,1,125.65,253,1.0,0,1,Dormant Customers,"
       Customer Profile:
- Orders: 1
- Active Months: 1
- Avg Order Value: 125.65
- Recency: 253
- Frequency: 1.0
- Cluster: 0
- Churn Risk: Yes"
14891.0,2,2,469.87,148,1.0,0,0,Dormant Customers,"
       Customer Profile:
- Orders: 2
- Active Months: 2
- Avg Order Value: 469.87
- Recency: 148
- Frequency: 1.0
- Cluster: 0
- Churn Risk: No"
14893.0,2,1,734.115,9,2.0,1,0,Occasional Customers,"
       Customer Profile:
- Orders: 2
- Active Months: 1
- Avg Order Value: 734.12
- Recency: 9
- Frequency: 2.0
- Cluster: 1
- Churn Risk: No"
14894.0,1,1,637.9000000000001,85,1.0,1,0,Occasional Customers,"
       Customer Profile:
- Orders: 1
- Active Months: 1
- Avg Order Value: 637.90
- Recency: 85
- Frequency: 1.0
- Cluster: 1
- Churn Risk: No"
14895.0,19,10,534.6863157894737,7,1.9,2,0,Frequent Customers,"
       Customer Profile:
- Orders: 19
- Active Months: 10
- Avg Order Value: 534.69
- Recency: 7
- Frequency: 1.9
- Cluster: 2
- Churn Risk: No"
14896.0,2,2,228.91000000000005,204,1.0,0,1,Dormant Customers,"
       Customer Profile:
- Orders: 2
- Active Months: 2
- Avg Order Value: 228.91
- Recency: 204
- Frequency: 1.0
- Cluster: 0
- Churn Risk: Yes"
14897.0,4,4,168.145,7,1.0,1,0,Occasional Customers,"
       Customer Profile:
- Orders: 4
- Active Months: 4
- Avg Order Value: 168.15
- Recency: 7
- Frequency: 1.0
- Cluster: 1
- Churn Risk: No"
14898.0,6,6,158.26666666666665,23,1.0,1,0,Occasional Customers,"
       Customer Profile:
- Orders: 6
- Active Months: 6
- Avg Order Value: 158.27
- Recency: 23
- Frequency: 1.0
- Cluster: 1
- Churn Risk: No"
14901.0,9,4,197.24222222222224,11,2.25,2,0,Frequent Customers,"
       Customer Profile:
- Orders: 9
- Active Months: 4
- Avg Order Value: 197.24
- Recency: 11
- Frequency: 2.25
- Cluster: 2
- Churn Risk: No"
14902.0,1,1,299.66,25,1.0,1,0,Occasional Customers,"
       Customer Profile:
- Orders: 1
- Active Months: 1
- Avg Order Value: 299.66
- Recency: 25
- Frequency: 1.0
- Cluster: 1
- Churn Risk: No"
14903.0,5,5,784.888,21,1.0,1,0,Occasional Customers,"
       Customer Profile:
- Orders: 5
- Active Months: 5
- Avg Order Value: 784.89
- Recency: 21
- Frequency: 1.0
- Cluster: 1
- Churn Risk: No"
14904.0,2,2,404.39,2,1.0,1,0,Occasional Customers,"
       Customer Profile:
- Orders: 2
- Active Months: 2
- Avg Order Value: 404.39
- Recency: 2
- Frequency: 1.0
- Cluster: 1
- Churn Risk: No"
14905.0,2,2,436.375,157,1.0,0,0,Dormant Customers,"
       Customer Profile:
- Orders: 2
- Active Months: 2
- Avg Order Value: 436.38
- Recency: 157
- Frequency: 1.0
- Cluster: 0
- Churn Risk: No"
14907.0,7,5,682.9085714285715,3,1.4,1,0,Occasional Customers,"
       Customer Profile:
- Orders: 7
- Active Months: 5
- Avg Order Value: 682.91
- Recency: 3
- Frequency: 1.4
- Cluster: 1
- Churn Risk: No"
14908.0,1,1,169.05,74,1.0,1,0,Occasional Customers,"
       Customer Profile:
- Orders: 1
- Active Months: 1
- Avg Order Value: 169.05
- Recency: 74
- Frequency: 1.0
- Cluster: 1
- Churn Risk: No"
14910.0,4,3,137.315,2,1.3333333333333333,1,0,Occasional Customers,"
       Customer Profile:
- Orders: 4
- Active Months: 3
- Avg Order Value: 137.31
- Recency: 2
- Frequency: 1.3333333333333333
- Cluster: 1
- Churn Risk: No"
14911.0,196,13,754.9460714285714,1,3.0,2,0,Frequent Customers,"
       Customer Profile:
- Orders: 196
- Active Months: 13
- Avg Order Value: 754.95
- Recency: 1
- Frequency: 3.0
- Cluster: 2
- Churn Risk: No"
14912.0,2,2,244.775,16,1.0,1,0,Occasional Customers,"
       Customer Profile:
- Orders: 2
- Active Months: 2
- Avg Order Value: 244.78
- Recency: 16
- Frequency: 1.0
- Cluster: 1
- Churn Risk: No"
14913.0,4,4,272.6075,35,1.0,1,0,Occasional Customers,"
       Customer Profile:
- Orders: 4
- Active Months: 4
- Avg Order Value: 272.61
- Recency: 35
- Frequency: 1.0
- Cluster: 1
- Churn Risk: No"
14915.0,2,2,140.99,91,1.0,1,0,Occasional Customers,"
       Customer Profile:
- Orders: 2
- Active Months: 2
- Avg Order Value: 140.99
- Recency: 91
- Frequency: 1.0
- Cluster: 1
- Churn Risk: No"
14916.0,4,3,300.675,70,1.3333333333333333,1,0,Occasional Customers,"
       Customer Profile:
- Orders: 4
- Active Months: 3
- Avg Order Value: 300.68
- Recency: 70
- Frequency: 1.3333333333333333
- Cluster: 1
- Churn Risk: No"
14918.0,2,2,703.1800000000001,115,1.0,1,0,Occasional Customers,"
       Customer Profile:
- Orders: 2
- Active Months: 2
- Avg Order Value: 703.18
- Recency: 115
- Frequency: 1.0
- Cluster: 1
- Churn Risk: No"
14920.0,2,1,402.815,212,2.0,0,1,Dormant Customers,"
       Customer Profile:
- Orders: 2
- Active Months: 1
- Avg Order Value: 402.81
- Recency: 212
- Frequency: 2.0
- Cluster: 0
- Churn Risk: Yes"
14921.0,2,2,1096.22,30,1.0,1,0,Occasional Customers,"
       Customer Profile:
- Orders: 2
- Active Months: 2
- Avg Order Value: 1096.22
- Recency: 30
- Frequency: 1.0
- Cluster: 1
- Churn Risk: No"
14923.0,1,1,644.45,50,1.0,1,0,Occasional Customers,"
       Customer Profile:
- Orders: 1
- Active Months: 1
- Avg Order Value: 644.45
- Recency: 50
- Frequency: 1.0
- Cluster: 1
- Churn Risk: No"
14924.0,1,1,168.05,245,1.0,0,1,Dormant Customers,"
       Customer Profile:
- Orders: 1
- Active Months: 1
- Avg Order Value: 168.05
- Recency: 245
- Frequency: 1.0
- Cluster: 0
- Churn Risk: Yes"
14929.0,1,1,345.76,32,1.0,1,0,Occasional Customers,"
       Customer Profile:
- Orders: 1
- Active Months: 1
- Avg Order Value: 345.76
- Recency: 32
- Frequency: 1.0
- Cluster: 1
- Churn Risk: No"
14930.0,3,2,508.8533333333333,108,1.5,1,0,Occasional Customers,"
       Customer Profile:
- Orders: 3
- Active Months: 2
- Avg Order Value: 508.85
- Recency: 108
- Frequency: 1.5
- Cluster: 1
- Churn Risk: No"
14931.0,4,4,197.72,4,1.0,1,0,Occasional Customers,"
       Customer Profile:
- Orders: 4
- Active Months: 4
- Avg Order Value: 197.72
- Recency: 4
- Frequency: 1.0
- Cluster: 1
- Churn Risk: No"
14932.0,1,1,140.43,365,1.0,0,1,Dormant Customers,"
       Customer Profile:
- Orders: 1
- Active Months: 1
- Avg Order Value: 140.43
- Recency: 365
- Frequency: 1.0
- Cluster: 0
- Churn Risk: Yes"
14934.0,2,2,691.3199999999999,81,1.0,1,0,Occasional Customers,"
       Customer Profile:
- Orders: 2
- Active Months: 2
- Avg Order Value: 691.32
- Recency: 81
- Frequency: 1.0
- Cluster: 1
- Churn Risk: No"
14935.0,1,1,707.94,297,1.0,0,1,Dormant Customers,"
       Customer Profile:
- Orders: 1
- Active Months: 1
- Avg Order Value: 707.94
- Recency: 297
- Frequency: 1.0
- Cluster: 0
- Churn Risk: Yes"
14936.0,7,5,943.8757142857144,33,1.4,1,0,Occasional Customers,"
       Customer Profile:
- Orders: 7
- Active Months: 5
- Avg Order Value: 943.88
- Recency: 33
- Frequency: 1.4
- Cluster: 1
- Churn Risk: No"
14937.0,3,2,1091.1233333333334,56,1.5,1,0,Occasional Customers,"
       Customer Profile:
- Orders: 3
- Active Months: 2
- Avg Order Value: 1091.12
- Recency: 56
- Frequency: 1.5
- Cluster: 1
- Churn Risk: No"
14944.0,12,6,529.5233333333334,29,2.0,2,0,Frequent Customers,"
       Customer Profile:
- Orders: 12
- Active Months: 6
- Avg Order Value: 529.52
- Recency: 29
- Frequency: 2.0
- Cluster: 2
- Churn Risk: No"
14946.0,1,1,100.9,14,1.0,1,0,Occasional Customers,"
       Customer Profile:
- Orders: 1
- Active Months: 1
- Avg Order Value: 100.90
- Recency: 14
- Frequency: 1.0
- Cluster: 1
- Churn Risk: No"
14947.0,2,2,494.91,72,1.0,1,0,Occasional Customers,"
       Customer Profile:
- Orders: 2
- Active Months: 2
- Avg Order Value: 494.91
- Recency: 72
- Frequency: 1.0
- Cluster: 1
- Churn Risk: No"
14948.0,6,5,158.25333333333333,23,1.2,1,0,Occasional Customers,"
       Customer Profile:
- Orders: 6
- Active Months: 5
- Avg Order Value: 158.25
- Recency: 23
- Frequency: 1.2
- Cluster: 1
- Churn Risk: No"
14950.0,1,1,974.0,19,1.0,1,0,Occasional Customers,"
       Customer Profile:
- Orders: 1
- Active Months: 1
- Avg Order Value: 974.00
- Recency: 19
- Frequency: 1.0
- Cluster: 1
- Churn Risk: No"
14951.0,1,1,267.35,79,1.0,1,0,Occasional Customers,"
       Customer Profile:
- Orders: 1
- Active Months: 1
- Avg Order Value: 267.35
- Recency: 79
- Frequency: 1.0
- Cluster: 1
- Churn Risk: No"
14952.0,11,5,538.0227272727273,59,2.2,2,0,Frequent Customers,"
       Customer Profile:
- Orders: 11
- Active Months: 5
- Avg Order Value: 538.02
- Recency: 59
- Frequency: 2.2
- Cluster: 2
- Churn Risk: No"
14953.0,1,1,207.72,25,1.0,1,0,Occasional Customers,"
       Customer Profile:
- Orders: 1
- Active Months: 1
- Avg Order Value: 207.72
- Recency: 25
- Frequency: 1.0
- Cluster: 1
- Churn Risk: No"
14954.0,1,1,372.4,12,1.0,1,0,Occasional Customers,"
       Customer Profile:
- Orders: 1
- Active Months: 1
- Avg Order Value: 372.40
- Recency: 12
- Frequency: 1.0
- Cluster: 1
- Churn Risk: No"
14957.0,1,1,58.49,253,1.0,0,1,Dormant Customers,"
       Customer Profile:
- Orders: 1
- Active Months: 1
- Avg Order Value: 58.49
- Recency: 253
- Frequency: 1.0
- Cluster: 0
- Churn Risk: Yes"
14958.0,3,3,68.79333333333334,147,1.0,0,0,Dormant Customers,"
       Customer Profile:
- Orders: 3
- Active Months: 3
- Avg Order Value: 68.79
- Recency: 147
- Frequency: 1.0
- Cluster: 0
- Churn Risk: No"
14959.0,4,4,340.24499999999995,64,1.0,1,0,Occasional Customers,"
       Customer Profile:
- Orders: 4
- Active Months: 4
- Avg Order Value: 340.24
- Recency: 64
- Frequency: 1.0
- Cluster: 1
- Churn Risk: No"
14960.0,2,2,101.89,8,1.0,1,0,Occasional Customers,"
       Customer Profile:
- Orders: 2
- Active Months: 2
- Avg Order Value: 101.89
- Recency: 8
- Frequency: 1.0
- Cluster: 1
- Churn Risk: No"
14961.0,9,6,984.9666666666668,10,1.5,1,0,Occasional Customers,"
       Customer Profile:
- Orders: 9
- Active Months: 6
- Avg Order Value: 984.97
- Recency: 10
- Frequency: 1.5
- Cluster: 1
- Churn Risk: No"
14962.0,1,1,67.5,270,1.0,0,1,Dormant Customers,"
       Customer Profile:
- Orders: 1
- Active Months: 1
- Avg Order Value: 67.50
- Recency: 270
- Frequency: 1.0
- Cluster: 0
- Churn Risk: Yes"
14963.0,5,3,310.996,9,1.6666666666666667,1,0,Occasional Customers,"
       Customer Profile:
- Orders: 5
- Active Months: 3
- Avg Order Value: 311.00
- Recency: 9
- Frequency: 1.6666666666666667
- Cluster: 1
- Churn Risk: No"
14964.0,1,1,110.37,247,1.0,0,1,Dormant Customers,"
       Customer Profile:
- Orders: 1
- Active Months: 1
- Avg Order Value: 110.37
- Recency: 247
- Frequency: 1.0
- Cluster: 0
- Churn Risk: Yes"
14965.0,1,1,923.28,96,1.0,1,0,Occasional Customers,"
       Customer Profile:
- Orders: 1
- Active Months: 1
- Avg Order Value: 923.28
- Recency: 96
- Frequency: 1.0
- Cluster: 1
- Churn Risk: No"
14966.0,1,1,179.24,14,1.0,1,0,Occasional Customers,"
       Customer Profile:
- Orders: 1
- Active Months: 1
- Avg Order Value: 179.24
- Recency: 14
- Frequency: 1.0
- Cluster: 1
- Churn Risk: No"
14967.0,1,1,355.8,49,1.0,1,0,Occasional Customers,"
       Customer Profile:
- Orders: 1
- Active Months: 1
- Avg Order Value: 355.80
- Recency: 49
- Frequency: 1.0
- Cluster: 1
- Churn Risk: No"
14968.0,1,1,139.09,30,1.0,1,0,Occasional Customers,"
       Customer Profile:
- Orders: 1
- Active Months: 1
- Avg Order Value: 139.09
- Recency: 30
- Frequency: 1.0
- Cluster: 1
- Churn Risk: No"
14970.0,4,4,559.1324999999999,68,1.0,1,0,Occasional Customers,"
       Customer Profile:
- Orders: 4
- Active Months: 4
- Avg Order Value: 559.13
- Recency: 68
- Frequency: 1.0
- Cluster: 1
- Churn Risk: No"
14971.0,3,2,289.45666666666665,35,1.5,1,0,Occasional Customers,"
       Customer Profile:
- Orders: 3
- Active Months: 2
- Avg Order Value: 289.46
- Recency: 35
- Frequency: 1.5
- Cluster: 1
- Churn Risk: No"
14972.0,1,1,53.47,128,1.0,0,0,Dormant Customers,"
       Customer Profile:
- Orders: 1
- Active Months: 1
- Avg Order Value: 53.47
- Recency: 128
- Frequency: 1.0
- Cluster: 0
- Churn Risk: No"
14973.0,3,3,155.13333333333333,107,1.0,1,0,Occasional Customers,"
       Customer Profile:
- Orders: 3
- Active Months: 3
- Avg Order Value: 155.13
- Recency: 107
- Frequency: 1.0
- Cluster: 1
- Churn Risk: No"
14974.0,1,1,79.99000000000001,37,1.0,1,0,Occasional Customers,"
       Customer Profile:
- Orders: 1
- Active Months: 1
- Avg Order Value: 79.99
- Recency: 37
- Frequency: 1.0
- Cluster: 1
- Churn Risk: No"
14975.0,1,1,183.64,57,1.0,1,0,Occasional Customers,"
       Customer Profile:
- Orders: 1
- Active Months: 1
- Avg Order Value: 183.64
- Recency: 57
- Frequency: 1.0
- Cluster: 1
- Churn Risk: No"
14976.0,6,5,104.17666666666668,57,1.2,1,0,Occasional Customers,"
       Customer Profile:
- Orders: 6
- Active Months: 5
- Avg Order Value: 104.18
- Recency: 57
- Frequency: 1.2
- Cluster: 1
- Churn Risk: No"
14978.0,5,4,255.4,72,1.25,1,0,Occasional Customers,"
       Customer Profile:
- Orders: 5
- Active Months: 4
- Avg Order Value: 255.40
- Recency: 72
- Frequency: 1.25
- Cluster: 1
- Churn Risk: No"
14981.0,1,1,102.12,246,1.0,0,1,Dormant Customers,"
       Customer Profile:
- Orders: 1
- Active Months: 1
- Avg Order Value: 102.12
- Recency: 246
- Frequency: 1.0
- Cluster: 0
- Churn Risk: Yes"
14984.0,2,2,233.68,19,1.0,1,0,Occasional Customers,"
       Customer Profile:
- Orders: 2
- Active Months: 2
- Avg Order Value: 233.68
- Recency: 19
- Frequency: 1.0
- Cluster: 1
- Churn Risk: No"
14985.0,2,2,136.935,198,1.0,0,1,Dormant Customers,"
       Customer Profile:
- Orders: 2
- Active Months: 2
- Avg Order Value: 136.94
- Recency: 198
- Frequency: 1.0
- Cluster: 0
- Churn Risk: Yes"
14987.0,2,2,137.7,15,1.0,1,0,Occasional Customers,"
       Customer Profile:
- Orders: 2
- Active Months: 2
- Avg Order Value: 137.70
- Recency: 15
- Frequency: 1.0
- Cluster: 1
- Churn Risk: No"
14988.0,1,1,305.29,211,1.0,0,1,Dormant Customers,"
       Customer Profile:
- Orders: 1
- Active Months: 1
- Avg Order Value: 305.29
- Recency: 211
- Frequency: 1.0
- Cluster: 0
- Churn Risk: Yes"
14995.0,2,2,563.955,38,1.0,1,0,Occasional Customers,"
       Customer Profile:
- Orders: 2
- Active Months: 2
- Avg Order Value: 563.96
- Recency: 38
- Frequency: 1.0
- Cluster: 1
- Churn Risk: No"
14997.0,3,3,128.50666666666666,46,1.0,1,0,Occasional Customers,"
       Customer Profile:
- Orders: 3
- Active Months: 3
- Avg Order Value: 128.51
- Recency: 46
- Frequency: 1.0
- Cluster: 1
- Churn Risk: No"
14998.0,2,2,170.935,170,1.0,0,0,Dormant Customers,"
       Customer Profile:
- Orders: 2
- Active Months: 2
- Avg Order Value: 170.94
- Recency: 170
- Frequency: 1.0
- Cluster: 0
- Churn Risk: No"
15000.0,1,1,1399.11,47,1.0,1,0,Occasional Customers,"
       Customer Profile:
- Orders: 1
- Active Months: 1
- Avg Order Value: 1399.11
- Recency: 47
- Frequency: 1.0
- Cluster: 1
- Churn Risk: No"
15002.0,4,4,395.59,115,1.0,1,0,Occasional Customers,"
       Customer Profile:
- Orders: 4
- Active Months: 4
- Avg Order Value: 395.59
- Recency: 115
- Frequency: 1.0
- Cluster: 1
- Churn Risk: No"
15004.0,1,1,841.48,147,1.0,1,0,Occasional Customers,"
       Customer Profile:
- Orders: 1
- Active Months: 1
- Avg Order Value: 841.48
- Recency: 147
- Frequency: 1.0
- Cluster: 1
- Churn Risk: No"
15005.0,28,12,274.31428571428575,15,2.333333333333333,2,0,Frequent Customers,"
       Customer Profile:
- Orders: 28
- Active Months: 12
- Avg Order Value: 274.31
- Recency: 15
- Frequency: 2.333333333333333
- Cluster: 2
- Churn Risk: No"
15006.0,1,1,434.98,51,1.0,1,0,Occasional Customers,"
       Customer Profile:
- Orders: 1
- Active Months: 1
- Avg Order Value: 434.98
- Recency: 51
- Frequency: 1.0
- Cluster: 1
- Churn Risk: No"
15007.0,1,1,440.88,159,1.0,0,0,Dormant Customers,"
       Customer Profile:
- Orders: 1
- Active Months: 1
- Avg Order Value: 440.88
- Recency: 159
- Frequency: 1.0
- Cluster: 0
- Churn Risk: No"
15009.0,3,1,757.7866666666667,12,3.0,2,0,Frequent Customers,"
       Customer Profile:
- Orders: 3
- Active Months: 1
- Avg Order Value: 757.79
- Recency: 12
- Frequency: 3.0
- Cluster: 2
- Churn Risk: No"
15010.0,1,1,263.19,35,1.0,1,0,Occasional Customers,"
       Customer Profile:
- Orders: 1
- Active Months: 1
- Avg Order Value: 263.19
- Recency: 35
- Frequency: 1.0
- Cluster: 1
- Churn Risk: No"
15012.0,2,2,171.59500000000003,53,1.0,1,0,Occasional Customers,"
       Customer Profile:
- Orders: 2
- Active Months: 2
- Avg Order Value: 171.60
- Recency: 53
- Frequency: 1.0
- Cluster: 1
- Churn Risk: No"
15014.0,2,2,109.86,43,1.0,1,0,Occasional Customers,"
       Customer Profile:
- Orders: 2
- Active Months: 2
- Avg Order Value: 109.86
- Recency: 43
- Frequency: 1.0
- Cluster: 1
- Churn Risk: No"
15016.0,1,1,100.24,172,1.0,0,0,Dormant Customers,"
       Customer Profile:
- Orders: 1
- Active Months: 1
- Avg Order Value: 100.24
- Recency: 172
- Frequency: 1.0
- Cluster: 0
- Churn Risk: No"
15017.0,1,1,231.26,33,1.0,1,0,Occasional Customers,"
       Customer Profile:
- Orders: 1
- Active Months: 1
- Avg Order Value: 231.26
- Recency: 33
- Frequency: 1.0
- Cluster: 1
- Churn Risk: No"
15018.0,3,3,438.0466666666667,38,1.0,1,0,Occasional Customers,"
       Customer Profile:
- Orders: 3
- Active Months: 3
- Avg Order Value: 438.05
- Recency: 38
- Frequency: 1.0
- Cluster: 1
- Churn Risk: No"
15019.0,1,1,225.86,266,1.0,0,1,Dormant Customers,"
       Customer Profile:
- Orders: 1
- Active Months: 1
- Avg Order Value: 225.86
- Recency: 266
- Frequency: 1.0
- Cluster: 0
- Churn Risk: Yes"
15021.0,9,8,295.3288888888889,8,1.125,1,0,Occasional Customers,"
       Customer Profile:
- Orders: 9
- Active Months: 8
- Avg Order Value: 295.33
- Recency: 8
- Frequency: 1.125
- Cluster: 1
- Churn Risk: No"
15022.0,3,2,542.9233333333333,11,1.5,1,0,Occasional Customers,"
       Customer Profile:
- Orders: 3
- Active Months: 2
- Avg Order Value: 542.92
- Recency: 11
- Frequency: 1.5
- Cluster: 1
- Churn Risk: No"
15023.0,11,9,1220.590909090909,3,1.2222222222222223,2,0,Frequent Customers,"
       Customer Profile:
- Orders: 11
- Active Months: 9
- Avg Order Value: 1220.59
- Recency: 3
- Frequency: 1.2222222222222223
- Cluster: 2
- Churn Risk: No"
15024.0,9,5,281.24555555555554,9,1.8,2,0,Frequent Customers,"
       Customer Profile:
- Orders: 9
- Active Months: 5
- Avg Order Value: 281.25
- Recency: 9
- Frequency: 1.8
- Cluster: 2
- Churn Risk: No"
15025.0,1,1,669.12,33,1.0,1,0,Occasional Customers,"
       Customer Profile:
- Orders: 1
- Active Months: 1
- Avg Order Value: 669.12
- Recency: 33
- Frequency: 1.0
- Cluster: 1
- Churn Risk: No"
15026.0,3,3,115.30333333333331,80,1.0,1,0,Occasional Customers,"
       Customer Profile:
- Orders: 3
- Active Months: 3
- Avg Order Value: 115.30
- Recency: 80
- Frequency: 1.0
- Cluster: 1
- Churn Risk: No"
15027.0,4,4,200.4625,30,1.0,1,0,Occasional Customers,"
       Customer Profile:
- Orders: 4
- Active Months: 4
- Avg Order Value: 200.46
- Recency: 30
- Frequency: 1.0
- Cluster: 1
- Churn Risk: No"
15028.0,4,3,175.79500000000002,8,1.3333333333333333,1,0,Occasional Customers,"
       Customer Profile:
- Orders: 4
- Active Months: 3
- Avg Order Value: 175.80
- Recency: 8
- Frequency: 1.3333333333333333
- Cluster: 1
- Churn Risk: No"
15030.0,2,2,60.96,71,1.0,1,0,Occasional Customers,"
       Customer Profile:
- Orders: 2
- Active Months: 2
- Avg Order Value: 60.96
- Recency: 71
- Frequency: 1.0
- Cluster: 1
- Churn Risk: No"
15031.0,4,4,139.6975,4,1.0,1,0,Occasional Customers,"
       Customer Profile:
- Orders: 4
- Active Months: 4
- Avg Order Value: 139.70
- Recency: 4
- Frequency: 1.0
- Cluster: 1
- Churn Risk: No"
15032.0,2,2,2295.6,256,1.0,0,1,Dormant Customers,"
       Customer Profile:
- Orders: 2
- Active Months: 2
- Avg Order Value: 2295.60
- Recency: 256
- Frequency: 1.0
- Cluster: 0
- Churn Risk: Yes"
15033.0,10,8,329.285,4,1.25,2,0,Frequent Customers,"
       Customer Profile:
- Orders: 10
- Active Months: 8
- Avg Order Value: 329.29
- Recency: 4
- Frequency: 1.25
- Cluster: 2
- Churn Risk: No"
15034.0,8,6,1106.7,15,1.3333333333333333,1,0,Occasional Customers,"
       Customer Profile:
- Orders: 8
- Active Months: 6
- Avg Order Value: 1106.70
- Recency: 15
- Frequency: 1.3333333333333333
- Cluster: 1
- Churn Risk: No"
15035.0,1,1,476.72,89,1.0,1,0,Occasional Customers,"
       Customer Profile:
- Orders: 1
- Active Months: 1
- Avg Order Value: 476.72
- Recency: 89
- Frequency: 1.0
- Cluster: 1
- Churn Risk: No"
15036.0,3,2,190.6266666666667,72,1.5,1,0,Occasional Customers,"
       Customer Profile:
- Orders: 3
- Active Months: 2
- Avg Order Value: 190.63
- Recency: 72
- Frequency: 1.5
- Cluster: 1
- Churn Risk: No"
15038.0,6,5,164.53833333333333,58,1.2,1,0,Occasional Customers,"
       Customer Profile:
- Orders: 6
- Active Months: 5
- Avg Order Value: 164.54
- Recency: 58
- Frequency: 1.2
- Cluster: 1
- Churn Risk: No"
15039.0,45,12,436.1824444444444,9,3.0,2,0,Frequent Customers,"
       Customer Profile:
- Orders: 45
- Active Months: 12
- Avg Order Value: 436.18
- Recency: 9
- Frequency: 3.0
- Cluster: 2
- Churn Risk: No"
15041.0,1,1,151.48,170,1.0,0,0,Dormant Customers,"
       Customer Profile:
- Orders: 1
- Active Months: 1
- Avg Order Value: 151.48
- Recency: 170
- Frequency: 1.0
- Cluster: 0
- Churn Risk: No"
15042.0,1,1,46.68,199,1.0,0,1,Dormant Customers,"
       Customer Profile:
- Orders: 1
- Active Months: 1
- Avg Order Value: 46.68
- Recency: 199
- Frequency: 1.0
- Cluster: 0
- Churn Risk: Yes"
15043.0,1,1,144.99,31,1.0,1,0,Occasional Customers,"
       Customer Profile:
- Orders: 1
- Active Months: 1
- Avg Order Value: 144.99
- Recency: 31
- Frequency: 1.0
- Cluster: 1
- Churn Risk: No"
15044.0,17,11,594.6135294117647,19,1.5454545454545454,2,0,Frequent Customers,"
       Customer Profile:
- Orders: 17
- Active Months: 11
- Avg Order Value: 594.61
- Recency: 19
- Frequency: 1.5454545454545454
- Cluster: 2
- Churn Risk: No"
15045.0,1,1,60.06,151,1.0,0,0,Dormant Customers,"
       Customer Profile:
- Orders: 1
- Active Months: 1
- Avg Order Value: 60.06
- Recency: 151
- Frequency: 1.0
- Cluster: 0
- Churn Risk: No"
15046.0,15,9,295.81333333333333,9,1.6666666666666667,2,0,Frequent Customers,"
       Customer Profile:
- Orders: 15
- Active Months: 9
- Avg Order Value: 295.81
- Recency: 9
- Frequency: 1.6666666666666667
- Cluster: 2
- Churn Risk: No"
15047.0,1,1,337.53,269,1.0,0,1,Dormant Customers,"
       Customer Profile:
- Orders: 1
- Active Months: 1
- Avg Order Value: 337.53
- Recency: 269
- Frequency: 1.0
- Cluster: 0
- Churn Risk: Yes"
15048.0,4,4,280.3,65,1.0,1,0,Occasional Customers,"
       Customer Profile:
- Orders: 4
- Active Months: 4
- Avg Order Value: 280.30
- Recency: 65
- Frequency: 1.0
- Cluster: 1
- Churn Risk: No"
15049.0,1,1,85.68,273,1.0,0,1,Dormant Customers,"
       Customer Profile:
- Orders: 1
- Active Months: 1
- Avg Order Value: 85.68
- Recency: 273
- Frequency: 1.0
- Cluster: 0
- Churn Risk: Yes"
15050.0,3,2,463.51,25,1.5,1,0,Occasional Customers,"
       Customer Profile:
- Orders: 3
- Active Months: 2
- Avg Order Value: 463.51
- Recency: 25
- Frequency: 1.5
- Cluster: 1
- Churn Risk: No"
15051.0,3,3,510.06,23,1.0,1,0,Occasional Customers,"
       Customer Profile:
- Orders: 3
- Active Months: 3
- Avg Order Value: 510.06
- Recency: 23
- Frequency: 1.0
- Cluster: 1
- Churn Risk: No"
15052.0,1,1,127.83,319,1.0,0,1,Dormant Customers,"
       Customer Profile:
- Orders: 1
- Active Months: 1
- Avg Order Value: 127.83
- Recency: 319
- Frequency: 1.0
- Cluster: 0
- Churn Risk: Yes"
15053.0,3,3,206.40666666666667,4,1.0,1,0,Occasional Customers,"
       Customer Profile:
- Orders: 3
- Active Months: 3
- Avg Order Value: 206.41
- Recency: 4
- Frequency: 1.0
- Cluster: 1
- Churn Risk: No"
15054.0,2,2,277.95000000000005,12,1.0,1,0,Occasional Customers,"
       Customer Profile:
- Orders: 2
- Active Months: 2
- Avg Order Value: 277.95
- Recency: 12
- Frequency: 1.0
- Cluster: 1
- Churn Risk: No"
15057.0,2,2,456.015,275,1.0,0,1,Dormant Customers,"
       Customer Profile:
- Orders: 2
- Active Months: 2
- Avg Order Value: 456.01
- Recency: 275
- Frequency: 1.0
- Cluster: 0
- Churn Risk: Yes"
15058.0,11,8,243.42545454545453,25,1.375,2,0,Frequent Customers,"
       Customer Profile:
- Orders: 11
- Active Months: 8
- Avg Order Value: 243.43
- Recency: 25
- Frequency: 1.375
- Cluster: 2
- Churn Risk: No"
15059.0,9,6,220.7211111111111,40,1.5,1,0,Occasional Customers,"
       Customer Profile:
- Orders: 9
- Active Months: 6
- Avg Order Value: 220.72
- Recency: 40
- Frequency: 1.5
- Cluster: 1
- Churn Risk: No"
15060.0,4,2,130.2225,8,2.0,1,0,Occasional Customers,"
       Customer Profile:
- Orders: 4
- Active Months: 2
- Avg Order Value: 130.22
- Recency: 8
- Frequency: 2.0
- Cluster: 1
- Churn Risk: No"
15061.0,48,13,414.20208333333335,3,3.0,2,0,Frequent Customers,"
       Customer Profile:
- Orders: 48
- Active Months: 13
- Avg Order Value: 414.20
- Recency: 3
- Frequency: 3.0
- Cluster: 2
- Churn Risk: No"
15062.0,4,4,237.8825,71,1.0,1,0,Occasional Customers,"
       Customer Profile:
- Orders: 4
- Active Months: 4
- Avg Order Value: 237.88
- Recency: 71
- Frequency: 1.0
- Cluster: 1
- Churn Risk: No"
15063.0,1,1,70.19999999999999,213,1.0,0,1,Dormant Customers,"
       Customer Profile:
- Orders: 1
- Active Months: 1
- Avg Order Value: 70.20
- Recency: 213
- Frequency: 1.0
- Cluster: 0
- Churn Risk: Yes"
15065.0,4,4,716.265,37,1.0,1,0,Occasional Customers,"
       Customer Profile:
- Orders: 4
- Active Months: 4
- Avg Order Value: 716.26
- Recency: 37
- Frequency: 1.0
- Cluster: 1
- Churn Risk: No"
15066.0,1,1,701.79,53,1.0,1,0,Occasional Customers,"
       Customer Profile:
- Orders: 1
- Active Months: 1
- Avg Order Value: 701.79
- Recency: 53
- Frequency: 1.0
- Cluster: 1
- Churn Risk: No"
15067.0,3,2,449.8033333333333,78,1.5,1,0,Occasional Customers,"
       Customer Profile:
- Orders: 3
- Active Months: 2
- Avg Order Value: 449.80
- Recency: 78
- Frequency: 1.5
- Cluster: 1
- Churn Risk: No"
15068.0,2,2,228.34500000000003,46,1.0,1,0,Occasional Customers,"
       Customer Profile:
- Orders: 2
- Active Months: 2
- Avg Order Value: 228.35
- Recency: 46
- Frequency: 1.0
- Cluster: 1
- Churn Risk: No"
15069.0,1,1,2319.418999999997,179,1.0,1,0,Occasional Customers,"
       Customer Profile:
- Orders: 1
- Active Months: 1
- Avg Order Value: 2319.42
- Recency: 179
- Frequency: 1.0
- Cluster: 1
- Churn Risk: No"
15070.0,1,1,79.65,368,1.0,0,1,Dormant Customers,"
       Customer Profile:
- Orders: 1
- Active Months: 1
- Avg Order Value: 79.65
- Recency: 368
- Frequency: 1.0
- Cluster: 0
- Churn Risk: Yes"
15071.0,2,2,327.83500000000004,93,1.0,1,0,Occasional Customers,"
       Customer Profile:
- Orders: 2
- Active Months: 2
- Avg Order Value: 327.84
- Recency: 93
- Frequency: 1.0
- Cluster: 1
- Churn Risk: No"
15073.0,3,2,839.2666666666668,9,1.5,1,0,Occasional Customers,"
       Customer Profile:
- Orders: 3
- Active Months: 2
- Avg Order Value: 839.27
- Recency: 9
- Frequency: 1.5
- Cluster: 1
- Churn Risk: No"
15074.0,1,1,735.67,105,1.0,1,0,Occasional Customers,"
       Customer Profile:
- Orders: 1
- Active Months: 1
- Avg Order Value: 735.67
- Recency: 105
- Frequency: 1.0
- Cluster: 1
- Churn Risk: No"
15075.0,1,1,576.97,77,1.0,1,0,Occasional Customers,"
       Customer Profile:
- Orders: 1
- Active Months: 1
- Avg Order Value: 576.97
- Recency: 77
- Frequency: 1.0
- Cluster: 1
- Churn Risk: No"
15076.0,1,1,771.3,172,1.0,0,0,Dormant Customers,"
       Customer Profile:
- Orders: 1
- Active Months: 1
- Avg Order Value: 771.30
- Recency: 172
- Frequency: 1.0
- Cluster: 0
- Churn Risk: No"
15078.0,31,13,463.3658064516129,7,2.3846153846153846,2,0,Frequent Customers,"
       Customer Profile:
- Orders: 31
- Active Months: 13
- Avg Order Value: 463.37
- Recency: 7
- Frequency: 2.3846153846153846
- Cluster: 2
- Churn Risk: No"
15079.0,3,3,249.42,212,1.0,0,1,Dormant Customers,"
       Customer Profile:
- Orders: 3
- Active Months: 3
- Avg Order Value: 249.42
- Recency: 212
- Frequency: 1.0
- Cluster: 0
- Churn Risk: Yes"
15081.0,5,5,89.15,22,1.0,1,0,Occasional Customers,"
       Customer Profile:
- Orders: 5
- Active Months: 5
- Avg Order Value: 89.15
- Recency: 22
- Frequency: 1.0
- Cluster: 1
- Churn Risk: No"
15083.0,1,1,62.7,256,1.0,0,1,Dormant Customers,"
       Customer Profile:
- Orders: 1
- Active Months: 1
- Avg Order Value: 62.70
- Recency: 256
- Frequency: 1.0
- Cluster: 0
- Churn Risk: Yes"
15087.0,1,1,240.58,281,1.0,0,1,Dormant Customers,"
       Customer Profile:
- Orders: 1
- Active Months: 1
- Avg Order Value: 240.58
- Recency: 281
- Frequency: 1.0
- Cluster: 0
- Churn Risk: Yes"
15088.0,2,2,412.76,21,1.0,1,0,Occasional Customers,"
       Customer Profile:
- Orders: 2
- Active Months: 2
- Avg Order Value: 412.76
- Recency: 21
- Frequency: 1.0
- Cluster: 1
- Churn Risk: No"
15089.0,6,4,319.4783333333333,10,1.5,1,0,Occasional Customers,"
       Customer Profile:
- Orders: 6
- Active Months: 4
- Avg Order Value: 319.48
- Recency: 10
- Frequency: 1.5
- Cluster: 1
- Churn Risk: No"
15090.0,1,1,280.67,308,1.0,0,1,Dormant Customers,"
       Customer Profile:
- Orders: 1
- Active Months: 1
- Avg Order Value: 280.67
- Recency: 308
- Frequency: 1.0
- Cluster: 0
- Churn Risk: Yes"
15091.0,1,1,446.71,67,1.0,1,0,Occasional Customers,"
       Customer Profile:
- Orders: 1
- Active Months: 1
- Avg Order Value: 446.71
- Recency: 67
- Frequency: 1.0
- Cluster: 1
- Churn Risk: No"
15092.0,2,2,212.855,215,1.0,0,1,Dormant Customers,"
       Customer Profile:
- Orders: 2
- Active Months: 2
- Avg Order Value: 212.85
- Recency: 215
- Frequency: 1.0
- Cluster: 0
- Churn Risk: Yes"
15093.0,6,6,978.48,18,1.0,1,0,Occasional Customers,"
       Customer Profile:
- Orders: 6
- Active Months: 6
- Avg Order Value: 978.48
- Recency: 18
- Frequency: 1.0
- Cluster: 1
- Churn Risk: No"
15095.0,4,3,320.27250000000004,103,1.3333333333333333,1,0,Occasional Customers,"
       Customer Profile:
- Orders: 4
- Active Months: 3
- Avg Order Value: 320.27
- Recency: 103
- Frequency: 1.3333333333333333
- Cluster: 1
- Churn Risk: No"
15096.0,1,1,206.89,42,1.0,1,0,Occasional Customers,"
       Customer Profile:
- Orders: 1
- Active Months: 1
- Avg Order Value: 206.89
- Recency: 42
- Frequency: 1.0
- Cluster: 1
- Churn Risk: No"
15097.0,1,1,215.08,4,1.0,1,0,Occasional Customers,"
       Customer Profile:
- Orders: 1
- Active Months: 1
- Avg Order Value: 215.08
- Recency: 4
- Frequency: 1.0
- Cluster: 1
- Churn Risk: No"
15098.0,1,1,133.65,182,1.0,0,1,Dormant Customers,"
       Customer Profile:
- Orders: 1
- Active Months: 1
- Avg Order Value: 133.65
- Recency: 182
- Frequency: 1.0
- Cluster: 0
- Churn Risk: Yes"
15099.0,1,1,335.63,84,1.0,1,0,Occasional Customers,"
       Customer Profile:
- Orders: 1
- Active Months: 1
- Avg Order Value: 335.63
- Recency: 84
- Frequency: 1.0
- Cluster: 1
- Churn Risk: No"
15101.0,2,2,99.89,8,1.0,1,0,Occasional Customers,"
       Customer Profile:
- Orders: 2
- Active Months: 2
- Avg Order Value: 99.89
- Recency: 8
- Frequency: 1.0
- Cluster: 1
- Churn Risk: No"
15103.0,2,2,286.73,31,1.0,1,0,Occasional Customers,"
       Customer Profile:
- Orders: 2
- Active Months: 2
- Avg Order Value: 286.73
- Recency: 31
- Frequency: 1.0
- Cluster: 1
- Churn Risk: No"
15104.0,2,2,291.415,196,1.0,0,1,Dormant Customers,"
       Customer Profile:
- Orders: 2
- Active Months: 2
- Avg Order Value: 291.42
- Recency: 196
- Frequency: 1.0
- Cluster: 0
- Churn Risk: Yes"
15105.0,7,4,289.6585714285714,18,1.75,1,0,Occasional Customers,"
       Customer Profile:
- Orders: 7
- Active Months: 4
- Avg Order Value: 289.66
- Recency: 18
- Frequency: 1.75
- Cluster: 1
- Churn Risk: No"
15106.0,5,5,255.568,17,1.0,1,0,Occasional Customers,"
       Customer Profile:
- Orders: 5
- Active Months: 5
- Avg Order Value: 255.57
- Recency: 17
- Frequency: 1.0
- Cluster: 1
- Churn Risk: No"
15107.0,4,3,52.8,311,1.3333333333333333,0,1,Dormant Customers,"
       Customer Profile:
- Orders: 4
- Active Months: 3
- Avg Order Value: 52.80
- Recency: 311
- Frequency: 1.3333333333333333
- Cluster: 0
- Churn Risk: Yes"
15108.0,3,3,422.3,141,1.0,1,0,Occasional Customers,"
       Customer Profile:
- Orders: 3
- Active Months: 3
- Avg Order Value: 422.30
- Recency: 141
- Frequency: 1.0
- Cluster: 1
- Churn Risk: No"
15109.0,1,1,327.15000000000003,245,1.0,0,1,Dormant Customers,"
       Customer Profile:
- Orders: 1
- Active Months: 1
- Avg Order Value: 327.15
- Recency: 245
- Frequency: 1.0
- Cluster: 0
- Churn Risk: Yes"
15110.0,4,4,155.10000000000002,23,1.0,1,0,Occasional Customers,"
       Customer Profile:
- Orders: 4
- Active Months: 4
- Avg Order Value: 155.10
- Recency: 23
- Frequency: 1.0
- Cluster: 1
- Churn Risk: No"
15111.0,3,3,446.56,29,1.0,1,0,Occasional Customers,"
       Customer Profile:
- Orders: 3
- Active Months: 3
- Avg Order Value: 446.56
- Recency: 29
- Frequency: 1.0
- Cluster: 1
- Churn Risk: No"
15113.0,3,2,1732.7066666666667,9,1.5,1,0,Occasional Customers,"
       Customer Profile:
- Orders: 3
- Active Months: 2
- Avg Order Value: 1732.71
- Recency: 9
- Frequency: 1.5
- Cluster: 1
- Churn Risk: No"
15114.0,10,8,462.366,30,1.25,2,0,Frequent Customers,"
       Customer Profile:
- Orders: 10
- Active Months: 8
- Avg Order Value: 462.37
- Recency: 30
- Frequency: 1.25
- Cluster: 2
- Churn Risk: No"
15115.0,1,1,238.81,18,1.0,1,0,Occasional Customers,"
       Customer Profile:
- Orders: 1
- Active Months: 1
- Avg Order Value: 238.81
- Recency: 18
- Frequency: 1.0
- Cluster: 1
- Churn Risk: No"
15116.0,4,4,301.925,17,1.0,1,0,Occasional Customers,"
       Customer Profile:
- Orders: 4
- Active Months: 4
- Avg Order Value: 301.93
- Recency: 17
- Frequency: 1.0
- Cluster: 1
- Churn Risk: No"
15117.0,5,4,310.226,14,1.25,1,0,Occasional Customers,"
       Customer Profile:
- Orders: 5
- Active Months: 4
- Avg Order Value: 310.23
- Recency: 14
- Frequency: 1.25
- Cluster: 1
- Churn Risk: No"
15118.0,1,1,22.6365,134,1.0,0,0,Dormant Customers,"
       Customer Profile:
- Orders: 1
- Active Months: 1
- Avg Order Value: 22.64
- Recency: 134
- Frequency: 1.0
- Cluster: 0
- Churn Risk: No"
15119.0,1,1,162.8,245,1.0,0,1,Dormant Customers,"
       Customer Profile:
- Orders: 1
- Active Months: 1
- Avg Order Value: 162.80
- Recency: 245
- Frequency: 1.0
- Cluster: 0
- Churn Risk: Yes"
15120.0,1,1,254.93,133,1.0,0,0,Dormant Customers,"
       Customer Profile:
- Orders: 1
- Active Months: 1
- Avg Order Value: 254.93
- Recency: 133
- Frequency: 1.0
- Cluster: 0
- Churn Risk: No"
15121.0,2,2,199.535,50,1.0,1,0,Occasional Customers,"
       Customer Profile:
- Orders: 2
- Active Months: 2
- Avg Order Value: 199.53
- Recency: 50
- Frequency: 1.0
- Cluster: 1
- Churn Risk: No"
15122.0,3,3,481.41,114,1.0,1,0,Occasional Customers,"
       Customer Profile:
- Orders: 3
- Active Months: 3
- Avg Order Value: 481.41
- Recency: 114
- Frequency: 1.0
- Cluster: 1
- Churn Risk: No"
15123.0,2,2,954.945,7,1.0,1,0,Occasional Customers,"
       Customer Profile:
- Orders: 2
- Active Months: 2
- Avg Order Value: 954.95
- Recency: 7
- Frequency: 1.0
- Cluster: 1
- Churn Risk: No"
15124.0,2,2,71.08000000000001,22,1.0,1,0,Occasional Customers,"
       Customer Profile:
- Orders: 2
- Active Months: 2
- Avg Order Value: 71.08
- Recency: 22
- Frequency: 1.0
- Cluster: 1
- Churn Risk: No"
15125.0,15,8,399.60933333333327,25,1.875,2,0,Frequent Customers,"
       Customer Profile:
- Orders: 15
- Active Months: 8
- Avg Order Value: 399.61
- Recency: 25
- Frequency: 1.875
- Cluster: 2
- Churn Risk: No"
15127.0,1,1,380.28,65,1.0,1,0,Occasional Customers,"
       Customer Profile:
- Orders: 1
- Active Months: 1
- Avg Order Value: 380.28
- Recency: 65
- Frequency: 1.0
- Cluster: 1
- Churn Risk: No"
15128.0,4,4,581.5275,60,1.0,1,0,Occasional Customers,"
       Customer Profile:
- Orders: 4
- Active Months: 4
- Avg Order Value: 581.53
- Recency: 60
- Frequency: 1.0
- Cluster: 1
- Churn Risk: No"
15129.0,11,7,235.76090909090908,50,1.5714285714285714,2,0,Frequent Customers,"
       Customer Profile:
- Orders: 11
- Active Months: 7
- Avg Order Value: 235.76
- Recency: 50
- Frequency: 1.5714285714285714
- Cluster: 2
- Churn Risk: No"
15130.0,1,1,1650.5500000000002,169,1.0,1,0,Occasional Customers,"
       Customer Profile:
- Orders: 1
- Active Months: 1
- Avg Order Value: 1650.55
- Recency: 169
- Frequency: 1.0
- Cluster: 1
- Churn Risk: No"
15132.0,5,5,178.264,18,1.0,1,0,Occasional Customers,"
       Customer Profile:
- Orders: 5
- Active Months: 5
- Avg Order Value: 178.26
- Recency: 18
- Frequency: 1.0
- Cluster: 1
- Churn Risk: No"
15133.0,3,3,331.2133333333333,127,1.0,1,0,Occasional Customers,"
       Customer Profile:
- Orders: 3
- Active Months: 3
- Avg Order Value: 331.21
- Recency: 127
- Frequency: 1.0
- Cluster: 1
- Churn Risk: No"
15134.0,8,7,169.66625,14,1.1428571428571428,1,0,Occasional Customers,"
       Customer Profile:
- Orders: 8
- Active Months: 7
- Avg Order Value: 169.67
- Recency: 14
- Frequency: 1.1428571428571428
- Cluster: 1
- Churn Risk: No"
15135.0,1,1,139.05,239,1.0,0,1,Dormant Customers,"
       Customer Profile:
- Orders: 1
- Active Months: 1
- Avg Order Value: 139.05
- Recency: 239
- Frequency: 1.0
- Cluster: 0
- Churn Risk: Yes"
15136.0,4,3,464.1375,2,1.3333333333333333,1,0,Occasional Customers,"
       Customer Profile:
- Orders: 4
- Active Months: 3
- Avg Order Value: 464.14
- Recency: 2
- Frequency: 1.3333333333333333
- Cluster: 1
- Churn Risk: No"
15139.0,2,2,148.535,239,1.0,0,1,Dormant Customers,"
       Customer Profile:
- Orders: 2
- Active Months: 2
- Avg Order Value: 148.53
- Recency: 239
- Frequency: 1.0
- Cluster: 0
- Churn Risk: Yes"
15140.0,7,6,330.11428571428576,52,1.1666666666666667,1,0,Occasional Customers,"
       Customer Profile:
- Orders: 7
- Active Months: 6
- Avg Order Value: 330.11
- Recency: 52
- Frequency: 1.1666666666666667
- Cluster: 1
- Churn Risk: No"
15142.0,1,1,441.05,46,1.0,1,0,Occasional Customers,"
       Customer Profile:
- Orders: 1
- Active Months: 1
- Avg Order Value: 441.05
- Recency: 46
- Frequency: 1.0
- Cluster: 1
- Churn Risk: No"
15143.0,1,1,239.55,225,1.0,0,1,Dormant Customers,"
       Customer Profile:
- Orders: 1
- Active Months: 1
- Avg Order Value: 239.55
- Recency: 225
- Frequency: 1.0
- Cluster: 0
- Churn Risk: Yes"
15144.0,17,9,417.9176470588236,8,1.8888888888888888,2,0,Frequent Customers,"
       Customer Profile:
- Orders: 17
- Active Months: 9
- Avg Order Value: 417.92
- Recency: 8
- Frequency: 1.8888888888888888
- Cluster: 2
- Churn Risk: No"
15145.0,4,3,234.82,4,1.3333333333333333,1,0,Occasional Customers,"
       Customer Profile:
- Orders: 4
- Active Months: 3
- Avg Order Value: 234.82
- Recency: 4
- Frequency: 1.3333333333333333
- Cluster: 1
- Churn Risk: No"
15146.0,2,2,1009.29,164,1.0,1,0,Occasional Customers,"
       Customer Profile:
- Orders: 2
- Active Months: 2
- Avg Order Value: 1009.29
- Recency: 164
- Frequency: 1.0
- Cluster: 1
- Churn Risk: No"
15147.0,1,1,399.55,240,1.0,0,1,Dormant Customers,"
       Customer Profile:
- Orders: 1
- Active Months: 1
- Avg Order Value: 399.55
- Recency: 240
- Frequency: 1.0
- Cluster: 0
- Churn Risk: Yes"
15148.0,1,1,301.29,10,1.0,1,0,Occasional Customers,"
       Customer Profile:
- Orders: 1
- Active Months: 1
- Avg Order Value: 301.29
- Recency: 10
- Frequency: 1.0
- Cluster: 1
- Churn Risk: No"
15149.0,1,1,361.2000000000001,133,1.0,0,0,Dormant Customers,"
       Customer Profile:
- Orders: 1
- Active Months: 1
- Avg Order Value: 361.20
- Recency: 133
- Frequency: 1.0
- Cluster: 0
- Churn Risk: No"
15150.0,10,6,760.3500000000001,17,1.6666666666666667,2,0,Frequent Customers,"
       Customer Profile:
- Orders: 10
- Active Months: 6
- Avg Order Value: 760.35
- Recency: 17
- Frequency: 1.6666666666666667
- Cluster: 2
- Churn Risk: No"
15152.0,13,6,484.6007692307693,9,2.1666666666666665,2,0,Frequent Customers,"
       Customer Profile:
- Orders: 13
- Active Months: 6
- Avg Order Value: 484.60
- Recency: 9
- Frequency: 2.1666666666666665
- Cluster: 2
- Churn Risk: No"
15153.0,1,1,247.35,31,1.0,1,0,Occasional Customers,"
       Customer Profile:
- Orders: 1
- Active Months: 1
- Avg Order Value: 247.35
- Recency: 31
- Frequency: 1.0
- Cluster: 1
- Churn Risk: No"
15154.0,1,1,325.16,75,1.0,1,0,Occasional Customers,"
       Customer Profile:
- Orders: 1
- Active Months: 1
- Avg Order Value: 325.16
- Recency: 75
- Frequency: 1.0
- Cluster: 1
- Churn Risk: No"
15156.0,3,2,623.43,1,1.5,1,0,Occasional Customers,"
       Customer Profile:
- Orders: 3
- Active Months: 2
- Avg Order Value: 623.43
- Recency: 1
- Frequency: 1.5
- Cluster: 1
- Churn Risk: No"
15157.0,3,3,694.8633333333333,3,1.0,1,0,Occasional Customers,"
       Customer Profile:
- Orders: 3
- Active Months: 3
- Avg Order Value: 694.86
- Recency: 3
- Frequency: 1.0
- Cluster: 1
- Churn Risk: No"
15158.0,1,1,334.68,45,1.0,1,0,Occasional Customers,"
       Customer Profile:
- Orders: 1
- Active Months: 1
- Avg Order Value: 334.68
- Recency: 45
- Frequency: 1.0
- Cluster: 1
- Churn Risk: No"
15159.0,28,12,594.6432142857144,1,2.333333333333333,2,0,Frequent Customers,"
       Customer Profile:
- Orders: 28
- Active Months: 12
- Avg Order Value: 594.64
- Recency: 1
- Frequency: 2.333333333333333
- Cluster: 2
- Churn Risk: No"
15160.0,1,1,131.61,357,1.0,0,1,Dormant Customers,"
       Customer Profile:
- Orders: 1
- Active Months: 1
- Avg Order Value: 131.61
- Recency: 357
- Frequency: 1.0
- Cluster: 0
- Churn Risk: Yes"
15163.0,2,2,143.3,18,1.0,1,0,Occasional Customers,"
       Customer Profile:
- Orders: 2
- Active Months: 2
- Avg Order Value: 143.30
- Recency: 18
- Frequency: 1.0
- Cluster: 1
- Churn Risk: No"
15164.0,3,3,702.4499999999999,68,1.0,1,0,Occasional Customers,"
       Customer Profile:
- Orders: 3
- Active Months: 3
- Avg Order Value: 702.45
- Recency: 68
- Frequency: 1.0
- Cluster: 1
- Churn Risk: No"
15165.0,1,1,362.7,368,1.0,0,1,Dormant Customers,"
       Customer Profile:
- Orders: 1
- Active Months: 1
- Avg Order Value: 362.70
- Recency: 368
- Frequency: 1.0
- Cluster: 0
- Churn Risk: Yes"
15167.0,1,1,268.8,320,1.0,0,1,Dormant Customers,"
       Customer Profile:
- Orders: 1
- Active Months: 1
- Avg Order Value: 268.80
- Recency: 320
- Frequency: 1.0
- Cluster: 0
- Churn Risk: Yes"
15168.0,1,1,58.86,25,1.0,1,0,Occasional Customers,"
       Customer Profile:
- Orders: 1
- Active Months: 1
- Avg Order Value: 58.86
- Recency: 25
- Frequency: 1.0
- Cluster: 1
- Churn Risk: No"
15171.0,1,1,508.95,331,1.0,0,1,Dormant Customers,"
       Customer Profile:
- Orders: 1
- Active Months: 1
- Avg Order Value: 508.95
- Recency: 331
- Frequency: 1.0
- Cluster: 0
- Churn Risk: Yes"
15172.0,5,5,430.564,8,1.0,1,0,Occasional Customers,"
       Customer Profile:
- Orders: 5
- Active Months: 5
- Avg Order Value: 430.56
- Recency: 8
- Frequency: 1.0
- Cluster: 1
- Churn Risk: No"
15174.0,1,1,131.97,322,1.0,0,1,Dormant Customers,"
       Customer Profile:
- Orders: 1
- Active Months: 1
- Avg Order Value: 131.97
- Recency: 322
- Frequency: 1.0
- Cluster: 0
- Churn Risk: Yes"
15175.0,1,1,219.25,71,1.0,1,0,Occasional Customers,"
       Customer Profile:
- Orders: 1
- Active Months: 1
- Avg Order Value: 219.25
- Recency: 71
- Frequency: 1.0
- Cluster: 1
- Churn Risk: No"
15178.0,1,1,40.5,260,1.0,0,1,Dormant Customers,"
       Customer Profile:
- Orders: 1
- Active Months: 1
- Avg Order Value: 40.50
- Recency: 260
- Frequency: 1.0
- Cluster: 0
- Churn Risk: Yes"
15179.0,5,4,352.496,18,1.25,1,0,Occasional Customers,"
       Customer Profile:
- Orders: 5
- Active Months: 4
- Avg Order Value: 352.50
- Recency: 18
- Frequency: 1.25
- Cluster: 1
- Churn Risk: No"
15180.0,1,1,87.5,367,1.0,0,1,Dormant Customers,"
       Customer Profile:
- Orders: 1
- Active Months: 1
- Avg Order Value: 87.50
- Recency: 367
- Frequency: 1.0
- Cluster: 0
- Churn Risk: Yes"
15181.0,3,3,107.39,66,1.0,1,0,Occasional Customers,"
       Customer Profile:
- Orders: 3
- Active Months: 3
- Avg Order Value: 107.39
- Recency: 66
- Frequency: 1.0
- Cluster: 1
- Churn Risk: No"
15182.0,2,2,302.925,154,1.0,0,0,Dormant Customers,"
       Customer Profile:
- Orders: 2
- Active Months: 2
- Avg Order Value: 302.93
- Recency: 154
- Frequency: 1.0
- Cluster: 0
- Churn Risk: No"
15184.0,2,2,787.875,29,1.0,1,0,Occasional Customers,"
       Customer Profile:
- Orders: 2
- Active Months: 2
- Avg Order Value: 787.88
- Recency: 29
- Frequency: 1.0
- Cluster: 1
- Churn Risk: No"
15185.0,1,1,181.23,70,1.0,1,0,Occasional Customers,"
       Customer Profile:
- Orders: 1
- Active Months: 1
- Avg Order Value: 181.23
- Recency: 70
- Frequency: 1.0
- Cluster: 1
- Churn Risk: No"
15186.0,2,2,290.815,14,1.0,1,0,Occasional Customers,"
       Customer Profile:
- Orders: 2
- Active Months: 2
- Avg Order Value: 290.81
- Recency: 14
- Frequency: 1.0
- Cluster: 1
- Churn Risk: No"
15187.0,13,7,276.7146153846154,1,1.8571428571428568,2,0,Frequent Customers,"
       Customer Profile:
- Orders: 13
- Active Months: 7
- Avg Order Value: 276.71
- Recency: 1
- Frequency: 1.8571428571428568
- Cluster: 2
- Churn Risk: No"
15189.0,41,12,243.38902439024392,1,3.0,2,0,Frequent Customers,"
       Customer Profile:
- Orders: 41
- Active Months: 12
- Avg Order Value: 243.39
- Recency: 1
- Frequency: 3.0
- Cluster: 2
- Churn Risk: No"
15192.0,3,3,254.62,119,1.0,1,0,Occasional Customers,"
       Customer Profile:
- Orders: 3
- Active Months: 3
- Avg Order Value: 254.62
- Recency: 119
- Frequency: 1.0
- Cluster: 1
- Churn Risk: No"
15193.0,1,1,1034.34,60,1.0,1,0,Occasional Customers,"
       Customer Profile:
- Orders: 1
- Active Months: 1
- Avg Order Value: 1034.34
- Recency: 60
- Frequency: 1.0
- Cluster: 1
- Churn Risk: No"
15194.0,15,10,470.04,3,1.5,2,0,Frequent Customers,"
       Customer Profile:
- Orders: 15
- Active Months: 10
- Avg Order Value: 470.04
- Recency: 3
- Frequency: 1.5
- Cluster: 2
- Churn Risk: No"
15195.0,1,1,74.25,2,1.0,1,0,Occasional Customers,"
       Customer Profile:
- Orders: 1
- Active Months: 1
- Avg Order Value: 74.25
- Recency: 2
- Frequency: 1.0
- Cluster: 1
- Churn Risk: No"
15197.0,3,3,196.27,10,1.0,1,0,Occasional Customers,"
       Customer Profile:
- Orders: 3
- Active Months: 3
- Avg Order Value: 196.27
- Recency: 10
- Frequency: 1.0
- Cluster: 1
- Churn Risk: No"
15198.0,2,2,204.46,92,1.0,1,0,Occasional Customers,"
       Customer Profile:
- Orders: 2
- Active Months: 2
- Avg Order Value: 204.46
- Recency: 92
- Frequency: 1.0
- Cluster: 1
- Churn Risk: No"
15199.0,4,4,173.525,59,1.0,1,0,Occasional Customers,"
       Customer Profile:
- Orders: 4
- Active Months: 4
- Avg Order Value: 173.53
- Recency: 59
- Frequency: 1.0
- Cluster: 1
- Churn Risk: No"
15201.0,5,4,230.058,87,1.25,1,0,Occasional Customers,"
       Customer Profile:
- Orders: 5
- Active Months: 4
- Avg Order Value: 230.06
- Recency: 87
- Frequency: 1.25
- Cluster: 1
- Churn Risk: No"
15203.0,6,6,299.92,25,1.0,1,0,Occasional Customers,"
       Customer Profile:
- Orders: 6
- Active Months: 6
- Avg Order Value: 299.92
- Recency: 25
- Frequency: 1.0
- Cluster: 1
- Churn Risk: No"
15204.0,1,1,203.13,357,1.0,0,1,Dormant Customers,"
       Customer Profile:
- Orders: 1
- Active Months: 1
- Avg Order Value: 203.13
- Recency: 357
- Frequency: 1.0
- Cluster: 0
- Churn Risk: Yes"
15205.0,2,2,223.29,85,1.0,1,0,Occasional Customers,"
       Customer Profile:
- Orders: 2
- Active Months: 2
- Avg Order Value: 223.29
- Recency: 85
- Frequency: 1.0
- Cluster: 1
- Churn Risk: No"
15206.0,4,4,113.925,10,1.0,1,0,Occasional Customers,"
       Customer Profile:
- Orders: 4
- Active Months: 4
- Avg Order Value: 113.92
- Recency: 10
- Frequency: 1.0
- Cluster: 1
- Churn Risk: No"
15208.0,5,5,168.664,1,1.0,1,0,Occasional Customers,"
       Customer Profile:
- Orders: 5
- Active Months: 5
- Avg Order Value: 168.66
- Recency: 1
- Frequency: 1.0
- Cluster: 1
- Churn Risk: No"
15210.0,1,1,230.37,225,1.0,0,1,Dormant Customers,"
       Customer Profile:
- Orders: 1
- Active Months: 1
- Avg Order Value: 230.37
- Recency: 225
- Frequency: 1.0
- Cluster: 0
- Churn Risk: Yes"
15211.0,2,2,690.895,60,1.0,1,0,Occasional Customers,"
       Customer Profile:
- Orders: 2
- Active Months: 2
- Avg Order Value: 690.89
- Recency: 60
- Frequency: 1.0
- Cluster: 1
- Churn Risk: No"
15212.0,1,1,62.0,241,1.0,0,1,Dormant Customers,"
       Customer Profile:
- Orders: 1
- Active Months: 1
- Avg Order Value: 62.00
- Recency: 241
- Frequency: 1.0
- Cluster: 0
- Churn Risk: Yes"
15213.0,2,1,164.17499999999998,318,2.0,0,1,Dormant Customers,"
       Customer Profile:
- Orders: 2
- Active Months: 1
- Avg Order Value: 164.17
- Recency: 318
- Frequency: 2.0
- Cluster: 0
- Churn Risk: Yes"
15214.0,8,6,463.0525,1,1.3333333333333333,1,0,Occasional Customers,"
       Customer Profile:
- Orders: 8
- Active Months: 6
- Avg Order Value: 463.05
- Recency: 1
- Frequency: 1.3333333333333333
- Cluster: 1
- Churn Risk: No"
15215.0,3,2,234.86,46,1.5,1,0,Occasional Customers,"
       Customer Profile:
- Orders: 3
- Active Months: 2
- Avg Order Value: 234.86
- Recency: 46
- Frequency: 1.5
- Cluster: 1
- Churn Risk: No"
15216.0,1,1,33.0,87,1.0,1,0,Occasional Customers,"
       Customer Profile:
- Orders: 1
- Active Months: 1
- Avg Order Value: 33.00
- Recency: 87
- Frequency: 1.0
- Cluster: 1
- Churn Risk: No"
15218.0,11,9,922.9236363636364,10,1.2222222222222223,2,0,Frequent Customers,"
       Customer Profile:
- Orders: 11
- Active Months: 9
- Avg Order Value: 922.92
- Recency: 10
- Frequency: 1.2222222222222223
- Cluster: 2
- Churn Risk: No"
15219.0,1,1,152.8,176,1.0,0,0,Dormant Customers,"
       Customer Profile:
- Orders: 1
- Active Months: 1
- Avg Order Value: 152.80
- Recency: 176
- Frequency: 1.0
- Cluster: 0
- Churn Risk: No"
15220.0,6,6,324.33,51,1.0,1,0,Occasional Customers,"
       Customer Profile:
- Orders: 6
- Active Months: 6
- Avg Order Value: 324.33
- Recency: 51
- Frequency: 1.0
- Cluster: 1
- Churn Risk: No"
15221.0,1,1,975.6,366,1.0,0,1,Dormant Customers,"
       Customer Profile:
- Orders: 1
- Active Months: 1
- Avg Order Value: 975.60
- Recency: 366
- Frequency: 1.0
- Cluster: 0
- Churn Risk: Yes"
15222.0,1,1,181.44,318,1.0,0,1,Dormant Customers,"
       Customer Profile:
- Orders: 1
- Active Months: 1
- Avg Order Value: 181.44
- Recency: 318
- Frequency: 1.0
- Cluster: 0
- Churn Risk: Yes"
15223.0,2,1,222.27500000000003,225,2.0,0,1,Dormant Customers,"
       Customer Profile:
- Orders: 2
- Active Months: 1
- Avg Order Value: 222.28
- Recency: 225
- Frequency: 2.0
- Cluster: 0
- Churn Risk: Yes"
15224.0,2,1,122.89,358,2.0,0,1,Dormant Customers,"
       Customer Profile:
- Orders: 2
- Active Months: 1
- Avg Order Value: 122.89
- Recency: 358
- Frequency: 2.0
- Cluster: 0
- Churn Risk: Yes"
15225.0,1,1,344.70000000000005,234,1.0,0,1,Dormant Customers,"
       Customer Profile:
- Orders: 1
- Active Months: 1
- Avg Order Value: 344.70
- Recency: 234
- Frequency: 1.0
- Cluster: 0
- Churn Risk: Yes"
15226.0,1,1,128.91,310,1.0,0,1,Dormant Customers,"
       Customer Profile:
- Orders: 1
- Active Months: 1
- Avg Order Value: 128.91
- Recency: 310
- Frequency: 1.0
- Cluster: 0
- Churn Risk: Yes"
15227.0,5,4,346.744,36,1.25,1,0,Occasional Customers,"
       Customer Profile:
- Orders: 5
- Active Months: 4
- Avg Order Value: 346.74
- Recency: 36
- Frequency: 1.25
- Cluster: 1
- Churn Risk: No"
15228.0,4,4,951.1375,66,1.0,1,0,Occasional Customers,"
       Customer Profile:
- Orders: 4
- Active Months: 4
- Avg Order Value: 951.14
- Recency: 66
- Frequency: 1.0
- Cluster: 1
- Churn Risk: No"
15230.0,2,1,214.8,239,2.0,0,1,Dormant Customers,"
       Customer Profile:
- Orders: 2
- Active Months: 1
- Avg Order Value: 214.80
- Recency: 239
- Frequency: 2.0
- Cluster: 0
- Churn Risk: Yes"
15232.0,2,2,287.70500000000004,113,1.0,1,0,Occasional Customers,"
       Customer Profile:
- Orders: 2
- Active Months: 2
- Avg Order Value: 287.71
- Recency: 113
- Frequency: 1.0
- Cluster: 1
- Churn Risk: No"
15234.0,1,1,772.04,276,1.0,0,1,Dormant Customers,"
       Customer Profile:
- Orders: 1
- Active Months: 1
- Avg Order Value: 772.04
- Recency: 276
- Frequency: 1.0
- Cluster: 0
- Churn Risk: Yes"
15235.0,12,5,175.08833333333334,217,2.4,2,1,Frequent Customers,"
       Customer Profile:
- Orders: 12
- Active Months: 5
- Avg Order Value: 175.09
- Recency: 217
- Frequency: 2.4
- Cluster: 2
- Churn Risk: Yes"
15236.0,1,1,321.05,298,1.0,0,1,Dormant Customers,"
       Customer Profile:
- Orders: 1
- Active Months: 1
- Avg Order Value: 321.05
- Recency: 298
- Frequency: 1.0
- Cluster: 0
- Churn Risk: Yes"
15237.0,4,4,416.74,1,1.0,1,0,Occasional Customers,"
       Customer Profile:
- Orders: 4
- Active Months: 4
- Avg Order Value: 416.74
- Recency: 1
- Frequency: 1.0
- Cluster: 1
- Churn Risk: No"
15238.0,3,3,375.4166666666667,29,1.0,1,0,Occasional Customers,"
       Customer Profile:
- Orders: 3
- Active Months: 3
- Avg Order Value: 375.42
- Recency: 29
- Frequency: 1.0
- Cluster: 1
- Churn Risk: No"
15239.0,2,2,363.75,10,1.0,1,0,Occasional Customers,"
       Customer Profile:
- Orders: 2
- Active Months: 2
- Avg Order Value: 363.75
- Recency: 10
- Frequency: 1.0
- Cluster: 1
- Churn Risk: No"
15240.0,5,5,296.856,44,1.0,1,0,Occasional Customers,"
       Customer Profile:
- Orders: 5
- Active Months: 5
- Avg Order Value: 296.86
- Recency: 44
- Frequency: 1.0
- Cluster: 1
- Churn Risk: No"
15241.0,8,7,185.99375,66,1.1428571428571428,1,0,Occasional Customers,"
       Customer Profile:
- Orders: 8
- Active Months: 7
- Avg Order Value: 185.99
- Recency: 66
- Frequency: 1.1428571428571428
- Cluster: 1
- Churn Risk: No"
15243.0,1,1,316.68,74,1.0,1,0,Occasional Customers,"
       Customer Profile:
- Orders: 1
- Active Months: 1
- Avg Order Value: 316.68
- Recency: 74
- Frequency: 1.0
- Cluster: 1
- Churn Risk: No"
15244.0,2,2,282.58500000000004,65,1.0,1,0,Occasional Customers,"
       Customer Profile:
- Orders: 2
- Active Months: 2
- Avg Order Value: 282.59
- Recency: 65
- Frequency: 1.0
- Cluster: 1
- Churn Risk: No"
15245.0,3,3,776.96,134,1.0,1,0,Occasional Customers,"
       Customer Profile:
- Orders: 3
- Active Months: 3
- Avg Order Value: 776.96
- Recency: 134
- Frequency: 1.0
- Cluster: 1
- Churn Risk: No"
15246.0,2,2,237.825,238,1.0,0,1,Dormant Customers,"
       Customer Profile:
- Orders: 2
- Active Months: 2
- Avg Order Value: 237.82
- Recency: 238
- Frequency: 1.0
- Cluster: 0
- Churn Risk: Yes"
15247.0,1,1,317.75,122,1.0,1,0,Occasional Customers,"
       Customer Profile:
- Orders: 1
- Active Months: 1
- Avg Order Value: 317.75
- Recency: 122
- Frequency: 1.0
- Cluster: 1
- Churn Risk: No"
15249.0,13,8,526.6746153846154,31,1.625,2,0,Frequent Customers,"
       Customer Profile:
- Orders: 13
- Active Months: 8
- Avg Order Value: 526.67
- Recency: 31
- Frequency: 1.625
- Cluster: 2
- Churn Risk: No"
15251.0,11,8,427.5372727272727,9,1.375,2,0,Frequent Customers,"
       Customer Profile:
- Orders: 11
- Active Months: 8
- Avg Order Value: 427.54
- Recency: 9
- Frequency: 1.375
- Cluster: 2
- Churn Risk: No"
15252.0,2,2,370.39,36,1.0,1,0,Occasional Customers,"
       Customer Profile:
- Orders: 2
- Active Months: 2
- Avg Order Value: 370.39
- Recency: 36
- Frequency: 1.0
- Cluster: 1
- Churn Risk: No"
15253.0,5,3,315.396,16,1.6666666666666667,1,0,Occasional Customers,"
       Customer Profile:
- Orders: 5
- Active Months: 3
- Avg Order Value: 315.40
- Recency: 16
- Frequency: 1.6666666666666667
- Cluster: 1
- Churn Risk: No"
15254.0,1,1,276.0,127,1.0,0,0,Dormant Customers,"
       Customer Profile:
- Orders: 1
- Active Months: 1
- Avg Order Value: 276.00
- Recency: 127
- Frequency: 1.0
- Cluster: 0
- Churn Risk: No"
15255.0,1,1,865.35,66,1.0,1,0,Occasional Customers,"
       Customer Profile:
- Orders: 1
- Active Months: 1
- Avg Order Value: 865.35
- Recency: 66
- Frequency: 1.0
- Cluster: 1
- Churn Risk: No"
15256.0,1,1,98.45,148,1.0,0,0,Dormant Customers,"
       Customer Profile:
- Orders: 1
- Active Months: 1
- Avg Order Value: 98.45
- Recency: 148
- Frequency: 1.0
- Cluster: 0
- Churn Risk: No"
15257.0,1,1,40.2,283,1.0,0,1,Dormant Customers,"
       Customer Profile:
- Orders: 1
- Active Months: 1
- Avg Order Value: 40.20
- Recency: 283
- Frequency: 1.0
- Cluster: 0
- Churn Risk: Yes"
15258.0,2,2,296.33000000000004,168,1.0,0,0,Dormant Customers,"
       Customer Profile:
- Orders: 2
- Active Months: 2
- Avg Order Value: 296.33
- Recency: 168
- Frequency: 1.0
- Cluster: 0
- Churn Risk: No"
15260.0,7,6,379.66571428571433,100,1.1666666666666667,1,0,Occasional Customers,"
       Customer Profile:
- Orders: 7
- Active Months: 6
- Avg Order Value: 379.67
- Recency: 100
- Frequency: 1.1666666666666667
- Cluster: 1
- Churn Risk: No"
15261.0,1,1,254.82,135,1.0,0,0,Dormant Customers,"
       Customer Profile:
- Orders: 1
- Active Months: 1
- Avg Order Value: 254.82
- Recency: 135
- Frequency: 1.0
- Cluster: 0
- Churn Risk: No"
15262.0,1,1,161.95000000000002,323,1.0,0,1,Dormant Customers,"
       Customer Profile:
- Orders: 1
- Active Months: 1
- Avg Order Value: 161.95
- Recency: 323
- Frequency: 1.0
- Cluster: 0
- Churn Risk: Yes"
15263.0,1,1,139.51,106,1.0,1,0,Occasional Customers,"
       Customer Profile:
- Orders: 1
- Active Months: 1
- Avg Order Value: 139.51
- Recency: 106
- Frequency: 1.0
- Cluster: 1
- Churn Risk: No"
15264.0,1,1,393.74,64,1.0,1,0,Occasional Customers,"
       Customer Profile:
- Orders: 1
- Active Months: 1
- Avg Order Value: 393.74
- Recency: 64
- Frequency: 1.0
- Cluster: 1
- Churn Risk: No"
15265.0,2,2,523.26,151,1.0,0,0,Dormant Customers,"
       Customer Profile:
- Orders: 2
- Active Months: 2
- Avg Order Value: 523.26
- Recency: 151
- Frequency: 1.0
- Cluster: 0
- Churn Risk: No"
15266.0,1,1,47.7,338,1.0,0,1,Dormant Customers,"
       Customer Profile:
- Orders: 1
- Active Months: 1
- Avg Order Value: 47.70
- Recency: 338
- Frequency: 1.0
- Cluster: 0
- Churn Risk: Yes"
15267.0,5,4,122.526,22,1.25,1,0,Occasional Customers,"
       Customer Profile:
- Orders: 5
- Active Months: 4
- Avg Order Value: 122.53
- Recency: 22
- Frequency: 1.25
- Cluster: 1
- Churn Risk: No"
15269.0,1,1,118.8,23,1.0,1,0,Occasional Customers,"
       Customer Profile:
- Orders: 1
- Active Months: 1
- Avg Order Value: 118.80
- Recency: 23
- Frequency: 1.0
- Cluster: 1
- Churn Risk: No"
15270.0,7,4,221.4442857142857,15,1.75,1,0,Occasional Customers,"
       Customer Profile:
- Orders: 7
- Active Months: 4
- Avg Order Value: 221.44
- Recency: 15
- Frequency: 1.75
- Cluster: 1
- Churn Risk: No"
15271.0,15,10,374.86733333333336,7,1.5,2,0,Frequent Customers,"
       Customer Profile:
- Orders: 15
- Active Months: 10
- Avg Order Value: 374.87
- Recency: 7
- Frequency: 1.5
- Cluster: 2
- Churn Risk: No"
15272.0,2,2,256.39500000000004,57,1.0,1,0,Occasional Customers,"
       Customer Profile:
- Orders: 2
- Active Months: 2
- Avg Order Value: 256.40
- Recency: 57
- Frequency: 1.0
- Cluster: 1
- Churn Risk: No"
15274.0,2,2,344.8,4,1.0,1,0,Occasional Customers,"
       Customer Profile:
- Orders: 2
- Active Months: 2
- Avg Order Value: 344.80
- Recency: 4
- Frequency: 1.0
- Cluster: 1
- Churn Risk: No"
15275.0,1,1,505.69,37,1.0,1,0,Occasional Customers,"
       Customer Profile:
- Orders: 1
- Active Months: 1
- Avg Order Value: 505.69
- Recency: 37
- Frequency: 1.0
- Cluster: 1
- Churn Risk: No"
15276.0,1,1,95.38,66,1.0,1,0,Occasional Customers,"
       Customer Profile:
- Orders: 1
- Active Months: 1
- Avg Order Value: 95.38
- Recency: 66
- Frequency: 1.0
- Cluster: 1
- Churn Risk: No"
15277.0,1,1,249.81,46,1.0,1,0,Occasional Customers,"
       Customer Profile:
- Orders: 1
- Active Months: 1
- Avg Order Value: 249.81
- Recency: 46
- Frequency: 1.0
- Cluster: 1
- Churn Risk: No"
15279.0,1,1,251.79,354,1.0,0,1,Dormant Customers,"
       Customer Profile:
- Orders: 1
- Active Months: 1
- Avg Order Value: 251.79
- Recency: 354
- Frequency: 1.0
- Cluster: 0
- Churn Risk: Yes"
15280.0,1,1,110.57,172,1.0,0,0,Dormant Customers,"
       Customer Profile:
- Orders: 1
- Active Months: 1
- Avg Order Value: 110.57
- Recency: 172
- Frequency: 1.0
- Cluster: 0
- Churn Risk: No"
15281.0,9,6,446.11,58,1.5,1,0,Occasional Customers,"
       Customer Profile:
- Orders: 9
- Active Months: 6
- Avg Order Value: 446.11
- Recency: 58
- Frequency: 1.5
- Cluster: 1
- Churn Risk: No"
15286.0,1,1,240.55,49,1.0,1,0,Occasional Customers,"
       Customer Profile:
- Orders: 1
- Active Months: 1
- Avg Order Value: 240.55
- Recency: 49
- Frequency: 1.0
- Cluster: 1
- Churn Risk: No"
15287.0,2,2,212.205,22,1.0,1,0,Occasional Customers,"
       Customer Profile:
- Orders: 2
- Active Months: 2
- Avg Order Value: 212.21
- Recency: 22
- Frequency: 1.0
- Cluster: 1
- Churn Risk: No"
15288.0,5,5,612.174,43,1.0,1,0,Occasional Customers,"
       Customer Profile:
- Orders: 5
- Active Months: 5
- Avg Order Value: 612.17
- Recency: 43
- Frequency: 1.0
- Cluster: 1
- Churn Risk: No"
15289.0,3,3,261.77000000000004,29,1.0,1,0,Occasional Customers,"
       Customer Profile:
- Orders: 3
- Active Months: 3
- Avg Order Value: 261.77
- Recency: 29
- Frequency: 1.0
- Cluster: 1
- Churn Risk: No"
15290.0,18,12,312.3594444444445,4,1.5,2,0,Frequent Customers,"
       Customer Profile:
- Orders: 18
- Active Months: 12
- Avg Order Value: 312.36
- Recency: 4
- Frequency: 1.5
- Cluster: 2
- Churn Risk: No"
15291.0,14,7,383.585,25,2.0,2,0,Frequent Customers,"
       Customer Profile:
- Orders: 14
- Active Months: 7
- Avg Order Value: 383.58
- Recency: 25
- Frequency: 2.0
- Cluster: 2
- Churn Risk: No"
15292.0,1,1,223.38,201,1.0,0,1,Dormant Customers,"
       Customer Profile:
- Orders: 1
- Active Months: 1
- Avg Order Value: 223.38
- Recency: 201
- Frequency: 1.0
- Cluster: 0
- Churn Risk: Yes"
15296.0,6,5,493.8833333333334,50,1.2,1,0,Occasional Customers,"
       Customer Profile:
- Orders: 6
- Active Months: 5
- Avg Order Value: 493.88
- Recency: 50
- Frequency: 1.2
- Cluster: 1
- Churn Risk: No"
15297.0,3,2,208.31333333333336,10,1.5,1,0,Occasional Customers,"
       Customer Profile:
- Orders: 3
- Active Months: 2
- Avg Order Value: 208.31
- Recency: 10
- Frequency: 1.5
- Cluster: 1
- Churn Risk: No"
15298.0,12,9,507.2108333333333,2,1.3333333333333333,2,0,Frequent Customers,"
       Customer Profile:
- Orders: 12
- Active Months: 9
- Avg Order Value: 507.21
- Recency: 2
- Frequency: 1.3333333333333333
- Cluster: 2
- Churn Risk: No"
15299.0,5,3,84.83399999999999,67,1.6666666666666667,1,0,Occasional Customers,"
       Customer Profile:
- Orders: 5
- Active Months: 3
- Avg Order Value: 84.83
- Recency: 67
- Frequency: 1.6666666666666667
- Cluster: 1
- Churn Risk: No"
15300.0,1,1,454.44,64,1.0,1,0,Occasional Customers,"
       Customer Profile:
- Orders: 1
- Active Months: 1
- Avg Order Value: 454.44
- Recency: 64
- Frequency: 1.0
- Cluster: 1
- Churn Risk: No"
15301.0,12,9,433.43,50,1.3333333333333333,2,0,Frequent Customers,"
       Customer Profile:
- Orders: 12
- Active Months: 9
- Avg Order Value: 433.43
- Recency: 50
- Frequency: 1.3333333333333333
- Cluster: 2
- Churn Risk: No"
15303.0,1,1,444.42,290,1.0,0,1,Dormant Customers,"
       Customer Profile:
- Orders: 1
- Active Months: 1
- Avg Order Value: 444.42
- Recency: 290
- Frequency: 1.0
- Cluster: 0
- Churn Risk: Yes"
15304.0,5,5,72.73,60,1.0,1,0,Occasional Customers,"
       Customer Profile:
- Orders: 5
- Active Months: 5
- Avg Order Value: 72.73
- Recency: 60
- Frequency: 1.0
- Cluster: 1
- Churn Risk: No"
15306.0,3,3,309.06333333333333,64,1.0,1,0,Occasional Customers,"
       Customer Profile:
- Orders: 3
- Active Months: 3
- Avg Order Value: 309.06
- Recency: 64
- Frequency: 1.0
- Cluster: 1
- Churn Risk: No"
15307.0,1,1,238.40000000000003,95,1.0,1,0,Occasional Customers,"
       Customer Profile:
- Orders: 1
- Active Months: 1
- Avg Order Value: 238.40
- Recency: 95
- Frequency: 1.0
- Cluster: 1
- Churn Risk: No"
15308.0,1,1,226.08,274,1.0,0,1,Dormant Customers,"
       Customer Profile:
- Orders: 1
- Active Months: 1
- Avg Order Value: 226.08
- Recency: 274
- Frequency: 1.0
- Cluster: 0
- Churn Risk: Yes"
15311.0,91,13,596.3932967032968,1,3.0,2,0,Frequent Customers,"
       Customer Profile:
- Orders: 91
- Active Months: 13
- Avg Order Value: 596.39
- Recency: 1
- Frequency: 3.0
- Cluster: 2
- Churn Risk: No"
15312.0,4,4,536.3199999999999,75,1.0,1,0,Occasional Customers,"
       Customer Profile:
- Orders: 4
- Active Months: 4
- Avg Order Value: 536.32
- Recency: 75
- Frequency: 1.0
- Cluster: 1
- Churn Risk: No"
15313.0,1,1,104.0,110,1.0,1,0,Occasional Customers,"
       Customer Profile:
- Orders: 1
- Active Months: 1
- Avg Order Value: 104.00
- Recency: 110
- Frequency: 1.0
- Cluster: 1
- Churn Risk: No"
15314.0,1,1,321.88,199,1.0,0,1,Dormant Customers,"
       Customer Profile:
- Orders: 1
- Active Months: 1
- Avg Order Value: 321.88
- Recency: 199
- Frequency: 1.0
- Cluster: 0
- Churn Risk: Yes"
15315.0,2,2,1429.745,64,1.0,1,0,Occasional Customers,"
       Customer Profile:
- Orders: 2
- Active Months: 2
- Avg Order Value: 1429.74
- Recency: 64
- Frequency: 1.0
- Cluster: 1
- Churn Risk: No"
15316.0,1,1,44.55,326,1.0,0,1,Dormant Customers,"
       Customer Profile:
- Orders: 1
- Active Months: 1
- Avg Order Value: 44.55
- Recency: 326
- Frequency: 1.0
- Cluster: 0
- Churn Risk: Yes"
15318.0,1,1,611.38,3,1.0,1,0,Occasional Customers,"
       Customer Profile:
- Orders: 1
- Active Months: 1
- Avg Order Value: 611.38
- Recency: 3
- Frequency: 1.0
- Cluster: 1
- Churn Risk: No"
15319.0,1,1,145.0,283,1.0,0,1,Dormant Customers,"
       Customer Profile:
- Orders: 1
- Active Months: 1
- Avg Order Value: 145.00
- Recency: 283
- Frequency: 1.0
- Cluster: 0
- Churn Risk: Yes"
15320.0,1,1,196.86,44,1.0,1,0,Occasional Customers,"
       Customer Profile:
- Orders: 1
- Active Months: 1
- Avg Order Value: 196.86
- Recency: 44
- Frequency: 1.0
- Cluster: 1
- Churn Risk: No"
15321.0,3,2,1039.1966666666667,70,1.5,1,0,Occasional Customers,"
       Customer Profile:
- Orders: 3
- Active Months: 2
- Avg Order Value: 1039.20
- Recency: 70
- Frequency: 1.5
- Cluster: 1
- Churn Risk: No"
15322.0,1,1,584.49,85,1.0,1,0,Occasional Customers,"
       Customer Profile:
- Orders: 1
- Active Months: 1
- Avg Order Value: 584.49
- Recency: 85
- Frequency: 1.0
- Cluster: 1
- Churn Risk: No"
15325.0,1,1,323.48,103,1.0,1,0,Occasional Customers,"
       Customer Profile:
- Orders: 1
- Active Months: 1
- Avg Order Value: 323.48
- Recency: 103
- Frequency: 1.0
- Cluster: 1
- Churn Risk: No"
15326.0,1,1,623.42,333,1.0,0,1,Dormant Customers,"
       Customer Profile:
- Orders: 1
- Active Months: 1
- Avg Order Value: 623.42
- Recency: 333
- Frequency: 1.0
- Cluster: 0
- Churn Risk: Yes"
15327.0,1,1,125.1,52,1.0,1,0,Occasional Customers,"
       Customer Profile:
- Orders: 1
- Active Months: 1
- Avg Order Value: 125.10
- Recency: 52
- Frequency: 1.0
- Cluster: 1
- Churn Risk: No"
15329.0,3,3,397.1166666666666,39,1.0,1,0,Occasional Customers,"
       Customer Profile:
- Orders: 3
- Active Months: 3
- Avg Order Value: 397.12
- Recency: 39
- Frequency: 1.0
- Cluster: 1
- Churn Risk: No"
15330.0,2,2,249.54,32,1.0,1,0,Occasional Customers,"
       Customer Profile:
- Orders: 2
- Active Months: 2
- Avg Order Value: 249.54
- Recency: 32
- Frequency: 1.0
- Cluster: 1
- Churn Risk: No"
15332.0,4,1,831.2049999999999,366,3.0,0,1,Dormant Customers,"
       Customer Profile:
- Orders: 4
- Active Months: 1
- Avg Order Value: 831.20
- Recency: 366
- Frequency: 3.0
- Cluster: 0
- Churn Risk: Yes"
15333.0,1,1,1365.38,208,1.0,0,1,Dormant Customers,"
       Customer Profile:
- Orders: 1
- Active Months: 1
- Avg Order Value: 1365.38
- Recency: 208
- Frequency: 1.0
- Cluster: 0
- Churn Risk: Yes"
15334.0,3,2,148.47333333333333,156,1.5,0,0,Dormant Customers,"
       Customer Profile:
- Orders: 3
- Active Months: 2
- Avg Order Value: 148.47
- Recency: 156
- Frequency: 1.5
- Cluster: 0
- Churn Risk: No"
15335.0,1,1,161.72,53,1.0,1,0,Occasional Customers,"
       Customer Profile:
- Orders: 1
- Active Months: 1
- Avg Order Value: 161.72
- Recency: 53
- Frequency: 1.0
- Cluster: 1
- Churn Risk: No"
15339.0,2,2,266.92,66,1.0,1,0,Occasional Customers,"
       Customer Profile:
- Orders: 2
- Active Months: 2
- Avg Order Value: 266.92
- Recency: 66
- Frequency: 1.0
- Cluster: 1
- Churn Risk: No"
15341.0,1,1,1272.42,80,1.0,1,0,Occasional Customers,"
       Customer Profile:
- Orders: 1
- Active Months: 1
- Avg Order Value: 1272.42
- Recency: 80
- Frequency: 1.0
- Cluster: 1
- Churn Risk: No"
15342.0,1,1,391.14,129,1.0,1,0,Occasional Customers,"
       Customer Profile:
- Orders: 1
- Active Months: 1
- Avg Order Value: 391.14
- Recency: 129
- Frequency: 1.0
- Cluster: 1
- Churn Risk: No"
15343.0,1,1,153.7,87,1.0,1,0,Occasional Customers,"
       Customer Profile:
- Orders: 1
- Active Months: 1
- Avg Order Value: 153.70
- Recency: 87
- Frequency: 1.0
- Cluster: 1
- Churn Risk: No"
15344.0,2,2,103.27,32,1.0,1,0,Occasional Customers,"
       Customer Profile:
- Orders: 2
- Active Months: 2
- Avg Order Value: 103.27
- Recency: 32
- Frequency: 1.0
- Cluster: 1
- Churn Risk: No"
15345.0,1,1,185.39,45,1.0,1,0,Occasional Customers,"
       Customer Profile:
- Orders: 1
- Active Months: 1
- Avg Order Value: 185.39
- Recency: 45
- Frequency: 1.0
- Cluster: 1
- Churn Risk: No"
15346.0,1,1,252.42,332,1.0,0,1,Dormant Customers,"
       Customer Profile:
- Orders: 1
- Active Months: 1
- Avg Order Value: 252.42
- Recency: 332
- Frequency: 1.0
- Cluster: 0
- Churn Risk: Yes"
15347.0,1,1,692.1,366,1.0,0,1,Dormant Customers,"
       Customer Profile:
- Orders: 1
- Active Months: 1
- Avg Order Value: 692.10
- Recency: 366
- Frequency: 1.0
- Cluster: 0
- Churn Risk: Yes"
15348.0,1,1,158.04,72,1.0,1,0,Occasional Customers,"
       Customer Profile:
- Orders: 1
- Active Months: 1
- Avg Order Value: 158.04
- Recency: 72
- Frequency: 1.0
- Cluster: 1
- Churn Risk: No"
15349.0,2,2,365.41,158,1.0,0,0,Dormant Customers,"
       Customer Profile:
- Orders: 2
- Active Months: 2
- Avg Order Value: 365.41
- Recency: 158
- Frequency: 1.0
- Cluster: 0
- Churn Risk: No"
15350.0,1,1,115.65,368,1.0,0,1,Dormant Customers,"
       Customer Profile:
- Orders: 1
- Active Months: 1
- Avg Order Value: 115.65
- Recency: 368
- Frequency: 1.0
- Cluster: 0
- Churn Risk: Yes"
15351.0,7,4,356.9642857142857,12,1.75,1,0,Occasional Customers,"
       Customer Profile:
- Orders: 7
- Active Months: 4
- Avg Order Value: 356.96
- Recency: 12
- Frequency: 1.75
- Cluster: 1
- Churn Risk: No"
15353.0,2,2,274.135,254,1.0,0,1,Dormant Customers,"
       Customer Profile:
- Orders: 2
- Active Months: 2
- Avg Order Value: 274.13
- Recency: 254
- Frequency: 1.0
- Cluster: 0
- Churn Risk: Yes"
15355.0,2,2,94.65,29,1.0,1,0,Occasional Customers,"
       Customer Profile:
- Orders: 2
- Active Months: 2
- Avg Order Value: 94.65
- Recency: 29
- Frequency: 1.0
- Cluster: 1
- Churn Risk: No"
15356.0,10,9,283.143,31,1.1111111111111112,2,0,Frequent Customers,"
       Customer Profile:
- Orders: 10
- Active Months: 9
- Avg Order Value: 283.14
- Recency: 31
- Frequency: 1.1111111111111112
- Cluster: 2
- Churn Risk: No"
15358.0,22,13,351.51681818181817,4,1.6923076923076923,2,0,Frequent Customers,"
       Customer Profile:
- Orders: 22
- Active Months: 13
- Avg Order Value: 351.52
- Recency: 4
- Frequency: 1.6923076923076923
- Cluster: 2
- Churn Risk: No"
15360.0,1,1,1283.79,39,1.0,1,0,Occasional Customers,"
       Customer Profile:
- Orders: 1
- Active Months: 1
- Avg Order Value: 1283.79
- Recency: 39
- Frequency: 1.0
- Cluster: 1
- Churn Risk: No"
15361.0,1,1,225.12,361,1.0,0,1,Dormant Customers,"
       Customer Profile:
- Orders: 1
- Active Months: 1
- Avg Order Value: 225.12
- Recency: 361
- Frequency: 1.0
- Cluster: 0
- Churn Risk: Yes"
15363.0,1,1,310.1,368,1.0,0,1,Dormant Customers,"
       Customer Profile:
- Orders: 1
- Active Months: 1
- Avg Order Value: 310.10
- Recency: 368
- Frequency: 1.0
- Cluster: 0
- Churn Risk: Yes"
15364.0,2,2,695.315,95,1.0,1,0,Occasional Customers,"
       Customer Profile:
- Orders: 2
- Active Months: 2
- Avg Order Value: 695.32
- Recency: 95
- Frequency: 1.0
- Cluster: 1
- Churn Risk: No"
15365.0,7,3,399.0700000000001,25,2.333333333333333,2,0,Frequent Customers,"
       Customer Profile:
- Orders: 7
- Active Months: 3
- Avg Order Value: 399.07
- Recency: 25
- Frequency: 2.333333333333333
- Cluster: 2
- Churn Risk: No"
15366.0,2,2,499.85,75,1.0,1,0,Occasional Customers,"
       Customer Profile:
- Orders: 2
- Active Months: 2
- Avg Order Value: 499.85
- Recency: 75
- Frequency: 1.0
- Cluster: 1
- Churn Risk: No"
15367.0,4,3,431.8925,57,1.3333333333333333,1,0,Occasional Customers,"
       Customer Profile:
- Orders: 4
- Active Months: 3
- Avg Order Value: 431.89
- Recency: 57
- Frequency: 1.3333333333333333
- Cluster: 1
- Churn Risk: No"
15368.0,1,1,161.73000000000002,21,1.0,1,0,Occasional Customers,"
       Customer Profile:
- Orders: 1
- Active Months: 1
- Avg Order Value: 161.73
- Recency: 21
- Frequency: 1.0
- Cluster: 1
- Churn Risk: No"
15370.0,5,5,299.04,71,1.0,1,0,Occasional Customers,"
       Customer Profile:
- Orders: 5
- Active Months: 5
- Avg Order Value: 299.04
- Recency: 71
- Frequency: 1.0
- Cluster: 1
- Churn Risk: No"
15372.0,1,1,601.29,137,1.0,1,0,Occasional Customers,"
       Customer Profile:
- Orders: 1
- Active Months: 1
- Avg Order Value: 601.29
- Recency: 137
- Frequency: 1.0
- Cluster: 1
- Churn Risk: No"
15373.0,10,9,176.586,8,1.1111111111111112,2,0,Frequent Customers,"
       Customer Profile:
- Orders: 10
- Active Months: 9
- Avg Order Value: 176.59
- Recency: 8
- Frequency: 1.1111111111111112
- Cluster: 2
- Churn Risk: No"
15374.0,1,1,48.150000000000006,128,1.0,0,0,Dormant Customers,"
       Customer Profile:
- Orders: 1
- Active Months: 1
- Avg Order Value: 48.15
- Recency: 128
- Frequency: 1.0
- Cluster: 0
- Churn Risk: No"
15376.0,3,3,2319.418999999997,40,1.0,1,0,Occasional Customers,"
       Customer Profile:
- Orders: 3
- Active Months: 3
- Avg Order Value: 2319.42
- Recency: 40
- Frequency: 1.0
- Cluster: 1
- Churn Risk: No"
15379.0,7,5,1239.212857142857,169,1.4,1,0,Occasional Customers,"
       Customer Profile:
- Orders: 7
- Active Months: 5
- Avg Order Value: 1239.21
- Recency: 169
- Frequency: 1.4
- Cluster: 1
- Churn Risk: No"
15380.0,5,5,59.74400000000001,8,1.0,1,0,Occasional Customers,"
       Customer Profile:
- Orders: 5
- Active Months: 5
- Avg Order Value: 59.74
- Recency: 8
- Frequency: 1.0
- Cluster: 1
- Churn Risk: No"
15381.0,1,1,221.4,268,1.0,0,1,Dormant Customers,"
       Customer Profile:
- Orders: 1
- Active Months: 1
- Avg Order Value: 221.40
- Recency: 268
- Frequency: 1.0
- Cluster: 0
- Churn Risk: Yes"
15382.0,6,5,882.2366666666667,14,1.2,1,0,Occasional Customers,"
       Customer Profile:
- Orders: 6
- Active Months: 5
- Avg Order Value: 882.24
- Recency: 14
- Frequency: 1.2
- Cluster: 1
- Churn Risk: No"
15384.0,2,2,930.01,169,1.0,1,0,Occasional Customers,"
       Customer Profile:
- Orders: 2
- Active Months: 2
- Avg Order Value: 930.01
- Recency: 169
- Frequency: 1.0
- Cluster: 1
- Churn Risk: No"
15385.0,1,1,462.58,40,1.0,1,0,Occasional Customers,"
       Customer Profile:
- Orders: 1
- Active Months: 1
- Avg Order Value: 462.58
- Recency: 40
- Frequency: 1.0
- Cluster: 1
- Churn Risk: No"
15386.0,1,1,1553.16,186,1.0,1,1,Occasional Customers,"
       Customer Profile:
- Orders: 1
- Active Months: 1
- Avg Order Value: 1553.16
- Recency: 186
- Frequency: 1.0
- Cluster: 1
- Churn Risk: Yes"
15388.0,1,1,140.54,270,1.0,0,1,Dormant Customers,"
       Customer Profile:
- Orders: 1
- Active Months: 1
- Avg Order Value: 140.54
- Recency: 270
- Frequency: 1.0
- Cluster: 0
- Churn Risk: Yes"
15389.0,1,1,33.75,172,1.0,0,0,Dormant Customers,"
       Customer Profile:
- Orders: 1
- Active Months: 1
- Avg Order Value: 33.75
- Recency: 172
- Frequency: 1.0
- Cluster: 0
- Churn Risk: No"
15392.0,4,4,361.5775,4,1.0,1,0,Occasional Customers,"
       Customer Profile:
- Orders: 4
- Active Months: 4
- Avg Order Value: 361.58
- Recency: 4
- Frequency: 1.0
- Cluster: 1
- Churn Risk: No"
15393.0,2,2,115.93,16,1.0,1,0,Occasional Customers,"
       Customer Profile:
- Orders: 2
- Active Months: 2
- Avg Order Value: 115.93
- Recency: 16
- Frequency: 1.0
- Cluster: 1
- Churn Risk: No"
15394.0,4,4,515.36,9,1.0,1,0,Occasional Customers,"
       Customer Profile:
- Orders: 4
- Active Months: 4
- Avg Order Value: 515.36
- Recency: 9
- Frequency: 1.0
- Cluster: 1
- Churn Risk: No"
15395.0,1,1,74.55000000000001,325,1.0,0,1,Dormant Customers,"
       Customer Profile:
- Orders: 1
- Active Months: 1
- Avg Order Value: 74.55
- Recency: 325
- Frequency: 1.0
- Cluster: 0
- Churn Risk: Yes"
15396.0,1,1,204.28,112,1.0,1,0,Occasional Customers,"
       Customer Profile:
- Orders: 1
- Active Months: 1
- Avg Order Value: 204.28
- Recency: 112
- Frequency: 1.0
- Cluster: 1
- Churn Risk: No"
15397.0,1,1,94.0,289,1.0,0,1,Dormant Customers,"
       Customer Profile:
- Orders: 1
- Active Months: 1
- Avg Order Value: 94.00
- Recency: 289
- Frequency: 1.0
- Cluster: 0
- Churn Risk: Yes"
15398.0,2,2,641.815,16,1.0,1,0,Occasional Customers,"
       Customer Profile:
- Orders: 2
- Active Months: 2
- Avg Order Value: 641.82
- Recency: 16
- Frequency: 1.0
- Cluster: 1
- Churn Risk: No"
15399.0,3,3,707.7433333333333,1,1.0,1,0,Occasional Customers,"
       Customer Profile:
- Orders: 3
- Active Months: 3
- Avg Order Value: 707.74
- Recency: 1
- Frequency: 1.0
- Cluster: 1
- Churn Risk: No"
15400.0,5,4,157.02,92,1.25,1,0,Occasional Customers,"
       Customer Profile:
- Orders: 5
- Active Months: 4
- Avg Order Value: 157.02
- Recency: 92
- Frequency: 1.25
- Cluster: 1
- Churn Risk: No"
15402.0,2,2,215.28000000000003,148,1.0,0,0,Dormant Customers,"
       Customer Profile:
- Orders: 2
- Active Months: 2
- Avg Order Value: 215.28
- Recency: 148
- Frequency: 1.0
- Cluster: 0
- Churn Risk: No"
15405.0,1,1,157.46,189,1.0,0,1,Dormant Customers,"
       Customer Profile:
- Orders: 1
- Active Months: 1
- Avg Order Value: 157.46
- Recency: 189
- Frequency: 1.0
- Cluster: 0
- Churn Risk: Yes"
15406.0,2,2,168.46,31,1.0,1,0,Occasional Customers,"
       Customer Profile:
- Orders: 2
- Active Months: 2
- Avg Order Value: 168.46
- Recency: 31
- Frequency: 1.0
- Cluster: 1
- Churn Risk: No"
15407.0,4,4,802.955,33,1.0,1,0,Occasional Customers,"
       Customer Profile:
- Orders: 4
- Active Months: 4
- Avg Order Value: 802.96
- Recency: 33
- Frequency: 1.0
- Cluster: 1
- Churn Risk: No"
15408.0,1,1,243.96,264,1.0,0,1,Dormant Customers,"
       Customer Profile:
- Orders: 1
- Active Months: 1
- Avg Order Value: 243.96
- Recency: 264
- Frequency: 1.0
- Cluster: 0
- Churn Risk: Yes"
15410.0,8,6,441.84875,84,1.3333333333333333,1,0,Occasional Customers,"
       Customer Profile:
- Orders: 8
- Active Months: 6
- Avg Order Value: 441.85
- Recency: 84
- Frequency: 1.3333333333333333
- Cluster: 1
- Churn Risk: No"
15411.0,4,4,409.12,26,1.0,1,0,Occasional Customers,"
       Customer Profile:
- Orders: 4
- Active Months: 4
- Avg Order Value: 409.12
- Recency: 26
- Frequency: 1.0
- Cluster: 1
- Churn Risk: No"
15412.0,1,1,61.13,171,1.0,0,0,Dormant Customers,"
       Customer Profile:
- Orders: 1
- Active Months: 1
- Avg Order Value: 61.13
- Recency: 171
- Frequency: 1.0
- Cluster: 0
- Churn Risk: No"
15414.0,3,2,339.74,9,1.5,1,0,Occasional Customers,"
       Customer Profile:
- Orders: 3
- Active Months: 2
- Avg Order Value: 339.74
- Recency: 9
- Frequency: 1.5
- Cluster: 1
- Churn Risk: No"
15415.0,1,1,1023.06,313,1.0,0,1,Dormant Customers,"
       Customer Profile:
- Orders: 1
- Active Months: 1
- Avg Order Value: 1023.06
- Recency: 313
- Frequency: 1.0
- Cluster: 0
- Churn Risk: Yes"
15416.0,4,4,783.1025,64,1.0,1,0,Occasional Customers,"
       Customer Profile:
- Orders: 4
- Active Months: 4
- Avg Order Value: 783.10
- Recency: 64
- Frequency: 1.0
- Cluster: 1
- Churn Risk: No"
15417.0,1,1,508.8,85,1.0,1,0,Occasional Customers,"
       Customer Profile:
- Orders: 1
- Active Months: 1
- Avg Order Value: 508.80
- Recency: 85
- Frequency: 1.0
- Cluster: 1
- Churn Risk: No"
15419.0,1,1,105.8,24,1.0,1,0,Occasional Customers,"
       Customer Profile:
- Orders: 1
- Active Months: 1
- Avg Order Value: 105.80
- Recency: 24
- Frequency: 1.0
- Cluster: 1
- Churn Risk: No"
15421.0,4,3,619.1425,58,1.3333333333333333,1,0,Occasional Customers,"
       Customer Profile:
- Orders: 4
- Active Months: 3
- Avg Order Value: 619.14
- Recency: 58
- Frequency: 1.3333333333333333
- Cluster: 1
- Churn Risk: No"
15422.0,2,1,48.85,323,2.0,0,1,Dormant Customers,"
       Customer Profile:
- Orders: 2
- Active Months: 1
- Avg Order Value: 48.85
- Recency: 323
- Frequency: 2.0
- Cluster: 0
- Churn Risk: Yes"
15423.0,1,1,97.2,38,1.0,1,0,Occasional Customers,"
       Customer Profile:
- Orders: 1
- Active Months: 1
- Avg Order Value: 97.20
- Recency: 38
- Frequency: 1.0
- Cluster: 1
- Churn Risk: No"
15424.0,2,1,160.17000000000002,254,2.0,0,1,Dormant Customers,"
       Customer Profile:
- Orders: 2
- Active Months: 1
- Avg Order Value: 160.17
- Recency: 254
- Frequency: 2.0
- Cluster: 0
- Churn Risk: Yes"
15426.0,5,3,619.052,19,1.6666666666666667,1,0,Occasional Customers,"
       Customer Profile:
- Orders: 5
- Active Months: 3
- Avg Order Value: 619.05
- Recency: 19
- Frequency: 1.6666666666666667
- Cluster: 1
- Churn Risk: No"
15427.0,3,2,940.68,33,1.5,1,0,Occasional Customers,"
       Customer Profile:
- Orders: 3
- Active Months: 2
- Avg Order Value: 940.68
- Recency: 33
- Frequency: 1.5
- Cluster: 1
- Churn Risk: No"
15428.0,1,1,85.59,15,1.0,1,0,Occasional Customers,"
       Customer Profile:
- Orders: 1
- Active Months: 1
- Avg Order Value: 85.59
- Recency: 15
- Frequency: 1.0
- Cluster: 1
- Churn Risk: No"
15429.0,2,2,347.06,26,1.0,1,0,Occasional Customers,"
       Customer Profile:
- Orders: 2
- Active Months: 2
- Avg Order Value: 347.06
- Recency: 26
- Frequency: 1.0
- Cluster: 1
- Churn Risk: No"
15432.0,1,1,171.19,23,1.0,1,0,Occasional Customers,"
       Customer Profile:
- Orders: 1
- Active Months: 1
- Avg Order Value: 171.19
- Recency: 23
- Frequency: 1.0
- Cluster: 1
- Churn Risk: No"
15433.0,2,2,639.2900000000001,213,1.0,0,1,Dormant Customers,"
       Customer Profile:
- Orders: 2
- Active Months: 2
- Avg Order Value: 639.29
- Recency: 213
- Frequency: 1.0
- Cluster: 0
- Churn Risk: Yes"
15434.0,5,4,183.29,8,1.25,1,0,Occasional Customers,"
       Customer Profile:
- Orders: 5
- Active Months: 4
- Avg Order Value: 183.29
- Recency: 8
- Frequency: 1.25
- Cluster: 1
- Churn Risk: No"
15435.0,1,1,109.94,22,1.0,1,0,Occasional Customers,"
       Customer Profile:
- Orders: 1
- Active Months: 1
- Avg Order Value: 109.94
- Recency: 22
- Frequency: 1.0
- Cluster: 1
- Churn Risk: No"
15436.0,3,3,564.6833333333333,12,1.0,1,0,Occasional Customers,"
       Customer Profile:
- Orders: 3
- Active Months: 3
- Avg Order Value: 564.68
- Recency: 12
- Frequency: 1.0
- Cluster: 1
- Churn Risk: No"
15437.0,1,1,183.71,262,1.0,0,1,Dormant Customers,"
       Customer Profile:
- Orders: 1
- Active Months: 1
- Avg Order Value: 183.71
- Recency: 262
- Frequency: 1.0
- Cluster: 0
- Churn Risk: Yes"
15438.0,1,1,274.26,131,1.0,0,0,Dormant Customers,"
       Customer Profile:
- Orders: 1
- Active Months: 1
- Avg Order Value: 274.26
- Recency: 131
- Frequency: 1.0
- Cluster: 0
- Churn Risk: No"
15440.0,3,3,181.66666666666663,54,1.0,1,0,Occasional Customers,"
       Customer Profile:
- Orders: 3
- Active Months: 3
- Avg Order Value: 181.67
- Recency: 54
- Frequency: 1.0
- Cluster: 1
- Churn Risk: No"
15442.0,1,1,267.3,248,1.0,0,1,Dormant Customers,"
       Customer Profile:
- Orders: 1
- Active Months: 1
- Avg Order Value: 267.30
- Recency: 248
- Frequency: 1.0
- Cluster: 0
- Churn Risk: Yes"
15443.0,7,6,798.527142857143,1,1.1666666666666667,1,0,Occasional Customers,"
       Customer Profile:
- Orders: 7
- Active Months: 6
- Avg Order Value: 798.53
- Recency: 1
- Frequency: 1.1666666666666667
- Cluster: 1
- Churn Risk: No"
15444.0,2,2,1253.81,9,1.0,1,0,Occasional Customers,"
       Customer Profile:
- Orders: 2
- Active Months: 2
- Avg Order Value: 1253.81
- Recency: 9
- Frequency: 1.0
- Cluster: 1
- Churn Risk: No"
15445.0,1,1,136.2,264,1.0,0,1,Dormant Customers,"
       Customer Profile:
- Orders: 1
- Active Months: 1
- Avg Order Value: 136.20
- Recency: 264
- Frequency: 1.0
- Cluster: 0
- Churn Risk: Yes"
15447.0,1,1,129.67,330,1.0,0,1,Dormant Customers,"
       Customer Profile:
- Orders: 1
- Active Months: 1
- Avg Order Value: 129.67
- Recency: 330
- Frequency: 1.0
- Cluster: 0
- Churn Risk: Yes"
15448.0,1,1,405.04,312,1.0,0,1,Dormant Customers,"
       Customer Profile:
- Orders: 1
- Active Months: 1
- Avg Order Value: 405.04
- Recency: 312
- Frequency: 1.0
- Cluster: 0
- Churn Risk: Yes"
15449.0,3,3,419.6566666666667,26,1.0,1,0,Occasional Customers,"
       Customer Profile:
- Orders: 3
- Active Months: 3
- Avg Order Value: 419.66
- Recency: 26
- Frequency: 1.0
- Cluster: 1
- Churn Risk: No"
15450.0,1,1,388.94,30,1.0,1,0,Occasional Customers,"
       Customer Profile:
- Orders: 1
- Active Months: 1
- Avg Order Value: 388.94
- Recency: 30
- Frequency: 1.0
- Cluster: 1
- Churn Risk: No"
15452.0,3,3,231.3933333333333,29,1.0,1,0,Occasional Customers,"
       Customer Profile:
- Orders: 3
- Active Months: 3
- Avg Order Value: 231.39
- Recency: 29
- Frequency: 1.0
- Cluster: 1
- Churn Risk: No"
15453.0,7,6,354.7285714285714,1,1.1666666666666667,1,0,Occasional Customers,"
       Customer Profile:
- Orders: 7
- Active Months: 6
- Avg Order Value: 354.73
- Recency: 1
- Frequency: 1.1666666666666667
- Cluster: 1
- Churn Risk: No"
15454.0,1,1,314.4,362,1.0,0,1,Dormant Customers,"
       Customer Profile:
- Orders: 1
- Active Months: 1
- Avg Order Value: 314.40
- Recency: 362
- Frequency: 1.0
- Cluster: 0
- Churn Risk: Yes"
15456.0,3,2,124.39333333333332,283,1.5,0,1,Dormant Customers,"
       Customer Profile:
- Orders: 3
- Active Months: 2
- Avg Order Value: 124.39
- Recency: 283
- Frequency: 1.5
- Cluster: 0
- Churn Risk: Yes"
15457.0,1,1,217.17,262,1.0,0,1,Dormant Customers,"
       Customer Profile:
- Orders: 1
- Active Months: 1
- Avg Order Value: 217.17
- Recency: 262
- Frequency: 1.0
- Cluster: 0
- Churn Risk: Yes"
15458.0,1,1,153.45,25,1.0,1,0,Occasional Customers,"
       Customer Profile:
- Orders: 1
- Active Months: 1
- Avg Order Value: 153.45
- Recency: 25
- Frequency: 1.0
- Cluster: 1
- Churn Risk: No"
15460.0,1,1,167.16,354,1.0,0,1,Dormant Customers,"
       Customer Profile:
- Orders: 1
- Active Months: 1
- Avg Order Value: 167.16
- Recency: 354
- Frequency: 1.0
- Cluster: 0
- Churn Risk: Yes"
15462.0,3,3,101.95,94,1.0,1,0,Occasional Customers,"
       Customer Profile:
- Orders: 3
- Active Months: 3
- Avg Order Value: 101.95
- Recency: 94
- Frequency: 1.0
- Cluster: 1
- Churn Risk: No"
15463.0,1,1,124.43,29,1.0,1,0,Occasional Customers,"
       Customer Profile:
- Orders: 1
- Active Months: 1
- Avg Order Value: 124.43
- Recency: 29
- Frequency: 1.0
- Cluster: 1
- Churn Risk: No"
15464.0,1,1,713.25,338,1.0,0,1,Dormant Customers,"
       Customer Profile:
- Orders: 1
- Active Months: 1
- Avg Order Value: 713.25
- Recency: 338
- Frequency: 1.0
- Cluster: 0
- Churn Risk: Yes"
15465.0,18,10,344.1711111111111,19,1.8,2,0,Frequent Customers,"
       Customer Profile:
- Orders: 18
- Active Months: 10
- Avg Order Value: 344.17
- Recency: 19
- Frequency: 1.8
- Cluster: 2
- Churn Risk: No"
15466.0,1,1,324.58,85,1.0,1,0,Occasional Customers,"
       Customer Profile:
- Orders: 1
- Active Months: 1
- Avg Order Value: 324.58
- Recency: 85
- Frequency: 1.0
- Cluster: 1
- Churn Risk: No"
15467.0,3,2,333.2866666666667,9,1.5,1,0,Occasional Customers,"
       Customer Profile:
- Orders: 3
- Active Months: 2
- Avg Order Value: 333.29
- Recency: 9
- Frequency: 1.5
- Cluster: 1
- Churn Risk: No"
15468.0,1,1,377.91,51,1.0,1,0,Occasional Customers,"
       Customer Profile:
- Orders: 1
- Active Months: 1
- Avg Order Value: 377.91
- Recency: 51
- Frequency: 1.0
- Cluster: 1
- Churn Risk: No"
15469.0,2,2,141.05,50,1.0,1,0,Occasional Customers,"
       Customer Profile:
- Orders: 2
- Active Months: 2
- Avg Order Value: 141.05
- Recency: 50
- Frequency: 1.0
- Cluster: 1
- Churn Risk: No"
15471.0,1,1,424.98,2,1.0,1,0,Occasional Customers,"
       Customer Profile:
- Orders: 1
- Active Months: 1
- Avg Order Value: 424.98
- Recency: 2
- Frequency: 1.0
- Cluster: 1
- Churn Risk: No"
15472.0,1,1,335.16,113,1.0,1,0,Occasional Customers,"
       Customer Profile:
- Orders: 1
- Active Months: 1
- Avg Order Value: 335.16
- Recency: 113
- Frequency: 1.0
- Cluster: 1
- Churn Risk: No"
15473.0,7,2,308.95714285714286,14,3.0,2,0,Frequent Customers,"
       Customer Profile:
- Orders: 7
- Active Months: 2
- Avg Order Value: 308.96
- Recency: 14
- Frequency: 3.0
- Cluster: 2
- Churn Risk: No"
15475.0,1,1,406.31,77,1.0,1,0,Occasional Customers,"
       Customer Profile:
- Orders: 1
- Active Months: 1
- Avg Order Value: 406.31
- Recency: 77
- Frequency: 1.0
- Cluster: 1
- Churn Risk: No"
15478.0,2,1,777.735,40,2.0,1,0,Occasional Customers,"
       Customer Profile:
- Orders: 2
- Active Months: 1
- Avg Order Value: 777.74
- Recency: 40
- Frequency: 2.0
- Cluster: 1
- Churn Risk: No"
15480.0,1,1,2319.418999999997,116,1.0,1,0,Occasional Customers,"
       Customer Profile:
- Orders: 1
- Active Months: 1
- Avg Order Value: 2319.42
- Recency: 116
- Frequency: 1.0
- Cluster: 1
- Churn Risk: No"
15482.0,11,5,435.79090909090905,15,2.2,2,0,Frequent Customers,"
       Customer Profile:
- Orders: 11
- Active Months: 5
- Avg Order Value: 435.79
- Recency: 15
- Frequency: 2.2
- Cluster: 2
- Churn Risk: No"
15483.0,4,2,52.375,161,2.0,0,0,Dormant Customers,"
       Customer Profile:
- Orders: 4
- Active Months: 2
- Avg Order Value: 52.38
- Recency: 161
- Frequency: 2.0
- Cluster: 0
- Churn Risk: No"
15484.0,4,4,1437.6475,1,1.0,1,0,Occasional Customers,"
       Customer Profile:
- Orders: 4
- Active Months: 4
- Avg Order Value: 1437.65
- Recency: 1
- Frequency: 1.0
- Cluster: 1
- Churn Risk: No"
15485.0,3,3,636.5733333333334,30,1.0,1,0,Occasional Customers,"
       Customer Profile:
- Orders: 3
- Active Months: 3
- Avg Order Value: 636.57
- Recency: 30
- Frequency: 1.0
- Cluster: 1
- Churn Risk: No"
15488.0,1,1,28.62,92,1.0,1,0,Occasional Customers,"
       Customer Profile:
- Orders: 1
- Active Months: 1
- Avg Order Value: 28.62
- Recency: 92
- Frequency: 1.0
- Cluster: 1
- Churn Risk: No"
15489.0,3,3,301.3566666666666,22,1.0,1,0,Occasional Customers,"
       Customer Profile:
- Orders: 3
- Active Months: 3
- Avg Order Value: 301.36
- Recency: 22
- Frequency: 1.0
- Cluster: 1
- Churn Risk: No"
15491.0,6,5,1148.1483333333333,95,1.2,1,0,Occasional Customers,"
       Customer Profile:
- Orders: 6
- Active Months: 5
- Avg Order Value: 1148.15
- Recency: 95
- Frequency: 1.2
- Cluster: 1
- Churn Risk: No"
15492.0,2,2,504.73,28,1.0,1,0,Occasional Customers,"
       Customer Profile:
- Orders: 2
- Active Months: 2
- Avg Order Value: 504.73
- Recency: 28
- Frequency: 1.0
- Cluster: 1
- Churn Risk: No"
15493.0,5,4,330.534,32,1.25,1,0,Occasional Customers,"
       Customer Profile:
- Orders: 5
- Active Months: 4
- Avg Order Value: 330.53
- Recency: 32
- Frequency: 1.25
- Cluster: 1
- Churn Risk: No"
15494.0,2,2,563.375,21,1.0,1,0,Occasional Customers,"
       Customer Profile:
- Orders: 2
- Active Months: 2
- Avg Order Value: 563.38
- Recency: 21
- Frequency: 1.0
- Cluster: 1
- Churn Risk: No"
15497.0,2,2,322.57500000000005,17,1.0,1,0,Occasional Customers,"
       Customer Profile:
- Orders: 2
- Active Months: 2
- Avg Order Value: 322.58
- Recency: 17
- Frequency: 1.0
- Cluster: 1
- Churn Risk: No"
15498.0,26,11,612.5326923076923,2,2.363636363636364,2,0,Frequent Customers,"
       Customer Profile:
- Orders: 26
- Active Months: 11
- Avg Order Value: 612.53
- Recency: 2
- Frequency: 2.363636363636364
- Cluster: 2
- Churn Risk: No"
15500.0,4,3,275.7175,8,1.3333333333333333,1,0,Occasional Customers,"
       Customer Profile:
- Orders: 4
- Active Months: 3
- Avg Order Value: 275.72
- Recency: 8
- Frequency: 1.3333333333333333
- Cluster: 1
- Churn Risk: No"
15502.0,9,5,581.8611111111111,15,1.8,2,0,Frequent Customers,"
       Customer Profile:
- Orders: 9
- Active Months: 5
- Avg Order Value: 581.86
- Recency: 15
- Frequency: 1.8
- Cluster: 2
- Churn Risk: No"
15503.0,1,1,245.18,362,1.0,0,1,Dormant Customers,"
       Customer Profile:
- Orders: 1
- Active Months: 1
- Avg Order Value: 245.18
- Recency: 362
- Frequency: 1.0
- Cluster: 0
- Churn Risk: Yes"
15504.0,1,1,52.83,81,1.0,1,0,Occasional Customers,"
       Customer Profile:
- Orders: 1
- Active Months: 1
- Avg Order Value: 52.83
- Recency: 81
- Frequency: 1.0
- Cluster: 1
- Churn Risk: No"
15505.0,5,4,531.2940000000001,52,1.25,1,0,Occasional Customers,"
       Customer Profile:
- Orders: 5
- Active Months: 4
- Avg Order Value: 531.29
- Recency: 52
- Frequency: 1.25
- Cluster: 1
- Churn Risk: No"
15506.0,3,3,336.34,22,1.0,1,0,Occasional Customers,"
       Customer Profile:
- Orders: 3
- Active Months: 3
- Avg Order Value: 336.34
- Recency: 22
- Frequency: 1.0
- Cluster: 1
- Churn Risk: No"
15507.0,1,1,296.76,171,1.0,0,0,Dormant Customers,"
       Customer Profile:
- Orders: 1
- Active Months: 1
- Avg Order Value: 296.76
- Recency: 171
- Frequency: 1.0
- Cluster: 0
- Churn Risk: No"
15508.0,6,3,137.70166666666668,189,2.0,0,1,Dormant Customers,"
       Customer Profile:
- Orders: 6
- Active Months: 3
- Avg Order Value: 137.70
- Recency: 189
- Frequency: 2.0
- Cluster: 0
- Churn Risk: Yes"
15511.0,5,3,464.65600000000006,11,1.6666666666666667,1,0,Occasional Customers,"
       Customer Profile:
- Orders: 5
- Active Months: 3
- Avg Order Value: 464.66
- Recency: 11
- Frequency: 1.6666666666666667
- Cluster: 1
- Churn Risk: No"
15512.0,2,2,60.5,155,1.0,0,0,Dormant Customers,"
       Customer Profile:
- Orders: 2
- Active Months: 2
- Avg Order Value: 60.50
- Recency: 155
- Frequency: 1.0
- Cluster: 0
- Churn Risk: No"
15513.0,19,10,669.2678947368421,33,1.9,2,0,Frequent Customers,"
       Customer Profile:
- Orders: 19
- Active Months: 10
- Avg Order Value: 669.27
- Recency: 33
- Frequency: 1.9
- Cluster: 2
- Churn Risk: No"
15514.0,11,4,281.8545454545455,12,2.75,2,0,Frequent Customers,"
       Customer Profile:
- Orders: 11
- Active Months: 4
- Avg Order Value: 281.85
- Recency: 12
- Frequency: 2.75
- Cluster: 2
- Churn Risk: No"
15516.0,3,1,22.6365,44,3.0,2,0,Frequent Customers,"
       Customer Profile:
- Orders: 3
- Active Months: 1
- Avg Order Value: 22.64
- Recency: 44
- Frequency: 3.0
- Cluster: 2
- Churn Risk: No"
15517.0,1,1,252.39,233,1.0,0,1,Dormant Customers,"
       Customer Profile:
- Orders: 1
- Active Months: 1
- Avg Order Value: 252.39
- Recency: 233
- Frequency: 1.0
- Cluster: 0
- Churn Risk: Yes"
15518.0,7,5,546.1028571428571,64,1.4,1,0,Occasional Customers,"
       Customer Profile:
- Orders: 7
- Active Months: 5
- Avg Order Value: 546.10
- Recency: 64
- Frequency: 1.4
- Cluster: 1
- Churn Risk: No"
15520.0,1,1,1954.98,1,1.0,1,0,Occasional Customers,"
       Customer Profile:
- Orders: 1
- Active Months: 1
- Avg Order Value: 1954.98
- Recency: 1
- Frequency: 1.0
- Cluster: 1
- Churn Risk: No"
15521.0,7,5,373.4457142857143,40,1.4,1,0,Occasional Customers,"
       Customer Profile:
- Orders: 7
- Active Months: 5
- Avg Order Value: 373.45
- Recency: 40
- Frequency: 1.4
- Cluster: 1
- Churn Risk: No"
15522.0,2,2,230.875,32,1.0,1,0,Occasional Customers,"
       Customer Profile:
- Orders: 2
- Active Months: 2
- Avg Order Value: 230.88
- Recency: 32
- Frequency: 1.0
- Cluster: 1
- Churn Risk: No"
15523.0,1,1,258.61,84,1.0,1,0,Occasional Customers,"
       Customer Profile:
- Orders: 1
- Active Months: 1
- Avg Order Value: 258.61
- Recency: 84
- Frequency: 1.0
- Cluster: 1
- Churn Risk: No"
15525.0,3,3,189.49,2,1.0,1,0,Occasional Customers,"
       Customer Profile:
- Orders: 3
- Active Months: 3
- Avg Order Value: 189.49
- Recency: 2
- Frequency: 1.0
- Cluster: 1
- Churn Risk: No"
15526.0,1,1,22.6365,33,1.0,1,0,Occasional Customers,"
       Customer Profile:
- Orders: 1
- Active Months: 1
- Avg Order Value: 22.64
- Recency: 33
- Frequency: 1.0
- Cluster: 1
- Churn Risk: No"
15527.0,8,7,744.3,18,1.1428571428571428,1,0,Occasional Customers,"
       Customer Profile:
- Orders: 8
- Active Months: 7
- Avg Order Value: 744.30
- Recency: 18
- Frequency: 1.1428571428571428
- Cluster: 1
- Churn Risk: No"
15528.0,1,1,192.58,254,1.0,0,1,Dormant Customers,"
       Customer Profile:
- Orders: 1
- Active Months: 1
- Avg Order Value: 192.58
- Recency: 254
- Frequency: 1.0
- Cluster: 0
- Churn Risk: Yes"
15529.0,11,9,467.2427272727273,22,1.2222222222222223,2,0,Frequent Customers,"
       Customer Profile:
- Orders: 11
- Active Months: 9
- Avg Order Value: 467.24
- Recency: 22
- Frequency: 1.2222222222222223
- Cluster: 2
- Churn Risk: No"
15530.0,4,4,619.8199999999999,21,1.0,1,0,Occasional Customers,"
       Customer Profile:
- Orders: 4
- Active Months: 4
- Avg Order Value: 619.82
- Recency: 21
- Frequency: 1.0
- Cluster: 1
- Churn Risk: No"
15531.0,2,2,841.365,8,1.0,1,0,Occasional Customers,"
       Customer Profile:
- Orders: 2
- Active Months: 2
- Avg Order Value: 841.37
- Recency: 8
- Frequency: 1.0
- Cluster: 1
- Churn Risk: No"
15532.0,4,4,422.34,25,1.0,1,0,Occasional Customers,"
       Customer Profile:
- Orders: 4
- Active Months: 4
- Avg Order Value: 422.34
- Recency: 25
- Frequency: 1.0
- Cluster: 1
- Churn Risk: No"
15533.0,3,2,491.9,19,1.5,1,0,Occasional Customers,"
       Customer Profile:
- Orders: 3
- Active Months: 2
- Avg Order Value: 491.90
- Recency: 19
- Frequency: 1.5
- Cluster: 1
- Churn Risk: No"
15535.0,4,3,130.35,173,1.3333333333333333,0,0,Dormant Customers,"
       Customer Profile:
- Orders: 4
- Active Months: 3
- Avg Order Value: 130.35
- Recency: 173
- Frequency: 1.3333333333333333
- Cluster: 0
- Churn Risk: No"
15537.0,1,1,86.02,163,1.0,0,0,Dormant Customers,"
       Customer Profile:
- Orders: 1
- Active Months: 1
- Avg Order Value: 86.02
- Recency: 163
- Frequency: 1.0
- Cluster: 0
- Churn Risk: No"
15539.0,1,1,512.21,7,1.0,1,0,Occasional Customers,"
       Customer Profile:
- Orders: 1
- Active Months: 1
- Avg Order Value: 512.21
- Recency: 7
- Frequency: 1.0
- Cluster: 1
- Churn Risk: No"
15540.0,1,1,195.75,11,1.0,1,0,Occasional Customers,"
       Customer Profile:
- Orders: 1
- Active Months: 1
- Avg Order Value: 195.75
- Recency: 11
- Frequency: 1.0
- Cluster: 1
- Churn Risk: No"
15541.0,1,1,85.13000000000001,114,1.0,1,0,Occasional Customers,"
       Customer Profile:
- Orders: 1
- Active Months: 1
- Avg Order Value: 85.13
- Recency: 114
- Frequency: 1.0
- Cluster: 1
- Churn Risk: No"
15543.0,1,1,117.91,288,1.0,0,1,Dormant Customers,"
       Customer Profile:
- Orders: 1
- Active Months: 1
- Avg Order Value: 117.91
- Recency: 288
- Frequency: 1.0
- Cluster: 0
- Churn Risk: Yes"
15544.0,9,7,647.4966666666667,9,1.2857142857142858,1,0,Occasional Customers,"
       Customer Profile:
- Orders: 9
- Active Months: 7
- Avg Order Value: 647.50
- Recency: 9
- Frequency: 1.2857142857142858
- Cluster: 1
- Churn Risk: No"
15545.0,2,2,178.88,54,1.0,1,0,Occasional Customers,"
       Customer Profile:
- Orders: 2
- Active Months: 2
- Avg Order Value: 178.88
- Recency: 54
- Frequency: 1.0
- Cluster: 1
- Churn Risk: No"
15547.0,13,10,586.9623076923077,7,1.3,2,0,Frequent Customers,"
       Customer Profile:
- Orders: 13
- Active Months: 10
- Avg Order Value: 586.96
- Recency: 7
- Frequency: 1.3
- Cluster: 2
- Churn Risk: No"
15549.0,3,3,554.5633333333334,77,1.0,1,0,Occasional Customers,"
       Customer Profile:
- Orders: 3
- Active Months: 3
- Avg Order Value: 554.56
- Recency: 77
- Frequency: 1.0
- Cluster: 1
- Churn Risk: No"
15550.0,4,4,118.595,4,1.0,1,0,Occasional Customers,"
       Customer Profile:
- Orders: 4
- Active Months: 4
- Avg Order Value: 118.59
- Recency: 4
- Frequency: 1.0
- Cluster: 1
- Churn Risk: No"
15551.0,1,1,276.0,36,1.0,1,0,Occasional Customers,"
       Customer Profile:
- Orders: 1
- Active Months: 1
- Avg Order Value: 276.00
- Recency: 36
- Frequency: 1.0
- Cluster: 1
- Churn Risk: No"
15552.0,1,1,90.12,217,1.0,0,1,Dormant Customers,"
       Customer Profile:
- Orders: 1
- Active Months: 1
- Avg Order Value: 90.12
- Recency: 217
- Frequency: 1.0
- Cluster: 0
- Churn Risk: Yes"
15553.0,1,1,1147.89,60,1.0,1,0,Occasional Customers,"
       Customer Profile:
- Orders: 1
- Active Months: 1
- Avg Order Value: 1147.89
- Recency: 60
- Frequency: 1.0
- Cluster: 1
- Churn Risk: No"
15554.0,1,1,130.4,277,1.0,0,1,Dormant Customers,"
       Customer Profile:
- Orders: 1
- Active Months: 1
- Avg Order Value: 130.40
- Recency: 277
- Frequency: 1.0
- Cluster: 0
- Churn Risk: Yes"
15555.0,16,9,516.959375,12,1.7777777777777777,2,0,Frequent Customers,"
       Customer Profile:
- Orders: 16
- Active Months: 9
- Avg Order Value: 516.96
- Recency: 12
- Frequency: 1.7777777777777777
- Cluster: 2
- Churn Risk: No"
15556.0,1,1,235.12,24,1.0,1,0,Occasional Customers,"
       Customer Profile:
- Orders: 1
- Active Months: 1
- Avg Order Value: 235.12
- Recency: 24
- Frequency: 1.0
- Cluster: 1
- Churn Risk: No"
15557.0,1,1,1240.04,28,1.0,1,0,Occasional Customers,"
       Customer Profile:
- Orders: 1
- Active Months: 1
- Avg Order Value: 1240.04
- Recency: 28
- Frequency: 1.0
- Cluster: 1
- Churn Risk: No"
15561.0,4,3,177.59750000000005,11,1.3333333333333333,1,0,Occasional Customers,"
       Customer Profile:
- Orders: 4
- Active Months: 3
- Avg Order Value: 177.60
- Recency: 11
- Frequency: 1.3333333333333333
- Cluster: 1
- Churn Risk: No"
15562.0,1,1,93.15,351,1.0,0,1,Dormant Customers,"
       Customer Profile:
- Orders: 1
- Active Months: 1
- Avg Order Value: 93.15
- Recency: 351
- Frequency: 1.0
- Cluster: 0
- Churn Risk: Yes"
15563.0,4,3,299.31,22,1.3333333333333333,1,0,Occasional Customers,"
       Customer Profile:
- Orders: 4
- Active Months: 3
- Avg Order Value: 299.31
- Recency: 22
- Frequency: 1.3333333333333333
- Cluster: 1
- Churn Risk: No"
15565.0,2,2,61.830000000000005,50,1.0,1,0,Occasional Customers,"
       Customer Profile:
- Orders: 2
- Active Months: 2
- Avg Order Value: 61.83
- Recency: 50
- Frequency: 1.0
- Cluster: 1
- Churn Risk: No"
15567.0,1,1,94.26,18,1.0,1,0,Occasional Customers,"
       Customer Profile:
- Orders: 1
- Active Months: 1
- Avg Order Value: 94.26
- Recency: 18
- Frequency: 1.0
- Cluster: 1
- Churn Risk: No"
15568.0,3,3,241.4633333333333,2,1.0,1,0,Occasional Customers,"
       Customer Profile:
- Orders: 3
- Active Months: 3
- Avg Order Value: 241.46
- Recency: 2
- Frequency: 1.0
- Cluster: 1
- Churn Risk: No"
15569.0,5,3,231.224,103,1.6666666666666667,1,0,Occasional Customers,"
       Customer Profile:
- Orders: 5
- Active Months: 3
- Avg Order Value: 231.22
- Recency: 103
- Frequency: 1.6666666666666667
- Cluster: 1
- Churn Risk: No"
15570.0,12,8,332.64416666666665,7,1.5,2,0,Frequent Customers,"
       Customer Profile:
- Orders: 12
- Active Months: 8
- Avg Order Value: 332.64
- Recency: 7
- Frequency: 1.5
- Cluster: 2
- Churn Risk: No"
15571.0,4,2,186.0225,11,2.0,1,0,Occasional Customers,"
       Customer Profile:
- Orders: 4
- Active Months: 2
- Avg Order Value: 186.02
- Recency: 11
- Frequency: 2.0
- Cluster: 1
- Churn Risk: No"
15572.0,7,5,283.42571428571426,4,1.4,1,0,Occasional Customers,"
       Customer Profile:
- Orders: 7
- Active Months: 5
- Avg Order Value: 283.43
- Recency: 4
- Frequency: 1.4
- Cluster: 1
- Churn Risk: No"
15573.0,2,2,229.29,31,1.0,1,0,Occasional Customers,"
       Customer Profile:
- Orders: 2
- Active Months: 2
- Avg Order Value: 229.29
- Recency: 31
- Frequency: 1.0
- Cluster: 1
- Churn Risk: No"
15574.0,4,2,115.3325,177,2.0,0,0,Dormant Customers,"
       Customer Profile:
- Orders: 4
- Active Months: 2
- Avg Order Value: 115.33
- Recency: 177
- Frequency: 2.0
- Cluster: 0
- Churn Risk: No"
15576.0,1,1,643.56,37,1.0,1,0,Occasional Customers,"
       Customer Profile:
- Orders: 1
- Active Months: 1
- Avg Order Value: 643.56
- Recency: 37
- Frequency: 1.0
- Cluster: 1
- Churn Risk: No"
15577.0,3,2,69.84333333333333,151,1.5,0,0,Dormant Customers,"
       Customer Profile:
- Orders: 3
- Active Months: 2
- Avg Order Value: 69.84
- Recency: 151
- Frequency: 1.5
- Cluster: 0
- Churn Risk: No"
15578.0,1,1,119.15,162,1.0,0,0,Dormant Customers,"
       Customer Profile:
- Orders: 1
- Active Months: 1
- Avg Order Value: 119.15
- Recency: 162
- Frequency: 1.0
- Cluster: 0
- Churn Risk: No"
15579.0,2,2,259.35,68,1.0,1,0,Occasional Customers,"
       Customer Profile:
- Orders: 2
- Active Months: 2
- Avg Order Value: 259.35
- Recency: 68
- Frequency: 1.0
- Cluster: 1
- Churn Risk: No"
15581.0,10,5,173.48100000000002,156,2.0,2,0,Frequent Customers,"
       Customer Profile:
- Orders: 10
- Active Months: 5
- Avg Order Value: 173.48
- Recency: 156
- Frequency: 2.0
- Cluster: 2
- Churn Risk: No"
15582.0,3,3,410.1433333333334,24,1.0,1,0,Occasional Customers,"
       Customer Profile:
- Orders: 3
- Active Months: 3
- Avg Order Value: 410.14
- Recency: 24
- Frequency: 1.0
- Cluster: 1
- Churn Risk: No"
15584.0,4,4,253.2125,23,1.0,1,0,Occasional Customers,"
       Customer Profile:
- Orders: 4
- Active Months: 4
- Avg Order Value: 253.21
- Recency: 23
- Frequency: 1.0
- Cluster: 1
- Churn Risk: No"
15585.0,1,1,439.4,176,1.0,0,0,Dormant Customers,"
       Customer Profile:
- Orders: 1
- Active Months: 1
- Avg Order Value: 439.40
- Recency: 176
- Frequency: 1.0
- Cluster: 0
- Churn Risk: No"
15587.0,4,4,187.4925,50,1.0,1,0,Occasional Customers,"
       Customer Profile:
- Orders: 4
- Active Months: 4
- Avg Order Value: 187.49
- Recency: 50
- Frequency: 1.0
- Cluster: 1
- Churn Risk: No"
15589.0,3,2,137.91,255,1.5,0,1,Dormant Customers,"
       Customer Profile:
- Orders: 3
- Active Months: 2
- Avg Order Value: 137.91
- Recency: 255
- Frequency: 1.5
- Cluster: 0
- Churn Risk: Yes"
15592.0,1,1,356.24,46,1.0,1,0,Occasional Customers,"
       Customer Profile:
- Orders: 1
- Active Months: 1
- Avg Order Value: 356.24
- Recency: 46
- Frequency: 1.0
- Cluster: 1
- Churn Risk: No"
15593.0,1,1,199.8,70,1.0,1,0,Occasional Customers,"
       Customer Profile:
- Orders: 1
- Active Months: 1
- Avg Order Value: 199.80
- Recency: 70
- Frequency: 1.0
- Cluster: 1
- Churn Risk: No"
15594.0,5,3,330.834,15,1.6666666666666667,1,0,Occasional Customers,"
       Customer Profile:
- Orders: 5
- Active Months: 3
- Avg Order Value: 330.83
- Recency: 15
- Frequency: 1.6666666666666667
- Cluster: 1
- Churn Risk: No"
15596.0,5,5,267.346,100,1.0,1,0,Occasional Customers,"
       Customer Profile:
- Orders: 5
- Active Months: 5
- Avg Order Value: 267.35
- Recency: 100
- Frequency: 1.0
- Cluster: 1
- Churn Risk: No"
15597.0,1,1,324.57,35,1.0,1,0,Occasional Customers,"
       Customer Profile:
- Orders: 1
- Active Months: 1
- Avg Order Value: 324.57
- Recency: 35
- Frequency: 1.0
- Cluster: 1
- Churn Risk: No"
15598.0,1,1,223.68,53,1.0,1,0,Occasional Customers,"
       Customer Profile:
- Orders: 1
- Active Months: 1
- Avg Order Value: 223.68
- Recency: 53
- Frequency: 1.0
- Cluster: 1
- Churn Risk: No"
15599.0,2,2,492.07499999999993,26,1.0,1,0,Occasional Customers,"
       Customer Profile:
- Orders: 2
- Active Months: 2
- Avg Order Value: 492.07
- Recency: 26
- Frequency: 1.0
- Cluster: 1
- Churn Risk: No"
15601.0,14,10,438.1935714285714,11,1.4,2,0,Frequent Customers,"
       Customer Profile:
- Orders: 14
- Active Months: 10
- Avg Order Value: 438.19
- Recency: 11
- Frequency: 1.4
- Cluster: 2
- Churn Risk: No"
15602.0,9,6,143.74222222222224,8,1.5,1,0,Occasional Customers,"
       Customer Profile:
- Orders: 9
- Active Months: 6
- Avg Order Value: 143.74
- Recency: 8
- Frequency: 1.5
- Cluster: 1
- Churn Risk: No"
15603.0,1,1,27.27,78,1.0,1,0,Occasional Customers,"
       Customer Profile:
- Orders: 1
- Active Months: 1
- Avg Order Value: 27.27
- Recency: 78
- Frequency: 1.0
- Cluster: 1
- Churn Risk: No"
15604.0,1,1,216.39,52,1.0,1,0,Occasional Customers,"
       Customer Profile:
- Orders: 1
- Active Months: 1
- Avg Order Value: 216.39
- Recency: 52
- Frequency: 1.0
- Cluster: 1
- Churn Risk: No"
15605.0,5,5,225.836,36,1.0,1,0,Occasional Customers,"
       Customer Profile:
- Orders: 5
- Active Months: 5
- Avg Order Value: 225.84
- Recency: 36
- Frequency: 1.0
- Cluster: 1
- Churn Risk: No"
15606.0,9,7,1157.1244444444444,61,1.2857142857142858,1,0,Occasional Customers,"
       Customer Profile:
- Orders: 9
- Active Months: 7
- Avg Order Value: 1157.12
- Recency: 61
- Frequency: 1.2857142857142858
- Cluster: 1
- Churn Risk: No"
15607.0,1,1,175.52,336,1.0,0,1,Dormant Customers,"
       Customer Profile:
- Orders: 1
- Active Months: 1
- Avg Order Value: 175.52
- Recency: 336
- Frequency: 1.0
- Cluster: 0
- Churn Risk: Yes"
15608.0,4,3,543.8325,28,1.3333333333333333,1,0,Occasional Customers,"
       Customer Profile:
- Orders: 4
- Active Months: 3
- Avg Order Value: 543.83
- Recency: 28
- Frequency: 1.3333333333333333
- Cluster: 1
- Churn Risk: No"
15609.0,1,1,268.78000000000003,184,1.0,0,1,Dormant Customers,"
       Customer Profile:
- Orders: 1
- Active Months: 1
- Avg Order Value: 268.78
- Recency: 184
- Frequency: 1.0
- Cluster: 0
- Churn Risk: Yes"
15610.0,1,1,112.46,51,1.0,1,0,Occasional Customers,"
       Customer Profile:
- Orders: 1
- Active Months: 1
- Avg Order Value: 112.46
- Recency: 51
- Frequency: 1.0
- Cluster: 1
- Churn Risk: No"
15611.0,11,7,106.07181818181816,9,1.5714285714285714,2,0,Frequent Customers,"
       Customer Profile:
- Orders: 11
- Active Months: 7
- Avg Order Value: 106.07
- Recency: 9
- Frequency: 1.5714285714285714
- Cluster: 2
- Churn Risk: No"
15612.0,2,2,124.9,36,1.0,1,0,Occasional Customers,"
       Customer Profile:
- Orders: 2
- Active Months: 2
- Avg Order Value: 124.90
- Recency: 36
- Frequency: 1.0
- Cluster: 1
- Churn Risk: No"
15615.0,23,10,454.9378260869565,10,2.3,2,0,Frequent Customers,"
       Customer Profile:
- Orders: 23
- Active Months: 10
- Avg Order Value: 454.94
- Recency: 10
- Frequency: 2.3
- Cluster: 2
- Churn Risk: No"
15618.0,4,3,274.44025,32,1.3333333333333333,1,0,Occasional Customers,"
       Customer Profile:
- Orders: 4
- Active Months: 3
- Avg Order Value: 274.44
- Recency: 32
- Frequency: 1.3333333333333333
- Cluster: 1
- Churn Risk: No"
15619.0,1,1,138.75,10,1.0,1,0,Occasional Customers,"
       Customer Profile:
- Orders: 1
- Active Months: 1
- Avg Order Value: 138.75
- Recency: 10
- Frequency: 1.0
- Cluster: 1
- Churn Risk: No"
15620.0,3,3,565.92,56,1.0,1,0,Occasional Customers,"
       Customer Profile:
- Orders: 3
- Active Months: 3
- Avg Order Value: 565.92
- Recency: 56
- Frequency: 1.0
- Cluster: 1
- Churn Risk: No"
15621.0,4,2,185.975,4,2.0,1,0,Occasional Customers,"
       Customer Profile:
- Orders: 4
- Active Months: 2
- Avg Order Value: 185.97
- Recency: 4
- Frequency: 2.0
- Cluster: 1
- Churn Risk: No"
15622.0,9,5,339.84666666666664,43,1.8,2,0,Frequent Customers,"
       Customer Profile:
- Orders: 9
- Active Months: 5
- Avg Order Value: 339.85
- Recency: 43
- Frequency: 1.8
- Cluster: 2
- Churn Risk: No"
15623.0,1,1,229.43,141,1.0,0,0,Dormant Customers,"
       Customer Profile:
- Orders: 1
- Active Months: 1
- Avg Order Value: 229.43
- Recency: 141
- Frequency: 1.0
- Cluster: 0
- Churn Risk: No"
15624.0,4,4,300.69000000000005,116,1.0,1,0,Occasional Customers,"
       Customer Profile:
- Orders: 4
- Active Months: 4
- Avg Order Value: 300.69
- Recency: 116
- Frequency: 1.0
- Cluster: 1
- Churn Risk: No"
15625.0,4,3,1076.75,103,1.3333333333333333,1,0,Occasional Customers,"
       Customer Profile:
- Orders: 4
- Active Months: 3
- Avg Order Value: 1076.75
- Recency: 103
- Frequency: 1.3333333333333333
- Cluster: 1
- Churn Risk: No"
15626.0,2,2,305.445,74,1.0,1,0,Occasional Customers,"
       Customer Profile:
- Orders: 2
- Active Months: 2
- Avg Order Value: 305.44
- Recency: 74
- Frequency: 1.0
- Cluster: 1
- Churn Risk: No"
15628.0,9,8,469.3611111111111,4,1.125,1,0,Occasional Customers,"
       Customer Profile:
- Orders: 9
- Active Months: 8
- Avg Order Value: 469.36
- Recency: 4
- Frequency: 1.125
- Cluster: 1
- Churn Risk: No"
15630.0,2,2,497.65,45,1.0,1,0,Occasional Customers,"
       Customer Profile:
- Orders: 2
- Active Months: 2
- Avg Order Value: 497.65
- Recency: 45
- Frequency: 1.0
- Cluster: 1
- Churn Risk: No"
15632.0,8,7,373.05875,15,1.1428571428571428,1,0,Occasional Customers,"
       Customer Profile:
- Orders: 8
- Active Months: 7
- Avg Order Value: 373.06
- Recency: 15
- Frequency: 1.1428571428571428
- Cluster: 1
- Churn Risk: No"
15634.0,1,1,227.65,17,1.0,1,0,Occasional Customers,"
       Customer Profile:
- Orders: 1
- Active Months: 1
- Avg Order Value: 227.65
- Recency: 17
- Frequency: 1.0
- Cluster: 1
- Churn Risk: No"
15636.0,2,2,487.91,89,1.0,1,0,Occasional Customers,"
       Customer Profile:
- Orders: 2
- Active Months: 2
- Avg Order Value: 487.91
- Recency: 89
- Frequency: 1.0
- Cluster: 1
- Churn Risk: No"
15637.0,1,1,223.36,52,1.0,1,0,Occasional Customers,"
       Customer Profile:
- Orders: 1
- Active Months: 1
- Avg Order Value: 223.36
- Recency: 52
- Frequency: 1.0
- Cluster: 1
- Churn Risk: No"
15639.0,1,1,178.02,134,1.0,0,0,Dormant Customers,"
       Customer Profile:
- Orders: 1
- Active Months: 1
- Avg Order Value: 178.02
- Recency: 134
- Frequency: 1.0
- Cluster: 0
- Churn Risk: No"
15640.0,15,10,826.9753333333334,4,1.5,2,0,Frequent Customers,"
       Customer Profile:
- Orders: 15
- Active Months: 10
- Avg Order Value: 826.98
- Recency: 4
- Frequency: 1.5
- Cluster: 2
- Churn Risk: No"
15641.0,4,3,446.7125,105,1.3333333333333333,1,0,Occasional Customers,"
       Customer Profile:
- Orders: 4
- Active Months: 3
- Avg Order Value: 446.71
- Recency: 105
- Frequency: 1.3333333333333333
- Cluster: 1
- Churn Risk: No"
15643.0,3,2,144.65,191,1.5,0,1,Dormant Customers,"
       Customer Profile:
- Orders: 3
- Active Months: 2
- Avg Order Value: 144.65
- Recency: 191
- Frequency: 1.5
- Cluster: 0
- Churn Risk: Yes"
15644.0,4,2,267.89750000000004,166,2.0,0,0,Dormant Customers,"
       Customer Profile:
- Orders: 4
- Active Months: 2
- Avg Order Value: 267.90
- Recency: 166
- Frequency: 2.0
- Cluster: 0
- Churn Risk: No"
15645.0,1,1,550.36,18,1.0,1,0,Occasional Customers,"
       Customer Profile:
- Orders: 1
- Active Months: 1
- Avg Order Value: 550.36
- Recency: 18
- Frequency: 1.0
- Cluster: 1
- Churn Risk: No"
15646.0,3,3,148.86,157,1.0,0,0,Dormant Customers,"
       Customer Profile:
- Orders: 3
- Active Months: 3
- Avg Order Value: 148.86
- Recency: 157
- Frequency: 1.0
- Cluster: 0
- Churn Risk: No"
15648.0,2,2,500.17500000000007,204,1.0,0,1,Dormant Customers,"
       Customer Profile:
- Orders: 2
- Active Months: 2
- Avg Order Value: 500.18
- Recency: 204
- Frequency: 1.0
- Cluster: 0
- Churn Risk: Yes"
15649.0,2,2,172.125,336,1.0,0,1,Dormant Customers,"
       Customer Profile:
- Orders: 2
- Active Months: 2
- Avg Order Value: 172.12
- Recency: 336
- Frequency: 1.0
- Cluster: 0
- Churn Risk: Yes"
15651.0,3,2,194.75666666666663,36,1.5,1,0,Occasional Customers,"
       Customer Profile:
- Orders: 3
- Active Months: 2
- Avg Order Value: 194.76
- Recency: 36
- Frequency: 1.5
- Cluster: 1
- Churn Risk: No"
15652.0,1,1,263.09,91,1.0,1,0,Occasional Customers,"
       Customer Profile:
- Orders: 1
- Active Months: 1
- Avg Order Value: 263.09
- Recency: 91
- Frequency: 1.0
- Cluster: 1
- Churn Risk: No"
15653.0,2,2,43.44,92,1.0,1,0,Occasional Customers,"
       Customer Profile:
- Orders: 2
- Active Months: 2
- Avg Order Value: 43.44
- Recency: 92
- Frequency: 1.0
- Cluster: 1
- Churn Risk: No"
15654.0,2,1,737.5799999999999,9,2.0,1,0,Occasional Customers,"
       Customer Profile:
- Orders: 2
- Active Months: 1
- Avg Order Value: 737.58
- Recency: 9
- Frequency: 2.0
- Cluster: 1
- Churn Risk: No"
15655.0,1,1,931.14,243,1.0,0,1,Dormant Customers,"
       Customer Profile:
- Orders: 1
- Active Months: 1
- Avg Order Value: 931.14
- Recency: 243
- Frequency: 1.0
- Cluster: 0
- Churn Risk: Yes"
15656.0,4,4,157.85500000000002,45,1.0,1,0,Occasional Customers,"
       Customer Profile:
- Orders: 4
- Active Months: 4
- Avg Order Value: 157.86
- Recency: 45
- Frequency: 1.0
- Cluster: 1
- Churn Risk: No"
15657.0,1,1,30.0,22,1.0,1,0,Occasional Customers,"
       Customer Profile:
- Orders: 1
- Active Months: 1
- Avg Order Value: 30.00
- Recency: 22
- Frequency: 1.0
- Cluster: 1
- Churn Risk: No"
15658.0,4,4,164.7125,190,1.0,0,1,Dormant Customers,"
       Customer Profile:
- Orders: 4
- Active Months: 4
- Avg Order Value: 164.71
- Recency: 190
- Frequency: 1.0
- Cluster: 0
- Churn Risk: Yes"
15659.0,1,1,100.8,43,1.0,1,0,Occasional Customers,"
       Customer Profile:
- Orders: 1
- Active Months: 1
- Avg Order Value: 100.80
- Recency: 43
- Frequency: 1.0
- Cluster: 1
- Churn Risk: No"
15660.0,8,6,186.615,25,1.3333333333333333,1,0,Occasional Customers,"
       Customer Profile:
- Orders: 8
- Active Months: 6
- Avg Order Value: 186.62
- Recency: 25
- Frequency: 1.3333333333333333
- Cluster: 1
- Churn Risk: No"
15661.0,2,1,78.525,317,2.0,0,1,Dormant Customers,"
       Customer Profile:
- Orders: 2
- Active Months: 1
- Avg Order Value: 78.53
- Recency: 317
- Frequency: 2.0
- Cluster: 0
- Churn Risk: Yes"
15663.0,1,1,134.63,106,1.0,1,0,Occasional Customers,"
       Customer Profile:
- Orders: 1
- Active Months: 1
- Avg Order Value: 134.63
- Recency: 106
- Frequency: 1.0
- Cluster: 1
- Churn Risk: No"
15664.0,1,1,311.43,50,1.0,1,0,Occasional Customers,"
       Customer Profile:
- Orders: 1
- Active Months: 1
- Avg Order Value: 311.43
- Recency: 50
- Frequency: 1.0
- Cluster: 1
- Churn Risk: No"
15665.0,2,2,2016.51,168,1.0,1,0,Occasional Customers,"
       Customer Profile:
- Orders: 2
- Active Months: 2
- Avg Order Value: 2016.51
- Recency: 168
- Frequency: 1.0
- Cluster: 1
- Churn Risk: No"
15667.0,1,1,903.96,39,1.0,1,0,Occasional Customers,"
       Customer Profile:
- Orders: 1
- Active Months: 1
- Avg Order Value: 903.96
- Recency: 39
- Frequency: 1.0
- Cluster: 1
- Churn Risk: No"
15668.0,1,1,28.62,217,1.0,0,1,Dormant Customers,"
       Customer Profile:
- Orders: 1
- Active Months: 1
- Avg Order Value: 28.62
- Recency: 217
- Frequency: 1.0
- Cluster: 0
- Churn Risk: Yes"
15669.0,4,4,282.245,40,1.0,1,0,Occasional Customers,"
       Customer Profile:
- Orders: 4
- Active Months: 4
- Avg Order Value: 282.25
- Recency: 40
- Frequency: 1.0
- Cluster: 1
- Churn Risk: No"
15670.0,1,1,157.15,296,1.0,0,1,Dormant Customers,"
       Customer Profile:
- Orders: 1
- Active Months: 1
- Avg Order Value: 157.15
- Recency: 296
- Frequency: 1.0
- Cluster: 0
- Churn Risk: Yes"
15671.0,7,5,245.14714285714285,18,1.4,1,0,Occasional Customers,"
       Customer Profile:
- Orders: 7
- Active Months: 5
- Avg Order Value: 245.15
- Recency: 18
- Frequency: 1.4
- Cluster: 1
- Churn Risk: No"
15673.0,4,4,816.295,88,1.0,1,0,Occasional Customers,"
       Customer Profile:
- Orders: 4
- Active Months: 4
- Avg Order Value: 816.29
- Recency: 88
- Frequency: 1.0
- Cluster: 1
- Churn Risk: No"
15674.0,4,4,674.535,73,1.0,1,0,Occasional Customers,"
       Customer Profile:
- Orders: 4
- Active Months: 4
- Avg Order Value: 674.53
- Recency: 73
- Frequency: 1.0
- Cluster: 1
- Churn Risk: No"
15675.0,3,3,81.95333333333333,81,1.0,1,0,Occasional Customers,"
       Customer Profile:
- Orders: 3
- Active Months: 3
- Avg Order Value: 81.95
- Recency: 81
- Frequency: 1.0
- Cluster: 1
- Churn Risk: No"
15676.0,3,2,944.4633333333336,18,1.5,1,0,Occasional Customers,"
       Customer Profile:
- Orders: 3
- Active Months: 2
- Avg Order Value: 944.46
- Recency: 18
- Frequency: 1.5
- Cluster: 1
- Churn Risk: No"
15677.0,1,1,580.93,49,1.0,1,0,Occasional Customers,"
       Customer Profile:
- Orders: 1
- Active Months: 1
- Avg Order Value: 580.93
- Recency: 49
- Frequency: 1.0
- Cluster: 1
- Churn Risk: No"
15678.0,1,1,346.46000000000004,52,1.0,1,0,Occasional Customers,"
       Customer Profile:
- Orders: 1
- Active Months: 1
- Avg Order Value: 346.46
- Recency: 52
- Frequency: 1.0
- Cluster: 1
- Churn Risk: No"
15679.0,4,3,186.7325,24,1.3333333333333333,1,0,Occasional Customers,"
       Customer Profile:
- Orders: 4
- Active Months: 3
- Avg Order Value: 186.73
- Recency: 24
- Frequency: 1.3333333333333333
- Cluster: 1
- Churn Risk: No"
15680.0,3,3,1453.22,9,1.0,1,0,Occasional Customers,"
       Customer Profile:
- Orders: 3
- Active Months: 3
- Avg Order Value: 1453.22
- Recency: 9
- Frequency: 1.0
- Cluster: 1
- Churn Risk: No"
15681.0,5,3,559.512,25,1.6666666666666667,1,0,Occasional Customers,"
       Customer Profile:
- Orders: 5
- Active Months: 3
- Avg Order Value: 559.51
- Recency: 25
- Frequency: 1.6666666666666667
- Cluster: 1
- Churn Risk: No"
15683.0,1,1,351.8,117,1.0,1,0,Occasional Customers,"
       Customer Profile:
- Orders: 1
- Active Months: 1
- Avg Order Value: 351.80
- Recency: 117
- Frequency: 1.0
- Cluster: 1
- Churn Risk: No"
15687.0,9,7,345.17333333333335,8,1.2857142857142858,1,0,Occasional Customers,"
       Customer Profile:
- Orders: 9
- Active Months: 7
- Avg Order Value: 345.17
- Recency: 8
- Frequency: 1.2857142857142858
- Cluster: 1
- Churn Risk: No"
15689.0,2,2,119.4,119,1.0,1,0,Occasional Customers,"
       Customer Profile:
- Orders: 2
- Active Months: 2
- Avg Order Value: 119.40
- Recency: 119
- Frequency: 1.0
- Cluster: 1
- Churn Risk: No"
15690.0,2,2,112.485,4,1.0,1,0,Occasional Customers,"
       Customer Profile:
- Orders: 2
- Active Months: 2
- Avg Order Value: 112.48
- Recency: 4
- Frequency: 1.0
- Cluster: 1
- Churn Risk: No"
15691.0,1,1,102.6,252,1.0,0,1,Dormant Customers,"
       Customer Profile:
- Orders: 1
- Active Months: 1
- Avg Order Value: 102.60
- Recency: 252
- Frequency: 1.0
- Cluster: 0
- Churn Risk: Yes"
15692.0,1,1,764.16,28,1.0,1,0,Occasional Customers,"
       Customer Profile:
- Orders: 1
- Active Months: 1
- Avg Order Value: 764.16
- Recency: 28
- Frequency: 1.0
- Cluster: 1
- Churn Risk: No"
15694.0,13,9,270.7069230769231,1,1.4444444444444444,2,0,Frequent Customers,"
       Customer Profile:
- Orders: 13
- Active Months: 9
- Avg Order Value: 270.71
- Recency: 1
- Frequency: 1.4444444444444444
- Cluster: 2
- Churn Risk: No"
15695.0,2,1,182.82,266,2.0,0,1,Dormant Customers,"
       Customer Profile:
- Orders: 2
- Active Months: 1
- Avg Order Value: 182.82
- Recency: 266
- Frequency: 2.0
- Cluster: 0
- Churn Risk: Yes"
15696.0,8,5,442.11875,33,1.6,1,0,Occasional Customers,"
       Customer Profile:
- Orders: 8
- Active Months: 5
- Avg Order Value: 442.12
- Recency: 33
- Frequency: 1.6
- Cluster: 1
- Churn Risk: No"
15699.0,1,1,201.0,17,1.0,1,0,Occasional Customers,"
       Customer Profile:
- Orders: 1
- Active Months: 1
- Avg Order Value: 201.00
- Recency: 17
- Frequency: 1.0
- Cluster: 1
- Churn Risk: No"
15700.0,2,1,572.4300000000001,172,2.0,0,0,Dormant Customers,"
       Customer Profile:
- Orders: 2
- Active Months: 1
- Avg Order Value: 572.43
- Recency: 172
- Frequency: 2.0
- Cluster: 0
- Churn Risk: No"
15701.0,4,4,577.115,2,1.0,1,0,Occasional Customers,"
       Customer Profile:
- Orders: 4
- Active Months: 4
- Avg Order Value: 577.12
- Recency: 2
- Frequency: 1.0
- Cluster: 1
- Churn Risk: No"
15703.0,1,1,423.0,264,1.0,0,1,Dormant Customers,"
       Customer Profile:
- Orders: 1
- Active Months: 1
- Avg Order Value: 423.00
- Recency: 264
- Frequency: 1.0
- Cluster: 0
- Churn Risk: Yes"
15704.0,4,3,1104.915,140,1.3333333333333333,1,0,Occasional Customers,"
       Customer Profile:
- Orders: 4
- Active Months: 3
- Avg Order Value: 1104.91
- Recency: 140
- Frequency: 1.3333333333333333
- Cluster: 1
- Churn Risk: No"
15705.0,1,1,106.5,201,1.0,0,1,Dormant Customers,"
       Customer Profile:
- Orders: 1
- Active Months: 1
- Avg Order Value: 106.50
- Recency: 201
- Frequency: 1.0
- Cluster: 0
- Churn Risk: Yes"
15706.0,3,3,1505.6066666666668,64,1.0,1,0,Occasional Customers,"
       Customer Profile:
- Orders: 3
- Active Months: 3
- Avg Order Value: 1505.61
- Recency: 64
- Frequency: 1.0
- Cluster: 1
- Churn Risk: No"
15707.0,4,3,201.275,35,1.3333333333333333,1,0,Occasional Customers,"
       Customer Profile:
- Orders: 4
- Active Months: 3
- Avg Order Value: 201.28
- Recency: 35
- Frequency: 1.3333333333333333
- Cluster: 1
- Churn Risk: No"
15708.0,7,6,1913.3,40,1.1666666666666667,1,0,Occasional Customers,"
       Customer Profile:
- Orders: 7
- Active Months: 6
- Avg Order Value: 1913.30
- Recency: 40
- Frequency: 1.1666666666666667
- Cluster: 1
- Churn Risk: No"
15709.0,1,1,112.58,283,1.0,0,1,Dormant Customers,"
       Customer Profile:
- Orders: 1
- Active Months: 1
- Avg Order Value: 112.58
- Recency: 283
- Frequency: 1.0
- Cluster: 0
- Churn Risk: Yes"
15712.0,5,5,205.954,9,1.0,1,0,Occasional Customers,"
       Customer Profile:
- Orders: 5
- Active Months: 5
- Avg Order Value: 205.95
- Recency: 9
- Frequency: 1.0
- Cluster: 1
- Churn Risk: No"
15713.0,2,2,360.30000000000007,143,1.0,0,0,Dormant Customers,"
       Customer Profile:
- Orders: 2
- Active Months: 2
- Avg Order Value: 360.30
- Recency: 143
- Frequency: 1.0
- Cluster: 0
- Churn Risk: No"
15714.0,2,2,127.265,11,1.0,1,0,Occasional Customers,"
       Customer Profile:
- Orders: 2
- Active Months: 2
- Avg Order Value: 127.27
- Recency: 11
- Frequency: 1.0
- Cluster: 1
- Churn Risk: No"
15716.0,4,4,461.865,145,1.0,1,0,Occasional Customers,"
       Customer Profile:
- Orders: 4
- Active Months: 4
- Avg Order Value: 461.87
- Recency: 145
- Frequency: 1.0
- Cluster: 1
- Churn Risk: No"
15717.0,1,1,150.3,234,1.0,0,1,Dormant Customers,"
       Customer Profile:
- Orders: 1
- Active Months: 1
- Avg Order Value: 150.30
- Recency: 234
- Frequency: 1.0
- Cluster: 0
- Churn Risk: Yes"
15719.0,13,11,576.0461538461539,32,1.181818181818182,2,0,Frequent Customers,"
       Customer Profile:
- Orders: 13
- Active Months: 11
- Avg Order Value: 576.05
- Recency: 32
- Frequency: 1.181818181818182
- Cluster: 2
- Churn Risk: No"
15720.0,1,1,433.56,24,1.0,1,0,Occasional Customers,"
       Customer Profile:
- Orders: 1
- Active Months: 1
- Avg Order Value: 433.56
- Recency: 24
- Frequency: 1.0
- Cluster: 1
- Churn Risk: No"
15721.0,1,1,459.98,11,1.0,1,0,Occasional Customers,"
       Customer Profile:
- Orders: 1
- Active Months: 1
- Avg Order Value: 459.98
- Recency: 11
- Frequency: 1.0
- Cluster: 1
- Churn Risk: No"
15722.0,5,4,342.036,35,1.25,1,0,Occasional Customers,"
       Customer Profile:
- Orders: 5
- Active Months: 4
- Avg Order Value: 342.04
- Recency: 35
- Frequency: 1.25
- Cluster: 1
- Churn Risk: No"
15723.0,1,1,137.0,364,1.0,0,1,Dormant Customers,"
       Customer Profile:
- Orders: 1
- Active Months: 1
- Avg Order Value: 137.00
- Recency: 364
- Frequency: 1.0
- Cluster: 0
- Churn Risk: Yes"
15724.0,2,2,166.425,201,1.0,0,1,Dormant Customers,"
       Customer Profile:
- Orders: 2
- Active Months: 2
- Avg Order Value: 166.43
- Recency: 201
- Frequency: 1.0
- Cluster: 0
- Churn Risk: Yes"
15725.0,1,1,382.25,15,1.0,1,0,Occasional Customers,"
       Customer Profile:
- Orders: 1
- Active Months: 1
- Avg Order Value: 382.25
- Recency: 15
- Frequency: 1.0
- Cluster: 1
- Churn Risk: No"
15727.0,7,7,595.9314285714287,16,1.0,1,0,Occasional Customers,"
       Customer Profile:
- Orders: 7
- Active Months: 7
- Avg Order Value: 595.93
- Recency: 16
- Frequency: 1.0
- Cluster: 1
- Churn Risk: No"
15729.0,1,1,85.0,212,1.0,0,1,Dormant Customers,"
       Customer Profile:
- Orders: 1
- Active Months: 1
- Avg Order Value: 85.00
- Recency: 212
- Frequency: 1.0
- Cluster: 0
- Churn Risk: Yes"
15730.0,3,3,317.24666666666667,65,1.0,1,0,Occasional Customers,"
       Customer Profile:
- Orders: 3
- Active Months: 3
- Avg Order Value: 317.25
- Recency: 65
- Frequency: 1.0
- Cluster: 1
- Churn Risk: No"
15732.0,2,2,144.015,212,1.0,0,1,Dormant Customers,"
       Customer Profile:
- Orders: 2
- Active Months: 2
- Avg Order Value: 144.01
- Recency: 212
- Frequency: 1.0
- Cluster: 0
- Churn Risk: Yes"
15733.0,1,1,112.4,282,1.0,0,1,Dormant Customers,"
       Customer Profile:
- Orders: 1
- Active Months: 1
- Avg Order Value: 112.40
- Recency: 282
- Frequency: 1.0
- Cluster: 0
- Churn Risk: Yes"
15734.0,2,2,356.25,114,1.0,1,0,Occasional Customers,"
       Customer Profile:
- Orders: 2
- Active Months: 2
- Avg Order Value: 356.25
- Recency: 114
- Frequency: 1.0
- Cluster: 1
- Churn Risk: No"
15737.0,6,5,158.45166666666668,14,1.2,1,0,Occasional Customers,"
       Customer Profile:
- Orders: 6
- Active Months: 5
- Avg Order Value: 158.45
- Recency: 14
- Frequency: 1.2
- Cluster: 1
- Churn Risk: No"
15738.0,16,12,317.3075,18,1.3333333333333333,2,0,Frequent Customers,"
       Customer Profile:
- Orders: 16
- Active Months: 12
- Avg Order Value: 317.31
- Recency: 18
- Frequency: 1.3333333333333333
- Cluster: 2
- Churn Risk: No"
15739.0,1,1,200.18,66,1.0,1,0,Occasional Customers,"
       Customer Profile:
- Orders: 1
- Active Months: 1
- Avg Order Value: 200.18
- Recency: 66
- Frequency: 1.0
- Cluster: 1
- Churn Risk: No"
15740.0,1,1,137.33,49,1.0,1,0,Occasional Customers,"
       Customer Profile:
- Orders: 1
- Active Months: 1
- Avg Order Value: 137.33
- Recency: 49
- Frequency: 1.0
- Cluster: 1
- Churn Risk: No"
15743.0,4,3,137.69,16,1.3333333333333333,1,0,Occasional Customers,"
       Customer Profile:
- Orders: 4
- Active Months: 3
- Avg Order Value: 137.69
- Recency: 16
- Frequency: 1.3333333333333333
- Cluster: 1
- Churn Risk: No"
15744.0,1,1,22.6365,77,1.0,1,0,Occasional Customers,"
       Customer Profile:
- Orders: 1
- Active Months: 1
- Avg Order Value: 22.64
- Recency: 77
- Frequency: 1.0
- Cluster: 1
- Churn Risk: No"
15745.0,4,3,543.875,19,1.3333333333333333,1,0,Occasional Customers,"
       Customer Profile:
- Orders: 4
- Active Months: 3
- Avg Order Value: 543.88
- Recency: 19
- Frequency: 1.3333333333333333
- Cluster: 1
- Churn Risk: No"
15746.0,1,1,190.79,134,1.0,0,0,Dormant Customers,"
       Customer Profile:
- Orders: 1
- Active Months: 1
- Avg Order Value: 190.79
- Recency: 134
- Frequency: 1.0
- Cluster: 0
- Churn Risk: No"
15747.0,3,3,354.33666666666664,12,1.0,1,0,Occasional Customers,"
       Customer Profile:
- Orders: 3
- Active Months: 3
- Avg Order Value: 354.34
- Recency: 12
- Frequency: 1.0
- Cluster: 1
- Churn Risk: No"
15748.0,1,1,268.82,40,1.0,1,0,Occasional Customers,"
       Customer Profile:
- Orders: 1
- Active Months: 1
- Avg Order Value: 268.82
- Recency: 40
- Frequency: 1.0
- Cluster: 1
- Churn Risk: No"
15749.0,3,2,273.96,235,1.5,0,1,Dormant Customers,"
       Customer Profile:
- Orders: 3
- Active Months: 2
- Avg Order Value: 273.96
- Recency: 235
- Frequency: 1.5
- Cluster: 0
- Churn Risk: Yes"
15750.0,8,6,466.27875,2,1.3333333333333333,1,0,Occasional Customers,"
       Customer Profile:
- Orders: 8
- Active Months: 6
- Avg Order Value: 466.28
- Recency: 2
- Frequency: 1.3333333333333333
- Cluster: 1
- Churn Risk: No"
15752.0,7,7,518.91,39,1.0,1,0,Occasional Customers,"
       Customer Profile:
- Orders: 7
- Active Months: 7
- Avg Order Value: 518.91
- Recency: 39
- Frequency: 1.0
- Cluster: 1
- Churn Risk: No"
15753.0,1,1,22.6365,304,1.0,0,1,Dormant Customers,"
       Customer Profile:
- Orders: 1
- Active Months: 1
- Avg Order Value: 22.64
- Recency: 304
- Frequency: 1.0
- Cluster: 0
- Churn Risk: Yes"
15754.0,3,3,152.85666666666668,51,1.0,1,0,Occasional Customers,"
       Customer Profile:
- Orders: 3
- Active Months: 3
- Avg Order Value: 152.86
- Recency: 51
- Frequency: 1.0
- Cluster: 1
- Churn Risk: No"
15755.0,6,5,347.82666666666665,10,1.2,1,0,Occasional Customers,"
       Customer Profile:
- Orders: 6
- Active Months: 5
- Avg Order Value: 347.83
- Recency: 10
- Frequency: 1.2
- Cluster: 1
- Churn Risk: No"
15756.0,4,4,174.0125,61,1.0,1,0,Occasional Customers,"
       Customer Profile:
- Orders: 4
- Active Months: 4
- Avg Order Value: 174.01
- Recency: 61
- Frequency: 1.0
- Cluster: 1
- Churn Risk: No"
15757.0,2,2,338.525,65,1.0,1,0,Occasional Customers,"
       Customer Profile:
- Orders: 2
- Active Months: 2
- Avg Order Value: 338.52
- Recency: 65
- Frequency: 1.0
- Cluster: 1
- Churn Risk: No"
15758.0,1,1,205.25,24,1.0,1,0,Occasional Customers,"
       Customer Profile:
- Orders: 1
- Active Months: 1
- Avg Order Value: 205.25
- Recency: 24
- Frequency: 1.0
- Cluster: 1
- Churn Risk: No"
15759.0,2,2,38.620000000000005,296,1.0,0,1,Dormant Customers,"
       Customer Profile:
- Orders: 2
- Active Months: 2
- Avg Order Value: 38.62
- Recency: 296
- Frequency: 1.0
- Cluster: 0
- Churn Risk: Yes"
15762.0,2,2,241.475,65,1.0,1,0,Occasional Customers,"
       Customer Profile:
- Orders: 2
- Active Months: 2
- Avg Order Value: 241.47
- Recency: 65
- Frequency: 1.0
- Cluster: 1
- Churn Risk: No"
15763.0,2,2,293.935,31,1.0,1,0,Occasional Customers,"
       Customer Profile:
- Orders: 2
- Active Months: 2
- Avg Order Value: 293.94
- Recency: 31
- Frequency: 1.0
- Cluster: 1
- Churn Risk: No"
15764.0,6,4,859.5266666666666,88,1.5,1,0,Occasional Customers,"
       Customer Profile:
- Orders: 6
- Active Months: 4
- Avg Order Value: 859.53
- Recency: 88
- Frequency: 1.5
- Cluster: 1
- Churn Risk: No"
15766.0,1,1,273.66,64,1.0,1,0,Occasional Customers,"
       Customer Profile:
- Orders: 1
- Active Months: 1
- Avg Order Value: 273.66
- Recency: 64
- Frequency: 1.0
- Cluster: 1
- Churn Risk: No"
15768.0,3,3,110.34333333333332,115,1.0,1,0,Occasional Customers,"
       Customer Profile:
- Orders: 3
- Active Months: 3
- Avg Order Value: 110.34
- Recency: 115
- Frequency: 1.0
- Cluster: 1
- Churn Risk: No"
15769.0,26,13,320.91576923076923,7,2.0,2,0,Frequent Customers,"
       Customer Profile:
- Orders: 26
- Active Months: 13
- Avg Order Value: 320.92
- Recency: 7
- Frequency: 2.0
- Cluster: 2
- Churn Risk: No"
15773.0,1,1,461.72,5,1.0,1,0,Occasional Customers,"
       Customer Profile:
- Orders: 1
- Active Months: 1
- Avg Order Value: 461.72
- Recency: 5
- Frequency: 1.0
- Cluster: 1
- Churn Risk: No"
15774.0,1,1,569.25,68,1.0,1,0,Occasional Customers,"
       Customer Profile:
- Orders: 1
- Active Months: 1
- Avg Order Value: 569.25
- Recency: 68
- Frequency: 1.0
- Cluster: 1
- Churn Risk: No"
15775.0,1,1,87.9,245,1.0,0,1,Dormant Customers,"
       Customer Profile:
- Orders: 1
- Active Months: 1
- Avg Order Value: 87.90
- Recency: 245
- Frequency: 1.0
- Cluster: 0
- Churn Risk: Yes"
15776.0,1,1,169.26,133,1.0,0,0,Dormant Customers,"
       Customer Profile:
- Orders: 1
- Active Months: 1
- Avg Order Value: 169.26
- Recency: 133
- Frequency: 1.0
- Cluster: 0
- Churn Risk: No"
15777.0,4,3,188.865,241,1.3333333333333333,0,1,Dormant Customers,"
       Customer Profile:
- Orders: 4
- Active Months: 3
- Avg Order Value: 188.87
- Recency: 241
- Frequency: 1.3333333333333333
- Cluster: 0
- Churn Risk: Yes"
15780.0,3,3,134.02666666666667,183,1.0,0,1,Dormant Customers,"
       Customer Profile:
- Orders: 3
- Active Months: 3
- Avg Order Value: 134.03
- Recency: 183
- Frequency: 1.0
- Cluster: 0
- Churn Risk: Yes"
15781.0,3,3,84.97000000000001,25,1.0,1,0,Occasional Customers,"
       Customer Profile:
- Orders: 3
- Active Months: 3
- Avg Order Value: 84.97
- Recency: 25
- Frequency: 1.0
- Cluster: 1
- Churn Risk: No"
15782.0,3,3,1037.14,9,1.0,1,0,Occasional Customers,"
       Customer Profile:
- Orders: 3
- Active Months: 3
- Avg Order Value: 1037.14
- Recency: 9
- Frequency: 1.0
- Cluster: 1
- Churn Risk: No"
15783.0,1,1,187.76,10,1.0,1,0,Occasional Customers,"
       Customer Profile:
- Orders: 1
- Active Months: 1
- Avg Order Value: 187.76
- Recency: 10
- Frequency: 1.0
- Cluster: 1
- Churn Risk: No"
15785.0,5,4,402.796,32,1.25,1,0,Occasional Customers,"
       Customer Profile:
- Orders: 5
- Active Months: 4
- Avg Order Value: 402.80
- Recency: 32
- Frequency: 1.25
- Cluster: 1
- Churn Risk: No"
15786.0,3,2,1390.8000000000002,46,1.5,1,0,Occasional Customers,"
       Customer Profile:
- Orders: 3
- Active Months: 2
- Avg Order Value: 1390.80
- Recency: 46
- Frequency: 1.5
- Cluster: 1
- Churn Risk: No"
15787.0,3,2,501.70666666666665,26,1.5,1,0,Occasional Customers,"
       Customer Profile:
- Orders: 3
- Active Months: 2
- Avg Order Value: 501.71
- Recency: 26
- Frequency: 1.5
- Cluster: 1
- Churn Risk: No"
15789.0,1,1,337.89,358,1.0,0,1,Dormant Customers,"
       Customer Profile:
- Orders: 1
- Active Months: 1
- Avg Order Value: 337.89
- Recency: 358
- Frequency: 1.0
- Cluster: 0
- Churn Risk: Yes"
15790.0,1,1,154.77,10,1.0,1,0,Occasional Customers,"
       Customer Profile:
- Orders: 1
- Active Months: 1
- Avg Order Value: 154.77
- Recency: 10
- Frequency: 1.0
- Cluster: 1
- Churn Risk: No"
15791.0,2,2,675.45,43,1.0,1,0,Occasional Customers,"
       Customer Profile:
- Orders: 2
- Active Months: 2
- Avg Order Value: 675.45
- Recency: 43
- Frequency: 1.0
- Cluster: 1
- Churn Risk: No"
15793.0,3,3,336.74,14,1.0,1,0,Occasional Customers,"
       Customer Profile:
- Orders: 3
- Active Months: 3
- Avg Order Value: 336.74
- Recency: 14
- Frequency: 1.0
- Cluster: 1
- Churn Risk: No"
15795.0,1,1,500.65,149,1.0,0,0,Dormant Customers,"
       Customer Profile:
- Orders: 1
- Active Months: 1
- Avg Order Value: 500.65
- Recency: 149
- Frequency: 1.0
- Cluster: 0
- Churn Risk: No"
15796.0,8,7,575.21875,1,1.1428571428571428,1,0,Occasional Customers,"
       Customer Profile:
- Orders: 8
- Active Months: 7
- Avg Order Value: 575.22
- Recency: 1
- Frequency: 1.1428571428571428
- Cluster: 1
- Churn Risk: No"
15797.0,3,3,184.5,113,1.0,1,0,Occasional Customers,"
       Customer Profile:
- Orders: 3
- Active Months: 3
- Avg Order Value: 184.50
- Recency: 113
- Frequency: 1.0
- Cluster: 1
- Churn Risk: No"
15799.0,3,3,439.6833333333333,75,1.0,1,0,Occasional Customers,"
       Customer Profile:
- Orders: 3
- Active Months: 3
- Avg Order Value: 439.68
- Recency: 75
- Frequency: 1.0
- Cluster: 1
- Churn Risk: No"
15800.0,2,2,294.345,107,1.0,1,0,Occasional Customers,"
       Customer Profile:
- Orders: 2
- Active Months: 2
- Avg Order Value: 294.35
- Recency: 107
- Frequency: 1.0
- Cluster: 1
- Churn Risk: No"
15801.0,3,2,875.4699999999999,46,1.5,1,0,Occasional Customers,"
       Customer Profile:
- Orders: 3
- Active Months: 2
- Avg Order Value: 875.47
- Recency: 46
- Frequency: 1.5
- Cluster: 1
- Churn Risk: No"
15803.0,1,1,262.86,51,1.0,1,0,Occasional Customers,"
       Customer Profile:
- Orders: 1
- Active Months: 1
- Avg Order Value: 262.86
- Recency: 51
- Frequency: 1.0
- Cluster: 1
- Churn Risk: No"
15804.0,13,8,292.18615384615384,1,1.625,2,0,Frequent Customers,"
       Customer Profile:
- Orders: 13
- Active Months: 8
- Avg Order Value: 292.19
- Recency: 1
- Frequency: 1.625
- Cluster: 2
- Churn Risk: No"
15805.0,17,8,308.00529411764705,23,2.125,2,0,Frequent Customers,"
       Customer Profile:
- Orders: 17
- Active Months: 8
- Avg Order Value: 308.01
- Recency: 23
- Frequency: 2.125
- Cluster: 2
- Churn Risk: No"
15806.0,3,3,613.76,46,1.0,1,0,Occasional Customers,"
       Customer Profile:
- Orders: 3
- Active Months: 3
- Avg Order Value: 613.76
- Recency: 46
- Frequency: 1.0
- Cluster: 1
- Churn Risk: No"
15807.0,2,2,399.05,50,1.0,1,0,Occasional Customers,"
       Customer Profile:
- Orders: 2
- Active Months: 2
- Avg Order Value: 399.05
- Recency: 50
- Frequency: 1.0
- Cluster: 1
- Churn Risk: No"
15808.0,4,3,1536.8275,306,1.3333333333333333,0,1,Dormant Customers,"
       Customer Profile:
- Orders: 4
- Active Months: 3
- Avg Order Value: 1536.83
- Recency: 306
- Frequency: 1.3333333333333333
- Cluster: 0
- Churn Risk: Yes"
15809.0,4,4,82.9825,36,1.0,1,0,Occasional Customers,"
       Customer Profile:
- Orders: 4
- Active Months: 4
- Avg Order Value: 82.98
- Recency: 36
- Frequency: 1.0
- Cluster: 1
- Churn Risk: No"
15810.0,4,4,735.8075,78,1.0,1,0,Occasional Customers,"
       Customer Profile:
- Orders: 4
- Active Months: 4
- Avg Order Value: 735.81
- Recency: 78
- Frequency: 1.0
- Cluster: 1
- Churn Risk: No"
15811.0,6,5,321.9483333333333,22,1.2,1,0,Occasional Customers,"
       Customer Profile:
- Orders: 6
- Active Months: 5
- Avg Order Value: 321.95
- Recency: 22
- Frequency: 1.2
- Cluster: 1
- Churn Risk: No"
15812.0,5,5,261.002,107,1.0,1,0,Occasional Customers,"
       Customer Profile:
- Orders: 5
- Active Months: 5
- Avg Order Value: 261.00
- Recency: 107
- Frequency: 1.0
- Cluster: 1
- Churn Risk: No"
15813.0,2,2,423.155,207,1.0,0,1,Dormant Customers,"
       Customer Profile:
- Orders: 2
- Active Months: 2
- Avg Order Value: 423.15
- Recency: 207
- Frequency: 1.0
- Cluster: 0
- Churn Risk: Yes"
15814.0,4,2,331.615,16,2.0,1,0,Occasional Customers,"
       Customer Profile:
- Orders: 4
- Active Months: 2
- Avg Order Value: 331.62
- Recency: 16
- Frequency: 2.0
- Cluster: 1
- Churn Risk: No"
15815.0,5,5,258.342,63,1.0,1,0,Occasional Customers,"
       Customer Profile:
- Orders: 5
- Active Months: 5
- Avg Order Value: 258.34
- Recency: 63
- Frequency: 1.0
- Cluster: 1
- Churn Risk: No"
15819.0,4,4,973.065,49,1.0,1,0,Occasional Customers,"
       Customer Profile:
- Orders: 4
- Active Months: 4
- Avg Order Value: 973.07
- Recency: 49
- Frequency: 1.0
- Cluster: 1
- Churn Risk: No"
15820.0,1,1,150.73,319,1.0,0,1,Dormant Customers,"
       Customer Profile:
- Orders: 1
- Active Months: 1
- Avg Order Value: 150.73
- Recency: 319
- Frequency: 1.0
- Cluster: 0
- Churn Risk: Yes"
15821.0,2,1,286.895,44,2.0,1,0,Occasional Customers,"
       Customer Profile:
- Orders: 2
- Active Months: 1
- Avg Order Value: 286.89
- Recency: 44
- Frequency: 2.0
- Cluster: 1
- Churn Risk: No"
15822.0,2,2,504.345,3,1.0,1,0,Occasional Customers,"
       Customer Profile:
- Orders: 2
- Active Months: 2
- Avg Order Value: 504.35
- Recency: 3
- Frequency: 1.0
- Cluster: 1
- Churn Risk: No"
15825.0,1,1,238.59,172,1.0,0,0,Dormant Customers,"
       Customer Profile:
- Orders: 1
- Active Months: 1
- Avg Order Value: 238.59
- Recency: 172
- Frequency: 1.0
- Cluster: 0
- Churn Risk: No"
15826.0,3,2,478.5,56,1.5,1,0,Occasional Customers,"
       Customer Profile:
- Orders: 3
- Active Months: 2
- Avg Order Value: 478.50
- Recency: 56
- Frequency: 1.5
- Cluster: 1
- Churn Risk: No"
15827.0,14,10,122.05428571428573,73,1.4,2,0,Frequent Customers,"
       Customer Profile:
- Orders: 14
- Active Months: 10
- Avg Order Value: 122.05
- Recency: 73
- Frequency: 1.4
- Cluster: 2
- Churn Risk: No"
15829.0,2,2,291.30999999999995,99,1.0,1,0,Occasional Customers,"
       Customer Profile:
- Orders: 2
- Active Months: 2
- Avg Order Value: 291.31
- Recency: 99
- Frequency: 1.0
- Cluster: 1
- Churn Risk: No"
15830.0,1,1,459.5,37,1.0,1,0,Occasional Customers,"
       Customer Profile:
- Orders: 1
- Active Months: 1
- Avg Order Value: 459.50
- Recency: 37
- Frequency: 1.0
- Cluster: 1
- Churn Risk: No"
15831.0,3,3,414.82,58,1.0,1,0,Occasional Customers,"
       Customer Profile:
- Orders: 3
- Active Months: 3
- Avg Order Value: 414.82
- Recency: 58
- Frequency: 1.0
- Cluster: 1
- Churn Risk: No"
15832.0,1,1,821.49,254,1.0,0,1,Dormant Customers,"
       Customer Profile:
- Orders: 1
- Active Months: 1
- Avg Order Value: 821.49
- Recency: 254
- Frequency: 1.0
- Cluster: 0
- Churn Risk: Yes"
15834.0,3,3,494.0866666666666,70,1.0,1,0,Occasional Customers,"
       Customer Profile:
- Orders: 3
- Active Months: 3
- Avg Order Value: 494.09
- Recency: 70
- Frequency: 1.0
- Cluster: 1
- Churn Risk: No"
15835.0,4,4,200.5225,44,1.0,1,0,Occasional Customers,"
       Customer Profile:
- Orders: 4
- Active Months: 4
- Avg Order Value: 200.52
- Recency: 44
- Frequency: 1.0
- Cluster: 1
- Churn Risk: No"
15836.0,1,1,49.97,50,1.0,1,0,Occasional Customers,"
       Customer Profile:
- Orders: 1
- Active Months: 1
- Avg Order Value: 49.97
- Recency: 50
- Frequency: 1.0
- Cluster: 1
- Churn Risk: No"
15837.0,1,1,300.23,64,1.0,1,0,Occasional Customers,"
       Customer Profile:
- Orders: 1
- Active Months: 1
- Avg Order Value: 300.23
- Recency: 64
- Frequency: 1.0
- Cluster: 1
- Churn Risk: No"
15838.0,19,10,958.5347368421052,11,1.9,2,0,Frequent Customers,"
       Customer Profile:
- Orders: 19
- Active Months: 10
- Avg Order Value: 958.53
- Recency: 11
- Frequency: 1.9
- Cluster: 2
- Churn Risk: No"
15839.0,3,3,433.17,33,1.0,1,0,Occasional Customers,"
       Customer Profile:
- Orders: 3
- Active Months: 3
- Avg Order Value: 433.17
- Recency: 33
- Frequency: 1.0
- Cluster: 1
- Churn Risk: No"
15840.0,2,2,262.2,58,1.0,1,0,Occasional Customers,"
       Customer Profile:
- Orders: 2
- Active Months: 2
- Avg Order Value: 262.20
- Recency: 58
- Frequency: 1.0
- Cluster: 1
- Churn Risk: No"
15841.0,4,3,259.6875,72,1.3333333333333333,1,0,Occasional Customers,"
       Customer Profile:
- Orders: 4
- Active Months: 3
- Avg Order Value: 259.69
- Recency: 72
- Frequency: 1.3333333333333333
- Cluster: 1
- Churn Risk: No"
15843.0,1,1,80.70000000000002,303,1.0,0,1,Dormant Customers,"
       Customer Profile:
- Orders: 1
- Active Months: 1
- Avg Order Value: 80.70
- Recency: 303
- Frequency: 1.0
- Cluster: 0
- Churn Risk: Yes"
15844.0,1,1,108.84,46,1.0,1,0,Occasional Customers,"
       Customer Profile:
- Orders: 1
- Active Months: 1
- Avg Order Value: 108.84
- Recency: 46
- Frequency: 1.0
- Cluster: 1
- Churn Risk: No"
15845.0,8,7,977.39125,17,1.1428571428571428,1,0,Occasional Customers,"
       Customer Profile:
- Orders: 8
- Active Months: 7
- Avg Order Value: 977.39
- Recency: 17
- Frequency: 1.1428571428571428
- Cluster: 1
- Churn Risk: No"
15847.0,2,2,852.135,38,1.0,1,0,Occasional Customers,"
       Customer Profile:
- Orders: 2
- Active Months: 2
- Avg Order Value: 852.13
- Recency: 38
- Frequency: 1.0
- Cluster: 1
- Churn Risk: No"
15850.0,2,2,328.21,19,1.0,1,0,Occasional Customers,"
       Customer Profile:
- Orders: 2
- Active Months: 2
- Avg Order Value: 328.21
- Recency: 19
- Frequency: 1.0
- Cluster: 1
- Churn Risk: No"
15852.0,2,2,141.105,186,1.0,0,1,Dormant Customers,"
       Customer Profile:
- Orders: 2
- Active Months: 2
- Avg Order Value: 141.10
- Recency: 186
- Frequency: 1.0
- Cluster: 0
- Churn Risk: Yes"
15853.0,1,1,110.8,51,1.0,1,0,Occasional Customers,"
       Customer Profile:
- Orders: 1
- Active Months: 1
- Avg Order Value: 110.80
- Recency: 51
- Frequency: 1.0
- Cluster: 1
- Churn Risk: No"
15854.0,12,9,236.4325,4,1.3333333333333333,2,0,Frequent Customers,"
       Customer Profile:
- Orders: 12
- Active Months: 9
- Avg Order Value: 236.43
- Recency: 4
- Frequency: 1.3333333333333333
- Cluster: 2
- Churn Risk: No"
15855.0,5,5,199.928,136,1.0,1,0,Occasional Customers,"
       Customer Profile:
- Orders: 5
- Active Months: 5
- Avg Order Value: 199.93
- Recency: 136
- Frequency: 1.0
- Cluster: 1
- Churn Risk: No"
15856.0,27,11,555.79,4,2.4545454545454546,2,0,Frequent Customers,"
       Customer Profile:
- Orders: 27
- Active Months: 11
- Avg Order Value: 555.79
- Recency: 4
- Frequency: 2.4545454545454546
- Cluster: 2
- Churn Risk: No"
15857.0,1,1,266.4,18,1.0,1,0,Occasional Customers,"
       Customer Profile:
- Orders: 1
- Active Months: 1
- Avg Order Value: 266.40
- Recency: 18
- Frequency: 1.0
- Cluster: 1
- Churn Risk: No"
15858.0,5,5,242.018,15,1.0,1,0,Occasional Customers,"
       Customer Profile:
- Orders: 5
- Active Months: 5
- Avg Order Value: 242.02
- Recency: 15
- Frequency: 1.0
- Cluster: 1
- Churn Risk: No"
15860.0,8,6,171.42625,40,1.3333333333333333,1,0,Occasional Customers,"
       Customer Profile:
- Orders: 8
- Active Months: 6
- Avg Order Value: 171.43
- Recency: 40
- Frequency: 1.3333333333333333
- Cluster: 1
- Churn Risk: No"
15861.0,7,4,773.9857142857143,12,1.75,1,0,Occasional Customers,"
       Customer Profile:
- Orders: 7
- Active Months: 4
- Avg Order Value: 773.99
- Recency: 12
- Frequency: 1.75
- Cluster: 1
- Churn Risk: No"
15862.0,4,4,171.545,8,1.0,1,0,Occasional Customers,"
       Customer Profile:
- Orders: 4
- Active Months: 4
- Avg Order Value: 171.54
- Recency: 8
- Frequency: 1.0
- Cluster: 1
- Churn Risk: No"
15863.0,2,2,22.6365,25,1.0,1,0,Occasional Customers,"
       Customer Profile:
- Orders: 2
- Active Months: 2
- Avg Order Value: 22.64
- Recency: 25
- Frequency: 1.0
- Cluster: 1
- Churn Risk: No"
15864.0,6,5,138.375,22,1.2,1,0,Occasional Customers,"
       Customer Profile:
- Orders: 6
- Active Months: 5
- Avg Order Value: 138.38
- Recency: 22
- Frequency: 1.2
- Cluster: 1
- Churn Risk: No"
15865.0,3,3,198.10333333333327,40,1.0,1,0,Occasional Customers,"
       Customer Profile:
- Orders: 3
- Active Months: 3
- Avg Order Value: 198.10
- Recency: 40
- Frequency: 1.0
- Cluster: 1
- Churn Risk: No"
15866.0,1,1,161.49,101,1.0,1,0,Occasional Customers,"
       Customer Profile:
- Orders: 1
- Active Months: 1
- Avg Order Value: 161.49
- Recency: 101
- Frequency: 1.0
- Cluster: 1
- Churn Risk: No"
15867.0,15,12,189.76533333333333,5,1.25,2,0,Frequent Customers,"
       Customer Profile:
- Orders: 15
- Active Months: 12
- Avg Order Value: 189.77
- Recency: 5
- Frequency: 1.25
- Cluster: 2
- Churn Risk: No"
15869.0,2,1,64.56,277,2.0,0,1,Dormant Customers,"
       Customer Profile:
- Orders: 2
- Active Months: 1
- Avg Order Value: 64.56
- Recency: 277
- Frequency: 2.0
- Cluster: 0
- Churn Risk: Yes"
15870.0,1,1,669.38,32,1.0,1,0,Occasional Customers,"
       Customer Profile:
- Orders: 1
- Active Months: 1
- Avg Order Value: 669.38
- Recency: 32
- Frequency: 1.0
- Cluster: 1
- Churn Risk: No"
15872.0,2,1,134.10000000000002,14,2.0,1,0,Occasional Customers,"
       Customer Profile:
- Orders: 2
- Active Months: 1
- Avg Order Value: 134.10
- Recency: 14
- Frequency: 2.0
- Cluster: 1
- Churn Risk: No"
15874.0,7,6,366.3885714285715,63,1.1666666666666667,1,0,Occasional Customers,"
       Customer Profile:
- Orders: 7
- Active Months: 6
- Avg Order Value: 366.39
- Recency: 63
- Frequency: 1.1666666666666667
- Cluster: 1
- Churn Risk: No"
15877.0,2,2,580.4100000000001,1,1.0,1,0,Occasional Customers,"
       Customer Profile:
- Orders: 2
- Active Months: 2
- Avg Order Value: 580.41
- Recency: 1
- Frequency: 1.0
- Cluster: 1
- Churn Risk: No"
15880.0,1,1,584.36,368,1.0,0,1,Dormant Customers,"
       Customer Profile:
- Orders: 1
- Active Months: 1
- Avg Order Value: 584.36
- Recency: 368
- Frequency: 1.0
- Cluster: 0
- Churn Risk: Yes"
15881.0,5,2,74.018,312,2.5,0,1,Dormant Customers,"
       Customer Profile:
- Orders: 5
- Active Months: 2
- Avg Order Value: 74.02
- Recency: 312
- Frequency: 2.5
- Cluster: 0
- Churn Risk: Yes"
15882.0,4,2,213.445,198,2.0,0,1,Dormant Customers,"
       Customer Profile:
- Orders: 4
- Active Months: 2
- Avg Order Value: 213.44
- Recency: 198
- Frequency: 2.0
- Cluster: 0
- Churn Risk: Yes"
15883.0,2,2,234.67,2,1.0,1,0,Occasional Customers,"
       Customer Profile:
- Orders: 2
- Active Months: 2
- Avg Order Value: 234.67
- Recency: 2
- Frequency: 1.0
- Cluster: 1
- Churn Risk: No"
15885.0,1,1,258.55,93,1.0,1,0,Occasional Customers,"
       Customer Profile:
- Orders: 1
- Active Months: 1
- Avg Order Value: 258.55
- Recency: 93
- Frequency: 1.0
- Cluster: 1
- Churn Risk: No"
15886.0,1,1,440.67,60,1.0,1,0,Occasional Customers,"
       Customer Profile:
- Orders: 1
- Active Months: 1
- Avg Order Value: 440.67
- Recency: 60
- Frequency: 1.0
- Cluster: 1
- Churn Risk: No"
15888.0,1,1,91.81,80,1.0,1,0,Occasional Customers,"
       Customer Profile:
- Orders: 1
- Active Months: 1
- Avg Order Value: 91.81
- Recency: 80
- Frequency: 1.0
- Cluster: 1
- Churn Risk: No"
15889.0,2,2,281.545,156,1.0,0,0,Dormant Customers,"
       Customer Profile:
- Orders: 2
- Active Months: 2
- Avg Order Value: 281.55
- Recency: 156
- Frequency: 1.0
- Cluster: 0
- Churn Risk: No"
15891.0,1,1,846.42,226,1.0,0,1,Dormant Customers,"
       Customer Profile:
- Orders: 1
- Active Months: 1
- Avg Order Value: 846.42
- Recency: 226
- Frequency: 1.0
- Cluster: 0
- Churn Risk: Yes"
15894.0,2,2,196.895,253,1.0,0,1,Dormant Customers,"
       Customer Profile:
- Orders: 2
- Active Months: 2
- Avg Order Value: 196.90
- Recency: 253
- Frequency: 1.0
- Cluster: 0
- Churn Risk: Yes"
15895.0,1,1,136.06,149,1.0,0,0,Dormant Customers,"
       Customer Profile:
- Orders: 1
- Active Months: 1
- Avg Order Value: 136.06
- Recency: 149
- Frequency: 1.0
- Cluster: 0
- Churn Risk: No"
15897.0,2,1,119.15,194,2.0,0,1,Dormant Customers,"
       Customer Profile:
- Orders: 2
- Active Months: 1
- Avg Order Value: 119.15
- Recency: 194
- Frequency: 2.0
- Cluster: 0
- Churn Risk: Yes"
15898.0,5,4,510.96400000000006,1,1.25,1,0,Occasional Customers,"
       Customer Profile:
- Orders: 5
- Active Months: 4
- Avg Order Value: 510.96
- Recency: 1
- Frequency: 1.25
- Cluster: 1
- Churn Risk: No"
15899.0,1,1,87.0,368,1.0,0,1,Dormant Customers,"
       Customer Profile:
- Orders: 1
- Active Months: 1
- Avg Order Value: 87.00
- Recency: 368
- Frequency: 1.0
- Cluster: 0
- Churn Risk: Yes"
15900.0,1,1,337.28,23,1.0,1,0,Occasional Customers,"
       Customer Profile:
- Orders: 1
- Active Months: 1
- Avg Order Value: 337.28
- Recency: 23
- Frequency: 1.0
- Cluster: 1
- Churn Risk: No"
15901.0,3,3,95.15,16,1.0,1,0,Occasional Customers,"
       Customer Profile:
- Orders: 3
- Active Months: 3
- Avg Order Value: 95.15
- Recency: 16
- Frequency: 1.0
- Cluster: 1
- Churn Risk: No"
15903.0,7,4,933.1971428571428,9,1.75,1,0,Occasional Customers,"
       Customer Profile:
- Orders: 7
- Active Months: 4
- Avg Order Value: 933.20
- Recency: 9
- Frequency: 1.75
- Cluster: 1
- Churn Risk: No"
15904.0,1,1,128.23,8,1.0,1,0,Occasional Customers,"
       Customer Profile:
- Orders: 1
- Active Months: 1
- Avg Order Value: 128.23
- Recency: 8
- Frequency: 1.0
- Cluster: 1
- Churn Risk: No"
15906.0,7,5,399.52,19,1.4,1,0,Occasional Customers,"
       Customer Profile:
- Orders: 7
- Active Months: 5
- Avg Order Value: 399.52
- Recency: 19
- Frequency: 1.4
- Cluster: 1
- Churn Risk: No"
15907.0,3,3,370.2,3,1.0,1,0,Occasional Customers,"
       Customer Profile:
- Orders: 3
- Active Months: 3
- Avg Order Value: 370.20
- Recency: 3
- Frequency: 1.0
- Cluster: 1
- Churn Risk: No"
15909.0,1,1,383.88,173,1.0,0,0,Dormant Customers,"
       Customer Profile:
- Orders: 1
- Active Months: 1
- Avg Order Value: 383.88
- Recency: 173
- Frequency: 1.0
- Cluster: 0
- Churn Risk: No"
15910.0,8,8,144.27875,1,1.0,1,0,Occasional Customers,"
       Customer Profile:
- Orders: 8
- Active Months: 8
- Avg Order Value: 144.28
- Recency: 1
- Frequency: 1.0
- Cluster: 1
- Churn Risk: No"
15912.0,2,2,127.335,178,1.0,0,0,Dormant Customers,"
       Customer Profile:
- Orders: 2
- Active Months: 2
- Avg Order Value: 127.33
- Recency: 178
- Frequency: 1.0
- Cluster: 0
- Churn Risk: No"
15916.0,7,6,225.99,16,1.1666666666666667,1,0,Occasional Customers,"
       Customer Profile:
- Orders: 7
- Active Months: 6
- Avg Order Value: 225.99
- Recency: 16
- Frequency: 1.1666666666666667
- Cluster: 1
- Churn Risk: No"
15917.0,1,1,60.55,247,1.0,0,1,Dormant Customers,"
       Customer Profile:
- Orders: 1
- Active Months: 1
- Avg Order Value: 60.55
- Recency: 247
- Frequency: 1.0
- Cluster: 0
- Churn Risk: Yes"
15918.0,2,2,1199.265,190,1.0,0,1,Dormant Customers,"
       Customer Profile:
- Orders: 2
- Active Months: 2
- Avg Order Value: 1199.27
- Recency: 190
- Frequency: 1.0
- Cluster: 0
- Churn Risk: Yes"
15919.0,2,2,795.35,19,1.0,1,0,Occasional Customers,"
       Customer Profile:
- Orders: 2
- Active Months: 2
- Avg Order Value: 795.35
- Recency: 19
- Frequency: 1.0
- Cluster: 1
- Churn Risk: No"
15920.0,4,1,39.6375,154,3.0,2,0,Frequent Customers,"
       Customer Profile:
- Orders: 4
- Active Months: 1
- Avg Order Value: 39.64
- Recency: 154
- Frequency: 3.0
- Cluster: 2
- Churn Risk: No"
15921.0,1,1,196.69,172,1.0,0,0,Dormant Customers,"
       Customer Profile:
- Orders: 1
- Active Months: 1
- Avg Order Value: 196.69
- Recency: 172
- Frequency: 1.0
- Cluster: 0
- Churn Risk: No"
15922.0,1,1,298.55,368,1.0,0,1,Dormant Customers,"
       Customer Profile:
- Orders: 1
- Active Months: 1
- Avg Order Value: 298.55
- Recency: 368
- Frequency: 1.0
- Cluster: 0
- Churn Risk: Yes"
15923.0,1,1,101.52,368,1.0,0,1,Dormant Customers,"
       Customer Profile:
- Orders: 1
- Active Months: 1
- Avg Order Value: 101.52
- Recency: 368
- Frequency: 1.0
- Cluster: 0
- Churn Risk: Yes"
15925.0,1,1,337.8,194,1.0,0,1,Dormant Customers,"
       Customer Profile:
- Orders: 1
- Active Months: 1
- Avg Order Value: 337.80
- Recency: 194
- Frequency: 1.0
- Cluster: 0
- Churn Risk: Yes"
15930.0,1,1,393.63,67,1.0,1,0,Occasional Customers,"
       Customer Profile:
- Orders: 1
- Active Months: 1
- Avg Order Value: 393.63
- Recency: 67
- Frequency: 1.0
- Cluster: 1
- Churn Risk: No"
15932.0,8,8,298.85,4,1.0,1,0,Occasional Customers,"
       Customer Profile:
- Orders: 8
- Active Months: 8
- Avg Order Value: 298.85
- Recency: 4
- Frequency: 1.0
- Cluster: 1
- Churn Risk: No"
15933.0,3,2,351.1366666666667,21,1.5,1,0,Occasional Customers,"
       Customer Profile:
- Orders: 3
- Active Months: 2
- Avg Order Value: 351.14
- Recency: 21
- Frequency: 1.5
- Cluster: 1
- Churn Risk: No"
15935.0,1,1,91.04,239,1.0,0,1,Dormant Customers,"
       Customer Profile:
- Orders: 1
- Active Months: 1
- Avg Order Value: 91.04
- Recency: 239
- Frequency: 1.0
- Cluster: 0
- Churn Risk: Yes"
15937.0,1,1,145.35,64,1.0,1,0,Occasional Customers,"
       Customer Profile:
- Orders: 1
- Active Months: 1
- Avg Order Value: 145.35
- Recency: 64
- Frequency: 1.0
- Cluster: 1
- Churn Risk: No"
15938.0,5,5,101.846,112,1.0,1,0,Occasional Customers,"
       Customer Profile:
- Orders: 5
- Active Months: 5
- Avg Order Value: 101.85
- Recency: 112
- Frequency: 1.0
- Cluster: 1
- Churn Risk: No"
15939.0,14,9,409.0442857142857,89,1.5555555555555556,2,0,Frequent Customers,"
       Customer Profile:
- Orders: 14
- Active Months: 9
- Avg Order Value: 409.04
- Recency: 89
- Frequency: 1.5555555555555556
- Cluster: 2
- Churn Risk: No"
15942.0,1,1,289.29,133,1.0,0,0,Dormant Customers,"
       Customer Profile:
- Orders: 1
- Active Months: 1
- Avg Order Value: 289.29
- Recency: 133
- Frequency: 1.0
- Cluster: 0
- Churn Risk: No"
15944.0,1,1,599.6,276,1.0,0,1,Dormant Customers,"
       Customer Profile:
- Orders: 1
- Active Months: 1
- Avg Order Value: 599.60
- Recency: 276
- Frequency: 1.0
- Cluster: 0
- Churn Risk: Yes"
15945.0,1,1,139.15,365,1.0,0,1,Dormant Customers,"
       Customer Profile:
- Orders: 1
- Active Months: 1
- Avg Order Value: 139.15
- Recency: 365
- Frequency: 1.0
- Cluster: 0
- Churn Risk: Yes"
15947.0,1,1,1444.48,82,1.0,1,0,Occasional Customers,"
       Customer Profile:
- Orders: 1
- Active Months: 1
- Avg Order Value: 1444.48
- Recency: 82
- Frequency: 1.0
- Cluster: 1
- Churn Risk: No"
15948.0,2,2,474.695,8,1.0,1,0,Occasional Customers,"
       Customer Profile:
- Orders: 2
- Active Months: 2
- Avg Order Value: 474.69
- Recency: 8
- Frequency: 1.0
- Cluster: 1
- Churn Risk: No"
15949.0,2,2,180.47000000000003,16,1.0,1,0,Occasional Customers,"
       Customer Profile:
- Orders: 2
- Active Months: 2
- Avg Order Value: 180.47
- Recency: 16
- Frequency: 1.0
- Cluster: 1
- Churn Risk: No"
15950.0,4,4,396.7275,31,1.0,1,0,Occasional Customers,"
       Customer Profile:
- Orders: 4
- Active Months: 4
- Avg Order Value: 396.73
- Recency: 31
- Frequency: 1.0
- Cluster: 1
- Churn Risk: No"
15951.0,2,2,452.145,8,1.0,1,0,Occasional Customers,"
       Customer Profile:
- Orders: 2
- Active Months: 2
- Avg Order Value: 452.14
- Recency: 8
- Frequency: 1.0
- Cluster: 1
- Churn Risk: No"
15952.0,4,4,351.68250000000006,33,1.0,1,0,Occasional Customers,"
       Customer Profile:
- Orders: 4
- Active Months: 4
- Avg Order Value: 351.68
- Recency: 33
- Frequency: 1.0
- Cluster: 1
- Churn Risk: No"
15953.0,8,6,240.6925,15,1.3333333333333333,1,0,Occasional Customers,"
       Customer Profile:
- Orders: 8
- Active Months: 6
- Avg Order Value: 240.69
- Recency: 15
- Frequency: 1.3333333333333333
- Cluster: 1
- Churn Risk: No"
15955.0,14,7,302.6392857142857,24,2.0,2,0,Frequent Customers,"
       Customer Profile:
- Orders: 14
- Active Months: 7
- Avg Order Value: 302.64
- Recency: 24
- Frequency: 2.0
- Cluster: 2
- Churn Risk: No"
15957.0,1,1,399.04,31,1.0,1,0,Occasional Customers,"
       Customer Profile:
- Orders: 1
- Active Months: 1
- Avg Order Value: 399.04
- Recency: 31
- Frequency: 1.0
- Cluster: 1
- Churn Risk: No"
15958.0,1,1,87.85,74,1.0,1,0,Occasional Customers,"
       Customer Profile:
- Orders: 1
- Active Months: 1
- Avg Order Value: 87.85
- Recency: 74
- Frequency: 1.0
- Cluster: 1
- Churn Risk: No"
15963.0,2,2,503.26,19,1.0,1,0,Occasional Customers,"
       Customer Profile:
- Orders: 2
- Active Months: 2
- Avg Order Value: 503.26
- Recency: 19
- Frequency: 1.0
- Cluster: 1
- Churn Risk: No"
15965.0,4,2,561.245,17,2.0,1,0,Occasional Customers,"
       Customer Profile:
- Orders: 4
- Active Months: 2
- Avg Order Value: 561.25
- Recency: 17
- Frequency: 2.0
- Cluster: 1
- Churn Risk: No"
15967.0,2,2,176.14,23,1.0,1,0,Occasional Customers,"
       Customer Profile:
- Orders: 2
- Active Months: 2
- Avg Order Value: 176.14
- Recency: 23
- Frequency: 1.0
- Cluster: 1
- Churn Risk: No"
15969.0,3,3,90.90000000000002,2,1.0,1,0,Occasional Customers,"
       Customer Profile:
- Orders: 3
- Active Months: 3
- Avg Order Value: 90.90
- Recency: 2
- Frequency: 1.0
- Cluster: 1
- Churn Risk: No"
15970.0,1,1,314.1,303,1.0,0,1,Dormant Customers,"
       Customer Profile:
- Orders: 1
- Active Months: 1
- Avg Order Value: 314.10
- Recency: 303
- Frequency: 1.0
- Cluster: 0
- Churn Risk: Yes"
15971.0,12,8,141.08166666666668,17,1.5,2,0,Frequent Customers,"
       Customer Profile:
- Orders: 12
- Active Months: 8
- Avg Order Value: 141.08
- Recency: 17
- Frequency: 1.5
- Cluster: 2
- Churn Risk: No"
15973.0,1,1,378.12,366,1.0,0,1,Dormant Customers,"
       Customer Profile:
- Orders: 1
- Active Months: 1
- Avg Order Value: 378.12
- Recency: 366
- Frequency: 1.0
- Cluster: 0
- Churn Risk: Yes"
15974.0,7,7,617.2314285714285,39,1.0,1,0,Occasional Customers,"
       Customer Profile:
- Orders: 7
- Active Months: 7
- Avg Order Value: 617.23
- Recency: 39
- Frequency: 1.0
- Cluster: 1
- Churn Risk: No"
15975.0,1,1,371.01,84,1.0,1,0,Occasional Customers,"
       Customer Profile:
- Orders: 1
- Active Months: 1
- Avg Order Value: 371.01
- Recency: 84
- Frequency: 1.0
- Cluster: 1
- Churn Risk: No"
15976.0,2,2,392.765,165,1.0,0,0,Dormant Customers,"
       Customer Profile:
- Orders: 2
- Active Months: 2
- Avg Order Value: 392.76
- Recency: 165
- Frequency: 1.0
- Cluster: 0
- Churn Risk: No"
15977.0,2,2,617.96,17,1.0,1,0,Occasional Customers,"
       Customer Profile:
- Orders: 2
- Active Months: 2
- Avg Order Value: 617.96
- Recency: 17
- Frequency: 1.0
- Cluster: 1
- Churn Risk: No"
15978.0,1,1,995.77,77,1.0,1,0,Occasional Customers,"
       Customer Profile:
- Orders: 1
- Active Months: 1
- Avg Order Value: 995.77
- Recency: 77
- Frequency: 1.0
- Cluster: 1
- Churn Risk: No"
15980.0,3,2,598.1966666666666,88,1.5,1,0,Occasional Customers,"
       Customer Profile:
- Orders: 3
- Active Months: 2
- Avg Order Value: 598.20
- Recency: 88
- Frequency: 1.5
- Cluster: 1
- Churn Risk: No"
15981.0,8,8,431.77,24,1.0,1,0,Occasional Customers,"
       Customer Profile:
- Orders: 8
- Active Months: 8
- Avg Order Value: 431.77
- Recency: 24
- Frequency: 1.0
- Cluster: 1
- Churn Risk: No"
15983.0,4,2,328.4425,22,2.0,1,0,Occasional Customers,"
       Customer Profile:
- Orders: 4
- Active Months: 2
- Avg Order Value: 328.44
- Recency: 22
- Frequency: 2.0
- Cluster: 1
- Churn Risk: No"
15984.0,10,8,288.639,2,1.25,2,0,Frequent Customers,"
       Customer Profile:
- Orders: 10
- Active Months: 8
- Avg Order Value: 288.64
- Recency: 2
- Frequency: 1.25
- Cluster: 2
- Churn Risk: No"
15985.0,2,2,1071.17,123,1.0,1,0,Occasional Customers,"
       Customer Profile:
- Orders: 2
- Active Months: 2
- Avg Order Value: 1071.17
- Recency: 123
- Frequency: 1.0
- Cluster: 1
- Churn Risk: No"
15986.0,1,1,155.01,30,1.0,1,0,Occasional Customers,"
       Customer Profile:
- Orders: 1
- Active Months: 1
- Avg Order Value: 155.01
- Recency: 30
- Frequency: 1.0
- Cluster: 1
- Churn Risk: No"
15987.0,7,5,131.65,12,1.4,1,0,Occasional Customers,"
       Customer Profile:
- Orders: 7
- Active Months: 5
- Avg Order Value: 131.65
- Recency: 12
- Frequency: 1.4
- Cluster: 1
- Churn Risk: No"
15988.0,1,1,452.84,19,1.0,1,0,Occasional Customers,"
       Customer Profile:
- Orders: 1
- Active Months: 1
- Avg Order Value: 452.84
- Recency: 19
- Frequency: 1.0
- Cluster: 1
- Churn Risk: No"
15990.0,2,2,322.255,44,1.0,1,0,Occasional Customers,"
       Customer Profile:
- Orders: 2
- Active Months: 2
- Avg Order Value: 322.25
- Recency: 44
- Frequency: 1.0
- Cluster: 1
- Churn Risk: No"
15992.0,1,1,54.08,3,1.0,1,0,Occasional Customers,"
       Customer Profile:
- Orders: 1
- Active Months: 1
- Avg Order Value: 54.08
- Recency: 3
- Frequency: 1.0
- Cluster: 1
- Churn Risk: No"
15993.0,6,3,433.9866666666667,8,2.0,1,0,Occasional Customers,"
       Customer Profile:
- Orders: 6
- Active Months: 3
- Avg Order Value: 433.99
- Recency: 8
- Frequency: 2.0
- Cluster: 1
- Churn Risk: No"
15994.0,1,1,752.24,54,1.0,1,0,Occasional Customers,"
       Customer Profile:
- Orders: 1
- Active Months: 1
- Avg Order Value: 752.24
- Recency: 54
- Frequency: 1.0
- Cluster: 1
- Churn Risk: No"
15996.0,6,6,481.535,88,1.0,1,0,Occasional Customers,"
       Customer Profile:
- Orders: 6
- Active Months: 6
- Avg Order Value: 481.54
- Recency: 88
- Frequency: 1.0
- Cluster: 1
- Churn Risk: No"
15998.0,5,5,634.016,36,1.0,1,0,Occasional Customers,"
       Customer Profile:
- Orders: 5
- Active Months: 5
- Avg Order Value: 634.02
- Recency: 36
- Frequency: 1.0
- Cluster: 1
- Churn Risk: No"
16000.0,2,1,226.26,2,2.0,1,0,Occasional Customers,"
       Customer Profile:
- Orders: 2
- Active Months: 1
- Avg Order Value: 226.26
- Recency: 2
- Frequency: 2.0
- Cluster: 1
- Churn Risk: No"
16003.0,5,4,340.294,29,1.25,1,0,Occasional Customers,"
       Customer Profile:
- Orders: 5
- Active Months: 4
- Avg Order Value: 340.29
- Recency: 29
- Frequency: 1.25
- Cluster: 1
- Churn Risk: No"
16005.0,4,3,183.14,12,1.3333333333333333,1,0,Occasional Customers,"
       Customer Profile:
- Orders: 4
- Active Months: 3
- Avg Order Value: 183.14
- Recency: 12
- Frequency: 1.3333333333333333
- Cluster: 1
- Churn Risk: No"
16006.0,1,1,101.4,211,1.0,0,1,Dormant Customers,"
       Customer Profile:
- Orders: 1
- Active Months: 1
- Avg Order Value: 101.40
- Recency: 211
- Frequency: 1.0
- Cluster: 0
- Churn Risk: Yes"
16007.0,4,3,1813.5925,47,1.3333333333333333,1,0,Occasional Customers,"
       Customer Profile:
- Orders: 4
- Active Months: 3
- Avg Order Value: 1813.59
- Recency: 47
- Frequency: 1.3333333333333333
- Cluster: 1
- Churn Risk: No"
16008.0,3,3,210.11666666666667,23,1.0,1,0,Occasional Customers,"
       Customer Profile:
- Orders: 3
- Active Months: 3
- Avg Order Value: 210.12
- Recency: 23
- Frequency: 1.0
- Cluster: 1
- Churn Risk: No"
16009.0,4,3,354.5,22,1.3333333333333333,1,0,Occasional Customers,"
       Customer Profile:
- Orders: 4
- Active Months: 3
- Avg Order Value: 354.50
- Recency: 22
- Frequency: 1.3333333333333333
- Cluster: 1
- Churn Risk: No"
16010.0,3,2,222.01666666666668,245,1.5,0,1,Dormant Customers,"
       Customer Profile:
- Orders: 3
- Active Months: 2
- Avg Order Value: 222.02
- Recency: 245
- Frequency: 1.5
- Cluster: 0
- Churn Risk: Yes"
16011.0,16,11,288.86625,8,1.4545454545454546,2,0,Frequent Customers,"
       Customer Profile:
- Orders: 16
- Active Months: 11
- Avg Order Value: 288.87
- Recency: 8
- Frequency: 1.4545454545454546
- Cluster: 2
- Churn Risk: No"
16012.0,3,3,353.40000000000003,35,1.0,1,0,Occasional Customers,"
       Customer Profile:
- Orders: 3
- Active Months: 3
- Avg Order Value: 353.40
- Recency: 35
- Frequency: 1.0
- Cluster: 1
- Churn Risk: No"
16013.0,47,13,194.24978723404251,3,3.0,2,0,Frequent Customers,"
       Customer Profile:
- Orders: 47
- Active Months: 13
- Avg Order Value: 194.25
- Recency: 3
- Frequency: 3.0
- Cluster: 2
- Churn Risk: No"
16014.0,3,3,331.07,37,1.0,1,0,Occasional Customers,"
       Customer Profile:
- Orders: 3
- Active Months: 3
- Avg Order Value: 331.07
- Recency: 37
- Frequency: 1.0
- Cluster: 1
- Churn Risk: No"
16015.0,3,3,311.92333333333335,3,1.0,1,0,Occasional Customers,"
       Customer Profile:
- Orders: 3
- Active Months: 3
- Avg Order Value: 311.92
- Recency: 3
- Frequency: 1.0
- Cluster: 1
- Churn Risk: No"
16016.0,8,6,399.2775,3,1.3333333333333333,1,0,Occasional Customers,"
       Customer Profile:
- Orders: 8
- Active Months: 6
- Avg Order Value: 399.28
- Recency: 3
- Frequency: 1.3333333333333333
- Cluster: 1
- Churn Risk: No"
16017.0,1,1,516.09,47,1.0,1,0,Occasional Customers,"
       Customer Profile:
- Orders: 1
- Active Months: 1
- Avg Order Value: 516.09
- Recency: 47
- Frequency: 1.0
- Cluster: 1
- Churn Risk: No"
16018.0,2,2,862.735,39,1.0,1,0,Occasional Customers,"
       Customer Profile:
- Orders: 2
- Active Months: 2
- Avg Order Value: 862.74
- Recency: 39
- Frequency: 1.0
- Cluster: 1
- Churn Risk: No"
16019.0,9,7,406.19666666666666,46,1.2857142857142858,1,0,Occasional Customers,"
       Customer Profile:
- Orders: 9
- Active Months: 7
- Avg Order Value: 406.20
- Recency: 46
- Frequency: 1.2857142857142858
- Cluster: 1
- Churn Risk: No"
16020.0,3,2,258.61999999999995,16,1.5,1,0,Occasional Customers,"
       Customer Profile:
- Orders: 3
- Active Months: 2
- Avg Order Value: 258.62
- Recency: 16
- Frequency: 1.5
- Cluster: 1
- Churn Risk: No"
16022.0,1,1,532.28,260,1.0,0,1,Dormant Customers,"
       Customer Profile:
- Orders: 1
- Active Months: 1
- Avg Order Value: 532.28
- Recency: 260
- Frequency: 1.0
- Cluster: 0
- Churn Risk: Yes"
16023.0,3,3,182.95333333333332,46,1.0,1,0,Occasional Customers,"
       Customer Profile:
- Orders: 3
- Active Months: 3
- Avg Order Value: 182.95
- Recency: 46
- Frequency: 1.0
- Cluster: 1
- Churn Risk: No"
16024.0,1,1,486.58,12,1.0,1,0,Occasional Customers,"
       Customer Profile:
- Orders: 1
- Active Months: 1
- Avg Order Value: 486.58
- Recency: 12
- Frequency: 1.0
- Cluster: 1
- Churn Risk: No"
16025.0,1,1,423.16,29,1.0,1,0,Occasional Customers,"
       Customer Profile:
- Orders: 1
- Active Months: 1
- Avg Order Value: 423.16
- Recency: 29
- Frequency: 1.0
- Cluster: 1
- Churn Risk: No"
16026.0,1,1,236.09,43,1.0,1,0,Occasional Customers,"
       Customer Profile:
- Orders: 1
- Active Months: 1
- Avg Order Value: 236.09
- Recency: 43
- Frequency: 1.0
- Cluster: 1
- Churn Risk: No"
16027.0,6,5,33.336666666666666,91,1.2,1,0,Occasional Customers,"
       Customer Profile:
- Orders: 6
- Active Months: 5
- Avg Order Value: 33.34
- Recency: 91
- Frequency: 1.2
- Cluster: 1
- Churn Risk: No"
16029.0,62,12,285.6541935483871,38,3.0,2,0,Frequent Customers,"
       Customer Profile:
- Orders: 62
- Active Months: 12
- Avg Order Value: 285.65
- Recency: 38
- Frequency: 3.0
- Cluster: 2
- Churn Risk: No"
16030.0,1,1,320.68,309,1.0,0,1,Dormant Customers,"
       Customer Profile:
- Orders: 1
- Active Months: 1
- Avg Order Value: 320.68
- Recency: 309
- Frequency: 1.0
- Cluster: 0
- Churn Risk: Yes"
16031.0,2,2,217.025,92,1.0,1,0,Occasional Customers,"
       Customer Profile:
- Orders: 2
- Active Months: 2
- Avg Order Value: 217.03
- Recency: 92
- Frequency: 1.0
- Cluster: 1
- Churn Risk: No"
16033.0,20,13,481.77,5,1.5384615384615383,2,0,Frequent Customers,"
       Customer Profile:
- Orders: 20
- Active Months: 13
- Avg Order Value: 481.77
- Recency: 5
- Frequency: 1.5384615384615383
- Cluster: 2
- Churn Risk: No"
16034.0,3,2,189.25,196,1.5,0,1,Dormant Customers,"
       Customer Profile:
- Orders: 3
- Active Months: 2
- Avg Order Value: 189.25
- Recency: 196
- Frequency: 1.5
- Cluster: 0
- Churn Risk: Yes"
16036.0,2,2,577.8499999999999,87,1.0,1,0,Occasional Customers,"
       Customer Profile:
- Orders: 2
- Active Months: 2
- Avg Order Value: 577.85
- Recency: 87
- Frequency: 1.0
- Cluster: 1
- Churn Risk: No"
16037.0,3,3,225.14,269,1.0,0,1,Dormant Customers,"
       Customer Profile:
- Orders: 3
- Active Months: 3
- Avg Order Value: 225.14
- Recency: 269
- Frequency: 1.0
- Cluster: 0
- Churn Risk: Yes"
16038.0,3,3,236.3766666666667,7,1.0,1,0,Occasional Customers,"
       Customer Profile:
- Orders: 3
- Active Months: 3
- Avg Order Value: 236.38
- Recency: 7
- Frequency: 1.0
- Cluster: 1
- Churn Risk: No"
16040.0,3,3,350.96000000000004,65,1.0,1,0,Occasional Customers,"
       Customer Profile:
- Orders: 3
- Active Months: 3
- Avg Order Value: 350.96
- Recency: 65
- Frequency: 1.0
- Cluster: 1
- Churn Risk: No"
16041.0,3,2,156.51,30,1.5,1,0,Occasional Customers,"
       Customer Profile:
- Orders: 3
- Active Months: 2
- Avg Order Value: 156.51
- Recency: 30
- Frequency: 1.5
- Cluster: 1
- Churn Risk: No"
16042.0,5,4,222.564,22,1.25,1,0,Occasional Customers,"
       Customer Profile:
- Orders: 5
- Active Months: 4
- Avg Order Value: 222.56
- Recency: 22
- Frequency: 1.25
- Cluster: 1
- Churn Risk: No"
16043.0,4,4,225.485,37,1.0,1,0,Occasional Customers,"
       Customer Profile:
- Orders: 4
- Active Months: 4
- Avg Order Value: 225.49
- Recency: 37
- Frequency: 1.0
- Cluster: 1
- Churn Risk: No"
16045.0,4,4,283.35,119,1.0,1,0,Occasional Customers,"
       Customer Profile:
- Orders: 4
- Active Months: 4
- Avg Order Value: 283.35
- Recency: 119
- Frequency: 1.0
- Cluster: 1
- Churn Risk: No"
16048.0,2,1,128.22000000000003,368,2.0,0,1,Dormant Customers,"
       Customer Profile:
- Orders: 2
- Active Months: 1
- Avg Order Value: 128.22
- Recency: 368
- Frequency: 2.0
- Cluster: 0
- Churn Risk: Yes"
16049.0,3,2,487.24,40,1.5,1,0,Occasional Customers,"
       Customer Profile:
- Orders: 3
- Active Months: 2
- Avg Order Value: 487.24
- Recency: 40
- Frequency: 1.5
- Cluster: 1
- Churn Risk: No"
16050.0,1,1,207.88,173,1.0,0,0,Dormant Customers,"
       Customer Profile:
- Orders: 1
- Active Months: 1
- Avg Order Value: 207.88
- Recency: 173
- Frequency: 1.0
- Cluster: 0
- Churn Risk: No"
16052.0,1,1,628.14,54,1.0,1,0,Occasional Customers,"
       Customer Profile:
- Orders: 1
- Active Months: 1
- Avg Order Value: 628.14
- Recency: 54
- Frequency: 1.0
- Cluster: 1
- Churn Risk: No"
16053.0,2,2,677.185,32,1.0,1,0,Occasional Customers,"
       Customer Profile:
- Orders: 2
- Active Months: 2
- Avg Order Value: 677.18
- Recency: 32
- Frequency: 1.0
- Cluster: 1
- Churn Risk: No"
16054.0,1,1,1239.8,145,1.0,1,0,Occasional Customers,"
       Customer Profile:
- Orders: 1
- Active Months: 1
- Avg Order Value: 1239.80
- Recency: 145
- Frequency: 1.0
- Cluster: 1
- Churn Risk: No"
16055.0,1,1,234.0,220,1.0,0,1,Dormant Customers,"
       Customer Profile:
- Orders: 1
- Active Months: 1
- Avg Order Value: 234.00
- Recency: 220
- Frequency: 1.0
- Cluster: 0
- Churn Risk: Yes"
16056.0,1,1,508.8,45,1.0,1,0,Occasional Customers,"
       Customer Profile:
- Orders: 1
- Active Months: 1
- Avg Order Value: 508.80
- Recency: 45
- Frequency: 1.0
- Cluster: 1
- Churn Risk: No"
16057.0,7,4,348.5942857142857,16,1.75,1,0,Occasional Customers,"
       Customer Profile:
- Orders: 7
- Active Months: 4
- Avg Order Value: 348.59
- Recency: 16
- Frequency: 1.75
- Cluster: 1
- Churn Risk: No"
16059.0,6,6,239.135,65,1.0,1,0,Occasional Customers,"
       Customer Profile:
- Orders: 6
- Active Months: 6
- Avg Order Value: 239.13
- Recency: 65
- Frequency: 1.0
- Cluster: 1
- Churn Risk: No"
16062.0,4,4,250.2625,9,1.0,1,0,Occasional Customers,"
       Customer Profile:
- Orders: 4
- Active Months: 4
- Avg Order Value: 250.26
- Recency: 9
- Frequency: 1.0
- Cluster: 1
- Churn Risk: No"
16063.0,1,1,335.32,260,1.0,0,1,Dormant Customers,"
       Customer Profile:
- Orders: 1
- Active Months: 1
- Avg Order Value: 335.32
- Recency: 260
- Frequency: 1.0
- Cluster: 0
- Churn Risk: Yes"
16065.0,1,1,340.79,365,1.0,0,1,Dormant Customers,"
       Customer Profile:
- Orders: 1
- Active Months: 1
- Avg Order Value: 340.79
- Recency: 365
- Frequency: 1.0
- Cluster: 0
- Churn Risk: Yes"
16066.0,5,3,438.486,16,1.6666666666666667,1,0,Occasional Customers,"
       Customer Profile:
- Orders: 5
- Active Months: 3
- Avg Order Value: 438.49
- Recency: 16
- Frequency: 1.6666666666666667
- Cluster: 1
- Churn Risk: No"
16070.0,2,1,769.5,22,2.0,1,0,Occasional Customers,"
       Customer Profile:
- Orders: 2
- Active Months: 1
- Avg Order Value: 769.50
- Recency: 22
- Frequency: 2.0
- Cluster: 1
- Churn Risk: No"
16071.0,1,1,299.29,44,1.0,1,0,Occasional Customers,"
       Customer Profile:
- Orders: 1
- Active Months: 1
- Avg Order Value: 299.29
- Recency: 44
- Frequency: 1.0
- Cluster: 1
- Churn Risk: No"
16072.0,1,1,141.93,288,1.0,0,1,Dormant Customers,"
       Customer Profile:
- Orders: 1
- Active Months: 1
- Avg Order Value: 141.93
- Recency: 288
- Frequency: 1.0
- Cluster: 0
- Churn Risk: Yes"
16073.0,1,1,68.85,297,1.0,0,1,Dormant Customers,"
       Customer Profile:
- Orders: 1
- Active Months: 1
- Avg Order Value: 68.85
- Recency: 297
- Frequency: 1.0
- Cluster: 0
- Churn Risk: Yes"
16076.0,10,7,253.06800000000004,3,1.4285714285714286,2,0,Frequent Customers,"
       Customer Profile:
- Orders: 10
- Active Months: 7
- Avg Order Value: 253.07
- Recency: 3
- Frequency: 1.4285714285714286
- Cluster: 2
- Churn Risk: No"
16078.0,1,1,79.2,283,1.0,0,1,Dormant Customers,"
       Customer Profile:
- Orders: 1
- Active Months: 1
- Avg Order Value: 79.20
- Recency: 283
- Frequency: 1.0
- Cluster: 0
- Churn Risk: Yes"
16079.0,3,2,292.51,16,1.5,1,0,Occasional Customers,"
       Customer Profile:
- Orders: 3
- Active Months: 2
- Avg Order Value: 292.51
- Recency: 16
- Frequency: 1.5
- Cluster: 1
- Churn Risk: No"
16080.0,2,2,108.58,81,1.0,1,0,Occasional Customers,"
       Customer Profile:
- Orders: 2
- Active Months: 2
- Avg Order Value: 108.58
- Recency: 81
- Frequency: 1.0
- Cluster: 1
- Churn Risk: No"
16081.0,5,5,620.96,56,1.0,1,0,Occasional Customers,"
       Customer Profile:
- Orders: 5
- Active Months: 5
- Avg Order Value: 620.96
- Recency: 56
- Frequency: 1.0
- Cluster: 1
- Churn Risk: No"
16083.0,2,2,488.155,100,1.0,1,0,Occasional Customers,"
       Customer Profile:
- Orders: 2
- Active Months: 2
- Avg Order Value: 488.15
- Recency: 100
- Frequency: 1.0
- Cluster: 1
- Churn Risk: No"
16084.0,1,1,795.16,299,1.0,0,1,Dormant Customers,"
       Customer Profile:
- Orders: 1
- Active Months: 1
- Avg Order Value: 795.16
- Recency: 299
- Frequency: 1.0
- Cluster: 0
- Churn Risk: Yes"
16085.0,5,5,287.474,23,1.0,1,0,Occasional Customers,"
       Customer Profile:
- Orders: 5
- Active Months: 5
- Avg Order Value: 287.47
- Recency: 23
- Frequency: 1.0
- Cluster: 1
- Churn Risk: No"
16086.0,5,5,190.402,59,1.0,1,0,Occasional Customers,"
       Customer Profile:
- Orders: 5
- Active Months: 5
- Avg Order Value: 190.40
- Recency: 59
- Frequency: 1.0
- Cluster: 1
- Churn Risk: No"
16091.0,2,2,157.53,154,1.0,0,0,Dormant Customers,"
       Customer Profile:
- Orders: 2
- Active Months: 2
- Avg Order Value: 157.53
- Recency: 154
- Frequency: 1.0
- Cluster: 0
- Churn Risk: No"
16092.0,3,3,250.85333333333327,114,1.0,1,0,Occasional Customers,"
       Customer Profile:
- Orders: 3
- Active Months: 3
- Avg Order Value: 250.85
- Recency: 114
- Frequency: 1.0
- Cluster: 1
- Churn Risk: No"
16093.0,1,1,22.6365,106,1.0,1,0,Occasional Customers,"
       Customer Profile:
- Orders: 1
- Active Months: 1
- Avg Order Value: 22.64
- Recency: 106
- Frequency: 1.0
- Cluster: 1
- Churn Risk: No"
16094.0,4,2,211.9825,11,2.0,1,0,Occasional Customers,"
       Customer Profile:
- Orders: 4
- Active Months: 2
- Avg Order Value: 211.98
- Recency: 11
- Frequency: 2.0
- Cluster: 1
- Churn Risk: No"
16096.0,1,1,249.24,264,1.0,0,1,Dormant Customers,"
       Customer Profile:
- Orders: 1
- Active Months: 1
- Avg Order Value: 249.24
- Recency: 264
- Frequency: 1.0
- Cluster: 0
- Churn Risk: Yes"
16097.0,1,1,110.4,240,1.0,0,1,Dormant Customers,"
       Customer Profile:
- Orders: 1
- Active Months: 1
- Avg Order Value: 110.40
- Recency: 240
- Frequency: 1.0
- Cluster: 0
- Churn Risk: Yes"
16098.0,7,7,205.55571428571423,87,1.0,1,0,Occasional Customers,"
       Customer Profile:
- Orders: 7
- Active Months: 7
- Avg Order Value: 205.56
- Recency: 87
- Frequency: 1.0
- Cluster: 1
- Churn Risk: No"
16099.0,3,3,243.9666666666667,50,1.0,1,0,Occasional Customers,"
       Customer Profile:
- Orders: 3
- Active Months: 3
- Avg Order Value: 243.97
- Recency: 50
- Frequency: 1.0
- Cluster: 1
- Churn Risk: No"
16101.0,1,1,1246.7,70,1.0,1,0,Occasional Customers,"
       Customer Profile:
- Orders: 1
- Active Months: 1
- Avg Order Value: 1246.70
- Recency: 70
- Frequency: 1.0
- Cluster: 1
- Churn Risk: No"
16102.0,3,3,537.1133333333333,42,1.0,1,0,Occasional Customers,"
       Customer Profile:
- Orders: 3
- Active Months: 3
- Avg Order Value: 537.11
- Recency: 42
- Frequency: 1.0
- Cluster: 1
- Churn Risk: No"
16103.0,4,4,358.50750000000005,79,1.0,1,0,Occasional Customers,"
       Customer Profile:
- Orders: 4
- Active Months: 4
- Avg Order Value: 358.51
- Recency: 79
- Frequency: 1.0
- Cluster: 1
- Churn Risk: No"
16104.0,1,1,478.82,61,1.0,1,0,Occasional Customers,"
       Customer Profile:
- Orders: 1
- Active Months: 1
- Avg Order Value: 478.82
- Recency: 61
- Frequency: 1.0
- Cluster: 1
- Churn Risk: No"
16105.0,1,1,233.37,248,1.0,0,1,Dormant Customers,"
       Customer Profile:
- Orders: 1
- Active Months: 1
- Avg Order Value: 233.37
- Recency: 248
- Frequency: 1.0
- Cluster: 0
- Churn Risk: Yes"
16106.0,1,1,108.38,65,1.0,1,0,Occasional Customers,"
       Customer Profile:
- Orders: 1
- Active Months: 1
- Avg Order Value: 108.38
- Recency: 65
- Frequency: 1.0
- Cluster: 1
- Churn Risk: No"
16107.0,7,6,414.9485714285715,17,1.1666666666666667,1,0,Occasional Customers,"
       Customer Profile:
- Orders: 7
- Active Months: 6
- Avg Order Value: 414.95
- Recency: 17
- Frequency: 1.1666666666666667
- Cluster: 1
- Churn Risk: No"
16108.0,1,1,819.41,84,1.0,1,0,Occasional Customers,"
       Customer Profile:
- Orders: 1
- Active Months: 1
- Avg Order Value: 819.41
- Recency: 84
- Frequency: 1.0
- Cluster: 1
- Churn Risk: No"
16109.0,2,2,166.52999999999997,218,1.0,0,1,Dormant Customers,"
       Customer Profile:
- Orders: 2
- Active Months: 2
- Avg Order Value: 166.53
- Recency: 218
- Frequency: 1.0
- Cluster: 0
- Churn Risk: Yes"
16110.0,3,3,410.7166666666667,45,1.0,1,0,Occasional Customers,"
       Customer Profile:
- Orders: 3
- Active Months: 3
- Avg Order Value: 410.72
- Recency: 45
- Frequency: 1.0
- Cluster: 1
- Churn Risk: No"
16112.0,4,2,48.095,143,2.0,1,0,Occasional Customers,"
       Customer Profile:
- Orders: 4
- Active Months: 2
- Avg Order Value: 48.09
- Recency: 143
- Frequency: 2.0
- Cluster: 1
- Churn Risk: No"
16113.0,1,1,127.16,183,1.0,0,1,Dormant Customers,"
       Customer Profile:
- Orders: 1
- Active Months: 1
- Avg Order Value: 127.16
- Recency: 183
- Frequency: 1.0
- Cluster: 0
- Churn Risk: Yes"
16114.0,1,1,135.75000000000003,170,1.0,0,0,Dormant Customers,"
       Customer Profile:
- Orders: 1
- Active Months: 1
- Avg Order Value: 135.75
- Recency: 170
- Frequency: 1.0
- Cluster: 0
- Churn Risk: No"
16115.0,8,8,461.9425,9,1.0,1,0,Occasional Customers,"
       Customer Profile:
- Orders: 8
- Active Months: 8
- Avg Order Value: 461.94
- Recency: 9
- Frequency: 1.0
- Cluster: 1
- Churn Risk: No"
16116.0,1,1,446.98,211,1.0,0,1,Dormant Customers,"
       Customer Profile:
- Orders: 1
- Active Months: 1
- Avg Order Value: 446.98
- Recency: 211
- Frequency: 1.0
- Cluster: 0
- Churn Risk: Yes"
16117.0,1,1,195.31,189,1.0,0,1,Dormant Customers,"
       Customer Profile:
- Orders: 1
- Active Months: 1
- Avg Order Value: 195.31
- Recency: 189
- Frequency: 1.0
- Cluster: 0
- Churn Risk: Yes"
16119.0,2,2,204.255,8,1.0,1,0,Occasional Customers,"
       Customer Profile:
- Orders: 2
- Active Months: 2
- Avg Order Value: 204.25
- Recency: 8
- Frequency: 1.0
- Cluster: 1
- Churn Risk: No"
16120.0,4,1,238.7575,59,3.0,2,0,Frequent Customers,"
       Customer Profile:
- Orders: 4
- Active Months: 1
- Avg Order Value: 238.76
- Recency: 59
- Frequency: 3.0
- Cluster: 2
- Churn Risk: No"
16121.0,2,2,813.815,57,1.0,1,0,Occasional Customers,"
       Customer Profile:
- Orders: 2
- Active Months: 2
- Avg Order Value: 813.82
- Recency: 57
- Frequency: 1.0
- Cluster: 1
- Churn Risk: No"
16122.0,4,4,250.2525,73,1.0,1,0,Occasional Customers,"
       Customer Profile:
- Orders: 4
- Active Months: 4
- Avg Order Value: 250.25
- Recency: 73
- Frequency: 1.0
- Cluster: 1
- Churn Risk: No"
16123.0,1,1,254.88,51,1.0,1,0,Occasional Customers,"
       Customer Profile:
- Orders: 1
- Active Months: 1
- Avg Order Value: 254.88
- Recency: 51
- Frequency: 1.0
- Cluster: 1
- Churn Risk: No"
16124.0,1,1,226.8,317,1.0,0,1,Dormant Customers,"
       Customer Profile:
- Orders: 1
- Active Months: 1
- Avg Order Value: 226.80
- Recency: 317
- Frequency: 1.0
- Cluster: 0
- Churn Risk: Yes"
16125.0,1,1,273.45,367,1.0,0,1,Dormant Customers,"
       Customer Profile:
- Orders: 1
- Active Months: 1
- Avg Order Value: 273.45
- Recency: 367
- Frequency: 1.0
- Cluster: 0
- Churn Risk: Yes"
16126.0,4,4,1355.9725,29,1.0,1,0,Occasional Customers,"
       Customer Profile:
- Orders: 4
- Active Months: 4
- Avg Order Value: 1355.97
- Recency: 29
- Frequency: 1.0
- Cluster: 1
- Churn Risk: No"
16127.0,1,1,1968.75,39,1.0,1,0,Occasional Customers,"
       Customer Profile:
- Orders: 1
- Active Months: 1
- Avg Order Value: 1968.75
- Recency: 39
- Frequency: 1.0
- Cluster: 1
- Churn Risk: No"
16128.0,5,4,363.854,17,1.25,1,0,Occasional Customers,"
       Customer Profile:
- Orders: 5
- Active Months: 4
- Avg Order Value: 363.85
- Recency: 17
- Frequency: 1.25
- Cluster: 1
- Churn Risk: No"
16131.0,5,4,529.606,51,1.25,1,0,Occasional Customers,"
       Customer Profile:
- Orders: 5
- Active Months: 4
- Avg Order Value: 529.61
- Recency: 51
- Frequency: 1.25
- Cluster: 1
- Churn Risk: No"
16133.0,33,11,534.6784848484848,3,3.0,2,0,Frequent Customers,"
       Customer Profile:
- Orders: 33
- Active Months: 11
- Avg Order Value: 534.68
- Recency: 3
- Frequency: 3.0
- Cluster: 2
- Churn Risk: No"
16134.0,2,2,293.145,21,1.0,1,0,Occasional Customers,"
       Customer Profile:
- Orders: 2
- Active Months: 2
- Avg Order Value: 293.14
- Recency: 21
- Frequency: 1.0
- Cluster: 1
- Churn Risk: No"
16135.0,1,1,313.7,262,1.0,0,1,Dormant Customers,"
       Customer Profile:
- Orders: 1
- Active Months: 1
- Avg Order Value: 313.70
- Recency: 262
- Frequency: 1.0
- Cluster: 0
- Churn Risk: Yes"
16136.0,3,3,184.3166666666667,59,1.0,1,0,Occasional Customers,"
       Customer Profile:
- Orders: 3
- Active Months: 3
- Avg Order Value: 184.32
- Recency: 59
- Frequency: 1.0
- Cluster: 1
- Churn Risk: No"
16139.0,3,3,211.8033333333333,18,1.0,1,0,Occasional Customers,"
       Customer Profile:
- Orders: 3
- Active Months: 3
- Avg Order Value: 211.80
- Recency: 18
- Frequency: 1.0
- Cluster: 1
- Churn Risk: No"
16140.0,2,2,276.87,65,1.0,1,0,Occasional Customers,"
       Customer Profile:
- Orders: 2
- Active Months: 2
- Avg Order Value: 276.87
- Recency: 65
- Frequency: 1.0
- Cluster: 1
- Churn Risk: No"
16141.0,1,1,430.7000000000001,88,1.0,1,0,Occasional Customers,"
       Customer Profile:
- Orders: 1
- Active Months: 1
- Avg Order Value: 430.70
- Recency: 88
- Frequency: 1.0
- Cluster: 1
- Churn Risk: No"
16142.0,1,1,378.99,249,1.0,0,1,Dormant Customers,"
       Customer Profile:
- Orders: 1
- Active Months: 1
- Avg Order Value: 378.99
- Recency: 249
- Frequency: 1.0
- Cluster: 0
- Churn Risk: Yes"
16143.0,6,5,466.37000000000006,3,1.2,1,0,Occasional Customers,"
       Customer Profile:
- Orders: 6
- Active Months: 5
- Avg Order Value: 466.37
- Recency: 3
- Frequency: 1.2
- Cluster: 1
- Churn Risk: No"
16145.0,11,10,402.7545454545455,8,1.1,2,0,Frequent Customers,"
       Customer Profile:
- Orders: 11
- Active Months: 10
- Avg Order Value: 402.75
- Recency: 8
- Frequency: 1.1
- Cluster: 2
- Churn Risk: No"
16146.0,3,3,745.4133333333334,157,1.0,1,0,Occasional Customers,"
       Customer Profile:
- Orders: 3
- Active Months: 3
- Avg Order Value: 745.41
- Recency: 157
- Frequency: 1.0
- Cluster: 1
- Churn Risk: No"
16147.0,1,1,250.91,133,1.0,0,0,Dormant Customers,"
       Customer Profile:
- Orders: 1
- Active Months: 1
- Avg Order Value: 250.91
- Recency: 133
- Frequency: 1.0
- Cluster: 0
- Churn Risk: No"
16148.0,1,1,28.62,296,1.0,0,1,Dormant Customers,"
       Customer Profile:
- Orders: 1
- Active Months: 1
- Avg Order Value: 28.62
- Recency: 296
- Frequency: 1.0
- Cluster: 0
- Churn Risk: Yes"
16149.0,2,2,133.855,4,1.0,1,0,Occasional Customers,"
       Customer Profile:
- Orders: 2
- Active Months: 2
- Avg Order Value: 133.85
- Recency: 4
- Frequency: 1.0
- Cluster: 1
- Churn Risk: No"
16150.0,5,5,368.264,42,1.0,1,0,Occasional Customers,"
       Customer Profile:
- Orders: 5
- Active Months: 5
- Avg Order Value: 368.26
- Recency: 42
- Frequency: 1.0
- Cluster: 1
- Churn Risk: No"
16152.0,1,1,1082.9,268,1.0,0,1,Dormant Customers,"
       Customer Profile:
- Orders: 1
- Active Months: 1
- Avg Order Value: 1082.90
- Recency: 268
- Frequency: 1.0
- Cluster: 0
- Churn Risk: Yes"
16153.0,5,5,325.10600000000005,49,1.0,1,0,Occasional Customers,"
       Customer Profile:
- Orders: 5
- Active Months: 5
- Avg Order Value: 325.11
- Recency: 49
- Frequency: 1.0
- Cluster: 1
- Churn Risk: No"
16156.0,9,8,305.61,8,1.125,1,0,Occasional Customers,"
       Customer Profile:
- Orders: 9
- Active Months: 8
- Avg Order Value: 305.61
- Recency: 8
- Frequency: 1.125
- Cluster: 1
- Churn Risk: No"
16157.0,3,2,158.77666666666667,15,1.5,1,0,Occasional Customers,"
       Customer Profile:
- Orders: 3
- Active Months: 2
- Avg Order Value: 158.78
- Recency: 15
- Frequency: 1.5
- Cluster: 1
- Churn Risk: No"
16159.0,1,1,348.2,281,1.0,0,1,Dormant Customers,"
       Customer Profile:
- Orders: 1
- Active Months: 1
- Avg Order Value: 348.20
- Recency: 281
- Frequency: 1.0
- Cluster: 0
- Churn Risk: Yes"
16160.0,2,2,311.595,65,1.0,1,0,Occasional Customers,"
       Customer Profile:
- Orders: 2
- Active Months: 2
- Avg Order Value: 311.60
- Recency: 65
- Frequency: 1.0
- Cluster: 1
- Churn Risk: No"
16161.0,19,11,355.3168421052632,1,1.7272727272727273,2,0,Frequent Customers,"
       Customer Profile:
- Orders: 19
- Active Months: 11
- Avg Order Value: 355.32
- Recency: 1
- Frequency: 1.7272727272727273
- Cluster: 2
- Churn Risk: No"
16162.0,1,1,22.6365,252,1.0,0,1,Dormant Customers,"
       Customer Profile:
- Orders: 1
- Active Months: 1
- Avg Order Value: 22.64
- Recency: 252
- Frequency: 1.0
- Cluster: 0
- Churn Risk: Yes"
16163.0,2,2,355.8,232,1.0,0,1,Dormant Customers,"
       Customer Profile:
- Orders: 2
- Active Months: 2
- Avg Order Value: 355.80
- Recency: 232
- Frequency: 1.0
- Cluster: 0
- Churn Risk: Yes"
16164.0,3,2,252.19000000000003,17,1.5,1,0,Occasional Customers,"
       Customer Profile:
- Orders: 3
- Active Months: 2
- Avg Order Value: 252.19
- Recency: 17
- Frequency: 1.5
- Cluster: 1
- Churn Risk: No"
16168.0,27,11,150.34148148148148,10,2.4545454545454546,2,0,Frequent Customers,"
       Customer Profile:
- Orders: 27
- Active Months: 11
- Avg Order Value: 150.34
- Recency: 10
- Frequency: 2.4545454545454546
- Cluster: 2
- Churn Risk: No"
16169.0,4,4,715.955,8,1.0,1,0,Occasional Customers,"
       Customer Profile:
- Orders: 4
- Active Months: 4
- Avg Order Value: 715.96
- Recency: 8
- Frequency: 1.0
- Cluster: 1
- Churn Risk: No"
16170.0,6,5,285.905,50,1.2,1,0,Occasional Customers,"
       Customer Profile:
- Orders: 6
- Active Months: 5
- Avg Order Value: 285.90
- Recency: 50
- Frequency: 1.2
- Cluster: 1
- Churn Risk: No"
16171.0,1,1,73.2,59,1.0,1,0,Occasional Customers,"
       Customer Profile:
- Orders: 1
- Active Months: 1
- Avg Order Value: 73.20
- Recency: 59
- Frequency: 1.0
- Cluster: 1
- Churn Risk: No"
16172.0,5,4,484.264,95,1.25,1,0,Occasional Customers,"
       Customer Profile:
- Orders: 5
- Active Months: 4
- Avg Order Value: 484.26
- Recency: 95
- Frequency: 1.25
- Cluster: 1
- Churn Risk: No"
16173.0,6,3,320.14500000000004,15,2.0,1,0,Occasional Customers,"
       Customer Profile:
- Orders: 6
- Active Months: 3
- Avg Order Value: 320.15
- Recency: 15
- Frequency: 2.0
- Cluster: 1
- Churn Risk: No"
16174.0,3,2,123.05333333333331,126,1.5,1,0,Occasional Customers,"
       Customer Profile:
- Orders: 3
- Active Months: 2
- Avg Order Value: 123.05
- Recency: 126
- Frequency: 1.5
- Cluster: 1
- Churn Risk: No"
16175.0,4,4,450.7325,94,1.0,1,0,Occasional Customers,"
       Customer Profile:
- Orders: 4
- Active Months: 4
- Avg Order Value: 450.73
- Recency: 94
- Frequency: 1.0
- Cluster: 1
- Churn Risk: No"
16177.0,1,1,164.35,50,1.0,1,0,Occasional Customers,"
       Customer Profile:
- Orders: 1
- Active Months: 1
- Avg Order Value: 164.35
- Recency: 50
- Frequency: 1.0
- Cluster: 1
- Churn Risk: No"
16178.0,1,1,300.2,138,1.0,0,0,Dormant Customers,"
       Customer Profile:
- Orders: 1
- Active Months: 1
- Avg Order Value: 300.20
- Recency: 138
- Frequency: 1.0
- Cluster: 0
- Churn Risk: No"
16179.0,1,1,532.74,60,1.0,1,0,Occasional Customers,"
       Customer Profile:
- Orders: 1
- Active Months: 1
- Avg Order Value: 532.74
- Recency: 60
- Frequency: 1.0
- Cluster: 1
- Churn Risk: No"
16180.0,8,5,676.885,100,1.6,1,0,Occasional Customers,"
       Customer Profile:
- Orders: 8
- Active Months: 5
- Avg Order Value: 676.88
- Recency: 100
- Frequency: 1.6
- Cluster: 1
- Churn Risk: No"
16181.0,1,1,243.59,73,1.0,1,0,Occasional Customers,"
       Customer Profile:
- Orders: 1
- Active Months: 1
- Avg Order Value: 243.59
- Recency: 73
- Frequency: 1.0
- Cluster: 1
- Churn Risk: No"
16182.0,4,4,623.2025,72,1.0,1,0,Occasional Customers,"
       Customer Profile:
- Orders: 4
- Active Months: 4
- Avg Order Value: 623.20
- Recency: 72
- Frequency: 1.0
- Cluster: 1
- Churn Risk: No"
16183.0,1,1,338.71000000000004,67,1.0,1,0,Occasional Customers,"
       Customer Profile:
- Orders: 1
- Active Months: 1
- Avg Order Value: 338.71
- Recency: 67
- Frequency: 1.0
- Cluster: 1
- Churn Risk: No"
16184.0,6,5,146.89,64,1.2,1,0,Occasional Customers,"
       Customer Profile:
- Orders: 6
- Active Months: 5
- Avg Order Value: 146.89
- Recency: 64
- Frequency: 1.2
- Cluster: 1
- Churn Risk: No"
16185.0,2,2,794.33,16,1.0,1,0,Occasional Customers,"
       Customer Profile:
- Orders: 2
- Active Months: 2
- Avg Order Value: 794.33
- Recency: 16
- Frequency: 1.0
- Cluster: 1
- Churn Risk: No"
16186.0,12,8,348.8066666666667,22,1.5,2,0,Frequent Customers,"
       Customer Profile:
- Orders: 12
- Active Months: 8
- Avg Order Value: 348.81
- Recency: 22
- Frequency: 1.5
- Cluster: 2
- Churn Risk: No"
16187.0,15,8,690.8340000000001,31,1.875,2,0,Frequent Customers,"
       Customer Profile:
- Orders: 15
- Active Months: 8
- Avg Order Value: 690.83
- Recency: 31
- Frequency: 1.875
- Cluster: 2
- Churn Risk: No"
16188.0,4,3,327.505,44,1.3333333333333333,1,0,Occasional Customers,"
       Customer Profile:
- Orders: 4
- Active Months: 3
- Avg Order Value: 327.50
- Recency: 44
- Frequency: 1.3333333333333333
- Cluster: 1
- Churn Risk: No"
16189.0,2,2,79.66499999999999,15,1.0,1,0,Occasional Customers,"
       Customer Profile:
- Orders: 2
- Active Months: 2
- Avg Order Value: 79.66
- Recency: 15
- Frequency: 1.0
- Cluster: 1
- Churn Risk: No"
16190.0,1,1,224.00000000000003,40,1.0,1,0,Occasional Customers,"
       Customer Profile:
- Orders: 1
- Active Months: 1
- Avg Order Value: 224.00
- Recency: 40
- Frequency: 1.0
- Cluster: 1
- Churn Risk: No"
16191.0,13,7,324.52000000000004,2,1.8571428571428568,2,0,Frequent Customers,"
       Customer Profile:
- Orders: 13
- Active Months: 7
- Avg Order Value: 324.52
- Recency: 2
- Frequency: 1.8571428571428568
- Cluster: 2
- Churn Risk: No"
16193.0,1,1,865.38,236,1.0,0,1,Dormant Customers,"
       Customer Profile:
- Orders: 1
- Active Months: 1
- Avg Order Value: 865.38
- Recency: 236
- Frequency: 1.0
- Cluster: 0
- Churn Risk: Yes"
16198.0,1,1,572.562,75,1.0,1,0,Occasional Customers,"
       Customer Profile:
- Orders: 1
- Active Months: 1
- Avg Order Value: 572.56
- Recency: 75
- Frequency: 1.0
- Cluster: 1
- Churn Risk: No"
16200.0,2,2,427.21,4,1.0,1,0,Occasional Customers,"
       Customer Profile:
- Orders: 2
- Active Months: 2
- Avg Order Value: 427.21
- Recency: 4
- Frequency: 1.0
- Cluster: 1
- Churn Risk: No"
16201.0,4,4,570.5074999999999,3,1.0,1,0,Occasional Customers,"
       Customer Profile:
- Orders: 4
- Active Months: 4
- Avg Order Value: 570.51
- Recency: 3
- Frequency: 1.0
- Cluster: 1
- Churn Risk: No"
16202.0,1,1,247.52,360,1.0,0,1,Dormant Customers,"
       Customer Profile:
- Orders: 1
- Active Months: 1
- Avg Order Value: 247.52
- Recency: 360
- Frequency: 1.0
- Cluster: 0
- Churn Risk: Yes"
16203.0,4,4,255.525,58,1.0,1,0,Occasional Customers,"
       Customer Profile:
- Orders: 4
- Active Months: 4
- Avg Order Value: 255.53
- Recency: 58
- Frequency: 1.0
- Cluster: 1
- Churn Risk: No"
16204.0,1,1,384.18,23,1.0,1,0,Occasional Customers,"
       Customer Profile:
- Orders: 1
- Active Months: 1
- Avg Order Value: 384.18
- Recency: 23
- Frequency: 1.0
- Cluster: 1
- Churn Risk: No"
16205.0,4,3,398.31,30,1.3333333333333333,1,0,Occasional Customers,"
       Customer Profile:
- Orders: 4
- Active Months: 3
- Avg Order Value: 398.31
- Recency: 30
- Frequency: 1.3333333333333333
- Cluster: 1
- Churn Risk: No"
16206.0,4,4,279.145,54,1.0,1,0,Occasional Customers,"
       Customer Profile:
- Orders: 4
- Active Months: 4
- Avg Order Value: 279.14
- Recency: 54
- Frequency: 1.0
- Cluster: 1
- Churn Risk: No"
16207.0,1,1,310.38,25,1.0,1,0,Occasional Customers,"
       Customer Profile:
- Orders: 1
- Active Months: 1
- Avg Order Value: 310.38
- Recency: 25
- Frequency: 1.0
- Cluster: 1
- Churn Risk: No"
16208.0,2,2,267.03000000000003,44,1.0,1,0,Occasional Customers,"
       Customer Profile:
- Orders: 2
- Active Months: 2
- Avg Order Value: 267.03
- Recency: 44
- Frequency: 1.0
- Cluster: 1
- Churn Risk: No"
16209.0,5,4,575.87,88,1.25,1,0,Occasional Customers,"
       Customer Profile:
- Orders: 5
- Active Months: 4
- Avg Order Value: 575.87
- Recency: 88
- Frequency: 1.25
- Cluster: 1
- Churn Risk: No"
16210.0,17,8,516.5441176470588,1,2.125,2,0,Frequent Customers,"
       Customer Profile:
- Orders: 17
- Active Months: 8
- Avg Order Value: 516.54
- Recency: 1
- Frequency: 2.125
- Cluster: 2
- Churn Risk: No"
16211.0,1,1,329.22,88,1.0,1,0,Occasional Customers,"
       Customer Profile:
- Orders: 1
- Active Months: 1
- Avg Order Value: 329.22
- Recency: 88
- Frequency: 1.0
- Cluster: 1
- Churn Risk: No"
16212.0,2,2,534.48,19,1.0,1,0,Occasional Customers,"
       Customer Profile:
- Orders: 2
- Active Months: 2
- Avg Order Value: 534.48
- Recency: 19
- Frequency: 1.0
- Cluster: 1
- Churn Risk: No"
16213.0,1,1,82.5,78,1.0,1,0,Occasional Customers,"
       Customer Profile:
- Orders: 1
- Active Months: 1
- Avg Order Value: 82.50
- Recency: 78
- Frequency: 1.0
- Cluster: 1
- Churn Risk: No"
16214.0,3,3,225.46666666666667,170,1.0,0,0,Dormant Customers,"
       Customer Profile:
- Orders: 3
- Active Months: 3
- Avg Order Value: 225.47
- Recency: 170
- Frequency: 1.0
- Cluster: 0
- Churn Risk: No"
16215.0,1,1,186.9,80,1.0,1,0,Occasional Customers,"
       Customer Profile:
- Orders: 1
- Active Months: 1
- Avg Order Value: 186.90
- Recency: 80
- Frequency: 1.0
- Cluster: 1
- Churn Risk: No"
16216.0,1,1,1817.64,267,1.0,0,1,Dormant Customers,"
       Customer Profile:
- Orders: 1
- Active Months: 1
- Avg Order Value: 1817.64
- Recency: 267
- Frequency: 1.0
- Cluster: 0
- Churn Risk: Yes"
16217.0,2,2,144.22500000000002,235,1.0,0,1,Dormant Customers,"
       Customer Profile:
- Orders: 2
- Active Months: 2
- Avg Order Value: 144.23
- Recency: 235
- Frequency: 1.0
- Cluster: 0
- Churn Risk: Yes"
16218.0,7,6,346.95,29,1.1666666666666667,1,0,Occasional Customers,"
       Customer Profile:
- Orders: 7
- Active Months: 6
- Avg Order Value: 346.95
- Recency: 29
- Frequency: 1.1666666666666667
- Cluster: 1
- Churn Risk: No"
16221.0,3,3,235.0233333333333,36,1.0,1,0,Occasional Customers,"
       Customer Profile:
- Orders: 3
- Active Months: 3
- Avg Order Value: 235.02
- Recency: 36
- Frequency: 1.0
- Cluster: 1
- Churn Risk: No"
16222.0,1,1,620.7,318,1.0,0,1,Dormant Customers,"
       Customer Profile:
- Orders: 1
- Active Months: 1
- Avg Order Value: 620.70
- Recency: 318
- Frequency: 1.0
- Cluster: 0
- Churn Risk: Yes"
16224.0,4,3,275.03,57,1.3333333333333333,1,0,Occasional Customers,"
       Customer Profile:
- Orders: 4
- Active Months: 3
- Avg Order Value: 275.03
- Recency: 57
- Frequency: 1.3333333333333333
- Cluster: 1
- Churn Risk: No"
16225.0,5,4,215.574,44,1.25,1,0,Occasional Customers,"
       Customer Profile:
- Orders: 5
- Active Months: 4
- Avg Order Value: 215.57
- Recency: 44
- Frequency: 1.25
- Cluster: 1
- Churn Risk: No"
16226.0,3,2,74.26,203,1.5,0,1,Dormant Customers,"
       Customer Profile:
- Orders: 3
- Active Months: 2
- Avg Order Value: 74.26
- Recency: 203
- Frequency: 1.5
- Cluster: 0
- Churn Risk: Yes"
16227.0,1,1,314.22,225,1.0,0,1,Dormant Customers,"
       Customer Profile:
- Orders: 1
- Active Months: 1
- Avg Order Value: 314.22
- Recency: 225
- Frequency: 1.0
- Cluster: 0
- Churn Risk: Yes"
16229.0,2,2,418.3,87,1.0,1,0,Occasional Customers,"
       Customer Profile:
- Orders: 2
- Active Months: 2
- Avg Order Value: 418.30
- Recency: 87
- Frequency: 1.0
- Cluster: 1
- Churn Risk: No"
16230.0,2,2,508.695,189,1.0,0,1,Dormant Customers,"
       Customer Profile:
- Orders: 2
- Active Months: 2
- Avg Order Value: 508.69
- Recency: 189
- Frequency: 1.0
- Cluster: 0
- Churn Risk: Yes"
16232.0,4,3,490.6975,43,1.3333333333333333,1,0,Occasional Customers,"
       Customer Profile:
- Orders: 4
- Active Months: 3
- Avg Order Value: 490.70
- Recency: 43
- Frequency: 1.3333333333333333
- Cluster: 1
- Churn Risk: No"
16233.0,2,2,186.69,71,1.0,1,0,Occasional Customers,"
       Customer Profile:
- Orders: 2
- Active Months: 2
- Avg Order Value: 186.69
- Recency: 71
- Frequency: 1.0
- Cluster: 1
- Churn Risk: No"
16235.0,4,4,359.2175,40,1.0,1,0,Occasional Customers,"
       Customer Profile:
- Orders: 4
- Active Months: 4
- Avg Order Value: 359.22
- Recency: 40
- Frequency: 1.0
- Cluster: 1
- Churn Risk: No"
16236.0,1,1,416.3,78,1.0,1,0,Occasional Customers,"
       Customer Profile:
- Orders: 1
- Active Months: 1
- Avg Order Value: 416.30
- Recency: 78
- Frequency: 1.0
- Cluster: 1
- Churn Risk: No"
16239.0,2,2,181.6,56,1.0,1,0,Occasional Customers,"
       Customer Profile:
- Orders: 2
- Active Months: 2
- Avg Order Value: 181.60
- Recency: 56
- Frequency: 1.0
- Cluster: 1
- Churn Risk: No"
16240.0,2,2,1206.205,24,1.0,1,0,Occasional Customers,"
       Customer Profile:
- Orders: 2
- Active Months: 2
- Avg Order Value: 1206.20
- Recency: 24
- Frequency: 1.0
- Cluster: 1
- Churn Risk: No"
16241.0,13,10,313.5692307692308,9,1.3,2,0,Frequent Customers,"
       Customer Profile:
- Orders: 13
- Active Months: 10
- Avg Order Value: 313.57
- Recency: 9
- Frequency: 1.3
- Cluster: 2
- Churn Risk: No"
16242.0,7,6,592.5985714285715,8,1.1666666666666667,1,0,Occasional Customers,"
       Customer Profile:
- Orders: 7
- Active Months: 6
- Avg Order Value: 592.60
- Recency: 8
- Frequency: 1.1666666666666667
- Cluster: 1
- Churn Risk: No"
16243.0,2,2,227.4,33,1.0,1,0,Occasional Customers,"
       Customer Profile:
- Orders: 2
- Active Months: 2
- Avg Order Value: 227.40
- Recency: 33
- Frequency: 1.0
- Cluster: 1
- Churn Risk: No"
16244.0,2,2,737.525,211,1.0,0,1,Dormant Customers,"
       Customer Profile:
- Orders: 2
- Active Months: 2
- Avg Order Value: 737.52
- Recency: 211
- Frequency: 1.0
- Cluster: 0
- Churn Risk: Yes"
16245.0,3,3,418.25,23,1.0,1,0,Occasional Customers,"
       Customer Profile:
- Orders: 3
- Active Months: 3
- Avg Order Value: 418.25
- Recency: 23
- Frequency: 1.0
- Cluster: 1
- Churn Risk: No"
16247.0,1,1,74.37,170,1.0,0,0,Dormant Customers,"
       Customer Profile:
- Orders: 1
- Active Months: 1
- Avg Order Value: 74.37
- Recency: 170
- Frequency: 1.0
- Cluster: 0
- Churn Risk: No"
16248.0,1,1,305.88,61,1.0,1,0,Occasional Customers,"
       Customer Profile:
- Orders: 1
- Active Months: 1
- Avg Order Value: 305.88
- Recency: 61
- Frequency: 1.0
- Cluster: 1
- Churn Risk: No"
16249.0,5,5,299.71400000000006,52,1.0,1,0,Occasional Customers,"
       Customer Profile:
- Orders: 5
- Active Months: 5
- Avg Order Value: 299.71
- Recency: 52
- Frequency: 1.0
- Cluster: 1
- Churn Risk: No"
16250.0,2,2,186.77,261,1.0,0,1,Dormant Customers,"
       Customer Profile:
- Orders: 2
- Active Months: 2
- Avg Order Value: 186.77
- Recency: 261
- Frequency: 1.0
- Cluster: 0
- Churn Risk: Yes"
16253.0,2,2,1580.375,66,1.0,1,0,Occasional Customers,"
       Customer Profile:
- Orders: 2
- Active Months: 2
- Avg Order Value: 1580.38
- Recency: 66
- Frequency: 1.0
- Cluster: 1
- Churn Risk: No"
16255.0,8,7,461.66625,16,1.1428571428571428,1,0,Occasional Customers,"
       Customer Profile:
- Orders: 8
- Active Months: 7
- Avg Order Value: 461.67
- Recency: 16
- Frequency: 1.1428571428571428
- Cluster: 1
- Churn Risk: No"
16256.0,1,1,454.26,266,1.0,0,1,Dormant Customers,"
       Customer Profile:
- Orders: 1
- Active Months: 1
- Avg Order Value: 454.26
- Recency: 266
- Frequency: 1.0
- Cluster: 0
- Churn Risk: Yes"
16258.0,5,5,1230.35,45,1.0,1,0,Occasional Customers,"
       Customer Profile:
- Orders: 5
- Active Months: 5
- Avg Order Value: 1230.35
- Recency: 45
- Frequency: 1.0
- Cluster: 1
- Churn Risk: No"
16260.0,1,1,544.63,50,1.0,1,0,Occasional Customers,"
       Customer Profile:
- Orders: 1
- Active Months: 1
- Avg Order Value: 544.63
- Recency: 50
- Frequency: 1.0
- Cluster: 1
- Churn Risk: No"
16261.0,4,4,178.835,17,1.0,1,0,Occasional Customers,"
       Customer Profile:
- Orders: 4
- Active Months: 4
- Avg Order Value: 178.84
- Recency: 17
- Frequency: 1.0
- Cluster: 1
- Churn Risk: No"
16265.0,9,7,611.9555555555556,9,1.2857142857142858,1,0,Occasional Customers,"
       Customer Profile:
- Orders: 9
- Active Months: 7
- Avg Order Value: 611.96
- Recency: 9
- Frequency: 1.2857142857142858
- Cluster: 1
- Churn Risk: No"
16266.0,7,5,86.85571428571428,73,1.4,1,0,Occasional Customers,"
       Customer Profile:
- Orders: 7
- Active Months: 5
- Avg Order Value: 86.86
- Recency: 73
- Frequency: 1.4
- Cluster: 1
- Churn Risk: No"
16268.0,2,1,247.6,71,2.0,1,0,Occasional Customers,"
       Customer Profile:
- Orders: 2
- Active Months: 1
- Avg Order Value: 247.60
- Recency: 71
- Frequency: 2.0
- Cluster: 1
- Churn Risk: No"
16270.0,1,1,787.24,353,1.0,0,1,Dormant Customers,"
       Customer Profile:
- Orders: 1
- Active Months: 1
- Avg Order Value: 787.24
- Recency: 353
- Frequency: 1.0
- Cluster: 0
- Churn Risk: Yes"
16271.0,4,4,336.1075,15,1.0,1,0,Occasional Customers,"
       Customer Profile:
- Orders: 4
- Active Months: 4
- Avg Order Value: 336.11
- Recency: 15
- Frequency: 1.0
- Cluster: 1
- Churn Risk: No"
16272.0,1,1,2319.418999999997,116,1.0,1,0,Occasional Customers,"
       Customer Profile:
- Orders: 1
- Active Months: 1
- Avg Order Value: 2319.42
- Recency: 116
- Frequency: 1.0
- Cluster: 1
- Churn Risk: No"
16274.0,1,1,195.45,368,1.0,0,1,Dormant Customers,"
       Customer Profile:
- Orders: 1
- Active Months: 1
- Avg Order Value: 195.45
- Recency: 368
- Frequency: 1.0
- Cluster: 0
- Churn Risk: Yes"
16275.0,1,1,330.07,196,1.0,0,1,Dormant Customers,"
       Customer Profile:
- Orders: 1
- Active Months: 1
- Avg Order Value: 330.07
- Recency: 196
- Frequency: 1.0
- Cluster: 0
- Churn Risk: Yes"
16276.0,1,1,283.65,176,1.0,0,0,Dormant Customers,"
       Customer Profile:
- Orders: 1
- Active Months: 1
- Avg Order Value: 283.65
- Recency: 176
- Frequency: 1.0
- Cluster: 0
- Churn Risk: No"
16278.0,1,1,211.03,100,1.0,1,0,Occasional Customers,"
       Customer Profile:
- Orders: 1
- Active Months: 1
- Avg Order Value: 211.03
- Recency: 100
- Frequency: 1.0
- Cluster: 1
- Churn Risk: No"
16279.0,3,3,476.3933333333334,21,1.0,1,0,Occasional Customers,"
       Customer Profile:
- Orders: 3
- Active Months: 3
- Avg Order Value: 476.39
- Recency: 21
- Frequency: 1.0
- Cluster: 1
- Churn Risk: No"
16281.0,1,1,989.55,72,1.0,1,0,Occasional Customers,"
       Customer Profile:
- Orders: 1
- Active Months: 1
- Avg Order Value: 989.55
- Recency: 72
- Frequency: 1.0
- Cluster: 1
- Churn Risk: No"
16282.0,1,1,458.1,339,1.0,0,1,Dormant Customers,"
       Customer Profile:
- Orders: 1
- Active Months: 1
- Avg Order Value: 458.10
- Recency: 339
- Frequency: 1.0
- Cluster: 0
- Churn Risk: Yes"
16283.0,5,5,657.838,5,1.0,1,0,Occasional Customers,"
       Customer Profile:
- Orders: 5
- Active Months: 5
- Avg Order Value: 657.84
- Recency: 5
- Frequency: 1.0
- Cluster: 1
- Churn Risk: No"
16284.0,2,2,387.75,31,1.0,1,0,Occasional Customers,"
       Customer Profile:
- Orders: 2
- Active Months: 2
- Avg Order Value: 387.75
- Recency: 31
- Frequency: 1.0
- Cluster: 1
- Churn Risk: No"
16287.0,1,1,636.9000000000001,169,1.0,0,0,Dormant Customers,"
       Customer Profile:
- Orders: 1
- Active Months: 1
- Avg Order Value: 636.90
- Recency: 169
- Frequency: 1.0
- Cluster: 0
- Churn Risk: No"
16292.0,1,1,282.35,121,1.0,1,0,Occasional Customers,"
       Customer Profile:
- Orders: 1
- Active Months: 1
- Avg Order Value: 282.35
- Recency: 121
- Frequency: 1.0
- Cluster: 1
- Churn Risk: No"
16293.0,10,6,187.77400000000003,21,1.6666666666666667,2,0,Frequent Customers,"
       Customer Profile:
- Orders: 10
- Active Months: 6
- Avg Order Value: 187.77
- Recency: 21
- Frequency: 1.6666666666666667
- Cluster: 2
- Churn Risk: No"
16295.0,4,2,433.4,9,2.0,1,0,Occasional Customers,"
       Customer Profile:
- Orders: 4
- Active Months: 2
- Avg Order Value: 433.40
- Recency: 9
- Frequency: 2.0
- Cluster: 1
- Churn Risk: No"
16297.0,1,1,268.01,268,1.0,0,1,Dormant Customers,"
       Customer Profile:
- Orders: 1
- Active Months: 1
- Avg Order Value: 268.01
- Recency: 268
- Frequency: 1.0
- Cluster: 0
- Churn Risk: Yes"
16298.0,3,3,242.7,22,1.0,1,0,Occasional Customers,"
       Customer Profile:
- Orders: 3
- Active Months: 3
- Avg Order Value: 242.70
- Recency: 22
- Frequency: 1.0
- Cluster: 1
- Churn Risk: No"
16302.0,1,1,233.22,126,1.0,0,0,Dormant Customers,"
       Customer Profile:
- Orders: 1
- Active Months: 1
- Avg Order Value: 233.22
- Recency: 126
- Frequency: 1.0
- Cluster: 0
- Churn Risk: No"
16303.0,3,3,1867.573333333333,25,1.0,1,0,Occasional Customers,"
       Customer Profile:
- Orders: 3
- Active Months: 3
- Avg Order Value: 1867.57
- Recency: 25
- Frequency: 1.0
- Cluster: 1
- Churn Risk: No"
16305.0,1,1,722.4399999999999,138,1.0,1,0,Occasional Customers,"
       Customer Profile:
- Orders: 1
- Active Months: 1
- Avg Order Value: 722.44
- Recency: 138
- Frequency: 1.0
- Cluster: 1
- Churn Risk: No"
16306.0,6,4,276.8183333333333,213,1.5,0,1,Dormant Customers,"
       Customer Profile:
- Orders: 6
- Active Months: 4
- Avg Order Value: 276.82
- Recency: 213
- Frequency: 1.5
- Cluster: 0
- Churn Risk: Yes"
16308.0,4,4,22.6365,37,1.0,1,0,Occasional Customers,"
       Customer Profile:
- Orders: 4
- Active Months: 4
- Avg Order Value: 22.64
- Recency: 37
- Frequency: 1.0
- Cluster: 1
- Churn Risk: No"
16309.0,2,2,333.385,106,1.0,1,0,Occasional Customers,"
       Customer Profile:
- Orders: 2
- Active Months: 2
- Avg Order Value: 333.38
- Recency: 106
- Frequency: 1.0
- Cluster: 1
- Churn Risk: No"
16311.0,2,2,289.71,17,1.0,1,0,Occasional Customers,"
       Customer Profile:
- Orders: 2
- Active Months: 2
- Avg Order Value: 289.71
- Recency: 17
- Frequency: 1.0
- Cluster: 1
- Churn Risk: No"
16313.0,2,2,164.32,3,1.0,1,0,Occasional Customers,"
       Customer Profile:
- Orders: 2
- Active Months: 2
- Avg Order Value: 164.32
- Recency: 3
- Frequency: 1.0
- Cluster: 1
- Churn Risk: No"
16315.0,1,1,155.52,330,1.0,0,1,Dormant Customers,"
       Customer Profile:
- Orders: 1
- Active Months: 1
- Avg Order Value: 155.52
- Recency: 330
- Frequency: 1.0
- Cluster: 0
- Churn Risk: Yes"
16316.0,7,6,262.79571428571427,64,1.1666666666666667,1,0,Occasional Customers,"
       Customer Profile:
- Orders: 7
- Active Months: 6
- Avg Order Value: 262.80
- Recency: 64
- Frequency: 1.1666666666666667
- Cluster: 1
- Churn Risk: No"
16317.0,3,3,362.1366666666666,119,1.0,1,0,Occasional Customers,"
       Customer Profile:
- Orders: 3
- Active Months: 3
- Avg Order Value: 362.14
- Recency: 119
- Frequency: 1.0
- Cluster: 1
- Churn Risk: No"
16318.0,1,1,322.3,35,1.0,1,0,Occasional Customers,"
       Customer Profile:
- Orders: 1
- Active Months: 1
- Avg Order Value: 322.30
- Recency: 35
- Frequency: 1.0
- Cluster: 1
- Churn Risk: No"
16319.0,1,1,404.4,217,1.0,0,1,Dormant Customers,"
       Customer Profile:
- Orders: 1
- Active Months: 1
- Avg Order Value: 404.40
- Recency: 217
- Frequency: 1.0
- Cluster: 0
- Churn Risk: Yes"
16320.0,2,2,469.69,172,1.0,0,0,Dormant Customers,"
       Customer Profile:
- Orders: 2
- Active Months: 2
- Avg Order Value: 469.69
- Recency: 172
- Frequency: 1.0
- Cluster: 0
- Churn Risk: No"
16321.0,5,3,69.36,72,1.6666666666666667,1,0,Occasional Customers,"
       Customer Profile:
- Orders: 5
- Active Months: 3
- Avg Order Value: 69.36
- Recency: 72
- Frequency: 1.6666666666666667
- Cluster: 1
- Churn Risk: No"
16322.0,2,2,437.6,1,1.0,1,0,Occasional Customers,"
       Customer Profile:
- Orders: 2
- Active Months: 2
- Avg Order Value: 437.60
- Recency: 1
- Frequency: 1.0
- Cluster: 1
- Churn Risk: No"
16323.0,1,1,112.05,196,1.0,0,1,Dormant Customers,"
       Customer Profile:
- Orders: 1
- Active Months: 1
- Avg Order Value: 112.05
- Recency: 196
- Frequency: 1.0
- Cluster: 0
- Churn Risk: Yes"
16324.0,3,2,123.29666666666668,128,1.5,1,0,Occasional Customers,"
       Customer Profile:
- Orders: 3
- Active Months: 2
- Avg Order Value: 123.30
- Recency: 128
- Frequency: 1.5
- Cluster: 1
- Churn Risk: No"
16325.0,3,3,186.91333333333333,46,1.0,1,0,Occasional Customers,"
       Customer Profile:
- Orders: 3
- Active Months: 3
- Avg Order Value: 186.91
- Recency: 46
- Frequency: 1.0
- Cluster: 1
- Churn Risk: No"
16326.0,14,9,185.7592857142857,5,1.5555555555555556,2,0,Frequent Customers,"
       Customer Profile:
- Orders: 14
- Active Months: 9
- Avg Order Value: 185.76
- Recency: 5
- Frequency: 1.5555555555555556
- Cluster: 2
- Churn Risk: No"
16327.0,6,6,649.805,14,1.0,1,0,Occasional Customers,"
       Customer Profile:
- Orders: 6
- Active Months: 6
- Avg Order Value: 649.80
- Recency: 14
- Frequency: 1.0
- Cluster: 1
- Churn Risk: No"
16330.0,3,2,52.13666666666666,17,1.5,1,0,Occasional Customers,"
       Customer Profile:
- Orders: 3
- Active Months: 2
- Avg Order Value: 52.14
- Recency: 17
- Frequency: 1.5
- Cluster: 1
- Churn Risk: No"
16332.0,7,6,354.40142857142854,28,1.1666666666666667,1,0,Occasional Customers,"
       Customer Profile:
- Orders: 7
- Active Months: 6
- Avg Order Value: 354.40
- Recency: 28
- Frequency: 1.1666666666666667
- Cluster: 1
- Churn Risk: No"
16333.0,22,9,65.75727272727273,7,2.4444444444444446,2,0,Frequent Customers,"
       Customer Profile:
- Orders: 22
- Active Months: 9
- Avg Order Value: 65.76
- Recency: 7
- Frequency: 2.4444444444444446
- Cluster: 2
- Churn Risk: No"
16337.0,1,1,133.15,36,1.0,1,0,Occasional Customers,"
       Customer Profile:
- Orders: 1
- Active Months: 1
- Avg Order Value: 133.15
- Recency: 36
- Frequency: 1.0
- Cluster: 1
- Churn Risk: No"
16338.0,1,1,399.7,157,1.0,0,0,Dormant Customers,"
       Customer Profile:
- Orders: 1
- Active Months: 1
- Avg Order Value: 399.70
- Recency: 157
- Frequency: 1.0
- Cluster: 0
- Churn Risk: No"
16339.0,1,1,30.45,284,1.0,0,1,Dormant Customers,"
       Customer Profile:
- Orders: 1
- Active Months: 1
- Avg Order Value: 30.45
- Recency: 284
- Frequency: 1.0
- Cluster: 0
- Churn Risk: Yes"
16340.0,1,1,473.27,107,1.0,1,0,Occasional Customers,"
       Customer Profile:
- Orders: 1
- Active Months: 1
- Avg Order Value: 473.27
- Recency: 107
- Frequency: 1.0
- Cluster: 1
- Churn Risk: No"
16341.0,4,3,564.485,24,1.3333333333333333,1,0,Occasional Customers,"
       Customer Profile:
- Orders: 4
- Active Months: 3
- Avg Order Value: 564.49
- Recency: 24
- Frequency: 1.3333333333333333
- Cluster: 1
- Churn Risk: No"
16342.0,4,4,243.48,75,1.0,1,0,Occasional Customers,"
       Customer Profile:
- Orders: 4
- Active Months: 4
- Avg Order Value: 243.48
- Recency: 75
- Frequency: 1.0
- Cluster: 1
- Churn Risk: No"
16343.0,2,1,139.41500000000002,16,2.0,1,0,Occasional Customers,"
       Customer Profile:
- Orders: 2
- Active Months: 1
- Avg Order Value: 139.42
- Recency: 16
- Frequency: 2.0
- Cluster: 1
- Churn Risk: No"
16344.0,1,1,202.2,158,1.0,0,0,Dormant Customers,"
       Customer Profile:
- Orders: 1
- Active Months: 1
- Avg Order Value: 202.20
- Recency: 158
- Frequency: 1.0
- Cluster: 0
- Churn Risk: No"
16345.0,1,1,421.76,44,1.0,1,0,Occasional Customers,"
       Customer Profile:
- Orders: 1
- Active Months: 1
- Avg Order Value: 421.76
- Recency: 44
- Frequency: 1.0
- Cluster: 1
- Churn Risk: No"
16347.0,2,1,327.165,11,2.0,1,0,Occasional Customers,"
       Customer Profile:
- Orders: 2
- Active Months: 1
- Avg Order Value: 327.17
- Recency: 11
- Frequency: 2.0
- Cluster: 1
- Churn Risk: No"
16348.0,7,5,193.18142857142857,32,1.4,1,0,Occasional Customers,"
       Customer Profile:
- Orders: 7
- Active Months: 5
- Avg Order Value: 193.18
- Recency: 32
- Frequency: 1.4
- Cluster: 1
- Churn Risk: No"
16349.0,1,1,22.6365,290,1.0,0,1,Dormant Customers,"
       Customer Profile:
- Orders: 1
- Active Months: 1
- Avg Order Value: 22.64
- Recency: 290
- Frequency: 1.0
- Cluster: 0
- Churn Risk: Yes"
16350.0,4,4,315.6825,21,1.0,1,0,Occasional Customers,"
       Customer Profile:
- Orders: 4
- Active Months: 4
- Avg Order Value: 315.68
- Recency: 21
- Frequency: 1.0
- Cluster: 1
- Churn Risk: No"
16351.0,1,1,153.9,332,1.0,0,1,Dormant Customers,"
       Customer Profile:
- Orders: 1
- Active Months: 1
- Avg Order Value: 153.90
- Recency: 332
- Frequency: 1.0
- Cluster: 0
- Churn Risk: Yes"
16352.0,2,1,247.22,17,2.0,1,0,Occasional Customers,"
       Customer Profile:
- Orders: 2
- Active Months: 1
- Avg Order Value: 247.22
- Recency: 17
- Frequency: 2.0
- Cluster: 1
- Churn Risk: No"
16353.0,23,11,259.59043478260867,3,2.090909090909091,2,0,Frequent Customers,"
       Customer Profile:
- Orders: 23
- Active Months: 11
- Avg Order Value: 259.59
- Recency: 3
- Frequency: 2.090909090909091
- Cluster: 2
- Churn Risk: No"
16354.0,2,2,180.7,63,1.0,1,0,Occasional Customers,"
       Customer Profile:
- Orders: 2
- Active Months: 2
- Avg Order Value: 180.70
- Recency: 63
- Frequency: 1.0
- Cluster: 1
- Churn Risk: No"
16356.0,3,3,70.58999999999999,197,1.0,0,1,Dormant Customers,"
       Customer Profile:
- Orders: 3
- Active Months: 3
- Avg Order Value: 70.59
- Recency: 197
- Frequency: 1.0
- Cluster: 0
- Churn Risk: Yes"
16357.0,3,3,290.68666666666667,33,1.0,1,0,Occasional Customers,"
       Customer Profile:
- Orders: 3
- Active Months: 3
- Avg Order Value: 290.69
- Recency: 33
- Frequency: 1.0
- Cluster: 1
- Churn Risk: No"
16358.0,4,4,1048.325,1,1.0,1,0,Occasional Customers,"
       Customer Profile:
- Orders: 4
- Active Months: 4
- Avg Order Value: 1048.33
- Recency: 1
- Frequency: 1.0
- Cluster: 1
- Churn Risk: No"
16359.0,9,9,100.50777777777778,7,1.0,1,0,Occasional Customers,"
       Customer Profile:
- Orders: 9
- Active Months: 9
- Avg Order Value: 100.51
- Recency: 7
- Frequency: 1.0
- Cluster: 1
- Churn Risk: No"
16360.0,6,4,1539.4250000000002,4,1.5,1,0,Occasional Customers,"
       Customer Profile:
- Orders: 6
- Active Months: 4
- Avg Order Value: 1539.43
- Recency: 4
- Frequency: 1.5
- Cluster: 1
- Churn Risk: No"
16361.0,4,3,243.7225,9,1.3333333333333333,1,0,Occasional Customers,"
       Customer Profile:
- Orders: 4
- Active Months: 3
- Avg Order Value: 243.72
- Recency: 9
- Frequency: 1.3333333333333333
- Cluster: 1
- Churn Risk: No"
16362.0,5,3,176.282,32,1.6666666666666667,1,0,Occasional Customers,"
       Customer Profile:
- Orders: 5
- Active Months: 3
- Avg Order Value: 176.28
- Recency: 32
- Frequency: 1.6666666666666667
- Cluster: 1
- Churn Risk: No"
16363.0,1,1,75.36,53,1.0,1,0,Occasional Customers,"
       Customer Profile:
- Orders: 1
- Active Months: 1
- Avg Order Value: 75.36
- Recency: 53
- Frequency: 1.0
- Cluster: 1
- Churn Risk: No"
16364.0,2,2,233.82,11,1.0,1,0,Occasional Customers,"
       Customer Profile:
- Orders: 2
- Active Months: 2
- Avg Order Value: 233.82
- Recency: 11
- Frequency: 1.0
- Cluster: 1
- Churn Risk: No"
16365.0,8,5,129.66875,17,1.6,1,0,Occasional Customers,"
       Customer Profile:
- Orders: 8
- Active Months: 5
- Avg Order Value: 129.67
- Recency: 17
- Frequency: 1.6
- Cluster: 1
- Churn Risk: No"
16366.0,1,1,281.90000000000003,18,1.0,1,0,Occasional Customers,"
       Customer Profile:
- Orders: 1
- Active Months: 1
- Avg Order Value: 281.90
- Recency: 18
- Frequency: 1.0
- Cluster: 1
- Churn Risk: No"
16367.0,2,2,435.24,37,1.0,1,0,Occasional Customers,"
       Customer Profile:
- Orders: 2
- Active Months: 2
- Avg Order Value: 435.24
- Recency: 37
- Frequency: 1.0
- Cluster: 1
- Churn Risk: No"
16368.0,2,2,632.1700000000001,2,1.0,1,0,Occasional Customers,"
       Customer Profile:
- Orders: 2
- Active Months: 2
- Avg Order Value: 632.17
- Recency: 2
- Frequency: 1.0
- Cluster: 1
- Churn Risk: No"
16369.0,3,3,466.8566666666666,18,1.0,1,0,Occasional Customers,"
       Customer Profile:
- Orders: 3
- Active Months: 3
- Avg Order Value: 466.86
- Recency: 18
- Frequency: 1.0
- Cluster: 1
- Churn Risk: No"
16370.0,4,4,374.4275,82,1.0,1,0,Occasional Customers,"
       Customer Profile:
- Orders: 4
- Active Months: 4
- Avg Order Value: 374.43
- Recency: 82
- Frequency: 1.0
- Cluster: 1
- Churn Risk: No"
16372.0,2,1,271.48,33,2.0,1,0,Occasional Customers,"
       Customer Profile:
- Orders: 2
- Active Months: 1
- Avg Order Value: 271.48
- Recency: 33
- Frequency: 2.0
- Cluster: 1
- Churn Risk: No"
16374.0,2,2,198.14,66,1.0,1,0,Occasional Customers,"
       Customer Profile:
- Orders: 2
- Active Months: 2
- Avg Order Value: 198.14
- Recency: 66
- Frequency: 1.0
- Cluster: 1
- Churn Risk: No"
16376.0,2,2,404.67,8,1.0,1,0,Occasional Customers,"
       Customer Profile:
- Orders: 2
- Active Months: 2
- Avg Order Value: 404.67
- Recency: 8
- Frequency: 1.0
- Cluster: 1
- Churn Risk: No"
16377.0,1,1,216.27,267,1.0,0,1,Dormant Customers,"
       Customer Profile:
- Orders: 1
- Active Months: 1
- Avg Order Value: 216.27
- Recency: 267
- Frequency: 1.0
- Cluster: 0
- Churn Risk: Yes"
16378.0,3,2,120.98333333333332,247,1.5,0,1,Dormant Customers,"
       Customer Profile:
- Orders: 3
- Active Months: 2
- Avg Order Value: 120.98
- Recency: 247
- Frequency: 1.5
- Cluster: 0
- Churn Risk: Yes"
16379.0,4,3,522.055,4,1.3333333333333333,1,0,Occasional Customers,"
       Customer Profile:
- Orders: 4
- Active Months: 3
- Avg Order Value: 522.05
- Recency: 4
- Frequency: 1.3333333333333333
- Cluster: 1
- Churn Risk: No"
16380.0,1,1,1072.6,61,1.0,1,0,Occasional Customers,"
       Customer Profile:
- Orders: 1
- Active Months: 1
- Avg Order Value: 1072.60
- Recency: 61
- Frequency: 1.0
- Cluster: 1
- Churn Risk: No"
16383.0,2,2,282.11,74,1.0,1,0,Occasional Customers,"
       Customer Profile:
- Orders: 2
- Active Months: 2
- Avg Order Value: 282.11
- Recency: 74
- Frequency: 1.0
- Cluster: 1
- Churn Risk: No"
16384.0,2,2,894.3000000000001,89,1.0,1,0,Occasional Customers,"
       Customer Profile:
- Orders: 2
- Active Months: 2
- Avg Order Value: 894.30
- Recency: 89
- Frequency: 1.0
- Cluster: 1
- Churn Risk: No"
16385.0,3,3,569.8533333333334,60,1.0,1,0,Occasional Customers,"
       Customer Profile:
- Orders: 3
- Active Months: 3
- Avg Order Value: 569.85
- Recency: 60
- Frequency: 1.0
- Cluster: 1
- Churn Risk: No"
16386.0,2,2,454.49,28,1.0,1,0,Occasional Customers,"
       Customer Profile:
- Orders: 2
- Active Months: 2
- Avg Order Value: 454.49
- Recency: 28
- Frequency: 1.0
- Cluster: 1
- Churn Risk: No"
16387.0,1,1,94.36,322,1.0,0,1,Dormant Customers,"
       Customer Profile:
- Orders: 1
- Active Months: 1
- Avg Order Value: 94.36
- Recency: 322
- Frequency: 1.0
- Cluster: 0
- Churn Risk: Yes"
16389.0,4,4,224.0175,53,1.0,1,0,Occasional Customers,"
       Customer Profile:
- Orders: 4
- Active Months: 4
- Avg Order Value: 224.02
- Recency: 53
- Frequency: 1.0
- Cluster: 1
- Churn Risk: No"
16392.0,1,1,210.24,269,1.0,0,1,Dormant Customers,"
       Customer Profile:
- Orders: 1
- Active Months: 1
- Avg Order Value: 210.24
- Recency: 269
- Frequency: 1.0
- Cluster: 0
- Churn Risk: Yes"
16393.0,13,10,302.6876923076923,2,1.3,2,0,Frequent Customers,"
       Customer Profile:
- Orders: 13
- Active Months: 10
- Avg Order Value: 302.69
- Recency: 2
- Frequency: 1.3
- Cluster: 2
- Churn Risk: No"
16394.0,5,5,207.562,56,1.0,1,0,Occasional Customers,"
       Customer Profile:
- Orders: 5
- Active Months: 5
- Avg Order Value: 207.56
- Recency: 56
- Frequency: 1.0
- Cluster: 1
- Churn Risk: No"
16395.0,5,4,443.07,60,1.25,1,0,Occasional Customers,"
       Customer Profile:
- Orders: 5
- Active Months: 4
- Avg Order Value: 443.07
- Recency: 60
- Frequency: 1.25
- Cluster: 1
- Churn Risk: No"
16398.0,2,2,519.145,154,1.0,0,0,Dormant Customers,"
       Customer Profile:
- Orders: 2
- Active Months: 2
- Avg Order Value: 519.14
- Recency: 154
- Frequency: 1.0
- Cluster: 0
- Churn Risk: No"
16399.0,2,2,420.655,19,1.0,1,0,Occasional Customers,"
       Customer Profile:
- Orders: 2
- Active Months: 2
- Avg Order Value: 420.65
- Recency: 19
- Frequency: 1.0
- Cluster: 1
- Churn Risk: No"
16400.0,1,1,271.08,94,1.0,1,0,Occasional Customers,"
       Customer Profile:
- Orders: 1
- Active Months: 1
- Avg Order Value: 271.08
- Recency: 94
- Frequency: 1.0
- Cluster: 1
- Churn Risk: No"
16401.0,12,10,1062.1833333333334,1,1.2,2,0,Frequent Customers,"
       Customer Profile:
- Orders: 12
- Active Months: 10
- Avg Order Value: 1062.18
- Recency: 1
- Frequency: 1.2
- Cluster: 2
- Churn Risk: No"
16402.0,2,2,247.75,264,1.0,0,1,Dormant Customers,"
       Customer Profile:
- Orders: 2
- Active Months: 2
- Avg Order Value: 247.75
- Recency: 264
- Frequency: 1.0
- Cluster: 0
- Churn Risk: Yes"
16403.0,1,1,177.5,312,1.0,0,1,Dormant Customers,"
       Customer Profile:
- Orders: 1
- Active Months: 1
- Avg Order Value: 177.50
- Recency: 312
- Frequency: 1.0
- Cluster: 0
- Churn Risk: Yes"
16404.0,1,1,296.45,70,1.0,1,0,Occasional Customers,"
       Customer Profile:
- Orders: 1
- Active Months: 1
- Avg Order Value: 296.45
- Recency: 70
- Frequency: 1.0
- Cluster: 1
- Churn Risk: No"
16405.0,2,1,44.85,302,2.0,0,1,Dormant Customers,"
       Customer Profile:
- Orders: 2
- Active Months: 1
- Avg Order Value: 44.85
- Recency: 302
- Frequency: 2.0
- Cluster: 0
- Churn Risk: Yes"
16406.0,1,1,146.4,18,1.0,1,0,Occasional Customers,"
       Customer Profile:
- Orders: 1
- Active Months: 1
- Avg Order Value: 146.40
- Recency: 18
- Frequency: 1.0
- Cluster: 1
- Churn Risk: No"
16407.0,9,8,322.63666666666666,12,1.125,1,0,Occasional Customers,"
       Customer Profile:
- Orders: 9
- Active Months: 8
- Avg Order Value: 322.64
- Recency: 12
- Frequency: 1.125
- Cluster: 1
- Churn Risk: No"
16409.0,5,5,442.866,36,1.0,1,0,Occasional Customers,"
       Customer Profile:
- Orders: 5
- Active Months: 5
- Avg Order Value: 442.87
- Recency: 36
- Frequency: 1.0
- Cluster: 1
- Churn Risk: No"
16411.0,2,2,278.95000000000005,19,1.0,1,0,Occasional Customers,"
       Customer Profile:
- Orders: 2
- Active Months: 2
- Avg Order Value: 278.95
- Recency: 19
- Frequency: 1.0
- Cluster: 1
- Churn Risk: No"
16412.0,1,1,135.99,53,1.0,1,0,Occasional Customers,"
       Customer Profile:
- Orders: 1
- Active Months: 1
- Avg Order Value: 135.99
- Recency: 53
- Frequency: 1.0
- Cluster: 1
- Churn Risk: No"
16413.0,1,1,247.25,56,1.0,1,0,Occasional Customers,"
       Customer Profile:
- Orders: 1
- Active Months: 1
- Avg Order Value: 247.25
- Recency: 56
- Frequency: 1.0
- Cluster: 1
- Churn Risk: No"
16414.0,2,2,22.6365,21,1.0,1,0,Occasional Customers,"
       Customer Profile:
- Orders: 2
- Active Months: 2
- Avg Order Value: 22.64
- Recency: 21
- Frequency: 1.0
- Cluster: 1
- Churn Risk: No"
16415.0,1,1,189.45,44,1.0,1,0,Occasional Customers,"
       Customer Profile:
- Orders: 1
- Active Months: 1
- Avg Order Value: 189.45
- Recency: 44
- Frequency: 1.0
- Cluster: 1
- Churn Risk: No"
16416.0,3,2,333.0266666666667,26,1.5,1,0,Occasional Customers,"
       Customer Profile:
- Orders: 3
- Active Months: 2
- Avg Order Value: 333.03
- Recency: 26
- Frequency: 1.5
- Cluster: 1
- Churn Risk: No"
16418.0,3,3,201.0433333333333,44,1.0,1,0,Occasional Customers,"
       Customer Profile:
- Orders: 3
- Active Months: 3
- Avg Order Value: 201.04
- Recency: 44
- Frequency: 1.0
- Cluster: 1
- Churn Risk: No"
16419.0,6,4,120.30333333333334,112,1.5,1,0,Occasional Customers,"
       Customer Profile:
- Orders: 6
- Active Months: 4
- Avg Order Value: 120.30
- Recency: 112
- Frequency: 1.5
- Cluster: 1
- Churn Risk: No"
16422.0,51,12,353.6798039215687,17,3.0,2,0,Frequent Customers,"
       Customer Profile:
- Orders: 51
- Active Months: 12
- Avg Order Value: 353.68
- Recency: 17
- Frequency: 3.0
- Cluster: 2
- Churn Risk: No"
16423.0,1,1,314.41,24,1.0,1,0,Occasional Customers,"
       Customer Profile:
- Orders: 1
- Active Months: 1
- Avg Order Value: 314.41
- Recency: 24
- Frequency: 1.0
- Cluster: 1
- Churn Risk: No"
16424.0,1,1,93.51,191,1.0,0,1,Dormant Customers,"
       Customer Profile:
- Orders: 1
- Active Months: 1
- Avg Order Value: 93.51
- Recency: 191
- Frequency: 1.0
- Cluster: 0
- Churn Risk: Yes"
16425.0,1,1,157.4,302,1.0,0,1,Dormant Customers,"
       Customer Profile:
- Orders: 1
- Active Months: 1
- Avg Order Value: 157.40
- Recency: 302
- Frequency: 1.0
- Cluster: 0
- Churn Risk: Yes"
16426.0,10,5,230.54700000000005,2,2.0,2,0,Frequent Customers,"
       Customer Profile:
- Orders: 10
- Active Months: 5
- Avg Order Value: 230.55
- Recency: 2
- Frequency: 2.0
- Cluster: 2
- Churn Risk: No"
16427.0,2,2,313.67,263,1.0,0,1,Dormant Customers,"
       Customer Profile:
- Orders: 2
- Active Months: 2
- Avg Order Value: 313.67
- Recency: 263
- Frequency: 1.0
- Cluster: 0
- Churn Risk: Yes"
16429.0,1,1,22.6365,106,1.0,1,0,Occasional Customers,"
       Customer Profile:
- Orders: 1
- Active Months: 1
- Avg Order Value: 22.64
- Recency: 106
- Frequency: 1.0
- Cluster: 1
- Churn Risk: No"
16430.0,1,1,256.75,57,1.0,1,0,Occasional Customers,"
       Customer Profile:
- Orders: 1
- Active Months: 1
- Avg Order Value: 256.75
- Recency: 57
- Frequency: 1.0
- Cluster: 1
- Churn Risk: No"
16431.0,3,2,201.45999999999995,213,1.5,0,1,Dormant Customers,"
       Customer Profile:
- Orders: 3
- Active Months: 2
- Avg Order Value: 201.46
- Recency: 213
- Frequency: 1.5
- Cluster: 0
- Churn Risk: Yes"
16432.0,1,1,130.44,64,1.0,1,0,Occasional Customers,"
       Customer Profile:
- Orders: 1
- Active Months: 1
- Avg Order Value: 130.44
- Recency: 64
- Frequency: 1.0
- Cluster: 1
- Churn Risk: No"
16433.0,1,1,482.64,28,1.0,1,0,Occasional Customers,"
       Customer Profile:
- Orders: 1
- Active Months: 1
- Avg Order Value: 482.64
- Recency: 28
- Frequency: 1.0
- Cluster: 1
- Churn Risk: No"
16434.0,7,6,341.36857142857144,29,1.1666666666666667,1,0,Occasional Customers,"
       Customer Profile:
- Orders: 7
- Active Months: 6
- Avg Order Value: 341.37
- Recency: 29
- Frequency: 1.1666666666666667
- Cluster: 1
- Churn Risk: No"
16438.0,5,4,250.694,5,1.25,1,0,Occasional Customers,"
       Customer Profile:
- Orders: 5
- Active Months: 4
- Avg Order Value: 250.69
- Recency: 5
- Frequency: 1.25
- Cluster: 1
- Churn Risk: No"
16440.0,5,4,756.838,7,1.25,1,0,Occasional Customers,"
       Customer Profile:
- Orders: 5
- Active Months: 4
- Avg Order Value: 756.84
- Recency: 7
- Frequency: 1.25
- Cluster: 1
- Churn Risk: No"
16441.0,2,2,284.875,67,1.0,1,0,Occasional Customers,"
       Customer Profile:
- Orders: 2
- Active Months: 2
- Avg Order Value: 284.88
- Recency: 67
- Frequency: 1.0
- Cluster: 1
- Churn Risk: No"
16442.0,3,3,421.43666666666667,1,1.0,1,0,Occasional Customers,"
       Customer Profile:
- Orders: 3
- Active Months: 3
- Avg Order Value: 421.44
- Recency: 1
- Frequency: 1.0
- Cluster: 1
- Churn Risk: No"
16444.0,4,4,278.005,46,1.0,1,0,Occasional Customers,"
       Customer Profile:
- Orders: 4
- Active Months: 4
- Avg Order Value: 278.00
- Recency: 46
- Frequency: 1.0
- Cluster: 1
- Churn Risk: No"
16445.0,1,1,416.12,33,1.0,1,0,Occasional Customers,"
       Customer Profile:
- Orders: 1
- Active Months: 1
- Avg Order Value: 416.12
- Recency: 33
- Frequency: 1.0
- Cluster: 1
- Churn Risk: No"
16446.0,2,2,29.53,1,1.0,1,0,Occasional Customers,"
       Customer Profile:
- Orders: 2
- Active Months: 2
- Avg Order Value: 29.53
- Recency: 1
- Frequency: 1.0
- Cluster: 1
- Churn Risk: No"
16447.0,1,1,161.71,135,1.0,0,0,Dormant Customers,"
       Customer Profile:
- Orders: 1
- Active Months: 1
- Avg Order Value: 161.71
- Recency: 135
- Frequency: 1.0
- Cluster: 0
- Churn Risk: No"
16448.0,1,1,157.49,198,1.0,0,1,Dormant Customers,"
       Customer Profile:
- Orders: 1
- Active Months: 1
- Avg Order Value: 157.49
- Recency: 198
- Frequency: 1.0
- Cluster: 0
- Churn Risk: Yes"
16449.0,2,2,303.27,197,1.0,0,1,Dormant Customers,"
       Customer Profile:
- Orders: 2
- Active Months: 2
- Avg Order Value: 303.27
- Recency: 197
- Frequency: 1.0
- Cluster: 0
- Churn Risk: Yes"
16450.0,1,1,311.92,149,1.0,0,0,Dormant Customers,"
       Customer Profile:
- Orders: 1
- Active Months: 1
- Avg Order Value: 311.92
- Recency: 149
- Frequency: 1.0
- Cluster: 0
- Churn Risk: No"
16451.0,1,1,266.97,87,1.0,1,0,Occasional Customers,"
       Customer Profile:
- Orders: 1
- Active Months: 1
- Avg Order Value: 266.97
- Recency: 87
- Frequency: 1.0
- Cluster: 1
- Churn Risk: No"
16454.0,2,1,22.6365,44,2.0,1,0,Occasional Customers,"
       Customer Profile:
- Orders: 2
- Active Months: 1
- Avg Order Value: 22.64
- Recency: 44
- Frequency: 2.0
- Cluster: 1
- Churn Risk: No"
16455.0,7,5,263.0257142857143,63,1.4,1,0,Occasional Customers,"
       Customer Profile:
- Orders: 7
- Active Months: 5
- Avg Order Value: 263.03
- Recency: 63
- Frequency: 1.4
- Cluster: 1
- Churn Risk: No"
16456.0,5,5,592.078,99,1.0,1,0,Occasional Customers,"
       Customer Profile:
- Orders: 5
- Active Months: 5
- Avg Order Value: 592.08
- Recency: 99
- Frequency: 1.0
- Cluster: 1
- Churn Risk: No"
16457.0,1,1,179.11,218,1.0,0,1,Dormant Customers,"
       Customer Profile:
- Orders: 1
- Active Months: 1
- Avg Order Value: 179.11
- Recency: 218
- Frequency: 1.0
- Cluster: 0
- Churn Risk: Yes"
16458.0,18,12,344.3288888888889,2,1.5,2,0,Frequent Customers,"
       Customer Profile:
- Orders: 18
- Active Months: 12
- Avg Order Value: 344.33
- Recency: 2
- Frequency: 1.5
- Cluster: 2
- Churn Risk: No"
16460.0,3,2,478.1000000000001,28,1.5,1,0,Occasional Customers,"
       Customer Profile:
- Orders: 3
- Active Months: 2
- Avg Order Value: 478.10
- Recency: 28
- Frequency: 1.5
- Cluster: 1
- Churn Risk: No"
16461.0,1,1,76.67,177,1.0,0,0,Dormant Customers,"
       Customer Profile:
- Orders: 1
- Active Months: 1
- Avg Order Value: 76.67
- Recency: 177
- Frequency: 1.0
- Cluster: 0
- Churn Risk: No"
16463.0,4,3,341.7575,21,1.3333333333333333,1,0,Occasional Customers,"
       Customer Profile:
- Orders: 4
- Active Months: 3
- Avg Order Value: 341.76
- Recency: 21
- Frequency: 1.3333333333333333
- Cluster: 1
- Churn Risk: No"
16464.0,3,3,655.6366666666667,19,1.0,1,0,Occasional Customers,"
       Customer Profile:
- Orders: 3
- Active Months: 3
- Avg Order Value: 655.64
- Recency: 19
- Frequency: 1.0
- Cluster: 1
- Churn Risk: No"
16466.0,7,6,615.9828571428571,33,1.1666666666666667,1,0,Occasional Customers,"
       Customer Profile:
- Orders: 7
- Active Months: 6
- Avg Order Value: 615.98
- Recency: 33
- Frequency: 1.1666666666666667
- Cluster: 1
- Churn Risk: No"
16468.0,1,1,56.16,74,1.0,1,0,Occasional Customers,"
       Customer Profile:
- Orders: 1
- Active Months: 1
- Avg Order Value: 56.16
- Recency: 74
- Frequency: 1.0
- Cluster: 1
- Churn Risk: No"
16469.0,4,3,130.7925,23,1.3333333333333333,1,0,Occasional Customers,"
       Customer Profile:
- Orders: 4
- Active Months: 3
- Avg Order Value: 130.79
- Recency: 23
- Frequency: 1.3333333333333333
- Cluster: 1
- Churn Risk: No"
16470.0,4,4,172.57,51,1.0,1,0,Occasional Customers,"
       Customer Profile:
- Orders: 4
- Active Months: 4
- Avg Order Value: 172.57
- Recency: 51
- Frequency: 1.0
- Cluster: 1
- Churn Risk: No"
16471.0,1,1,223.95,274,1.0,0,1,Dormant Customers,"
       Customer Profile:
- Orders: 1
- Active Months: 1
- Avg Order Value: 223.95
- Recency: 274
- Frequency: 1.0
- Cluster: 0
- Churn Risk: Yes"
16473.0,3,3,137.20666666666668,164,1.0,0,0,Dormant Customers,"
       Customer Profile:
- Orders: 3
- Active Months: 3
- Avg Order Value: 137.21
- Recency: 164
- Frequency: 1.0
- Cluster: 0
- Churn Risk: No"
16474.0,6,5,353.54,7,1.2,1,0,Occasional Customers,"
       Customer Profile:
- Orders: 6
- Active Months: 5
- Avg Order Value: 353.54
- Recency: 7
- Frequency: 1.2
- Cluster: 1
- Churn Risk: No"
16475.0,3,3,145.08333333333334,143,1.0,0,0,Dormant Customers,"
       Customer Profile:
- Orders: 3
- Active Months: 3
- Avg Order Value: 145.08
- Recency: 143
- Frequency: 1.0
- Cluster: 0
- Churn Risk: No"
16477.0,7,6,469.91857142857145,63,1.1666666666666667,1,0,Occasional Customers,"
       Customer Profile:
- Orders: 7
- Active Months: 6
- Avg Order Value: 469.92
- Recency: 63
- Frequency: 1.1666666666666667
- Cluster: 1
- Churn Risk: No"
16478.0,2,2,136.97,25,1.0,1,0,Occasional Customers,"
       Customer Profile:
- Orders: 2
- Active Months: 2
- Avg Order Value: 136.97
- Recency: 25
- Frequency: 1.0
- Cluster: 1
- Churn Risk: No"
16479.0,2,1,127.815,10,2.0,1,0,Occasional Customers,"
       Customer Profile:
- Orders: 2
- Active Months: 1
- Avg Order Value: 127.81
- Recency: 10
- Frequency: 2.0
- Cluster: 1
- Churn Risk: No"
16480.0,1,1,949.48,75,1.0,1,0,Occasional Customers,"
       Customer Profile:
- Orders: 1
- Active Months: 1
- Avg Order Value: 949.48
- Recency: 75
- Frequency: 1.0
- Cluster: 1
- Churn Risk: No"
16482.0,1,1,197.31,15,1.0,1,0,Occasional Customers,"
       Customer Profile:
- Orders: 1
- Active Months: 1
- Avg Order Value: 197.31
- Recency: 15
- Frequency: 1.0
- Cluster: 1
- Churn Risk: No"
16483.0,1,1,95.7,192,1.0,0,1,Dormant Customers,"
       Customer Profile:
- Orders: 1
- Active Months: 1
- Avg Order Value: 95.70
- Recency: 192
- Frequency: 1.0
- Cluster: 0
- Churn Risk: Yes"
16484.0,2,1,1538.6999999999998,173,2.0,1,0,Occasional Customers,"
       Customer Profile:
- Orders: 2
- Active Months: 1
- Avg Order Value: 1538.70
- Recency: 173
- Frequency: 2.0
- Cluster: 1
- Churn Risk: No"
16485.0,1,1,279.35,77,1.0,1,0,Occasional Customers,"
       Customer Profile:
- Orders: 1
- Active Months: 1
- Avg Order Value: 279.35
- Recency: 77
- Frequency: 1.0
- Cluster: 1
- Churn Risk: No"
16488.0,3,3,146.14666666666668,33,1.0,1,0,Occasional Customers,"
       Customer Profile:
- Orders: 3
- Active Months: 3
- Avg Order Value: 146.15
- Recency: 33
- Frequency: 1.0
- Cluster: 1
- Churn Risk: No"
16491.0,1,1,657.8,46,1.0,1,0,Occasional Customers,"
       Customer Profile:
- Orders: 1
- Active Months: 1
- Avg Order Value: 657.80
- Recency: 46
- Frequency: 1.0
- Cluster: 1
- Churn Risk: No"
16493.0,4,4,451.365,79,1.0,1,0,Occasional Customers,"
       Customer Profile:
- Orders: 4
- Active Months: 4
- Avg Order Value: 451.37
- Recency: 79
- Frequency: 1.0
- Cluster: 1
- Churn Risk: No"
16494.0,1,1,787.38,296,1.0,0,1,Dormant Customers,"
       Customer Profile:
- Orders: 1
- Active Months: 1
- Avg Order Value: 787.38
- Recency: 296
- Frequency: 1.0
- Cluster: 0
- Churn Risk: Yes"
16495.0,2,2,638.22,3,1.0,1,0,Occasional Customers,"
       Customer Profile:
- Orders: 2
- Active Months: 2
- Avg Order Value: 638.22
- Recency: 3
- Frequency: 1.0
- Cluster: 1
- Churn Risk: No"
16496.0,3,3,430.9466666666667,8,1.0,1,0,Occasional Customers,"
       Customer Profile:
- Orders: 3
- Active Months: 3
- Avg Order Value: 430.95
- Recency: 8
- Frequency: 1.0
- Cluster: 1
- Churn Risk: No"
16497.0,6,4,416.09833333333336,49,1.5,1,0,Occasional Customers,"
       Customer Profile:
- Orders: 6
- Active Months: 4
- Avg Order Value: 416.10
- Recency: 49
- Frequency: 1.5
- Cluster: 1
- Churn Risk: No"
16498.0,2,2,46.51,161,1.0,0,0,Dormant Customers,"
       Customer Profile:
- Orders: 2
- Active Months: 2
- Avg Order Value: 46.51
- Recency: 161
- Frequency: 1.0
- Cluster: 0
- Churn Risk: No"
16499.0,2,1,147.275,360,2.0,0,1,Dormant Customers,"
       Customer Profile:
- Orders: 2
- Active Months: 1
- Avg Order Value: 147.28
- Recency: 360
- Frequency: 2.0
- Cluster: 0
- Churn Risk: Yes"
16500.0,5,2,47.172,4,2.5,2,0,Frequent Customers,"
       Customer Profile:
- Orders: 5
- Active Months: 2
- Avg Order Value: 47.17
- Recency: 4
- Frequency: 2.5
- Cluster: 2
- Churn Risk: No"
16503.0,4,4,328.345,106,1.0,1,0,Occasional Customers,"
       Customer Profile:
- Orders: 4
- Active Months: 4
- Avg Order Value: 328.35
- Recency: 106
- Frequency: 1.0
- Cluster: 1
- Churn Risk: No"
16504.0,1,1,462.37,25,1.0,1,0,Occasional Customers,"
       Customer Profile:
- Orders: 1
- Active Months: 1
- Avg Order Value: 462.37
- Recency: 25
- Frequency: 1.0
- Cluster: 1
- Churn Risk: No"
16505.0,1,1,145.8,31,1.0,1,0,Occasional Customers,"
       Customer Profile:
- Orders: 1
- Active Months: 1
- Avg Order Value: 145.80
- Recency: 31
- Frequency: 1.0
- Cluster: 1
- Churn Risk: No"
16506.0,2,2,125.4,19,1.0,1,0,Occasional Customers,"
       Customer Profile:
- Orders: 2
- Active Months: 2
- Avg Order Value: 125.40
- Recency: 19
- Frequency: 1.0
- Cluster: 1
- Churn Risk: No"
16509.0,1,1,169.50000000000003,296,1.0,0,1,Dormant Customers,"
       Customer Profile:
- Orders: 1
- Active Months: 1
- Avg Order Value: 169.50
- Recency: 296
- Frequency: 1.0
- Cluster: 0
- Churn Risk: Yes"
16510.0,1,1,178.54999999999998,368,1.0,0,1,Dormant Customers,"
       Customer Profile:
- Orders: 1
- Active Months: 1
- Avg Order Value: 178.55
- Recency: 368
- Frequency: 1.0
- Cluster: 0
- Churn Risk: Yes"
16511.0,3,3,228.2933333333333,21,1.0,1,0,Occasional Customers,"
       Customer Profile:
- Orders: 3
- Active Months: 3
- Avg Order Value: 228.29
- Recency: 21
- Frequency: 1.0
- Cluster: 1
- Churn Risk: No"
16513.0,4,3,634.4025,4,1.3333333333333333,1,0,Occasional Customers,"
       Customer Profile:
- Orders: 4
- Active Months: 3
- Avg Order Value: 634.40
- Recency: 4
- Frequency: 1.3333333333333333
- Cluster: 1
- Churn Risk: No"
16515.0,5,5,337.96,52,1.0,1,0,Occasional Customers,"
       Customer Profile:
- Orders: 5
- Active Months: 5
- Avg Order Value: 337.96
- Recency: 52
- Frequency: 1.0
- Cluster: 1
- Churn Risk: No"
16516.0,1,1,101.7,30,1.0,1,0,Occasional Customers,"
       Customer Profile:
- Orders: 1
- Active Months: 1
- Avg Order Value: 101.70
- Recency: 30
- Frequency: 1.0
- Cluster: 1
- Churn Risk: No"
16517.0,1,1,154.75,277,1.0,0,1,Dormant Customers,"
       Customer Profile:
- Orders: 1
- Active Months: 1
- Avg Order Value: 154.75
- Recency: 277
- Frequency: 1.0
- Cluster: 0
- Churn Risk: Yes"
16518.0,2,2,335.545,61,1.0,1,0,Occasional Customers,"
       Customer Profile:
- Orders: 2
- Active Months: 2
- Avg Order Value: 335.55
- Recency: 61
- Frequency: 1.0
- Cluster: 1
- Churn Risk: No"
16519.0,2,2,37.19,25,1.0,1,0,Occasional Customers,"
       Customer Profile:
- Orders: 2
- Active Months: 2
- Avg Order Value: 37.19
- Recency: 25
- Frequency: 1.0
- Cluster: 1
- Churn Risk: No"
16520.0,3,3,659.09,186,1.0,0,1,Dormant Customers,"
       Customer Profile:
- Orders: 3
- Active Months: 3
- Avg Order Value: 659.09
- Recency: 186
- Frequency: 1.0
- Cluster: 0
- Churn Risk: Yes"
16523.0,19,11,638.7163157894737,1,1.7272727272727273,2,0,Frequent Customers,"
       Customer Profile:
- Orders: 19
- Active Months: 11
- Avg Order Value: 638.72
- Recency: 1
- Frequency: 1.7272727272727273
- Cluster: 2
- Churn Risk: No"
16525.0,26,12,423.7096153846154,2,2.1666666666666665,2,0,Frequent Customers,"
       Customer Profile:
- Orders: 26
- Active Months: 12
- Avg Order Value: 423.71
- Recency: 2
- Frequency: 2.1666666666666665
- Cluster: 2
- Churn Risk: No"
16526.0,1,1,237.66,171,1.0,0,0,Dormant Customers,"
       Customer Profile:
- Orders: 1
- Active Months: 1
- Avg Order Value: 237.66
- Recency: 171
- Frequency: 1.0
- Cluster: 0
- Churn Risk: No"
16527.0,1,1,219.81,81,1.0,1,0,Occasional Customers,"
       Customer Profile:
- Orders: 1
- Active Months: 1
- Avg Order Value: 219.81
- Recency: 81
- Frequency: 1.0
- Cluster: 1
- Churn Risk: No"
16528.0,1,1,371.1,3,1.0,1,0,Occasional Customers,"
       Customer Profile:
- Orders: 1
- Active Months: 1
- Avg Order Value: 371.10
- Recency: 3
- Frequency: 1.0
- Cluster: 1
- Churn Risk: No"
16529.0,1,1,2319.418999999997,190,1.0,1,1,Occasional Customers,"
       Customer Profile:
- Orders: 1
- Active Months: 1
- Avg Order Value: 2319.42
- Recency: 190
- Frequency: 1.0
- Cluster: 1
- Churn Risk: Yes"
16531.0,7,6,153.82571428571427,22,1.1666666666666667,1,0,Occasional Customers,"
       Customer Profile:
- Orders: 7
- Active Months: 6
- Avg Order Value: 153.83
- Recency: 22
- Frequency: 1.1666666666666667
- Cluster: 1
- Churn Risk: No"
16532.0,3,3,125.37,17,1.0,1,0,Occasional Customers,"
       Customer Profile:
- Orders: 3
- Active Months: 3
- Avg Order Value: 125.37
- Recency: 17
- Frequency: 1.0
- Cluster: 1
- Churn Risk: No"
16533.0,3,2,812.3133333333334,19,1.5,1,0,Occasional Customers,"
       Customer Profile:
- Orders: 3
- Active Months: 2
- Avg Order Value: 812.31
- Recency: 19
- Frequency: 1.5
- Cluster: 1
- Churn Risk: No"
16535.0,1,1,791.9399999999999,5,1.0,1,0,Occasional Customers,"
       Customer Profile:
- Orders: 1
- Active Months: 1
- Avg Order Value: 791.94
- Recency: 5
- Frequency: 1.0
- Cluster: 1
- Churn Risk: No"
16536.0,1,1,712.34,110,1.0,1,0,Occasional Customers,"
       Customer Profile:
- Orders: 1
- Active Months: 1
- Avg Order Value: 712.34
- Recency: 110
- Frequency: 1.0
- Cluster: 1
- Churn Risk: No"
16539.0,4,3,343.2275,2,1.3333333333333333,1,0,Occasional Customers,"
       Customer Profile:
- Orders: 4
- Active Months: 3
- Avg Order Value: 343.23
- Recency: 2
- Frequency: 1.3333333333333333
- Cluster: 1
- Churn Risk: No"
16542.0,1,1,119.62,53,1.0,1,0,Occasional Customers,"
       Customer Profile:
- Orders: 1
- Active Months: 1
- Avg Order Value: 119.62
- Recency: 53
- Frequency: 1.0
- Cluster: 1
- Churn Risk: No"
16545.0,1,1,235.35,164,1.0,0,0,Dormant Customers,"
       Customer Profile:
- Orders: 1
- Active Months: 1
- Avg Order Value: 235.35
- Recency: 164
- Frequency: 1.0
- Cluster: 0
- Churn Risk: No"
16546.0,2,2,343.225,290,1.0,0,1,Dormant Customers,"
       Customer Profile:
- Orders: 2
- Active Months: 2
- Avg Order Value: 343.23
- Recency: 290
- Frequency: 1.0
- Cluster: 0
- Churn Risk: Yes"
16549.0,10,5,586.0600000000001,10,2.0,2,0,Frequent Customers,"
       Customer Profile:
- Orders: 10
- Active Months: 5
- Avg Order Value: 586.06
- Recency: 10
- Frequency: 2.0
- Cluster: 2
- Churn Risk: No"
16550.0,5,4,472.352,108,1.25,1,0,Occasional Customers,"
       Customer Profile:
- Orders: 5
- Active Months: 4
- Avg Order Value: 472.35
- Recency: 108
- Frequency: 1.25
- Cluster: 1
- Churn Risk: No"
16551.0,3,3,577.3333333333334,95,1.0,1,0,Occasional Customers,"
       Customer Profile:
- Orders: 3
- Active Months: 3
- Avg Order Value: 577.33
- Recency: 95
- Frequency: 1.0
- Cluster: 1
- Churn Risk: No"
16552.0,2,2,102.425,242,1.0,0,1,Dormant Customers,"
       Customer Profile:
- Orders: 2
- Active Months: 2
- Avg Order Value: 102.42
- Recency: 242
- Frequency: 1.0
- Cluster: 0
- Churn Risk: Yes"
16553.0,12,6,485.715,163,2.0,2,0,Frequent Customers,"
       Customer Profile:
- Orders: 12
- Active Months: 6
- Avg Order Value: 485.71
- Recency: 163
- Frequency: 2.0
- Cluster: 2
- Churn Risk: No"
16554.0,3,3,2115.84,42,1.0,1,0,Occasional Customers,"
       Customer Profile:
- Orders: 3
- Active Months: 3
- Avg Order Value: 2115.84
- Recency: 42
- Frequency: 1.0
- Cluster: 1
- Churn Risk: No"
16555.0,2,2,134.695,35,1.0,1,0,Occasional Customers,"
       Customer Profile:
- Orders: 2
- Active Months: 2
- Avg Order Value: 134.69
- Recency: 35
- Frequency: 1.0
- Cluster: 1
- Churn Risk: No"
16556.0,7,7,379.26714285714286,66,1.0,1,0,Occasional Customers,"
       Customer Profile:
- Orders: 7
- Active Months: 7
- Avg Order Value: 379.27
- Recency: 66
- Frequency: 1.0
- Cluster: 1
- Churn Risk: No"
16557.0,2,2,103.925,24,1.0,1,0,Occasional Customers,"
       Customer Profile:
- Orders: 2
- Active Months: 2
- Avg Order Value: 103.92
- Recency: 24
- Frequency: 1.0
- Cluster: 1
- Churn Risk: No"
16558.0,20,13,509.6110000000001,1,1.5384615384615383,2,0,Frequent Customers,"
       Customer Profile:
- Orders: 20
- Active Months: 13
- Avg Order Value: 509.61
- Recency: 1
- Frequency: 1.5384615384615383
- Cluster: 2
- Churn Risk: No"
16560.0,2,2,530.245,26,1.0,1,0,Occasional Customers,"
       Customer Profile:
- Orders: 2
- Active Months: 2
- Avg Order Value: 530.25
- Recency: 26
- Frequency: 1.0
- Cluster: 1
- Churn Risk: No"
16561.0,2,2,361.64,5,1.0,1,0,Occasional Customers,"
       Customer Profile:
- Orders: 2
- Active Months: 2
- Avg Order Value: 361.64
- Recency: 5
- Frequency: 1.0
- Cluster: 1
- Churn Risk: No"
16563.0,1,1,580.46,53,1.0,1,0,Occasional Customers,"
       Customer Profile:
- Orders: 1
- Active Months: 1
- Avg Order Value: 580.46
- Recency: 53
- Frequency: 1.0
- Cluster: 1
- Churn Risk: No"
16565.0,1,1,128.85000000000002,364,1.0,0,1,Dormant Customers,"
       Customer Profile:
- Orders: 1
- Active Months: 1
- Avg Order Value: 128.85
- Recency: 364
- Frequency: 1.0
- Cluster: 0
- Churn Risk: Yes"
16566.0,5,5,82.386,15,1.0,1,0,Occasional Customers,"
       Customer Profile:
- Orders: 5
- Active Months: 5
- Avg Order Value: 82.39
- Recency: 15
- Frequency: 1.0
- Cluster: 1
- Churn Risk: No"
16567.0,2,2,644.83,194,1.0,0,1,Dormant Customers,"
       Customer Profile:
- Orders: 2
- Active Months: 2
- Avg Order Value: 644.83
- Recency: 194
- Frequency: 1.0
- Cluster: 0
- Churn Risk: Yes"
16569.0,1,1,153.0,3,1.0,1,0,Occasional Customers,"
       Customer Profile:
- Orders: 1
- Active Months: 1
- Avg Order Value: 153.00
- Recency: 3
- Frequency: 1.0
- Cluster: 1
- Churn Risk: No"
16570.0,9,7,346.6144444444444,15,1.2857142857142858,1,0,Occasional Customers,"
       Customer Profile:
- Orders: 9
- Active Months: 7
- Avg Order Value: 346.61
- Recency: 15
- Frequency: 1.2857142857142858
- Cluster: 1
- Churn Risk: No"
16571.0,3,3,603.4433333333333,26,1.0,1,0,Occasional Customers,"
       Customer Profile:
- Orders: 3
- Active Months: 3
- Avg Order Value: 603.44
- Recency: 26
- Frequency: 1.0
- Cluster: 1
- Churn Risk: No"
16572.0,3,3,285.18333333333334,127,1.0,1,0,Occasional Customers,"
       Customer Profile:
- Orders: 3
- Active Months: 3
- Avg Order Value: 285.18
- Recency: 127
- Frequency: 1.0
- Cluster: 1
- Churn Risk: No"
16573.0,2,2,262.98,84,1.0,1,0,Occasional Customers,"
       Customer Profile:
- Orders: 2
- Active Months: 2
- Avg Order Value: 262.98
- Recency: 84
- Frequency: 1.0
- Cluster: 1
- Churn Risk: No"
16574.0,1,1,423.99,71,1.0,1,0,Occasional Customers,"
       Customer Profile:
- Orders: 1
- Active Months: 1
- Avg Order Value: 423.99
- Recency: 71
- Frequency: 1.0
- Cluster: 1
- Churn Risk: No"
16581.0,1,1,105.84,182,1.0,0,1,Dormant Customers,"
       Customer Profile:
- Orders: 1
- Active Months: 1
- Avg Order Value: 105.84
- Recency: 182
- Frequency: 1.0
- Cluster: 0
- Churn Risk: Yes"
16582.0,1,1,198.33,113,1.0,1,0,Occasional Customers,"
       Customer Profile:
- Orders: 1
- Active Months: 1
- Avg Order Value: 198.33
- Recency: 113
- Frequency: 1.0
- Cluster: 1
- Churn Risk: No"
16583.0,1,1,233.45,368,1.0,0,1,Dormant Customers,"
       Customer Profile:
- Orders: 1
- Active Months: 1
- Avg Order Value: 233.45
- Recency: 368
- Frequency: 1.0
- Cluster: 0
- Churn Risk: Yes"
16584.0,2,2,382.51,80,1.0,1,0,Occasional Customers,"
       Customer Profile:
- Orders: 2
- Active Months: 2
- Avg Order Value: 382.51
- Recency: 80
- Frequency: 1.0
- Cluster: 1
- Churn Risk: No"
16586.0,1,1,361.95,248,1.0,0,1,Dormant Customers,"
       Customer Profile:
- Orders: 1
- Active Months: 1
- Avg Order Value: 361.95
- Recency: 248
- Frequency: 1.0
- Cluster: 0
- Churn Risk: Yes"
16587.0,1,1,639.25,232,1.0,0,1,Dormant Customers,"
       Customer Profile:
- Orders: 1
- Active Months: 1
- Avg Order Value: 639.25
- Recency: 232
- Frequency: 1.0
- Cluster: 0
- Churn Risk: Yes"
16589.0,3,3,153.08,71,1.0,1,0,Occasional Customers,"
       Customer Profile:
- Orders: 3
- Active Months: 3
- Avg Order Value: 153.08
- Recency: 71
- Frequency: 1.0
- Cluster: 1
- Churn Risk: No"
16591.0,1,1,640.5,68,1.0,1,0,Occasional Customers,"
       Customer Profile:
- Orders: 1
- Active Months: 1
- Avg Order Value: 640.50
- Recency: 68
- Frequency: 1.0
- Cluster: 1
- Churn Risk: No"
16592.0,16,8,279.673125,4,2.0,2,0,Frequent Customers,"
       Customer Profile:
- Orders: 16
- Active Months: 8
- Avg Order Value: 279.67
- Recency: 4
- Frequency: 2.0
- Cluster: 2
- Churn Risk: No"
16593.0,3,3,60.92666666666667,50,1.0,1,0,Occasional Customers,"
       Customer Profile:
- Orders: 3
- Active Months: 3
- Avg Order Value: 60.93
- Recency: 50
- Frequency: 1.0
- Cluster: 1
- Churn Risk: No"
16594.0,1,1,246.88,75,1.0,1,0,Occasional Customers,"
       Customer Profile:
- Orders: 1
- Active Months: 1
- Avg Order Value: 246.88
- Recency: 75
- Frequency: 1.0
- Cluster: 1
- Churn Risk: No"
16595.0,1,1,683.92,61,1.0,1,0,Occasional Customers,"
       Customer Profile:
- Orders: 1
- Active Months: 1
- Avg Order Value: 683.92
- Recency: 61
- Frequency: 1.0
- Cluster: 1
- Churn Risk: No"
16596.0,2,2,299.05,15,1.0,1,0,Occasional Customers,"
       Customer Profile:
- Orders: 2
- Active Months: 2
- Avg Order Value: 299.05
- Recency: 15
- Frequency: 1.0
- Cluster: 1
- Churn Risk: No"
16597.0,1,1,70.7,4,1.0,1,0,Occasional Customers,"
       Customer Profile:
- Orders: 1
- Active Months: 1
- Avg Order Value: 70.70
- Recency: 4
- Frequency: 1.0
- Cluster: 1
- Churn Risk: No"
16598.0,1,1,290.1,285,1.0,0,1,Dormant Customers,"
       Customer Profile:
- Orders: 1
- Active Months: 1
- Avg Order Value: 290.10
- Recency: 285
- Frequency: 1.0
- Cluster: 0
- Churn Risk: Yes"
16600.0,6,5,119.31333333333332,4,1.2,1,0,Occasional Customers,"
       Customer Profile:
- Orders: 6
- Active Months: 5
- Avg Order Value: 119.31
- Recency: 4
- Frequency: 1.2
- Cluster: 1
- Churn Risk: No"
16601.0,1,1,342.88,40,1.0,1,0,Occasional Customers,"
       Customer Profile:
- Orders: 1
- Active Months: 1
- Avg Order Value: 342.88
- Recency: 40
- Frequency: 1.0
- Cluster: 1
- Churn Risk: No"
16602.0,1,1,505.04,36,1.0,1,0,Occasional Customers,"
       Customer Profile:
- Orders: 1
- Active Months: 1
- Avg Order Value: 505.04
- Recency: 36
- Frequency: 1.0
- Cluster: 1
- Churn Risk: No"
16603.0,2,1,233.525,74,2.0,1,0,Occasional Customers,"
       Customer Profile:
- Orders: 2
- Active Months: 1
- Avg Order Value: 233.53
- Recency: 74
- Frequency: 2.0
- Cluster: 1
- Churn Risk: No"
16607.0,13,10,214.51692307692304,17,1.3,2,0,Frequent Customers,"
       Customer Profile:
- Orders: 13
- Active Months: 10
- Avg Order Value: 214.52
- Recency: 17
- Frequency: 1.3
- Cluster: 2
- Churn Risk: No"
16609.0,7,5,880.5942857142857,15,1.4,1,0,Occasional Customers,"
       Customer Profile:
- Orders: 7
- Active Months: 5
- Avg Order Value: 880.59
- Recency: 15
- Frequency: 1.4
- Cluster: 1
- Churn Risk: No"
16610.0,1,1,75.66,219,1.0,0,1,Dormant Customers,"
       Customer Profile:
- Orders: 1
- Active Months: 1
- Avg Order Value: 75.66
- Recency: 219
- Frequency: 1.0
- Cluster: 0
- Churn Risk: Yes"
16611.0,1,1,517.96,186,1.0,0,1,Dormant Customers,"
       Customer Profile:
- Orders: 1
- Active Months: 1
- Avg Order Value: 517.96
- Recency: 186
- Frequency: 1.0
- Cluster: 0
- Churn Risk: Yes"
16612.0,4,4,619.5175,32,1.0,1,0,Occasional Customers,"
       Customer Profile:
- Orders: 4
- Active Months: 4
- Avg Order Value: 619.52
- Recency: 32
- Frequency: 1.0
- Cluster: 1
- Churn Risk: No"
16613.0,1,1,586.79,70,1.0,1,0,Occasional Customers,"
       Customer Profile:
- Orders: 1
- Active Months: 1
- Avg Order Value: 586.79
- Recency: 70
- Frequency: 1.0
- Cluster: 1
- Churn Risk: No"
16614.0,1,1,305.79,182,1.0,0,1,Dormant Customers,"
       Customer Profile:
- Orders: 1
- Active Months: 1
- Avg Order Value: 305.79
- Recency: 182
- Frequency: 1.0
- Cluster: 0
- Churn Risk: Yes"
16616.0,2,2,275.36,15,1.0,1,0,Occasional Customers,"
       Customer Profile:
- Orders: 2
- Active Months: 2
- Avg Order Value: 275.36
- Recency: 15
- Frequency: 1.0
- Cluster: 1
- Churn Risk: No"
16617.0,1,1,112.85,235,1.0,0,1,Dormant Customers,"
       Customer Profile:
- Orders: 1
- Active Months: 1
- Avg Order Value: 112.85
- Recency: 235
- Frequency: 1.0
- Cluster: 0
- Churn Risk: Yes"
16618.0,4,4,450.3825,31,1.0,1,0,Occasional Customers,"
       Customer Profile:
- Orders: 4
- Active Months: 4
- Avg Order Value: 450.38
- Recency: 31
- Frequency: 1.0
- Cluster: 1
- Churn Risk: No"
16619.0,1,1,904.84,263,1.0,0,1,Dormant Customers,"
       Customer Profile:
- Orders: 1
- Active Months: 1
- Avg Order Value: 904.84
- Recency: 263
- Frequency: 1.0
- Cluster: 0
- Churn Risk: Yes"
16620.0,2,2,114.08,3,1.0,1,0,Occasional Customers,"
       Customer Profile:
- Orders: 2
- Active Months: 2
- Avg Order Value: 114.08
- Recency: 3
- Frequency: 1.0
- Cluster: 1
- Churn Risk: No"
16621.0,4,4,179.57000000000002,51,1.0,1,0,Occasional Customers,"
       Customer Profile:
- Orders: 4
- Active Months: 4
- Avg Order Value: 179.57
- Recency: 51
- Frequency: 1.0
- Cluster: 1
- Churn Risk: No"
16623.0,1,1,129.45,245,1.0,0,1,Dormant Customers,"
       Customer Profile:
- Orders: 1
- Active Months: 1
- Avg Order Value: 129.45
- Recency: 245
- Frequency: 1.0
- Cluster: 0
- Churn Risk: Yes"
16624.0,2,2,302.905,80,1.0,1,0,Occasional Customers,"
       Customer Profile:
- Orders: 2
- Active Months: 2
- Avg Order Value: 302.90
- Recency: 80
- Frequency: 1.0
- Cluster: 1
- Churn Risk: No"
16625.0,1,1,300.68,274,1.0,0,1,Dormant Customers,"
       Customer Profile:
- Orders: 1
- Active Months: 1
- Avg Order Value: 300.68
- Recency: 274
- Frequency: 1.0
- Cluster: 0
- Churn Risk: Yes"
16626.0,16,8,188.1275,1,2.0,2,0,Frequent Customers,"
       Customer Profile:
- Orders: 16
- Active Months: 8
- Avg Order Value: 188.13
- Recency: 1
- Frequency: 2.0
- Cluster: 2
- Churn Risk: No"
16627.0,1,1,172.91,79,1.0,1,0,Occasional Customers,"
       Customer Profile:
- Orders: 1
- Active Months: 1
- Avg Order Value: 172.91
- Recency: 79
- Frequency: 1.0
- Cluster: 1
- Churn Risk: No"
16628.0,5,5,392.61,29,1.0,1,0,Occasional Customers,"
       Customer Profile:
- Orders: 5
- Active Months: 5
- Avg Order Value: 392.61
- Recency: 29
- Frequency: 1.0
- Cluster: 1
- Churn Risk: No"
16629.0,2,1,276.12,73,2.0,1,0,Occasional Customers,"
       Customer Profile:
- Orders: 2
- Active Months: 1
- Avg Order Value: 276.12
- Recency: 73
- Frequency: 2.0
- Cluster: 1
- Churn Risk: No"
16633.0,6,6,892.0200000000001,17,1.0,1,0,Occasional Customers,"
       Customer Profile:
- Orders: 6
- Active Months: 6
- Avg Order Value: 892.02
- Recency: 17
- Frequency: 1.0
- Cluster: 1
- Churn Risk: No"
16634.0,2,2,670.35,222,1.0,0,1,Dormant Customers,"
       Customer Profile:
- Orders: 2
- Active Months: 2
- Avg Order Value: 670.35
- Recency: 222
- Frequency: 1.0
- Cluster: 0
- Churn Risk: Yes"
16637.0,4,4,474.06,32,1.0,1,0,Occasional Customers,"
       Customer Profile:
- Orders: 4
- Active Months: 4
- Avg Order Value: 474.06
- Recency: 32
- Frequency: 1.0
- Cluster: 1
- Churn Risk: No"
16638.0,10,7,142.624,22,1.4285714285714286,2,0,Frequent Customers,"
       Customer Profile:
- Orders: 10
- Active Months: 7
- Avg Order Value: 142.62
- Recency: 22
- Frequency: 1.4285714285714286
- Cluster: 2
- Churn Risk: No"
16639.0,3,3,324.67,31,1.0,1,0,Occasional Customers,"
       Customer Profile:
- Orders: 3
- Active Months: 3
- Avg Order Value: 324.67
- Recency: 31
- Frequency: 1.0
- Cluster: 1
- Churn Risk: No"
16641.0,1,1,174.41,105,1.0,1,0,Occasional Customers,"
       Customer Profile:
- Orders: 1
- Active Months: 1
- Avg Order Value: 174.41
- Recency: 105
- Frequency: 1.0
- Cluster: 1
- Churn Risk: No"
16642.0,2,2,239.4,4,1.0,1,0,Occasional Customers,"
       Customer Profile:
- Orders: 2
- Active Months: 2
- Avg Order Value: 239.40
- Recency: 4
- Frequency: 1.0
- Cluster: 1
- Churn Risk: No"
16643.0,1,1,424.26,245,1.0,0,1,Dormant Customers,"
       Customer Profile:
- Orders: 1
- Active Months: 1
- Avg Order Value: 424.26
- Recency: 245
- Frequency: 1.0
- Cluster: 0
- Churn Risk: Yes"
16644.0,2,2,406.94,177,1.0,0,0,Dormant Customers,"
       Customer Profile:
- Orders: 2
- Active Months: 2
- Avg Order Value: 406.94
- Recency: 177
- Frequency: 1.0
- Cluster: 0
- Churn Risk: No"
16647.0,2,2,220.175,169,1.0,0,0,Dormant Customers,"
       Customer Profile:
- Orders: 2
- Active Months: 2
- Avg Order Value: 220.18
- Recency: 169
- Frequency: 1.0
- Cluster: 0
- Churn Risk: No"
16648.0,1,1,284.81,42,1.0,1,0,Occasional Customers,"
       Customer Profile:
- Orders: 1
- Active Months: 1
- Avg Order Value: 284.81
- Recency: 42
- Frequency: 1.0
- Cluster: 1
- Churn Risk: No"
16650.0,1,1,470.34,71,1.0,1,0,Occasional Customers,"
       Customer Profile:
- Orders: 1
- Active Months: 1
- Avg Order Value: 470.34
- Recency: 71
- Frequency: 1.0
- Cluster: 1
- Churn Risk: No"
16652.0,6,4,1192.0200000000002,58,1.5,1,0,Occasional Customers,"
       Customer Profile:
- Orders: 6
- Active Months: 4
- Avg Order Value: 1192.02
- Recency: 58
- Frequency: 1.5
- Cluster: 1
- Churn Risk: No"
16653.0,2,2,521.655,16,1.0,1,0,Occasional Customers,"
       Customer Profile:
- Orders: 2
- Active Months: 2
- Avg Order Value: 521.65
- Recency: 16
- Frequency: 1.0
- Cluster: 1
- Churn Risk: No"
16654.0,4,4,149.8425,141,1.0,1,0,Occasional Customers,"
       Customer Profile:
- Orders: 4
- Active Months: 4
- Avg Order Value: 149.84
- Recency: 141
- Frequency: 1.0
- Cluster: 1
- Churn Risk: No"
16655.0,6,5,743.5766666666667,17,1.2,1,0,Occasional Customers,"
       Customer Profile:
- Orders: 6
- Active Months: 5
- Avg Order Value: 743.58
- Recency: 17
- Frequency: 1.2
- Cluster: 1
- Churn Risk: No"
16656.0,15,11,247.244,22,1.3636363636363635,2,0,Frequent Customers,"
       Customer Profile:
- Orders: 15
- Active Months: 11
- Avg Order Value: 247.24
- Recency: 22
- Frequency: 1.3636363636363635
- Cluster: 2
- Churn Risk: No"
16657.0,4,3,253.1525,9,1.3333333333333333,1,0,Occasional Customers,"
       Customer Profile:
- Orders: 4
- Active Months: 3
- Avg Order Value: 253.15
- Recency: 9
- Frequency: 1.3333333333333333
- Cluster: 1
- Churn Risk: No"
16658.0,1,1,182.88,368,1.0,0,1,Dormant Customers,"
       Customer Profile:
- Orders: 1
- Active Months: 1
- Avg Order Value: 182.88
- Recency: 368
- Frequency: 1.0
- Cluster: 0
- Churn Risk: Yes"
16659.0,1,1,30.93,189,1.0,0,1,Dormant Customers,"
       Customer Profile:
- Orders: 1
- Active Months: 1
- Avg Order Value: 30.93
- Recency: 189
- Frequency: 1.0
- Cluster: 0
- Churn Risk: Yes"
16660.0,4,3,157.8725,16,1.3333333333333333,1,0,Occasional Customers,"
       Customer Profile:
- Orders: 4
- Active Months: 3
- Avg Order Value: 157.87
- Recency: 16
- Frequency: 1.3333333333333333
- Cluster: 1
- Churn Risk: No"
16665.0,1,1,156.8,362,1.0,0,1,Dormant Customers,"
       Customer Profile:
- Orders: 1
- Active Months: 1
- Avg Order Value: 156.80
- Recency: 362
- Frequency: 1.0
- Cluster: 0
- Churn Risk: Yes"
16666.0,1,1,475.92,19,1.0,1,0,Occasional Customers,"
       Customer Profile:
- Orders: 1
- Active Months: 1
- Avg Order Value: 475.92
- Recency: 19
- Frequency: 1.0
- Cluster: 1
- Churn Risk: No"
16667.0,2,2,522.47,68,1.0,1,0,Occasional Customers,"
       Customer Profile:
- Orders: 2
- Active Months: 2
- Avg Order Value: 522.47
- Recency: 68
- Frequency: 1.0
- Cluster: 1
- Churn Risk: No"
16668.0,6,6,148.67,15,1.0,1,0,Occasional Customers,"
       Customer Profile:
- Orders: 6
- Active Months: 6
- Avg Order Value: 148.67
- Recency: 15
- Frequency: 1.0
- Cluster: 1
- Churn Risk: No"
16669.0,3,2,369.0866666666666,23,1.5,1,0,Occasional Customers,"
       Customer Profile:
- Orders: 3
- Active Months: 2
- Avg Order Value: 369.09
- Recency: 23
- Frequency: 1.5
- Cluster: 1
- Churn Risk: No"
16670.0,11,8,322.91818181818184,16,1.375,2,0,Frequent Customers,"
       Customer Profile:
- Orders: 11
- Active Months: 8
- Avg Order Value: 322.92
- Recency: 16
- Frequency: 1.375
- Cluster: 2
- Churn Risk: No"
16671.0,3,2,158.20000000000002,28,1.5,1,0,Occasional Customers,"
       Customer Profile:
- Orders: 3
- Active Months: 2
- Avg Order Value: 158.20
- Recency: 28
- Frequency: 1.5
- Cluster: 1
- Churn Risk: No"
16672.0,20,9,460.2615,2,2.2222222222222223,2,0,Frequent Customers,"
       Customer Profile:
- Orders: 20
- Active Months: 9
- Avg Order Value: 460.26
- Recency: 2
- Frequency: 2.2222222222222223
- Cluster: 2
- Churn Risk: No"
16674.0,2,2,236.29,54,1.0,1,0,Occasional Customers,"
       Customer Profile:
- Orders: 2
- Active Months: 2
- Avg Order Value: 236.29
- Recency: 54
- Frequency: 1.0
- Cluster: 1
- Churn Risk: No"
16676.0,4,4,887.1575,33,1.0,1,0,Occasional Customers,"
       Customer Profile:
- Orders: 4
- Active Months: 4
- Avg Order Value: 887.16
- Recency: 33
- Frequency: 1.0
- Cluster: 1
- Churn Risk: No"
16678.0,12,8,281.3,2,1.5,2,0,Frequent Customers,"
       Customer Profile:
- Orders: 12
- Active Months: 8
- Avg Order Value: 281.30
- Recency: 2
- Frequency: 1.5
- Cluster: 2
- Churn Risk: No"
16679.0,1,1,702.0,366,1.0,0,1,Dormant Customers,"
       Customer Profile:
- Orders: 1
- Active Months: 1
- Avg Order Value: 702.00
- Recency: 366
- Frequency: 1.0
- Cluster: 0
- Churn Risk: Yes"
16680.0,1,1,149.7,43,1.0,1,0,Occasional Customers,"
       Customer Profile:
- Orders: 1
- Active Months: 1
- Avg Order Value: 149.70
- Recency: 43
- Frequency: 1.0
- Cluster: 1
- Churn Risk: No"
16681.0,6,5,238.77666666666667,72,1.2,1,0,Occasional Customers,"
       Customer Profile:
- Orders: 6
- Active Months: 5
- Avg Order Value: 238.78
- Recency: 72
- Frequency: 1.2
- Cluster: 1
- Churn Risk: No"
16682.0,5,5,209.952,4,1.0,1,0,Occasional Customers,"
       Customer Profile:
- Orders: 5
- Active Months: 5
- Avg Order Value: 209.95
- Recency: 4
- Frequency: 1.0
- Cluster: 1
- Churn Risk: No"
16684.0,28,9,550.3178571428572,4,3.0,2,0,Frequent Customers,"
       Customer Profile:
- Orders: 28
- Active Months: 9
- Avg Order Value: 550.32
- Recency: 4
- Frequency: 3.0
- Cluster: 2
- Churn Risk: No"
16685.0,1,1,471.3,61,1.0,1,0,Occasional Customers,"
       Customer Profile:
- Orders: 1
- Active Months: 1
- Avg Order Value: 471.30
- Recency: 61
- Frequency: 1.0
- Cluster: 1
- Churn Risk: No"
16686.0,7,7,654.9,47,1.0,1,0,Occasional Customers,"
       Customer Profile:
- Orders: 7
- Active Months: 7
- Avg Order Value: 654.90
- Recency: 47
- Frequency: 1.0
- Cluster: 1
- Churn Risk: No"
16688.0,4,3,527.175,1,1.3333333333333333,1,0,Occasional Customers,"
       Customer Profile:
- Orders: 4
- Active Months: 3
- Avg Order Value: 527.17
- Recency: 1
- Frequency: 1.3333333333333333
- Cluster: 1
- Churn Risk: No"
16689.0,2,1,313.5,75,2.0,1,0,Occasional Customers,"
       Customer Profile:
- Orders: 2
- Active Months: 1
- Avg Order Value: 313.50
- Recency: 75
- Frequency: 2.0
- Cluster: 1
- Churn Risk: No"
16690.0,2,2,141.04,72,1.0,1,0,Occasional Customers,"
       Customer Profile:
- Orders: 2
- Active Months: 2
- Avg Order Value: 141.04
- Recency: 72
- Frequency: 1.0
- Cluster: 1
- Churn Risk: No"
16692.0,1,1,201.15,256,1.0,0,1,Dormant Customers,"
       Customer Profile:
- Orders: 1
- Active Months: 1
- Avg Order Value: 201.15
- Recency: 256
- Frequency: 1.0
- Cluster: 0
- Churn Risk: Yes"
16693.0,2,2,475.01,68,1.0,1,0,Occasional Customers,"
       Customer Profile:
- Orders: 2
- Active Months: 2
- Avg Order Value: 475.01
- Recency: 68
- Frequency: 1.0
- Cluster: 1
- Churn Risk: No"
16696.0,4,3,115.57500000000002,135,1.3333333333333333,1,0,Occasional Customers,"
       Customer Profile:
- Orders: 4
- Active Months: 3
- Avg Order Value: 115.58
- Recency: 135
- Frequency: 1.3333333333333333
- Cluster: 1
- Churn Risk: No"
16697.0,1,1,50.85,241,1.0,0,1,Dormant Customers,"
       Customer Profile:
- Orders: 1
- Active Months: 1
- Avg Order Value: 50.85
- Recency: 241
- Frequency: 1.0
- Cluster: 0
- Churn Risk: Yes"
16698.0,2,2,194.4,226,1.0,0,1,Dormant Customers,"
       Customer Profile:
- Orders: 2
- Active Months: 2
- Avg Order Value: 194.40
- Recency: 226
- Frequency: 1.0
- Cluster: 0
- Churn Risk: Yes"
16700.0,13,12,805.5699999999999,8,1.0833333333333333,2,0,Frequent Customers,"
       Customer Profile:
- Orders: 13
- Active Months: 12
- Avg Order Value: 805.57
- Recency: 8
- Frequency: 1.0833333333333333
- Cluster: 2
- Churn Risk: No"
16701.0,13,10,293.3969230769231,8,1.3,2,0,Frequent Customers,"
       Customer Profile:
- Orders: 13
- Active Months: 10
- Avg Order Value: 293.40
- Recency: 8
- Frequency: 1.3
- Cluster: 2
- Churn Risk: No"
16705.0,20,9,621.1990000000001,1,2.2222222222222223,2,0,Frequent Customers,"
       Customer Profile:
- Orders: 20
- Active Months: 9
- Avg Order Value: 621.20
- Recency: 1
- Frequency: 2.2222222222222223
- Cluster: 2
- Churn Risk: No"
16706.0,3,3,132.70000000000002,37,1.0,1,0,Occasional Customers,"
       Customer Profile:
- Orders: 3
- Active Months: 3
- Avg Order Value: 132.70
- Recency: 37
- Frequency: 1.0
- Cluster: 1
- Churn Risk: No"
16708.0,1,1,571.03,45,1.0,1,0,Occasional Customers,"
       Customer Profile:
- Orders: 1
- Active Months: 1
- Avg Order Value: 571.03
- Recency: 45
- Frequency: 1.0
- Cluster: 1
- Churn Risk: No"
16709.0,5,4,344.312,84,1.25,1,0,Occasional Customers,"
       Customer Profile:
- Orders: 5
- Active Months: 4
- Avg Order Value: 344.31
- Recency: 84
- Frequency: 1.25
- Cluster: 1
- Churn Risk: No"
16710.0,10,6,440.786,19,1.6666666666666667,2,0,Frequent Customers,"
       Customer Profile:
- Orders: 10
- Active Months: 6
- Avg Order Value: 440.79
- Recency: 19
- Frequency: 1.6666666666666667
- Cluster: 2
- Churn Risk: No"
16711.0,5,5,254.97600000000003,3,1.0,1,0,Occasional Customers,"
       Customer Profile:
- Orders: 5
- Active Months: 5
- Avg Order Value: 254.98
- Recency: 3
- Frequency: 1.0
- Cluster: 1
- Churn Risk: No"
16712.0,10,6,380.111,18,1.6666666666666667,2,0,Frequent Customers,"
       Customer Profile:
- Orders: 10
- Active Months: 6
- Avg Order Value: 380.11
- Recency: 18
- Frequency: 1.6666666666666667
- Cluster: 2
- Churn Risk: No"
16713.0,15,10,447.3073333333333,18,1.5,2,0,Frequent Customers,"
       Customer Profile:
- Orders: 15
- Active Months: 10
- Avg Order Value: 447.31
- Recency: 18
- Frequency: 1.5
- Cluster: 2
- Churn Risk: No"
16714.0,1,1,1612.82,317,1.0,0,1,Dormant Customers,"
       Customer Profile:
- Orders: 1
- Active Months: 1
- Avg Order Value: 1612.82
- Recency: 317
- Frequency: 1.0
- Cluster: 0
- Churn Risk: Yes"
16715.0,1,1,163.12,78,1.0,1,0,Occasional Customers,"
       Customer Profile:
- Orders: 1
- Active Months: 1
- Avg Order Value: 163.12
- Recency: 78
- Frequency: 1.0
- Cluster: 1
- Churn Risk: No"
16716.0,1,1,166.8,266,1.0,0,1,Dormant Customers,"
       Customer Profile:
- Orders: 1
- Active Months: 1
- Avg Order Value: 166.80
- Recency: 266
- Frequency: 1.0
- Cluster: 0
- Churn Risk: Yes"
16717.0,6,4,878.205,23,1.5,1,0,Occasional Customers,"
       Customer Profile:
- Orders: 6
- Active Months: 4
- Avg Order Value: 878.21
- Recency: 23
- Frequency: 1.5
- Cluster: 1
- Churn Risk: No"
16718.0,1,1,1011.22,368,1.0,0,1,Dormant Customers,"
       Customer Profile:
- Orders: 1
- Active Months: 1
- Avg Order Value: 1011.22
- Recency: 368
- Frequency: 1.0
- Cluster: 0
- Churn Risk: Yes"
16719.0,7,7,225.41857142857145,14,1.0,1,0,Occasional Customers,"
       Customer Profile:
- Orders: 7
- Active Months: 7
- Avg Order Value: 225.42
- Recency: 14
- Frequency: 1.0
- Cluster: 1
- Churn Risk: No"
16720.0,1,1,244.22,26,1.0,1,0,Occasional Customers,"
       Customer Profile:
- Orders: 1
- Active Months: 1
- Avg Order Value: 244.22
- Recency: 26
- Frequency: 1.0
- Cluster: 1
- Churn Risk: No"
16721.0,1,1,292.47,262,1.0,0,1,Dormant Customers,"
       Customer Profile:
- Orders: 1
- Active Months: 1
- Avg Order Value: 292.47
- Recency: 262
- Frequency: 1.0
- Cluster: 0
- Churn Risk: Yes"
16722.0,13,10,486.5307692307692,17,1.3,2,0,Frequent Customers,"
       Customer Profile:
- Orders: 13
- Active Months: 10
- Avg Order Value: 486.53
- Recency: 17
- Frequency: 1.3
- Cluster: 2
- Churn Risk: No"
16723.0,1,1,290.19,107,1.0,1,0,Occasional Customers,"
       Customer Profile:
- Orders: 1
- Active Months: 1
- Avg Order Value: 290.19
- Recency: 107
- Frequency: 1.0
- Cluster: 1
- Churn Risk: No"
16725.0,7,3,114.85285714285716,302,2.333333333333333,0,1,Dormant Customers,"
       Customer Profile:
- Orders: 7
- Active Months: 3
- Avg Order Value: 114.85
- Recency: 302
- Frequency: 2.333333333333333
- Cluster: 0
- Churn Risk: Yes"
16726.0,5,4,336.062,26,1.25,1,0,Occasional Customers,"
       Customer Profile:
- Orders: 5
- Active Months: 4
- Avg Order Value: 336.06
- Recency: 26
- Frequency: 1.25
- Cluster: 1
- Churn Risk: No"
16727.0,1,1,256.32,364,1.0,0,1,Dormant Customers,"
       Customer Profile:
- Orders: 1
- Active Months: 1
- Avg Order Value: 256.32
- Recency: 364
- Frequency: 1.0
- Cluster: 0
- Churn Risk: Yes"
16728.0,4,4,343.295,46,1.0,1,0,Occasional Customers,"
       Customer Profile:
- Orders: 4
- Active Months: 4
- Avg Order Value: 343.30
- Recency: 46
- Frequency: 1.0
- Cluster: 1
- Churn Risk: No"
16729.0,20,8,746.0325,38,2.5,2,0,Frequent Customers,"
       Customer Profile:
- Orders: 20
- Active Months: 8
- Avg Order Value: 746.03
- Recency: 38
- Frequency: 2.5
- Cluster: 2
- Churn Risk: No"
16730.0,3,3,233.23,52,1.0,1,0,Occasional Customers,"
       Customer Profile:
- Orders: 3
- Active Months: 3
- Avg Order Value: 233.23
- Recency: 52
- Frequency: 1.0
- Cluster: 1
- Churn Risk: No"
16732.0,1,1,548.16,31,1.0,1,0,Occasional Customers,"
       Customer Profile:
- Orders: 1
- Active Months: 1
- Avg Order Value: 548.16
- Recency: 31
- Frequency: 1.0
- Cluster: 1
- Churn Risk: No"
16734.0,3,2,165.30333333333334,52,1.5,1,0,Occasional Customers,"
       Customer Profile:
- Orders: 3
- Active Months: 2
- Avg Order Value: 165.30
- Recency: 52
- Frequency: 1.5
- Cluster: 1
- Churn Risk: No"
16735.0,5,3,534.958,78,1.6666666666666667,1,0,Occasional Customers,"
       Customer Profile:
- Orders: 5
- Active Months: 3
- Avg Order Value: 534.96
- Recency: 78
- Frequency: 1.6666666666666667
- Cluster: 1
- Churn Risk: No"
16737.0,1,1,39.15,53,1.0,1,0,Occasional Customers,"
       Customer Profile:
- Orders: 1
- Active Months: 1
- Avg Order Value: 39.15
- Recency: 53
- Frequency: 1.0
- Cluster: 1
- Churn Risk: No"
16738.0,1,1,22.6365,297,1.0,0,1,Dormant Customers,"
       Customer Profile:
- Orders: 1
- Active Months: 1
- Avg Order Value: 22.64
- Recency: 297
- Frequency: 1.0
- Cluster: 0
- Churn Risk: Yes"
16739.0,1,1,279.25,176,1.0,0,0,Dormant Customers,"
       Customer Profile:
- Orders: 1
- Active Months: 1
- Avg Order Value: 279.25
- Recency: 176
- Frequency: 1.0
- Cluster: 0
- Churn Risk: No"
16743.0,7,6,310.5957142857143,29,1.1666666666666667,1,0,Occasional Customers,"
       Customer Profile:
- Orders: 7
- Active Months: 6
- Avg Order Value: 310.60
- Recency: 29
- Frequency: 1.1666666666666667
- Cluster: 1
- Churn Risk: No"
16744.0,7,5,305.61571428571426,11,1.4,1,0,Occasional Customers,"
       Customer Profile:
- Orders: 7
- Active Months: 5
- Avg Order Value: 305.62
- Recency: 11
- Frequency: 1.4
- Cluster: 1
- Churn Risk: No"
16745.0,17,8,502.9364705882353,86,2.125,2,0,Frequent Customers,"
       Customer Profile:
- Orders: 17
- Active Months: 8
- Avg Order Value: 502.94
- Recency: 86
- Frequency: 2.125
- Cluster: 2
- Churn Risk: No"
16746.0,18,11,467.9750000000001,4,1.6363636363636365,2,0,Frequent Customers,"
       Customer Profile:
- Orders: 18
- Active Months: 11
- Avg Order Value: 467.98
- Recency: 4
- Frequency: 1.6363636363636365
- Cluster: 2
- Churn Risk: No"
16747.0,2,2,357.19500000000005,37,1.0,1,0,Occasional Customers,"
       Customer Profile:
- Orders: 2
- Active Months: 2
- Avg Order Value: 357.20
- Recency: 37
- Frequency: 1.0
- Cluster: 1
- Churn Risk: No"
16748.0,5,4,398.98,17,1.25,1,0,Occasional Customers,"
       Customer Profile:
- Orders: 5
- Active Months: 4
- Avg Order Value: 398.98
- Recency: 17
- Frequency: 1.25
- Cluster: 1
- Churn Risk: No"
16750.0,5,5,121.946,44,1.0,1,0,Occasional Customers,"
       Customer Profile:
- Orders: 5
- Active Months: 5
- Avg Order Value: 121.95
- Recency: 44
- Frequency: 1.0
- Cluster: 1
- Churn Risk: No"
16751.0,1,1,496.01,30,1.0,1,0,Occasional Customers,"
       Customer Profile:
- Orders: 1
- Active Months: 1
- Avg Order Value: 496.01
- Recency: 30
- Frequency: 1.0
- Cluster: 1
- Churn Risk: No"
16752.0,1,1,77.7,368,1.0,0,1,Dormant Customers,"
       Customer Profile:
- Orders: 1
- Active Months: 1
- Avg Order Value: 77.70
- Recency: 368
- Frequency: 1.0
- Cluster: 0
- Churn Risk: Yes"
16753.0,1,1,596.76,58,1.0,1,0,Occasional Customers,"
       Customer Profile:
- Orders: 1
- Active Months: 1
- Avg Order Value: 596.76
- Recency: 58
- Frequency: 1.0
- Cluster: 1
- Churn Risk: No"
16754.0,1,1,33.480000000000004,368,1.0,0,1,Dormant Customers,"
       Customer Profile:
- Orders: 1
- Active Months: 1
- Avg Order Value: 33.48
- Recency: 368
- Frequency: 1.0
- Cluster: 0
- Churn Risk: Yes"
16755.0,3,3,580.83,114,1.0,1,0,Occasional Customers,"
       Customer Profile:
- Orders: 3
- Active Months: 3
- Avg Order Value: 580.83
- Recency: 114
- Frequency: 1.0
- Cluster: 1
- Churn Risk: No"
16756.0,1,1,427.8,214,1.0,0,1,Dormant Customers,"
       Customer Profile:
- Orders: 1
- Active Months: 1
- Avg Order Value: 427.80
- Recency: 214
- Frequency: 1.0
- Cluster: 0
- Churn Risk: Yes"
16757.0,1,1,106.83,318,1.0,0,1,Dormant Customers,"
       Customer Profile:
- Orders: 1
- Active Months: 1
- Avg Order Value: 106.83
- Recency: 318
- Frequency: 1.0
- Cluster: 0
- Churn Risk: Yes"
16758.0,1,1,274.82,65,1.0,1,0,Occasional Customers,"
       Customer Profile:
- Orders: 1
- Active Months: 1
- Avg Order Value: 274.82
- Recency: 65
- Frequency: 1.0
- Cluster: 1
- Churn Risk: No"
16759.0,3,2,220.75666666666663,7,1.5,1,0,Occasional Customers,"
       Customer Profile:
- Orders: 3
- Active Months: 2
- Avg Order Value: 220.76
- Recency: 7
- Frequency: 1.5
- Cluster: 1
- Churn Risk: No"
16761.0,1,1,510.06,96,1.0,1,0,Occasional Customers,"
       Customer Profile:
- Orders: 1
- Active Months: 1
- Avg Order Value: 510.06
- Recency: 96
- Frequency: 1.0
- Cluster: 1
- Churn Risk: No"
16762.0,3,3,689.7533333333334,19,1.0,1,0,Occasional Customers,"
       Customer Profile:
- Orders: 3
- Active Months: 3
- Avg Order Value: 689.75
- Recency: 19
- Frequency: 1.0
- Cluster: 1
- Churn Risk: No"
16763.0,1,1,305.0,198,1.0,0,1,Dormant Customers,"
       Customer Profile:
- Orders: 1
- Active Months: 1
- Avg Order Value: 305.00
- Recency: 198
- Frequency: 1.0
- Cluster: 0
- Churn Risk: Yes"
16764.0,13,6,235.3023076923077,3,2.1666666666666665,2,0,Frequent Customers,"
       Customer Profile:
- Orders: 13
- Active Months: 6
- Avg Order Value: 235.30
- Recency: 3
- Frequency: 2.1666666666666665
- Cluster: 2
- Churn Risk: No"
16766.0,2,1,517.45,273,2.0,0,1,Dormant Customers,"
       Customer Profile:
- Orders: 2
- Active Months: 1
- Avg Order Value: 517.45
- Recency: 273
- Frequency: 2.0
- Cluster: 0
- Churn Risk: Yes"
16767.0,11,8,411.9390909090909,30,1.375,2,0,Frequent Customers,"
       Customer Profile:
- Orders: 11
- Active Months: 8
- Avg Order Value: 411.94
- Recency: 30
- Frequency: 1.375
- Cluster: 2
- Churn Risk: No"
16768.0,3,3,231.07666666666668,47,1.0,1,0,Occasional Customers,"
       Customer Profile:
- Orders: 3
- Active Months: 3
- Avg Order Value: 231.08
- Recency: 47
- Frequency: 1.0
- Cluster: 1
- Churn Risk: No"
16769.0,1,1,206.19,260,1.0,0,1,Dormant Customers,"
       Customer Profile:
- Orders: 1
- Active Months: 1
- Avg Order Value: 206.19
- Recency: 260
- Frequency: 1.0
- Cluster: 0
- Churn Risk: Yes"
16770.0,5,4,223.622,57,1.25,1,0,Occasional Customers,"
       Customer Profile:
- Orders: 5
- Active Months: 4
- Avg Order Value: 223.62
- Recency: 57
- Frequency: 1.25
- Cluster: 1
- Churn Risk: No"
16771.0,5,5,472.29,33,1.0,1,0,Occasional Customers,"
       Customer Profile:
- Orders: 5
- Active Months: 5
- Avg Order Value: 472.29
- Recency: 33
- Frequency: 1.0
- Cluster: 1
- Churn Risk: No"
16773.0,1,1,127.95,57,1.0,1,0,Occasional Customers,"
       Customer Profile:
- Orders: 1
- Active Months: 1
- Avg Order Value: 127.95
- Recency: 57
- Frequency: 1.0
- Cluster: 1
- Churn Risk: No"
16774.0,4,4,734.88,67,1.0,1,0,Occasional Customers,"
       Customer Profile:
- Orders: 4
- Active Months: 4
- Avg Order Value: 734.88
- Recency: 67
- Frequency: 1.0
- Cluster: 1
- Churn Risk: No"
16775.0,11,10,122.01,10,1.1,2,0,Frequent Customers,"
       Customer Profile:
- Orders: 11
- Active Months: 10
- Avg Order Value: 122.01
- Recency: 10
- Frequency: 1.1
- Cluster: 2
- Churn Risk: No"
16776.0,1,1,1069.77,60,1.0,1,0,Occasional Customers,"
       Customer Profile:
- Orders: 1
- Active Months: 1
- Avg Order Value: 1069.77
- Recency: 60
- Frequency: 1.0
- Cluster: 1
- Churn Risk: No"
16777.0,2,2,114.745,80,1.0,1,0,Occasional Customers,"
       Customer Profile:
- Orders: 2
- Active Months: 2
- Avg Order Value: 114.75
- Recency: 80
- Frequency: 1.0
- Cluster: 1
- Churn Risk: No"
16778.0,2,2,106.97,74,1.0,1,0,Occasional Customers,"
       Customer Profile:
- Orders: 2
- Active Months: 2
- Avg Order Value: 106.97
- Recency: 74
- Frequency: 1.0
- Cluster: 1
- Churn Risk: No"
16779.0,22,12,713.5354545454546,2,1.8333333333333333,2,0,Frequent Customers,"
       Customer Profile:
- Orders: 22
- Active Months: 12
- Avg Order Value: 713.54
- Recency: 2
- Frequency: 1.8333333333333333
- Cluster: 2
- Churn Risk: No"
16780.0,2,2,193.395,100,1.0,1,0,Occasional Customers,"
       Customer Profile:
- Orders: 2
- Active Months: 2
- Avg Order Value: 193.40
- Recency: 100
- Frequency: 1.0
- Cluster: 1
- Churn Risk: No"
16781.0,1,1,216.8,368,1.0,0,1,Dormant Customers,"
       Customer Profile:
- Orders: 1
- Active Months: 1
- Avg Order Value: 216.80
- Recency: 368
- Frequency: 1.0
- Cluster: 0
- Churn Risk: Yes"
16782.0,13,8,157.53846153846155,10,1.625,2,0,Frequent Customers,"
       Customer Profile:
- Orders: 13
- Active Months: 8
- Avg Order Value: 157.54
- Recency: 10
- Frequency: 1.625
- Cluster: 2
- Churn Risk: No"
16784.0,1,1,430.4,19,1.0,1,0,Occasional Customers,"
       Customer Profile:
- Orders: 1
- Active Months: 1
- Avg Order Value: 430.40
- Recency: 19
- Frequency: 1.0
- Cluster: 1
- Churn Risk: No"
16788.0,2,2,287.97,123,1.0,1,0,Occasional Customers,"
       Customer Profile:
- Orders: 2
- Active Months: 2
- Avg Order Value: 287.97
- Recency: 123
- Frequency: 1.0
- Cluster: 1
- Churn Risk: No"
16789.0,1,1,80.8,8,1.0,1,0,Occasional Customers,"
       Customer Profile:
- Orders: 1
- Active Months: 1
- Avg Order Value: 80.80
- Recency: 8
- Frequency: 1.0
- Cluster: 1
- Churn Risk: No"
16790.0,6,2,425.25,3,3.0,2,0,Frequent Customers,"
       Customer Profile:
- Orders: 6
- Active Months: 2
- Avg Order Value: 425.25
- Recency: 3
- Frequency: 3.0
- Cluster: 2
- Churn Risk: No"
16791.0,7,6,353.1471428571429,29,1.1666666666666667,1,0,Occasional Customers,"
       Customer Profile:
- Orders: 7
- Active Months: 6
- Avg Order Value: 353.15
- Recency: 29
- Frequency: 1.1666666666666667
- Cluster: 1
- Churn Risk: No"
16792.0,1,1,87.68,282,1.0,0,1,Dormant Customers,"
       Customer Profile:
- Orders: 1
- Active Months: 1
- Avg Order Value: 87.68
- Recency: 282
- Frequency: 1.0
- Cluster: 0
- Churn Risk: Yes"
16793.0,1,1,226.84,57,1.0,1,0,Occasional Customers,"
       Customer Profile:
- Orders: 1
- Active Months: 1
- Avg Order Value: 226.84
- Recency: 57
- Frequency: 1.0
- Cluster: 1
- Churn Risk: No"
16794.0,10,7,431.296,1,1.4285714285714286,2,0,Frequent Customers,"
       Customer Profile:
- Orders: 10
- Active Months: 7
- Avg Order Value: 431.30
- Recency: 1
- Frequency: 1.4285714285714286
- Cluster: 2
- Churn Risk: No"
16795.0,1,1,392.18,365,1.0,0,1,Dormant Customers,"
       Customer Profile:
- Orders: 1
- Active Months: 1
- Avg Order Value: 392.18
- Recency: 365
- Frequency: 1.0
- Cluster: 0
- Churn Risk: Yes"
16796.0,1,1,611.24,89,1.0,1,0,Occasional Customers,"
       Customer Profile:
- Orders: 1
- Active Months: 1
- Avg Order Value: 611.24
- Recency: 89
- Frequency: 1.0
- Cluster: 1
- Churn Risk: No"
16800.0,1,1,840.66,11,1.0,1,0,Occasional Customers,"
       Customer Profile:
- Orders: 1
- Active Months: 1
- Avg Order Value: 840.66
- Recency: 11
- Frequency: 1.0
- Cluster: 1
- Churn Risk: No"
16801.0,4,3,354.665,163,1.3333333333333333,0,0,Dormant Customers,"
       Customer Profile:
- Orders: 4
- Active Months: 3
- Avg Order Value: 354.67
- Recency: 163
- Frequency: 1.3333333333333333
- Cluster: 0
- Churn Risk: No"
16803.0,1,1,332.3,65,1.0,1,0,Occasional Customers,"
       Customer Profile:
- Orders: 1
- Active Months: 1
- Avg Order Value: 332.30
- Recency: 65
- Frequency: 1.0
- Cluster: 1
- Churn Risk: No"
16804.0,3,2,159.86333333333332,23,1.5,1,0,Occasional Customers,"
       Customer Profile:
- Orders: 3
- Active Months: 2
- Avg Order Value: 159.86
- Recency: 23
- Frequency: 1.5
- Cluster: 1
- Churn Risk: No"
16805.0,2,2,300.555,173,1.0,0,0,Dormant Customers,"
       Customer Profile:
- Orders: 2
- Active Months: 2
- Avg Order Value: 300.56
- Recency: 173
- Frequency: 1.0
- Cluster: 0
- Churn Risk: No"
16806.0,4,4,385.3925,103,1.0,1,0,Occasional Customers,"
       Customer Profile:
- Orders: 4
- Active Months: 4
- Avg Order Value: 385.39
- Recency: 103
- Frequency: 1.0
- Cluster: 1
- Churn Risk: No"
16807.0,3,3,598.0133333333334,142,1.0,1,0,Occasional Customers,"
       Customer Profile:
- Orders: 3
- Active Months: 3
- Avg Order Value: 598.01
- Recency: 142
- Frequency: 1.0
- Cluster: 1
- Churn Risk: No"
16808.0,2,2,122.96,99,1.0,1,0,Occasional Customers,"
       Customer Profile:
- Orders: 2
- Active Months: 2
- Avg Order Value: 122.96
- Recency: 99
- Frequency: 1.0
- Cluster: 1
- Churn Risk: No"
16809.0,5,5,228.974,23,1.0,1,0,Occasional Customers,"
       Customer Profile:
- Orders: 5
- Active Months: 5
- Avg Order Value: 228.97
- Recency: 23
- Frequency: 1.0
- Cluster: 1
- Churn Risk: No"
16810.0,1,1,289.64,192,1.0,0,1,Dormant Customers,"
       Customer Profile:
- Orders: 1
- Active Months: 1
- Avg Order Value: 289.64
- Recency: 192
- Frequency: 1.0
- Cluster: 0
- Churn Risk: Yes"
16811.0,2,2,243.86,4,1.0,1,0,Occasional Customers,"
       Customer Profile:
- Orders: 2
- Active Months: 2
- Avg Order Value: 243.86
- Recency: 4
- Frequency: 1.0
- Cluster: 1
- Churn Risk: No"
16812.0,1,1,204.15,360,1.0,0,1,Dormant Customers,"
       Customer Profile:
- Orders: 1
- Active Months: 1
- Avg Order Value: 204.15
- Recency: 360
- Frequency: 1.0
- Cluster: 0
- Churn Risk: Yes"
16813.0,10,7,198.986,8,1.4285714285714286,2,0,Frequent Customers,"
       Customer Profile:
- Orders: 10
- Active Months: 7
- Avg Order Value: 198.99
- Recency: 8
- Frequency: 1.4285714285714286
- Cluster: 2
- Churn Risk: No"
16814.0,21,12,355.1747619047619,14,1.75,2,0,Frequent Customers,"
       Customer Profile:
- Orders: 21
- Active Months: 12
- Avg Order Value: 355.17
- Recency: 14
- Frequency: 1.75
- Cluster: 2
- Churn Risk: No"
16816.0,4,4,169.825,103,1.0,1,0,Occasional Customers,"
       Customer Profile:
- Orders: 4
- Active Months: 4
- Avg Order Value: 169.82
- Recency: 103
- Frequency: 1.0
- Cluster: 1
- Churn Risk: No"
16817.0,9,7,195.91444444444448,2,1.2857142857142858,1,0,Occasional Customers,"
       Customer Profile:
- Orders: 9
- Active Months: 7
- Avg Order Value: 195.91
- Recency: 2
- Frequency: 1.2857142857142858
- Cluster: 1
- Churn Risk: No"
16818.0,11,6,291.52454545454543,10,1.8333333333333333,2,0,Frequent Customers,"
       Customer Profile:
- Orders: 11
- Active Months: 6
- Avg Order Value: 291.52
- Recency: 10
- Frequency: 1.8333333333333333
- Cluster: 2
- Churn Risk: No"
16820.0,1,1,847.5400000000001,95,1.0,1,0,Occasional Customers,"
       Customer Profile:
- Orders: 1
- Active Months: 1
- Avg Order Value: 847.54
- Recency: 95
- Frequency: 1.0
- Cluster: 1
- Churn Risk: No"
16823.0,1,1,269.68,227,1.0,0,1,Dormant Customers,"
       Customer Profile:
- Orders: 1
- Active Months: 1
- Avg Order Value: 269.68
- Recency: 227
- Frequency: 1.0
- Cluster: 0
- Churn Risk: Yes"
16824.0,2,2,201.37,15,1.0,1,0,Occasional Customers,"
       Customer Profile:
- Orders: 2
- Active Months: 2
- Avg Order Value: 201.37
- Recency: 15
- Frequency: 1.0
- Cluster: 1
- Churn Risk: No"
16825.0,2,2,2043.55,38,1.0,1,0,Occasional Customers,"
       Customer Profile:
- Orders: 2
- Active Months: 2
- Avg Order Value: 2043.55
- Recency: 38
- Frequency: 1.0
- Cluster: 1
- Churn Risk: No"
16826.0,1,1,279.45,51,1.0,1,0,Occasional Customers,"
       Customer Profile:
- Orders: 1
- Active Months: 1
- Avg Order Value: 279.45
- Recency: 51
- Frequency: 1.0
- Cluster: 1
- Churn Risk: No"
16828.0,1,1,113.5,112,1.0,1,0,Occasional Customers,"
       Customer Profile:
- Orders: 1
- Active Months: 1
- Avg Order Value: 113.50
- Recency: 112
- Frequency: 1.0
- Cluster: 1
- Churn Risk: No"
16829.0,1,1,181.32,156,1.0,0,0,Dormant Customers,"
       Customer Profile:
- Orders: 1
- Active Months: 1
- Avg Order Value: 181.32
- Recency: 156
- Frequency: 1.0
- Cluster: 0
- Churn Risk: No"
16830.0,1,1,2319.418999999997,38,1.0,1,0,Occasional Customers,"
       Customer Profile:
- Orders: 1
- Active Months: 1
- Avg Order Value: 2319.42
- Recency: 38
- Frequency: 1.0
- Cluster: 1
- Churn Risk: No"
16832.0,1,1,39.0,217,1.0,0,1,Dormant Customers,"
       Customer Profile:
- Orders: 1
- Active Months: 1
- Avg Order Value: 39.00
- Recency: 217
- Frequency: 1.0
- Cluster: 0
- Churn Risk: Yes"
16833.0,4,3,804.5525,1,1.3333333333333333,1,0,Occasional Customers,"
       Customer Profile:
- Orders: 4
- Active Months: 3
- Avg Order Value: 804.55
- Recency: 1
- Frequency: 1.3333333333333333
- Cluster: 1
- Churn Risk: No"
16834.0,1,1,413.46,227,1.0,0,1,Dormant Customers,"
       Customer Profile:
- Orders: 1
- Active Months: 1
- Avg Order Value: 413.46
- Recency: 227
- Frequency: 1.0
- Cluster: 0
- Churn Risk: Yes"
16835.0,2,2,66.575,128,1.0,0,0,Dormant Customers,"
       Customer Profile:
- Orders: 2
- Active Months: 2
- Avg Order Value: 66.58
- Recency: 128
- Frequency: 1.0
- Cluster: 0
- Churn Risk: No"
16836.0,2,2,480.735,39,1.0,1,0,Occasional Customers,"
       Customer Profile:
- Orders: 2
- Active Months: 2
- Avg Order Value: 480.74
- Recency: 39
- Frequency: 1.0
- Cluster: 1
- Churn Risk: No"
16837.0,9,5,242.9488888888889,31,1.8,2,0,Frequent Customers,"
       Customer Profile:
- Orders: 9
- Active Months: 5
- Avg Order Value: 242.95
- Recency: 31
- Frequency: 1.8
- Cluster: 2
- Churn Risk: No"
16838.0,2,2,176.95,197,1.0,0,1,Dormant Customers,"
       Customer Profile:
- Orders: 2
- Active Months: 2
- Avg Order Value: 176.95
- Recency: 197
- Frequency: 1.0
- Cluster: 0
- Churn Risk: Yes"
16839.0,34,12,272.7752941176471,8,2.833333333333333,2,0,Frequent Customers,"
       Customer Profile:
- Orders: 34
- Active Months: 12
- Avg Order Value: 272.78
- Recency: 8
- Frequency: 2.833333333333333
- Cluster: 2
- Churn Risk: No"
16841.0,6,5,299.71166666666664,36,1.2,1,0,Occasional Customers,"
       Customer Profile:
- Orders: 6
- Active Months: 5
- Avg Order Value: 299.71
- Recency: 36
- Frequency: 1.2
- Cluster: 1
- Churn Risk: No"
16842.0,3,3,311.83,100,1.0,1,0,Occasional Customers,"
       Customer Profile:
- Orders: 3
- Active Months: 3
- Avg Order Value: 311.83
- Recency: 100
- Frequency: 1.0
- Cluster: 1
- Churn Risk: No"
16843.0,16,8,645.490625,42,2.0,2,0,Frequent Customers,"
       Customer Profile:
- Orders: 16
- Active Months: 8
- Avg Order Value: 645.49
- Recency: 42
- Frequency: 2.0
- Cluster: 2
- Churn Risk: No"
16846.0,1,1,197.82,50,1.0,1,0,Occasional Customers,"
       Customer Profile:
- Orders: 1
- Active Months: 1
- Avg Order Value: 197.82
- Recency: 50
- Frequency: 1.0
- Cluster: 1
- Churn Risk: No"
16847.0,1,1,176.94,43,1.0,1,0,Occasional Customers,"
       Customer Profile:
- Orders: 1
- Active Months: 1
- Avg Order Value: 176.94
- Recency: 43
- Frequency: 1.0
- Cluster: 1
- Churn Risk: No"
16848.0,1,1,281.42,52,1.0,1,0,Occasional Customers,"
       Customer Profile:
- Orders: 1
- Active Months: 1
- Avg Order Value: 281.42
- Recency: 52
- Frequency: 1.0
- Cluster: 1
- Churn Risk: No"
16849.0,1,1,339.08,186,1.0,0,1,Dormant Customers,"
       Customer Profile:
- Orders: 1
- Active Months: 1
- Avg Order Value: 339.08
- Recency: 186
- Frequency: 1.0
- Cluster: 0
- Churn Risk: Yes"
16850.0,1,1,657.26,333,1.0,0,1,Dormant Customers,"
       Customer Profile:
- Orders: 1
- Active Months: 1
- Avg Order Value: 657.26
- Recency: 333
- Frequency: 1.0
- Cluster: 0
- Churn Risk: Yes"
16851.0,3,2,111.21,4,1.5,1,0,Occasional Customers,"
       Customer Profile:
- Orders: 3
- Active Months: 2
- Avg Order Value: 111.21
- Recency: 4
- Frequency: 1.5
- Cluster: 1
- Churn Risk: No"
16852.0,2,2,35.480000000000004,10,1.0,1,0,Occasional Customers,"
       Customer Profile:
- Orders: 2
- Active Months: 2
- Avg Order Value: 35.48
- Recency: 10
- Frequency: 1.0
- Cluster: 1
- Churn Risk: No"
16855.0,2,2,142.89999999999998,23,1.0,1,0,Occasional Customers,"
       Customer Profile:
- Orders: 2
- Active Months: 2
- Avg Order Value: 142.90
- Recency: 23
- Frequency: 1.0
- Cluster: 1
- Churn Risk: No"
16856.0,1,1,35.400000000000006,14,1.0,1,0,Occasional Customers,"
       Customer Profile:
- Orders: 1
- Active Months: 1
- Avg Order Value: 35.40
- Recency: 14
- Frequency: 1.0
- Cluster: 1
- Churn Risk: No"
16858.0,1,1,640.08,368,1.0,0,1,Dormant Customers,"
       Customer Profile:
- Orders: 1
- Active Months: 1
- Avg Order Value: 640.08
- Recency: 368
- Frequency: 1.0
- Cluster: 0
- Churn Risk: Yes"
16859.0,2,2,313.93,144,1.0,0,0,Dormant Customers,"
       Customer Profile:
- Orders: 2
- Active Months: 2
- Avg Order Value: 313.93
- Recency: 144
- Frequency: 1.0
- Cluster: 0
- Churn Risk: No"
16861.0,2,2,108.945,59,1.0,1,0,Occasional Customers,"
       Customer Profile:
- Orders: 2
- Active Months: 2
- Avg Order Value: 108.94
- Recency: 59
- Frequency: 1.0
- Cluster: 1
- Churn Risk: No"
16863.0,2,2,650.855,31,1.0,1,0,Occasional Customers,"
       Customer Profile:
- Orders: 2
- Active Months: 2
- Avg Order Value: 650.86
- Recency: 31
- Frequency: 1.0
- Cluster: 1
- Churn Risk: No"
16866.0,3,1,51.080000000000005,140,3.0,2,0,Frequent Customers,"
       Customer Profile:
- Orders: 3
- Active Months: 1
- Avg Order Value: 51.08
- Recency: 140
- Frequency: 3.0
- Cluster: 2
- Churn Risk: No"
16869.0,4,3,182.4175,22,1.3333333333333333,1,0,Occasional Customers,"
       Customer Profile:
- Orders: 4
- Active Months: 3
- Avg Order Value: 182.42
- Recency: 22
- Frequency: 1.3333333333333333
- Cluster: 1
- Churn Risk: No"
16871.0,6,4,432.78,22,1.5,1,0,Occasional Customers,"
       Customer Profile:
- Orders: 6
- Active Months: 4
- Avg Order Value: 432.78
- Recency: 22
- Frequency: 1.5
- Cluster: 1
- Churn Risk: No"
16872.0,3,3,45.63,77,1.0,1,0,Occasional Customers,"
       Customer Profile:
- Orders: 3
- Active Months: 3
- Avg Order Value: 45.63
- Recency: 77
- Frequency: 1.0
- Cluster: 1
- Churn Risk: No"
16873.0,6,6,1125.315,4,1.0,1,0,Occasional Customers,"
       Customer Profile:
- Orders: 6
- Active Months: 6
- Avg Order Value: 1125.32
- Recency: 4
- Frequency: 1.0
- Cluster: 1
- Churn Risk: No"
16875.0,5,4,395.726,67,1.25,1,0,Occasional Customers,"
       Customer Profile:
- Orders: 5
- Active Months: 4
- Avg Order Value: 395.73
- Recency: 67
- Frequency: 1.25
- Cluster: 1
- Churn Risk: No"
16877.0,6,4,297.6266666666667,12,1.5,1,0,Occasional Customers,"
       Customer Profile:
- Orders: 6
- Active Months: 4
- Avg Order Value: 297.63
- Recency: 12
- Frequency: 1.5
- Cluster: 1
- Churn Risk: No"
16878.0,1,1,22.6365,84,1.0,1,0,Occasional Customers,"
       Customer Profile:
- Orders: 1
- Active Months: 1
- Avg Order Value: 22.64
- Recency: 84
- Frequency: 1.0
- Cluster: 1
- Churn Risk: No"
16880.0,7,5,159.49714285714285,30,1.4,1,0,Occasional Customers,"
       Customer Profile:
- Orders: 7
- Active Months: 5
- Avg Order Value: 159.50
- Recency: 30
- Frequency: 1.4
- Cluster: 1
- Churn Risk: No"
16881.0,1,1,22.6365,66,1.0,1,0,Occasional Customers,"
       Customer Profile:
- Orders: 1
- Active Months: 1
- Avg Order Value: 22.64
- Recency: 66
- Frequency: 1.0
- Cluster: 1
- Churn Risk: No"
16882.0,3,3,179.79,66,1.0,1,0,Occasional Customers,"
       Customer Profile:
- Orders: 3
- Active Months: 3
- Avg Order Value: 179.79
- Recency: 66
- Frequency: 1.0
- Cluster: 1
- Churn Risk: No"
16883.0,2,2,159.715,187,1.0,0,1,Dormant Customers,"
       Customer Profile:
- Orders: 2
- Active Months: 2
- Avg Order Value: 159.72
- Recency: 187
- Frequency: 1.0
- Cluster: 0
- Churn Risk: Yes"
16884.0,2,1,207.435,37,2.0,1,0,Occasional Customers,"
       Customer Profile:
- Orders: 2
- Active Months: 1
- Avg Order Value: 207.44
- Recency: 37
- Frequency: 2.0
- Cluster: 1
- Churn Risk: No"
16885.0,3,3,108.75333333333332,15,1.0,1,0,Occasional Customers,"
       Customer Profile:
- Orders: 3
- Active Months: 3
- Avg Order Value: 108.75
- Recency: 15
- Frequency: 1.0
- Cluster: 1
- Churn Risk: No"
16887.0,1,1,167.58,35,1.0,1,0,Occasional Customers,"
       Customer Profile:
- Orders: 1
- Active Months: 1
- Avg Order Value: 167.58
- Recency: 35
- Frequency: 1.0
- Cluster: 1
- Churn Risk: No"
16889.0,3,3,853.0066666666667,194,1.0,0,1,Dormant Customers,"
       Customer Profile:
- Orders: 3
- Active Months: 3
- Avg Order Value: 853.01
- Recency: 194
- Frequency: 1.0
- Cluster: 0
- Churn Risk: Yes"
16891.0,5,5,215.14,1,1.0,1,0,Occasional Customers,"
       Customer Profile:
- Orders: 5
- Active Months: 5
- Avg Order Value: 215.14
- Recency: 1
- Frequency: 1.0
- Cluster: 1
- Churn Risk: No"
16892.0,5,3,157.068,1,1.6666666666666667,1,0,Occasional Customers,"
       Customer Profile:
- Orders: 5
- Active Months: 3
- Avg Order Value: 157.07
- Recency: 1
- Frequency: 1.6666666666666667
- Cluster: 1
- Churn Risk: No"
16893.0,1,1,756.1800000000001,366,1.0,0,1,Dormant Customers,"
       Customer Profile:
- Orders: 1
- Active Months: 1
- Avg Order Value: 756.18
- Recency: 366
- Frequency: 1.0
- Cluster: 0
- Churn Risk: Yes"
16895.0,1,1,160.12,64,1.0,1,0,Occasional Customers,"
       Customer Profile:
- Orders: 1
- Active Months: 1
- Avg Order Value: 160.12
- Recency: 64
- Frequency: 1.0
- Cluster: 1
- Churn Risk: No"
16897.0,2,2,154.23000000000002,299,1.0,0,1,Dormant Customers,"
       Customer Profile:
- Orders: 2
- Active Months: 2
- Avg Order Value: 154.23
- Recency: 299
- Frequency: 1.0
- Cluster: 0
- Churn Risk: Yes"
16898.0,3,3,237.36666666666667,26,1.0,1,0,Occasional Customers,"
       Customer Profile:
- Orders: 3
- Active Months: 3
- Avg Order Value: 237.37
- Recency: 26
- Frequency: 1.0
- Cluster: 1
- Churn Risk: No"
16899.0,6,6,323.335,7,1.0,1,0,Occasional Customers,"
       Customer Profile:
- Orders: 6
- Active Months: 6
- Avg Order Value: 323.33
- Recency: 7
- Frequency: 1.0
- Cluster: 1
- Churn Risk: No"
16900.0,3,2,372.52,16,1.5,1,0,Occasional Customers,"
       Customer Profile:
- Orders: 3
- Active Months: 2
- Avg Order Value: 372.52
- Recency: 16
- Frequency: 1.5
- Cluster: 1
- Churn Risk: No"
16902.0,1,1,2319.418999999997,116,1.0,1,0,Occasional Customers,"
       Customer Profile:
- Orders: 1
- Active Months: 1
- Avg Order Value: 2319.42
- Recency: 116
- Frequency: 1.0
- Cluster: 1
- Churn Risk: No"
16903.0,1,1,326.8,29,1.0,1,0,Occasional Customers,"
       Customer Profile:
- Orders: 1
- Active Months: 1
- Avg Order Value: 326.80
- Recency: 29
- Frequency: 1.0
- Cluster: 1
- Churn Risk: No"
16904.0,14,10,243.62642857142856,4,1.4,2,0,Frequent Customers,"
       Customer Profile:
- Orders: 14
- Active Months: 10
- Avg Order Value: 243.63
- Recency: 4
- Frequency: 1.4
- Cluster: 2
- Churn Risk: No"
16905.0,7,6,920.8414285714284,5,1.1666666666666667,1,0,Occasional Customers,"
       Customer Profile:
- Orders: 7
- Active Months: 6
- Avg Order Value: 920.84
- Recency: 5
- Frequency: 1.1666666666666667
- Cluster: 1
- Churn Risk: No"
16906.0,4,4,127.995,81,1.0,1,0,Occasional Customers,"
       Customer Profile:
- Orders: 4
- Active Months: 4
- Avg Order Value: 128.00
- Recency: 81
- Frequency: 1.0
- Cluster: 1
- Churn Risk: No"
16907.0,5,5,146.642,29,1.0,1,0,Occasional Customers,"
       Customer Profile:
- Orders: 5
- Active Months: 5
- Avg Order Value: 146.64
- Recency: 29
- Frequency: 1.0
- Cluster: 1
- Churn Risk: No"
16909.0,1,1,237.06,72,1.0,1,0,Occasional Customers,"
       Customer Profile:
- Orders: 1
- Active Months: 1
- Avg Order Value: 237.06
- Recency: 72
- Frequency: 1.0
- Cluster: 1
- Churn Risk: No"
16910.0,8,4,156.13125,4,2.0,2,0,Frequent Customers,"
       Customer Profile:
- Orders: 8
- Active Months: 4
- Avg Order Value: 156.13
- Recency: 4
- Frequency: 2.0
- Cluster: 2
- Churn Risk: No"
16912.0,11,6,179.4881818181818,28,1.8333333333333333,2,0,Frequent Customers,"
       Customer Profile:
- Orders: 11
- Active Months: 6
- Avg Order Value: 179.49
- Recency: 28
- Frequency: 1.8333333333333333
- Cluster: 2
- Churn Risk: No"
16913.0,1,1,87.19,290,1.0,0,1,Dormant Customers,"
       Customer Profile:
- Orders: 1
- Active Months: 1
- Avg Order Value: 87.19
- Recency: 290
- Frequency: 1.0
- Cluster: 0
- Churn Risk: Yes"
16914.0,1,1,147.61,36,1.0,1,0,Occasional Customers,"
       Customer Profile:
- Orders: 1
- Active Months: 1
- Avg Order Value: 147.61
- Recency: 36
- Frequency: 1.0
- Cluster: 1
- Churn Risk: No"
16915.0,5,5,85.102,9,1.0,1,0,Occasional Customers,"
       Customer Profile:
- Orders: 5
- Active Months: 5
- Avg Order Value: 85.10
- Recency: 9
- Frequency: 1.0
- Cluster: 1
- Churn Risk: No"
16916.0,2,2,254.22,23,1.0,1,0,Occasional Customers,"
       Customer Profile:
- Orders: 2
- Active Months: 2
- Avg Order Value: 254.22
- Recency: 23
- Frequency: 1.0
- Cluster: 1
- Churn Risk: No"
16917.0,1,1,877.48,276,1.0,0,1,Dormant Customers,"
       Customer Profile:
- Orders: 1
- Active Months: 1
- Avg Order Value: 877.48
- Recency: 276
- Frequency: 1.0
- Cluster: 0
- Churn Risk: Yes"
16918.0,6,4,326.92833333333334,49,1.5,1,0,Occasional Customers,"
       Customer Profile:
- Orders: 6
- Active Months: 4
- Avg Order Value: 326.93
- Recency: 49
- Frequency: 1.5
- Cluster: 1
- Churn Risk: No"
16919.0,11,5,167.41181818181818,156,2.2,2,0,Frequent Customers,"
       Customer Profile:
- Orders: 11
- Active Months: 5
- Avg Order Value: 167.41
- Recency: 156
- Frequency: 2.2
- Cluster: 2
- Churn Risk: No"
16921.0,1,1,291.86,61,1.0,1,0,Occasional Customers,"
       Customer Profile:
- Orders: 1
- Active Months: 1
- Avg Order Value: 291.86
- Recency: 61
- Frequency: 1.0
- Cluster: 1
- Churn Risk: No"
16923.0,19,10,615.5157894736843,12,1.9,2,0,Frequent Customers,"
       Customer Profile:
- Orders: 19
- Active Months: 10
- Avg Order Value: 615.52
- Recency: 12
- Frequency: 1.9
- Cluster: 2
- Churn Risk: No"
16924.0,3,3,227.13,21,1.0,1,0,Occasional Customers,"
       Customer Profile:
- Orders: 3
- Active Months: 3
- Avg Order Value: 227.13
- Recency: 21
- Frequency: 1.0
- Cluster: 1
- Churn Risk: No"
16926.0,1,1,33.45,368,1.0,0,1,Dormant Customers,"
       Customer Profile:
- Orders: 1
- Active Months: 1
- Avg Order Value: 33.45
- Recency: 368
- Frequency: 1.0
- Cluster: 0
- Churn Risk: Yes"
16927.0,3,3,177.52666666666664,115,1.0,1,0,Occasional Customers,"
       Customer Profile:
- Orders: 3
- Active Months: 3
- Avg Order Value: 177.53
- Recency: 115
- Frequency: 1.0
- Cluster: 1
- Churn Risk: No"
16928.0,17,9,242.99588235294115,80,1.8888888888888888,2,0,Frequent Customers,"
       Customer Profile:
- Orders: 17
- Active Months: 9
- Avg Order Value: 243.00
- Recency: 80
- Frequency: 1.8888888888888888
- Cluster: 2
- Churn Risk: No"
16929.0,7,5,208.6642857142857,3,1.4,1,0,Occasional Customers,"
       Customer Profile:
- Orders: 7
- Active Months: 5
- Avg Order Value: 208.66
- Recency: 3
- Frequency: 1.4
- Cluster: 1
- Churn Risk: No"
16930.0,3,2,267.55333333333334,26,1.5,1,0,Occasional Customers,"
       Customer Profile:
- Orders: 3
- Active Months: 2
- Avg Order Value: 267.55
- Recency: 26
- Frequency: 1.5
- Cluster: 1
- Churn Risk: No"
16931.0,21,13,649.1233333333333,5,1.6153846153846154,2,0,Frequent Customers,"
       Customer Profile:
- Orders: 21
- Active Months: 13
- Avg Order Value: 649.12
- Recency: 5
- Frequency: 1.6153846153846154
- Cluster: 2
- Churn Risk: No"
16932.0,1,1,133.73000000000002,53,1.0,1,0,Occasional Customers,"
       Customer Profile:
- Orders: 1
- Active Months: 1
- Avg Order Value: 133.73
- Recency: 53
- Frequency: 1.0
- Cluster: 1
- Churn Risk: No"
16933.0,2,2,1007.725,1,1.0,1,0,Occasional Customers,"
       Customer Profile:
- Orders: 2
- Active Months: 2
- Avg Order Value: 1007.73
- Recency: 1
- Frequency: 1.0
- Cluster: 1
- Churn Risk: No"
16934.0,2,1,786.38,54,2.0,1,0,Occasional Customers,"
       Customer Profile:
- Orders: 2
- Active Months: 1
- Avg Order Value: 786.38
- Recency: 54
- Frequency: 2.0
- Cluster: 1
- Churn Risk: No"
16936.0,1,1,251.24,25,1.0,1,0,Occasional Customers,"
       Customer Profile:
- Orders: 1
- Active Months: 1
- Avg Order Value: 251.24
- Recency: 25
- Frequency: 1.0
- Cluster: 1
- Churn Risk: No"
16938.0,4,3,2319.418999999997,8,1.3333333333333333,1,0,Occasional Customers,"
       Customer Profile:
- Orders: 4
- Active Months: 3
- Avg Order Value: 2319.42
- Recency: 8
- Frequency: 1.3333333333333333
- Cluster: 1
- Churn Risk: No"
16940.0,3,3,2319.418999999997,52,1.0,1,0,Occasional Customers,"
       Customer Profile:
- Orders: 3
- Active Months: 3
- Avg Order Value: 2319.42
- Recency: 52
- Frequency: 1.0
- Cluster: 1
- Churn Risk: No"
16942.0,9,5,217.94333333333333,12,1.8,2,0,Frequent Customers,"
       Customer Profile:
- Orders: 9
- Active Months: 5
- Avg Order Value: 217.94
- Recency: 12
- Frequency: 1.8
- Cluster: 2
- Churn Risk: No"
16943.0,3,3,143.72666666666666,211,1.0,0,1,Dormant Customers,"
       Customer Profile:
- Orders: 3
- Active Months: 3
- Avg Order Value: 143.73
- Recency: 211
- Frequency: 1.0
- Cluster: 0
- Churn Risk: Yes"
16945.0,19,10,272.1763157894737,21,1.9,2,0,Frequent Customers,"
       Customer Profile:
- Orders: 19
- Active Months: 10
- Avg Order Value: 272.18
- Recency: 21
- Frequency: 1.9
- Cluster: 2
- Churn Risk: No"
16947.0,1,1,357.03,235,1.0,0,1,Dormant Customers,"
       Customer Profile:
- Orders: 1
- Active Months: 1
- Avg Order Value: 357.03
- Recency: 235
- Frequency: 1.0
- Cluster: 0
- Churn Risk: Yes"
16948.0,3,3,117.62333333333332,138,1.0,1,0,Occasional Customers,"
       Customer Profile:
- Orders: 3
- Active Months: 3
- Avg Order Value: 117.62
- Recency: 138
- Frequency: 1.0
- Cluster: 1
- Churn Risk: No"
16949.0,6,6,170.70166666666668,3,1.0,1,0,Occasional Customers,"
       Customer Profile:
- Orders: 6
- Active Months: 6
- Avg Order Value: 170.70
- Recency: 3
- Frequency: 1.0
- Cluster: 1
- Churn Risk: No"
16950.0,3,3,642.4,56,1.0,1,0,Occasional Customers,"
       Customer Profile:
- Orders: 3
- Active Months: 3
- Avg Order Value: 642.40
- Recency: 56
- Frequency: 1.0
- Cluster: 1
- Churn Risk: No"
16951.0,3,2,391.04,134,1.5,1,0,Occasional Customers,"
       Customer Profile:
- Orders: 3
- Active Months: 2
- Avg Order Value: 391.04
- Recency: 134
- Frequency: 1.5
- Cluster: 1
- Churn Risk: No"
16952.0,2,1,50.88,109,2.0,1,0,Occasional Customers,"
       Customer Profile:
- Orders: 2
- Active Months: 1
- Avg Order Value: 50.88
- Recency: 109
- Frequency: 2.0
- Cluster: 1
- Churn Risk: No"
16953.0,1,1,22.6365,30,1.0,1,0,Occasional Customers,"
       Customer Profile:
- Orders: 1
- Active Months: 1
- Avg Order Value: 22.64
- Recency: 30
- Frequency: 1.0
- Cluster: 1
- Churn Risk: No"
16954.0,7,5,248.64285714285717,1,1.4,1,0,Occasional Customers,"
       Customer Profile:
- Orders: 7
- Active Months: 5
- Avg Order Value: 248.64
- Recency: 1
- Frequency: 1.4
- Cluster: 1
- Churn Risk: No"
16955.0,4,3,148.925,184,1.3333333333333333,0,1,Dormant Customers,"
       Customer Profile:
- Orders: 4
- Active Months: 3
- Avg Order Value: 148.93
- Recency: 184
- Frequency: 1.3333333333333333
- Cluster: 0
- Churn Risk: Yes"
16956.0,1,1,225.04,17,1.0,1,0,Occasional Customers,"
       Customer Profile:
- Orders: 1
- Active Months: 1
- Avg Order Value: 225.04
- Recency: 17
- Frequency: 1.0
- Cluster: 1
- Churn Risk: No"
16957.0,2,2,188.42,239,1.0,0,1,Dormant Customers,"
       Customer Profile:
- Orders: 2
- Active Months: 2
- Avg Order Value: 188.42
- Recency: 239
- Frequency: 1.0
- Cluster: 0
- Churn Risk: Yes"
16959.0,1,1,117.35,87,1.0,1,0,Occasional Customers,"
       Customer Profile:
- Orders: 1
- Active Months: 1
- Avg Order Value: 117.35
- Recency: 87
- Frequency: 1.0
- Cluster: 1
- Churn Risk: No"
16960.0,3,3,714.12,38,1.0,1,0,Occasional Customers,"
       Customer Profile:
- Orders: 3
- Active Months: 3
- Avg Order Value: 714.12
- Recency: 38
- Frequency: 1.0
- Cluster: 1
- Churn Risk: No"
16961.0,1,1,2319.418999999997,116,1.0,1,0,Occasional Customers,"
       Customer Profile:
- Orders: 1
- Active Months: 1
- Avg Order Value: 2319.42
- Recency: 116
- Frequency: 1.0
- Cluster: 1
- Churn Risk: No"
16963.0,1,1,221.1,187,1.0,0,1,Dormant Customers,"
       Customer Profile:
- Orders: 1
- Active Months: 1
- Avg Order Value: 221.10
- Recency: 187
- Frequency: 1.0
- Cluster: 0
- Churn Risk: Yes"
16965.0,1,1,295.82,226,1.0,0,1,Dormant Customers,"
       Customer Profile:
- Orders: 1
- Active Months: 1
- Avg Order Value: 295.82
- Recency: 226
- Frequency: 1.0
- Cluster: 0
- Churn Risk: Yes"
16966.0,7,6,125.62,8,1.1666666666666667,1,0,Occasional Customers,"
       Customer Profile:
- Orders: 7
- Active Months: 6
- Avg Order Value: 125.62
- Recency: 8
- Frequency: 1.1666666666666667
- Cluster: 1
- Churn Risk: No"
16967.0,1,1,312.93,189,1.0,0,1,Dormant Customers,"
       Customer Profile:
- Orders: 1
- Active Months: 1
- Avg Order Value: 312.93
- Recency: 189
- Frequency: 1.0
- Cluster: 0
- Churn Risk: Yes"
16968.0,2,2,185.365,4,1.0,1,0,Occasional Customers,"
       Customer Profile:
- Orders: 2
- Active Months: 2
- Avg Order Value: 185.37
- Recency: 4
- Frequency: 1.0
- Cluster: 1
- Churn Risk: No"
16969.0,3,3,255.11666666666667,39,1.0,1,0,Occasional Customers,"
       Customer Profile:
- Orders: 3
- Active Months: 3
- Avg Order Value: 255.12
- Recency: 39
- Frequency: 1.0
- Cluster: 1
- Churn Risk: No"
16971.0,1,1,1162.1,38,1.0,1,0,Occasional Customers,"
       Customer Profile:
- Orders: 1
- Active Months: 1
- Avg Order Value: 1162.10
- Recency: 38
- Frequency: 1.0
- Cluster: 1
- Churn Risk: No"
16976.0,1,1,85.86,267,1.0,0,1,Dormant Customers,"
       Customer Profile:
- Orders: 1
- Active Months: 1
- Avg Order Value: 85.86
- Recency: 267
- Frequency: 1.0
- Cluster: 0
- Churn Risk: Yes"
16978.0,1,1,294.43,77,1.0,1,0,Occasional Customers,"
       Customer Profile:
- Orders: 1
- Active Months: 1
- Avg Order Value: 294.43
- Recency: 77
- Frequency: 1.0
- Cluster: 1
- Churn Risk: No"
16979.0,6,5,226.13333333333333,3,1.2,1,0,Occasional Customers,"
       Customer Profile:
- Orders: 6
- Active Months: 5
- Avg Order Value: 226.13
- Recency: 3
- Frequency: 1.2
- Cluster: 1
- Churn Risk: No"
16980.0,2,2,696.12,255,1.0,0,1,Dormant Customers,"
       Customer Profile:
- Orders: 2
- Active Months: 2
- Avg Order Value: 696.12
- Recency: 255
- Frequency: 1.0
- Cluster: 0
- Churn Risk: Yes"
16982.0,1,1,1152.18,60,1.0,1,0,Occasional Customers,"
       Customer Profile:
- Orders: 1
- Active Months: 1
- Avg Order Value: 1152.18
- Recency: 60
- Frequency: 1.0
- Cluster: 1
- Churn Risk: No"
16983.0,7,6,688.5799999999999,12,1.1666666666666667,1,0,Occasional Customers,"
       Customer Profile:
- Orders: 7
- Active Months: 6
- Avg Order Value: 688.58
- Recency: 12
- Frequency: 1.1666666666666667
- Cluster: 1
- Churn Risk: No"
16984.0,2,2,2319.418999999997,88,1.0,1,0,Occasional Customers,"
       Customer Profile:
- Orders: 2
- Active Months: 2
- Avg Order Value: 2319.42
- Recency: 88
- Frequency: 1.0
- Cluster: 1
- Churn Risk: No"
16985.0,9,7,587.4977777777777,17,1.2857142857142858,1,0,Occasional Customers,"
       Customer Profile:
- Orders: 9
- Active Months: 7
- Avg Order Value: 587.50
- Recency: 17
- Frequency: 1.2857142857142858
- Cluster: 1
- Churn Risk: No"
16986.0,2,1,62.645,29,2.0,1,0,Occasional Customers,"
       Customer Profile:
- Orders: 2
- Active Months: 1
- Avg Order Value: 62.65
- Recency: 29
- Frequency: 2.0
- Cluster: 1
- Churn Risk: No"
16987.0,6,4,279.05,3,1.5,1,0,Occasional Customers,"
       Customer Profile:
- Orders: 6
- Active Months: 4
- Avg Order Value: 279.05
- Recency: 3
- Frequency: 1.5
- Cluster: 1
- Churn Risk: No"
16988.0,1,1,135.74,5,1.0,1,0,Occasional Customers,"
       Customer Profile:
- Orders: 1
- Active Months: 1
- Avg Order Value: 135.74
- Recency: 5
- Frequency: 1.0
- Cluster: 1
- Churn Risk: No"
16989.0,6,5,121.025,7,1.2,1,0,Occasional Customers,"
       Customer Profile:
- Orders: 6
- Active Months: 5
- Avg Order Value: 121.03
- Recency: 7
- Frequency: 1.2
- Cluster: 1
- Churn Risk: No"
16990.0,1,1,48.33,218,1.0,0,1,Dormant Customers,"
       Customer Profile:
- Orders: 1
- Active Months: 1
- Avg Order Value: 48.33
- Recency: 218
- Frequency: 1.0
- Cluster: 0
- Churn Risk: Yes"
16992.0,5,4,266.372,10,1.25,1,0,Occasional Customers,"
       Customer Profile:
- Orders: 5
- Active Months: 4
- Avg Order Value: 266.37
- Recency: 10
- Frequency: 1.25
- Cluster: 1
- Churn Risk: No"
16996.0,6,5,237.75666666666663,30,1.2,1,0,Occasional Customers,"
       Customer Profile:
- Orders: 6
- Active Months: 5
- Avg Order Value: 237.76
- Recency: 30
- Frequency: 1.2
- Cluster: 1
- Churn Risk: No"
16997.0,3,2,161.85,288,1.5,0,1,Dormant Customers,"
       Customer Profile:
- Orders: 3
- Active Months: 2
- Avg Order Value: 161.85
- Recency: 288
- Frequency: 1.5
- Cluster: 0
- Churn Risk: Yes"
16998.0,4,3,53.0125,149,1.3333333333333333,0,0,Dormant Customers,"
       Customer Profile:
- Orders: 4
- Active Months: 3
- Avg Order Value: 53.01
- Recency: 149
- Frequency: 1.3333333333333333
- Cluster: 0
- Churn Risk: No"
16999.0,2,2,169.125,23,1.0,1,0,Occasional Customers,"
       Customer Profile:
- Orders: 2
- Active Months: 2
- Avg Order Value: 169.12
- Recency: 23
- Frequency: 1.0
- Cluster: 1
- Churn Risk: No"
17001.0,11,11,354.4436363636364,1,1.0,2,0,Frequent Customers,"
       Customer Profile:
- Orders: 11
- Active Months: 11
- Avg Order Value: 354.44
- Recency: 1
- Frequency: 1.0
- Cluster: 2
- Churn Risk: No"
17002.0,3,3,507.98,85,1.0,1,0,Occasional Customers,"
       Customer Profile:
- Orders: 3
- Active Months: 3
- Avg Order Value: 507.98
- Recency: 85
- Frequency: 1.0
- Cluster: 1
- Churn Risk: No"
17004.0,2,2,446.76,46,1.0,1,0,Occasional Customers,"
       Customer Profile:
- Orders: 2
- Active Months: 2
- Avg Order Value: 446.76
- Recency: 46
- Frequency: 1.0
- Cluster: 1
- Churn Risk: No"
17006.0,4,3,232.9475,4,1.3333333333333333,1,0,Occasional Customers,"
       Customer Profile:
- Orders: 4
- Active Months: 3
- Avg Order Value: 232.95
- Recency: 4
- Frequency: 1.3333333333333333
- Cluster: 1
- Churn Risk: No"
17007.0,6,4,152.92,50,1.5,1,0,Occasional Customers,"
       Customer Profile:
- Orders: 6
- Active Months: 4
- Avg Order Value: 152.92
- Recency: 50
- Frequency: 1.5
- Cluster: 1
- Churn Risk: No"
17010.0,1,1,189.51,18,1.0,1,0,Occasional Customers,"
       Customer Profile:
- Orders: 1
- Active Months: 1
- Avg Order Value: 189.51
- Recency: 18
- Frequency: 1.0
- Cluster: 1
- Churn Risk: No"
17011.0,1,1,270.9,30,1.0,1,0,Occasional Customers,"
       Customer Profile:
- Orders: 1
- Active Months: 1
- Avg Order Value: 270.90
- Recency: 30
- Frequency: 1.0
- Cluster: 1
- Churn Risk: No"
17014.0,3,3,209.34666666666664,8,1.0,1,0,Occasional Customers,"
       Customer Profile:
- Orders: 3
- Active Months: 3
- Avg Order Value: 209.35
- Recency: 8
- Frequency: 1.0
- Cluster: 1
- Churn Risk: No"
17015.0,3,3,866.1,28,1.0,1,0,Occasional Customers,"
       Customer Profile:
- Orders: 3
- Active Months: 3
- Avg Order Value: 866.10
- Recency: 28
- Frequency: 1.0
- Cluster: 1
- Churn Risk: No"
17017.0,20,10,388.1835,2,2.0,2,0,Frequent Customers,"
       Customer Profile:
- Orders: 20
- Active Months: 10
- Avg Order Value: 388.18
- Recency: 2
- Frequency: 2.0
- Cluster: 2
- Churn Risk: No"
17018.0,2,2,568.95,40,1.0,1,0,Occasional Customers,"
       Customer Profile:
- Orders: 2
- Active Months: 2
- Avg Order Value: 568.95
- Recency: 40
- Frequency: 1.0
- Cluster: 1
- Churn Risk: No"
17019.0,4,4,358.9375,11,1.0,1,0,Occasional Customers,"
       Customer Profile:
- Orders: 4
- Active Months: 4
- Avg Order Value: 358.94
- Recency: 11
- Frequency: 1.0
- Cluster: 1
- Churn Risk: No"
17022.0,1,1,71.0,31,1.0,1,0,Occasional Customers,"
       Customer Profile:
- Orders: 1
- Active Months: 1
- Avg Order Value: 71.00
- Recency: 31
- Frequency: 1.0
- Cluster: 1
- Churn Risk: No"
17024.0,3,3,42.36666666666667,45,1.0,1,0,Occasional Customers,"
       Customer Profile:
- Orders: 3
- Active Months: 3
- Avg Order Value: 42.37
- Recency: 45
- Frequency: 1.0
- Cluster: 1
- Churn Risk: No"
17025.0,3,2,230.80666666666664,60,1.5,1,0,Occasional Customers,"
       Customer Profile:
- Orders: 3
- Active Months: 2
- Avg Order Value: 230.81
- Recency: 60
- Frequency: 1.5
- Cluster: 1
- Churn Risk: No"
17026.0,2,2,43.215,185,1.0,0,1,Dormant Customers,"
       Customer Profile:
- Orders: 2
- Active Months: 2
- Avg Order Value: 43.22
- Recency: 185
- Frequency: 1.0
- Cluster: 0
- Churn Risk: Yes"
17027.0,6,5,403.485,78,1.2,1,0,Occasional Customers,"
       Customer Profile:
- Orders: 6
- Active Months: 5
- Avg Order Value: 403.49
- Recency: 78
- Frequency: 1.2
- Cluster: 1
- Churn Risk: No"
17029.0,2,2,120.825,110,1.0,1,0,Occasional Customers,"
       Customer Profile:
- Orders: 2
- Active Months: 2
- Avg Order Value: 120.83
- Recency: 110
- Frequency: 1.0
- Cluster: 1
- Churn Risk: No"
17030.0,1,1,123.78,63,1.0,1,0,Occasional Customers,"
       Customer Profile:
- Orders: 1
- Active Months: 1
- Avg Order Value: 123.78
- Recency: 63
- Frequency: 1.0
- Cluster: 1
- Churn Risk: No"
17031.0,2,2,187.055,11,1.0,1,0,Occasional Customers,"
       Customer Profile:
- Orders: 2
- Active Months: 2
- Avg Order Value: 187.06
- Recency: 11
- Frequency: 1.0
- Cluster: 1
- Churn Risk: No"
17033.0,3,3,321.49999999999994,86,1.0,1,0,Occasional Customers,"
       Customer Profile:
- Orders: 3
- Active Months: 3
- Avg Order Value: 321.50
- Recency: 86
- Frequency: 1.0
- Cluster: 1
- Churn Risk: No"
17034.0,3,3,208.07333333333332,16,1.0,1,0,Occasional Customers,"
       Customer Profile:
- Orders: 3
- Active Months: 3
- Avg Order Value: 208.07
- Recency: 16
- Frequency: 1.0
- Cluster: 1
- Churn Risk: No"
17035.0,2,2,182.315,245,1.0,0,1,Dormant Customers,"
       Customer Profile:
- Orders: 2
- Active Months: 2
- Avg Order Value: 182.31
- Recency: 245
- Frequency: 1.0
- Cluster: 0
- Churn Risk: Yes"
17037.0,1,1,1182.32,87,1.0,1,0,Occasional Customers,"
       Customer Profile:
- Orders: 1
- Active Months: 1
- Avg Order Value: 1182.32
- Recency: 87
- Frequency: 1.0
- Cluster: 1
- Churn Risk: No"
17038.0,1,1,88.25,30,1.0,1,0,Occasional Customers,"
       Customer Profile:
- Orders: 1
- Active Months: 1
- Avg Order Value: 88.25
- Recency: 30
- Frequency: 1.0
- Cluster: 1
- Churn Risk: No"
17040.0,1,1,159.78,137,1.0,0,0,Dormant Customers,"
       Customer Profile:
- Orders: 1
- Active Months: 1
- Avg Order Value: 159.78
- Recency: 137
- Frequency: 1.0
- Cluster: 0
- Churn Risk: No"
17041.0,3,3,437.42,26,1.0,1,0,Occasional Customers,"
       Customer Profile:
- Orders: 3
- Active Months: 3
- Avg Order Value: 437.42
- Recency: 26
- Frequency: 1.0
- Cluster: 1
- Churn Risk: No"
17042.0,5,5,196.202,2,1.0,1,0,Occasional Customers,"
       Customer Profile:
- Orders: 5
- Active Months: 5
- Avg Order Value: 196.20
- Recency: 2
- Frequency: 1.0
- Cluster: 1
- Churn Risk: No"
17043.0,4,4,372.1175,32,1.0,1,0,Occasional Customers,"
       Customer Profile:
- Orders: 4
- Active Months: 4
- Avg Order Value: 372.12
- Recency: 32
- Frequency: 1.0
- Cluster: 1
- Churn Risk: No"
17044.0,1,1,362.34,25,1.0,1,0,Occasional Customers,"
       Customer Profile:
- Orders: 1
- Active Months: 1
- Avg Order Value: 362.34
- Recency: 25
- Frequency: 1.0
- Cluster: 1
- Churn Risk: No"
17045.0,2,2,105.12,113,1.0,1,0,Occasional Customers,"
       Customer Profile:
- Orders: 2
- Active Months: 2
- Avg Order Value: 105.12
- Recency: 113
- Frequency: 1.0
- Cluster: 1
- Churn Risk: No"
17046.0,1,1,857.38,157,1.0,0,0,Dormant Customers,"
       Customer Profile:
- Orders: 1
- Active Months: 1
- Avg Order Value: 857.38
- Recency: 157
- Frequency: 1.0
- Cluster: 0
- Churn Risk: No"
17047.0,3,2,294.3,85,1.5,1,0,Occasional Customers,"
       Customer Profile:
- Orders: 3
- Active Months: 2
- Avg Order Value: 294.30
- Recency: 85
- Frequency: 1.5
- Cluster: 1
- Churn Risk: No"
17048.0,3,3,315.72333333333336,117,1.0,1,0,Occasional Customers,"
       Customer Profile:
- Orders: 3
- Active Months: 3
- Avg Order Value: 315.72
- Recency: 117
- Frequency: 1.0
- Cluster: 1
- Churn Risk: No"
17049.0,9,8,630.1677777777778,2,1.125,1,0,Occasional Customers,"
       Customer Profile:
- Orders: 9
- Active Months: 8
- Avg Order Value: 630.17
- Recency: 2
- Frequency: 1.125
- Cluster: 1
- Churn Risk: No"
17050.0,6,5,914.48,96,1.2,1,0,Occasional Customers,"
       Customer Profile:
- Orders: 6
- Active Months: 5
- Avg Order Value: 914.48
- Recency: 96
- Frequency: 1.2
- Cluster: 1
- Churn Risk: No"
17051.0,1,1,461.88,194,1.0,0,1,Dormant Customers,"
       Customer Profile:
- Orders: 1
- Active Months: 1
- Avg Order Value: 461.88
- Recency: 194
- Frequency: 1.0
- Cluster: 0
- Churn Risk: Yes"
17052.0,1,1,1489.96,28,1.0,1,0,Occasional Customers,"
       Customer Profile:
- Orders: 1
- Active Months: 1
- Avg Order Value: 1489.96
- Recency: 28
- Frequency: 1.0
- Cluster: 1
- Churn Risk: No"
17053.0,1,1,1865.4,130,1.0,1,0,Occasional Customers,"
       Customer Profile:
- Orders: 1
- Active Months: 1
- Avg Order Value: 1865.40
- Recency: 130
- Frequency: 1.0
- Cluster: 1
- Churn Risk: No"
17054.0,5,4,200.462,28,1.25,1,0,Occasional Customers,"
       Customer Profile:
- Orders: 5
- Active Months: 4
- Avg Order Value: 200.46
- Recency: 28
- Frequency: 1.25
- Cluster: 1
- Churn Risk: No"
17058.0,3,3,327.69666666666666,81,1.0,1,0,Occasional Customers,"
       Customer Profile:
- Orders: 3
- Active Months: 3
- Avg Order Value: 327.70
- Recency: 81
- Frequency: 1.0
- Cluster: 1
- Churn Risk: No"
17059.0,5,5,764.566,29,1.0,1,0,Occasional Customers,"
       Customer Profile:
- Orders: 5
- Active Months: 5
- Avg Order Value: 764.57
- Recency: 29
- Frequency: 1.0
- Cluster: 1
- Churn Risk: No"
17060.0,1,1,96.57,266,1.0,0,1,Dormant Customers,"
       Customer Profile:
- Orders: 1
- Active Months: 1
- Avg Order Value: 96.57
- Recency: 266
- Frequency: 1.0
- Cluster: 0
- Churn Risk: Yes"
17061.0,11,6,721.8827272727273,73,1.8333333333333333,2,0,Frequent Customers,"
       Customer Profile:
- Orders: 11
- Active Months: 6
- Avg Order Value: 721.88
- Recency: 73
- Frequency: 1.8333333333333333
- Cluster: 2
- Churn Risk: No"
17062.0,4,2,186.3225,313,2.0,0,1,Dormant Customers,"
       Customer Profile:
- Orders: 4
- Active Months: 2
- Avg Order Value: 186.32
- Recency: 313
- Frequency: 2.0
- Cluster: 0
- Churn Risk: Yes"
17063.0,7,4,189.6371428571429,21,1.75,1,0,Occasional Customers,"
       Customer Profile:
- Orders: 7
- Active Months: 4
- Avg Order Value: 189.64
- Recency: 21
- Frequency: 1.75
- Cluster: 1
- Churn Risk: No"
17064.0,3,3,440.4333333333333,58,1.0,1,0,Occasional Customers,"
       Customer Profile:
- Orders: 3
- Active Months: 3
- Avg Order Value: 440.43
- Recency: 58
- Frequency: 1.0
- Cluster: 1
- Churn Risk: No"
17068.0,21,11,242.4028571428572,12,1.9090909090909087,2,0,Frequent Customers,"
       Customer Profile:
- Orders: 21
- Active Months: 11
- Avg Order Value: 242.40
- Recency: 12
- Frequency: 1.9090909090909087
- Cluster: 2
- Churn Risk: No"
17069.0,9,5,482.14666666666665,28,1.8,2,0,Frequent Customers,"
       Customer Profile:
- Orders: 9
- Active Months: 5
- Avg Order Value: 482.15
- Recency: 28
- Frequency: 1.8
- Cluster: 2
- Churn Risk: No"
17070.0,1,1,284.34,114,1.0,1,0,Occasional Customers,"
       Customer Profile:
- Orders: 1
- Active Months: 1
- Avg Order Value: 284.34
- Recency: 114
- Frequency: 1.0
- Cluster: 1
- Churn Risk: No"
17071.0,9,8,363.9166666666667,28,1.125,1,0,Occasional Customers,"
       Customer Profile:
- Orders: 9
- Active Months: 8
- Avg Order Value: 363.92
- Recency: 28
- Frequency: 1.125
- Cluster: 1
- Churn Risk: No"
17073.0,4,4,364.35,17,1.0,1,0,Occasional Customers,"
       Customer Profile:
- Orders: 4
- Active Months: 4
- Avg Order Value: 364.35
- Recency: 17
- Frequency: 1.0
- Cluster: 1
- Churn Risk: No"
17075.0,4,4,194.12,17,1.0,1,0,Occasional Customers,"
       Customer Profile:
- Orders: 4
- Active Months: 4
- Avg Order Value: 194.12
- Recency: 17
- Frequency: 1.0
- Cluster: 1
- Churn Risk: No"
17076.0,3,3,176.32666666666668,36,1.0,1,0,Occasional Customers,"
       Customer Profile:
- Orders: 3
- Active Months: 3
- Avg Order Value: 176.33
- Recency: 36
- Frequency: 1.0
- Cluster: 1
- Churn Risk: No"
17078.0,2,1,166.915,36,2.0,1,0,Occasional Customers,"
       Customer Profile:
- Orders: 2
- Active Months: 1
- Avg Order Value: 166.91
- Recency: 36
- Frequency: 2.0
- Cluster: 1
- Churn Risk: No"
17079.0,1,1,118.8,78,1.0,1,0,Occasional Customers,"
       Customer Profile:
- Orders: 1
- Active Months: 1
- Avg Order Value: 118.80
- Recency: 78
- Frequency: 1.0
- Cluster: 1
- Churn Risk: No"
17080.0,2,2,77.00999999999999,22,1.0,1,0,Occasional Customers,"
       Customer Profile:
- Orders: 2
- Active Months: 2
- Avg Order Value: 77.01
- Recency: 22
- Frequency: 1.0
- Cluster: 1
- Churn Risk: No"
17081.0,2,2,105.255,25,1.0,1,0,Occasional Customers,"
       Customer Profile:
- Orders: 2
- Active Months: 2
- Avg Order Value: 105.25
- Recency: 25
- Frequency: 1.0
- Cluster: 1
- Churn Risk: No"
17082.0,2,2,1344.83,33,1.0,1,0,Occasional Customers,"
       Customer Profile:
- Orders: 2
- Active Months: 2
- Avg Order Value: 1344.83
- Recency: 33
- Frequency: 1.0
- Cluster: 1
- Churn Risk: No"
17083.0,3,2,444.04333333333335,109,1.5,1,0,Occasional Customers,"
       Customer Profile:
- Orders: 3
- Active Months: 2
- Avg Order Value: 444.04
- Recency: 109
- Frequency: 1.5
- Cluster: 1
- Churn Risk: No"
17084.0,2,1,1149.475,35,2.0,1,0,Occasional Customers,"
       Customer Profile:
- Orders: 2
- Active Months: 1
- Avg Order Value: 1149.47
- Recency: 35
- Frequency: 2.0
- Cluster: 1
- Churn Risk: No"
17085.0,5,4,446.36,123,1.25,1,0,Occasional Customers,"
       Customer Profile:
- Orders: 5
- Active Months: 4
- Avg Order Value: 446.36
- Recency: 123
- Frequency: 1.25
- Cluster: 1
- Churn Risk: No"
17086.0,6,3,255.33333333333331,7,2.0,1,0,Occasional Customers,"
       Customer Profile:
- Orders: 6
- Active Months: 3
- Avg Order Value: 255.33
- Recency: 7
- Frequency: 2.0
- Cluster: 1
- Churn Risk: No"
17088.0,4,4,558.6875,28,1.0,1,0,Occasional Customers,"
       Customer Profile:
- Orders: 4
- Active Months: 4
- Avg Order Value: 558.69
- Recency: 28
- Frequency: 1.0
- Cluster: 1
- Churn Risk: No"
17090.0,7,6,227.41428571428568,4,1.1666666666666667,1,0,Occasional Customers,"
       Customer Profile:
- Orders: 7
- Active Months: 6
- Avg Order Value: 227.41
- Recency: 4
- Frequency: 1.1666666666666667
- Cluster: 1
- Churn Risk: No"
17091.0,9,7,388.7922222222222,2,1.2857142857142858,1,0,Occasional Customers,"
       Customer Profile:
- Orders: 9
- Active Months: 7
- Avg Order Value: 388.79
- Recency: 2
- Frequency: 1.2857142857142858
- Cluster: 1
- Churn Risk: No"
17092.0,4,4,426.2275,50,1.0,1,0,Occasional Customers,"
       Customer Profile:
- Orders: 4
- Active Months: 4
- Avg Order Value: 426.23
- Recency: 50
- Frequency: 1.0
- Cluster: 1
- Churn Risk: No"
17094.0,1,1,254.3,322,1.0,0,1,Dormant Customers,"
       Customer Profile:
- Orders: 1
- Active Months: 1
- Avg Order Value: 254.30
- Recency: 322
- Frequency: 1.0
- Cluster: 0
- Churn Risk: Yes"
17095.0,3,3,563.2733333333334,22,1.0,1,0,Occasional Customers,"
       Customer Profile:
- Orders: 3
- Active Months: 3
- Avg Order Value: 563.27
- Recency: 22
- Frequency: 1.0
- Cluster: 1
- Churn Risk: No"
17096.0,4,4,297.75,15,1.0,1,0,Occasional Customers,"
       Customer Profile:
- Orders: 4
- Active Months: 4
- Avg Order Value: 297.75
- Recency: 15
- Frequency: 1.0
- Cluster: 1
- Churn Risk: No"
17097.0,8,5,101.62125,2,1.6,1,0,Occasional Customers,"
       Customer Profile:
- Orders: 8
- Active Months: 5
- Avg Order Value: 101.62
- Recency: 2
- Frequency: 1.6
- Cluster: 1
- Churn Risk: No"
17100.0,2,1,482.945,18,2.0,1,0,Occasional Customers,"
       Customer Profile:
- Orders: 2
- Active Months: 1
- Avg Order Value: 482.94
- Recency: 18
- Frequency: 2.0
- Cluster: 1
- Churn Risk: No"
17101.0,4,3,320.39000000000004,10,1.3333333333333333,1,0,Occasional Customers,"
       Customer Profile:
- Orders: 4
- Active Months: 3
- Avg Order Value: 320.39
- Recency: 10
- Frequency: 1.3333333333333333
- Cluster: 1
- Churn Risk: No"
17105.0,2,2,845.52,159,1.0,1,0,Occasional Customers,"
       Customer Profile:
- Orders: 2
- Active Months: 2
- Avg Order Value: 845.52
- Recency: 159
- Frequency: 1.0
- Cluster: 1
- Churn Risk: No"
17107.0,6,5,2319.418999999997,33,1.2,1,0,Occasional Customers,"
       Customer Profile:
- Orders: 6
- Active Months: 5
- Avg Order Value: 2319.42
- Recency: 33
- Frequency: 1.2
- Cluster: 1
- Churn Risk: No"
17109.0,6,3,448.135,29,2.0,1,0,Occasional Customers,"
       Customer Profile:
- Orders: 6
- Active Months: 3
- Avg Order Value: 448.13
- Recency: 29
- Frequency: 2.0
- Cluster: 1
- Churn Risk: No"
17110.0,1,1,76.1,165,1.0,0,0,Dormant Customers,"
       Customer Profile:
- Orders: 1
- Active Months: 1
- Avg Order Value: 76.10
- Recency: 165
- Frequency: 1.0
- Cluster: 0
- Churn Risk: No"
17111.0,1,1,615.78,47,1.0,1,0,Occasional Customers,"
       Customer Profile:
- Orders: 1
- Active Months: 1
- Avg Order Value: 615.78
- Recency: 47
- Frequency: 1.0
- Cluster: 1
- Churn Risk: No"
17114.0,8,8,96.5675,5,1.0,1,0,Occasional Customers,"
       Customer Profile:
- Orders: 8
- Active Months: 8
- Avg Order Value: 96.57
- Recency: 5
- Frequency: 1.0
- Cluster: 1
- Churn Risk: No"
17115.0,3,3,194.83,8,1.0,1,0,Occasional Customers,"
       Customer Profile:
- Orders: 3
- Active Months: 3
- Avg Order Value: 194.83
- Recency: 8
- Frequency: 1.0
- Cluster: 1
- Churn Risk: No"
17117.0,1,1,73.35,288,1.0,0,1,Dormant Customers,"
       Customer Profile:
- Orders: 1
- Active Months: 1
- Avg Order Value: 73.35
- Recency: 288
- Frequency: 1.0
- Cluster: 0
- Churn Risk: Yes"
17118.0,1,1,314.04,317,1.0,0,1,Dormant Customers,"
       Customer Profile:
- Orders: 1
- Active Months: 1
- Avg Order Value: 314.04
- Recency: 317
- Frequency: 1.0
- Cluster: 0
- Churn Risk: Yes"
17119.0,2,2,273.99,3,1.0,1,0,Occasional Customers,"
       Customer Profile:
- Orders: 2
- Active Months: 2
- Avg Order Value: 273.99
- Recency: 3
- Frequency: 1.0
- Cluster: 1
- Churn Risk: No"
17120.0,1,1,222.96,233,1.0,0,1,Dormant Customers,"
       Customer Profile:
- Orders: 1
- Active Months: 1
- Avg Order Value: 222.96
- Recency: 233
- Frequency: 1.0
- Cluster: 0
- Churn Risk: Yes"
17122.0,1,1,138.32,119,1.0,0,0,Dormant Customers,"
       Customer Profile:
- Orders: 1
- Active Months: 1
- Avg Order Value: 138.32
- Recency: 119
- Frequency: 1.0
- Cluster: 0
- Churn Risk: No"
17123.0,1,1,286.65,161,1.0,0,0,Dormant Customers,"
       Customer Profile:
- Orders: 1
- Active Months: 1
- Avg Order Value: 286.65
- Recency: 161
- Frequency: 1.0
- Cluster: 0
- Churn Risk: No"
17124.0,1,1,262.44,185,1.0,0,1,Dormant Customers,"
       Customer Profile:
- Orders: 1
- Active Months: 1
- Avg Order Value: 262.44
- Recency: 185
- Frequency: 1.0
- Cluster: 0
- Churn Risk: Yes"
17125.0,1,1,163.1,50,1.0,1,0,Occasional Customers,"
       Customer Profile:
- Orders: 1
- Active Months: 1
- Avg Order Value: 163.10
- Recency: 50
- Frequency: 1.0
- Cluster: 1
- Churn Risk: No"
17126.0,5,3,370.212,152,1.6666666666666667,1,0,Occasional Customers,"
       Customer Profile:
- Orders: 5
- Active Months: 3
- Avg Order Value: 370.21
- Recency: 152
- Frequency: 1.6666666666666667
- Cluster: 1
- Churn Risk: No"
17128.0,1,1,263.18,334,1.0,0,1,Dormant Customers,"
       Customer Profile:
- Orders: 1
- Active Months: 1
- Avg Order Value: 263.18
- Recency: 334
- Frequency: 1.0
- Cluster: 0
- Churn Risk: Yes"
17131.0,5,4,843.2819999999999,5,1.25,1,0,Occasional Customers,"
       Customer Profile:
- Orders: 5
- Active Months: 4
- Avg Order Value: 843.28
- Recency: 5
- Frequency: 1.25
- Cluster: 1
- Churn Risk: No"
17133.0,7,5,534.87,15,1.4,1,0,Occasional Customers,"
       Customer Profile:
- Orders: 7
- Active Months: 5
- Avg Order Value: 534.87
- Recency: 15
- Frequency: 1.4
- Cluster: 1
- Churn Risk: No"
17134.0,2,2,195.05,106,1.0,1,0,Occasional Customers,"
       Customer Profile:
- Orders: 2
- Active Months: 2
- Avg Order Value: 195.05
- Recency: 106
- Frequency: 1.0
- Cluster: 1
- Churn Risk: No"
17135.0,5,4,155.16199999999998,16,1.25,1,0,Occasional Customers,"
       Customer Profile:
- Orders: 5
- Active Months: 4
- Avg Order Value: 155.16
- Recency: 16
- Frequency: 1.25
- Cluster: 1
- Churn Risk: No"
17138.0,1,1,288.3,275,1.0,0,1,Dormant Customers,"
       Customer Profile:
- Orders: 1
- Active Months: 1
- Avg Order Value: 288.30
- Recency: 275
- Frequency: 1.0
- Cluster: 0
- Churn Risk: Yes"
17139.0,12,8,1194.700833333333,15,1.5,2,0,Frequent Customers,"
       Customer Profile:
- Orders: 12
- Active Months: 8
- Avg Order Value: 1194.70
- Recency: 15
- Frequency: 1.5
- Cluster: 2
- Churn Risk: No"
17140.0,1,1,235.57,247,1.0,0,1,Dormant Customers,"
       Customer Profile:
- Orders: 1
- Active Months: 1
- Avg Order Value: 235.57
- Recency: 247
- Frequency: 1.0
- Cluster: 0
- Churn Risk: Yes"
17142.0,1,1,119.7,239,1.0,0,1,Dormant Customers,"
       Customer Profile:
- Orders: 1
- Active Months: 1
- Avg Order Value: 119.70
- Recency: 239
- Frequency: 1.0
- Cluster: 0
- Churn Risk: Yes"
17144.0,2,2,887.54,1,1.0,1,0,Occasional Customers,"
       Customer Profile:
- Orders: 2
- Active Months: 2
- Avg Order Value: 887.54
- Recency: 1
- Frequency: 1.0
- Cluster: 1
- Churn Risk: No"
17146.0,2,2,495.885,263,1.0,0,1,Dormant Customers,"
       Customer Profile:
- Orders: 2
- Active Months: 2
- Avg Order Value: 495.88
- Recency: 263
- Frequency: 1.0
- Cluster: 0
- Churn Risk: Yes"
17147.0,4,4,328.5875,22,1.0,1,0,Occasional Customers,"
       Customer Profile:
- Orders: 4
- Active Months: 4
- Avg Order Value: 328.59
- Recency: 22
- Frequency: 1.0
- Cluster: 1
- Churn Risk: No"
17148.0,1,1,124.88,51,1.0,1,0,Occasional Customers,"
       Customer Profile:
- Orders: 1
- Active Months: 1
- Avg Order Value: 124.88
- Recency: 51
- Frequency: 1.0
- Cluster: 1
- Churn Risk: No"
17152.0,3,2,626.3933333333334,194,1.5,0,1,Dormant Customers,"
       Customer Profile:
- Orders: 3
- Active Months: 2
- Avg Order Value: 626.39
- Recency: 194
- Frequency: 1.5
- Cluster: 0
- Churn Risk: Yes"
17153.0,1,1,213.78,24,1.0,1,0,Occasional Customers,"
       Customer Profile:
- Orders: 1
- Active Months: 1
- Avg Order Value: 213.78
- Recency: 24
- Frequency: 1.0
- Cluster: 1
- Churn Risk: No"
17154.0,1,1,625.74,75,1.0,1,0,Occasional Customers,"
       Customer Profile:
- Orders: 1
- Active Months: 1
- Avg Order Value: 625.74
- Recency: 75
- Frequency: 1.0
- Cluster: 1
- Churn Risk: No"
17155.0,2,2,78.25,17,1.0,1,0,Occasional Customers,"
       Customer Profile:
- Orders: 2
- Active Months: 2
- Avg Order Value: 78.25
- Recency: 17
- Frequency: 1.0
- Cluster: 1
- Churn Risk: No"
17157.0,2,2,159.5,7,1.0,1,0,Occasional Customers,"
       Customer Profile:
- Orders: 2
- Active Months: 2
- Avg Order Value: 159.50
- Recency: 7
- Frequency: 1.0
- Cluster: 1
- Churn Risk: No"
17158.0,3,3,814.11,32,1.0,1,0,Occasional Customers,"
       Customer Profile:
- Orders: 3
- Active Months: 3
- Avg Order Value: 814.11
- Recency: 32
- Frequency: 1.0
- Cluster: 1
- Churn Risk: No"
17159.0,3,3,612.0966666666667,21,1.0,1,0,Occasional Customers,"
       Customer Profile:
- Orders: 3
- Active Months: 3
- Avg Order Value: 612.10
- Recency: 21
- Frequency: 1.0
- Cluster: 1
- Churn Risk: No"
17160.0,6,4,649.7066666666667,31,1.5,1,0,Occasional Customers,"
       Customer Profile:
- Orders: 6
- Active Months: 4
- Avg Order Value: 649.71
- Recency: 31
- Frequency: 1.5
- Cluster: 1
- Churn Risk: No"
17162.0,10,6,455.384,28,1.6666666666666667,2,0,Frequent Customers,"
       Customer Profile:
- Orders: 10
- Active Months: 6
- Avg Order Value: 455.38
- Recency: 28
- Frequency: 1.6666666666666667
- Cluster: 2
- Churn Risk: No"
17163.0,2,2,146.55,21,1.0,1,0,Occasional Customers,"
       Customer Profile:
- Orders: 2
- Active Months: 2
- Avg Order Value: 146.55
- Recency: 21
- Frequency: 1.0
- Cluster: 1
- Churn Risk: No"
17164.0,7,5,392.9842857142857,32,1.4,1,0,Occasional Customers,"
       Customer Profile:
- Orders: 7
- Active Months: 5
- Avg Order Value: 392.98
- Recency: 32
- Frequency: 1.4
- Cluster: 1
- Churn Risk: No"
17165.0,1,1,122.88,284,1.0,0,1,Dormant Customers,"
       Customer Profile:
- Orders: 1
- Active Months: 1
- Avg Order Value: 122.88
- Recency: 284
- Frequency: 1.0
- Cluster: 0
- Churn Risk: Yes"
17166.0,2,2,457.545,38,1.0,1,0,Occasional Customers,"
       Customer Profile:
- Orders: 2
- Active Months: 2
- Avg Order Value: 457.55
- Recency: 38
- Frequency: 1.0
- Cluster: 1
- Churn Risk: No"
17169.0,2,2,374.05,57,1.0,1,0,Occasional Customers,"
       Customer Profile:
- Orders: 2
- Active Months: 2
- Avg Order Value: 374.05
- Recency: 57
- Frequency: 1.0
- Cluster: 1
- Churn Risk: No"
17171.0,1,1,199.41,289,1.0,0,1,Dormant Customers,"
       Customer Profile:
- Orders: 1
- Active Months: 1
- Avg Order Value: 199.41
- Recency: 289
- Frequency: 1.0
- Cluster: 0
- Churn Risk: Yes"
17172.0,1,1,274.23,78,1.0,1,0,Occasional Customers,"
       Customer Profile:
- Orders: 1
- Active Months: 1
- Avg Order Value: 274.23
- Recency: 78
- Frequency: 1.0
- Cluster: 1
- Churn Risk: No"
17173.0,8,5,1160.63125,5,1.6,1,0,Occasional Customers,"
       Customer Profile:
- Orders: 8
- Active Months: 5
- Avg Order Value: 1160.63
- Recency: 5
- Frequency: 1.6
- Cluster: 1
- Churn Risk: No"
17174.0,1,1,59.9,217,1.0,0,1,Dormant Customers,"
       Customer Profile:
- Orders: 1
- Active Months: 1
- Avg Order Value: 59.90
- Recency: 217
- Frequency: 1.0
- Cluster: 0
- Churn Risk: Yes"
17175.0,4,4,847.2624999999999,44,1.0,1,0,Occasional Customers,"
       Customer Profile:
- Orders: 4
- Active Months: 4
- Avg Order Value: 847.26
- Recency: 44
- Frequency: 1.0
- Cluster: 1
- Churn Risk: No"
17176.0,1,1,553.76,201,1.0,0,1,Dormant Customers,"
       Customer Profile:
- Orders: 1
- Active Months: 1
- Avg Order Value: 553.76
- Recency: 201
- Frequency: 1.0
- Cluster: 0
- Churn Risk: Yes"
17179.0,3,3,547.76,178,1.0,0,0,Dormant Customers,"
       Customer Profile:
- Orders: 3
- Active Months: 3
- Avg Order Value: 547.76
- Recency: 178
- Frequency: 1.0
- Cluster: 0
- Churn Risk: No"
17180.0,4,3,171.8125,56,1.3333333333333333,1,0,Occasional Customers,"
       Customer Profile:
- Orders: 4
- Active Months: 3
- Avg Order Value: 171.81
- Recency: 56
- Frequency: 1.3333333333333333
- Cluster: 1
- Churn Risk: No"
17181.0,2,2,44.035,57,1.0,1,0,Occasional Customers,"
       Customer Profile:
- Orders: 2
- Active Months: 2
- Avg Order Value: 44.03
- Recency: 57
- Frequency: 1.0
- Cluster: 1
- Churn Risk: No"
17183.0,6,4,693.0616666666666,7,1.5,1,0,Occasional Customers,"
       Customer Profile:
- Orders: 6
- Active Months: 4
- Avg Order Value: 693.06
- Recency: 7
- Frequency: 1.5
- Cluster: 1
- Churn Risk: No"
17186.0,2,1,38.88,46,2.0,1,0,Occasional Customers,"
       Customer Profile:
- Orders: 2
- Active Months: 1
- Avg Order Value: 38.88
- Recency: 46
- Frequency: 2.0
- Cluster: 1
- Churn Risk: No"
17187.0,1,1,273.52,226,1.0,0,1,Dormant Customers,"
       Customer Profile:
- Orders: 1
- Active Months: 1
- Avg Order Value: 273.52
- Recency: 226
- Frequency: 1.0
- Cluster: 0
- Churn Risk: Yes"
17188.0,7,4,342.31857142857143,11,1.75,1,0,Occasional Customers,"
       Customer Profile:
- Orders: 7
- Active Months: 4
- Avg Order Value: 342.32
- Recency: 11
- Frequency: 1.75
- Cluster: 1
- Churn Risk: No"
17189.0,2,2,132.45,106,1.0,1,0,Occasional Customers,"
       Customer Profile:
- Orders: 2
- Active Months: 2
- Avg Order Value: 132.45
- Recency: 106
- Frequency: 1.0
- Cluster: 1
- Churn Risk: No"
17190.0,1,1,720.24,58,1.0,1,0,Occasional Customers,"
       Customer Profile:
- Orders: 1
- Active Months: 1
- Avg Order Value: 720.24
- Recency: 58
- Frequency: 1.0
- Cluster: 1
- Churn Risk: No"
17191.0,7,5,518.7571428571429,28,1.4,1,0,Occasional Customers,"
       Customer Profile:
- Orders: 7
- Active Months: 5
- Avg Order Value: 518.76
- Recency: 28
- Frequency: 1.4
- Cluster: 1
- Churn Risk: No"
17193.0,7,4,235.9342857142857,35,1.75,1,0,Occasional Customers,"
       Customer Profile:
- Orders: 7
- Active Months: 4
- Avg Order Value: 235.93
- Recency: 35
- Frequency: 1.75
- Cluster: 1
- Churn Risk: No"
17194.0,1,1,115.27,360,1.0,0,1,Dormant Customers,"
       Customer Profile:
- Orders: 1
- Active Months: 1
- Avg Order Value: 115.27
- Recency: 360
- Frequency: 1.0
- Cluster: 0
- Churn Risk: Yes"
17197.0,1,1,463.81,29,1.0,1,0,Occasional Customers,"
       Customer Profile:
- Orders: 1
- Active Months: 1
- Avg Order Value: 463.81
- Recency: 29
- Frequency: 1.0
- Cluster: 1
- Churn Risk: No"
17198.0,3,2,133.6233333333333,23,1.5,1,0,Occasional Customers,"
       Customer Profile:
- Orders: 3
- Active Months: 2
- Avg Order Value: 133.62
- Recency: 23
- Frequency: 1.5
- Cluster: 1
- Churn Risk: No"
17201.0,1,1,226.69,53,1.0,1,0,Occasional Customers,"
       Customer Profile:
- Orders: 1
- Active Months: 1
- Avg Order Value: 226.69
- Recency: 53
- Frequency: 1.0
- Cluster: 1
- Churn Risk: No"
17203.0,6,2,497.6566666666667,35,3.0,2,0,Frequent Customers,"
       Customer Profile:
- Orders: 6
- Active Months: 2
- Avg Order Value: 497.66
- Recency: 35
- Frequency: 3.0
- Cluster: 2
- Churn Risk: No"
17204.0,4,3,835.0475,175,1.3333333333333333,1,0,Occasional Customers,"
       Customer Profile:
- Orders: 4
- Active Months: 3
- Avg Order Value: 835.05
- Recency: 175
- Frequency: 1.3333333333333333
- Cluster: 1
- Churn Risk: No"
17205.0,1,1,159.82,53,1.0,1,0,Occasional Customers,"
       Customer Profile:
- Orders: 1
- Active Months: 1
- Avg Order Value: 159.82
- Recency: 53
- Frequency: 1.0
- Cluster: 1
- Churn Risk: No"
17206.0,1,1,204.24,53,1.0,1,0,Occasional Customers,"
       Customer Profile:
- Orders: 1
- Active Months: 1
- Avg Order Value: 204.24
- Recency: 53
- Frequency: 1.0
- Cluster: 1
- Churn Risk: No"
17211.0,8,6,533.64,26,1.3333333333333333,1,0,Occasional Customers,"
       Customer Profile:
- Orders: 8
- Active Months: 6
- Avg Order Value: 533.64
- Recency: 26
- Frequency: 1.3333333333333333
- Cluster: 1
- Churn Risk: No"
17212.0,1,1,132.2,253,1.0,0,1,Dormant Customers,"
       Customer Profile:
- Orders: 1
- Active Months: 1
- Avg Order Value: 132.20
- Recency: 253
- Frequency: 1.0
- Cluster: 0
- Churn Risk: Yes"
17213.0,7,4,622.5757142857144,40,1.75,1,0,Occasional Customers,"
       Customer Profile:
- Orders: 7
- Active Months: 4
- Avg Order Value: 622.58
- Recency: 40
- Frequency: 1.75
- Cluster: 1
- Churn Risk: No"
17214.0,6,5,192.695,60,1.2,1,0,Occasional Customers,"
       Customer Profile:
- Orders: 6
- Active Months: 5
- Avg Order Value: 192.69
- Recency: 60
- Frequency: 1.2
- Cluster: 1
- Churn Risk: No"
17217.0,1,1,97.6,234,1.0,0,1,Dormant Customers,"
       Customer Profile:
- Orders: 1
- Active Months: 1
- Avg Order Value: 97.60
- Recency: 234
- Frequency: 1.0
- Cluster: 0
- Churn Risk: Yes"
17218.0,10,6,266.94,4,1.6666666666666667,2,0,Frequent Customers,"
       Customer Profile:
- Orders: 10
- Active Months: 6
- Avg Order Value: 266.94
- Recency: 4
- Frequency: 1.6666666666666667
- Cluster: 2
- Churn Risk: No"
17219.0,1,1,105.98,31,1.0,1,0,Occasional Customers,"
       Customer Profile:
- Orders: 1
- Active Months: 1
- Avg Order Value: 105.98
- Recency: 31
- Frequency: 1.0
- Cluster: 1
- Churn Risk: No"
17220.0,14,9,200.60071428571428,24,1.5555555555555556,2,0,Frequent Customers,"
       Customer Profile:
- Orders: 14
- Active Months: 9
- Avg Order Value: 200.60
- Recency: 24
- Frequency: 1.5555555555555556
- Cluster: 2
- Churn Risk: No"
17221.0,2,2,137.14,7,1.0,1,0,Occasional Customers,"
       Customer Profile:
- Orders: 2
- Active Months: 2
- Avg Order Value: 137.14
- Recency: 7
- Frequency: 1.0
- Cluster: 1
- Churn Risk: No"
17222.0,1,1,273.0,65,1.0,1,0,Occasional Customers,"
       Customer Profile:
- Orders: 1
- Active Months: 1
- Avg Order Value: 273.00
- Recency: 65
- Frequency: 1.0
- Cluster: 1
- Churn Risk: No"
17223.0,2,2,175.815,310,1.0,0,1,Dormant Customers,"
       Customer Profile:
- Orders: 2
- Active Months: 2
- Avg Order Value: 175.81
- Recency: 310
- Frequency: 1.0
- Cluster: 0
- Churn Risk: Yes"
17226.0,1,1,223.24,308,1.0,0,1,Dormant Customers,"
       Customer Profile:
- Orders: 1
- Active Months: 1
- Avg Order Value: 223.24
- Recency: 308
- Frequency: 1.0
- Cluster: 0
- Churn Risk: Yes"
17227.0,6,6,159.75333333333333,18,1.0,1,0,Occasional Customers,"
       Customer Profile:
- Orders: 6
- Active Months: 6
- Avg Order Value: 159.75
- Recency: 18
- Frequency: 1.0
- Cluster: 1
- Churn Risk: No"
17228.0,8,6,229.52625,15,1.3333333333333333,1,0,Occasional Customers,"
       Customer Profile:
- Orders: 8
- Active Months: 6
- Avg Order Value: 229.53
- Recency: 15
- Frequency: 1.3333333333333333
- Cluster: 1
- Churn Risk: No"
17229.0,2,2,234.93,96,1.0,1,0,Occasional Customers,"
       Customer Profile:
- Orders: 2
- Active Months: 2
- Avg Order Value: 234.93
- Recency: 96
- Frequency: 1.0
- Cluster: 1
- Churn Risk: No"
17230.0,8,3,286.995,264,2.6666666666666665,2,1,Frequent Customers,"
       Customer Profile:
- Orders: 8
- Active Months: 3
- Avg Order Value: 287.00
- Recency: 264
- Frequency: 2.6666666666666665
- Cluster: 2
- Churn Risk: Yes"
17231.0,10,9,796.249,12,1.1111111111111112,2,0,Frequent Customers,"
       Customer Profile:
- Orders: 10
- Active Months: 9
- Avg Order Value: 796.25
- Recency: 12
- Frequency: 1.1111111111111112
- Cluster: 2
- Churn Risk: No"
17232.0,2,2,208.885,2,1.0,1,0,Occasional Customers,"
       Customer Profile:
- Orders: 2
- Active Months: 2
- Avg Order Value: 208.88
- Recency: 2
- Frequency: 1.0
- Cluster: 1
- Churn Risk: No"
17233.0,1,1,153.48,35,1.0,1,0,Occasional Customers,"
       Customer Profile:
- Orders: 1
- Active Months: 1
- Avg Order Value: 153.48
- Recency: 35
- Frequency: 1.0
- Cluster: 1
- Churn Risk: No"
17234.0,1,1,114.04,182,1.0,0,1,Dormant Customers,"
       Customer Profile:
- Orders: 1
- Active Months: 1
- Avg Order Value: 114.04
- Recency: 182
- Frequency: 1.0
- Cluster: 0
- Churn Risk: Yes"
17235.0,2,2,201.005,25,1.0,1,0,Occasional Customers,"
       Customer Profile:
- Orders: 2
- Active Months: 2
- Avg Order Value: 201.00
- Recency: 25
- Frequency: 1.0
- Cluster: 1
- Churn Risk: No"
17236.0,6,6,390.625,12,1.0,1,0,Occasional Customers,"
       Customer Profile:
- Orders: 6
- Active Months: 6
- Avg Order Value: 390.62
- Recency: 12
- Frequency: 1.0
- Cluster: 1
- Churn Risk: No"
17237.0,2,1,153.37,11,2.0,1,0,Occasional Customers,"
       Customer Profile:
- Orders: 2
- Active Months: 1
- Avg Order Value: 153.37
- Recency: 11
- Frequency: 2.0
- Cluster: 1
- Churn Risk: No"
17238.0,17,10,253.36941176470592,2,1.7,2,0,Frequent Customers,"
       Customer Profile:
- Orders: 17
- Active Months: 10
- Avg Order Value: 253.37
- Recency: 2
- Frequency: 1.7
- Cluster: 2
- Churn Risk: No"
17239.0,1,1,295.0,312,1.0,0,1,Dormant Customers,"
       Customer Profile:
- Orders: 1
- Active Months: 1
- Avg Order Value: 295.00
- Recency: 312
- Frequency: 1.0
- Cluster: 0
- Churn Risk: Yes"
17242.0,2,2,2319.418999999997,108,1.0,1,0,Occasional Customers,"
       Customer Profile:
- Orders: 2
- Active Months: 2
- Avg Order Value: 2319.42
- Recency: 108
- Frequency: 1.0
- Cluster: 1
- Churn Risk: No"
17243.0,26,12,609.3588461538461,1,2.1666666666666665,2,0,Frequent Customers,"
       Customer Profile:
- Orders: 26
- Active Months: 12
- Avg Order Value: 609.36
- Recency: 1
- Frequency: 2.1666666666666665
- Cluster: 2
- Churn Risk: No"
17244.0,1,1,802.53,53,1.0,1,0,Occasional Customers,"
       Customer Profile:
- Orders: 1
- Active Months: 1
- Avg Order Value: 802.53
- Recency: 53
- Frequency: 1.0
- Cluster: 1
- Churn Risk: No"
17245.0,1,1,171.45,204,1.0,0,1,Dormant Customers,"
       Customer Profile:
- Orders: 1
- Active Months: 1
- Avg Order Value: 171.45
- Recency: 204
- Frequency: 1.0
- Cluster: 0
- Churn Risk: Yes"
17247.0,1,1,205.99,15,1.0,1,0,Occasional Customers,"
       Customer Profile:
- Orders: 1
- Active Months: 1
- Avg Order Value: 205.99
- Recency: 15
- Frequency: 1.0
- Cluster: 1
- Churn Risk: No"
17248.0,1,1,300.8,120,1.0,1,0,Occasional Customers,"
       Customer Profile:
- Orders: 1
- Active Months: 1
- Avg Order Value: 300.80
- Recency: 120
- Frequency: 1.0
- Cluster: 1
- Churn Risk: No"
17250.0,2,2,211.27,3,1.0,1,0,Occasional Customers,"
       Customer Profile:
- Orders: 2
- Active Months: 2
- Avg Order Value: 211.27
- Recency: 3
- Frequency: 1.0
- Cluster: 1
- Churn Risk: No"
17251.0,1,1,488.66,362,1.0,0,1,Dormant Customers,"
       Customer Profile:
- Orders: 1
- Active Months: 1
- Avg Order Value: 488.66
- Recency: 362
- Frequency: 1.0
- Cluster: 0
- Churn Risk: Yes"
17252.0,2,2,630.2700000000001,116,1.0,1,0,Occasional Customers,"
       Customer Profile:
- Orders: 2
- Active Months: 2
- Avg Order Value: 630.27
- Recency: 116
- Frequency: 1.0
- Cluster: 1
- Churn Risk: No"
17253.0,1,1,113.01,18,1.0,1,0,Occasional Customers,"
       Customer Profile:
- Orders: 1
- Active Months: 1
- Avg Order Value: 113.01
- Recency: 18
- Frequency: 1.0
- Cluster: 1
- Churn Risk: No"
17254.0,2,2,126.295,4,1.0,1,0,Occasional Customers,"
       Customer Profile:
- Orders: 2
- Active Months: 2
- Avg Order Value: 126.30
- Recency: 4
- Frequency: 1.0
- Cluster: 1
- Churn Risk: No"
17255.0,2,2,261.28,40,1.0,1,0,Occasional Customers,"
       Customer Profile:
- Orders: 2
- Active Months: 2
- Avg Order Value: 261.28
- Recency: 40
- Frequency: 1.0
- Cluster: 1
- Churn Risk: No"
17256.0,2,2,101.475,107,1.0,1,0,Occasional Customers,"
       Customer Profile:
- Orders: 2
- Active Months: 2
- Avg Order Value: 101.47
- Recency: 107
- Frequency: 1.0
- Cluster: 1
- Churn Risk: No"
17259.0,2,2,405.83,148,1.0,0,0,Dormant Customers,"
       Customer Profile:
- Orders: 2
- Active Months: 2
- Avg Order Value: 405.83
- Recency: 148
- Frequency: 1.0
- Cluster: 0
- Churn Risk: No"
17262.0,5,4,326.528,52,1.25,1,0,Occasional Customers,"
       Customer Profile:
- Orders: 5
- Active Months: 4
- Avg Order Value: 326.53
- Recency: 52
- Frequency: 1.25
- Cluster: 1
- Churn Risk: No"
17263.0,1,1,126.88,208,1.0,0,1,Dormant Customers,"
       Customer Profile:
- Orders: 1
- Active Months: 1
- Avg Order Value: 126.88
- Recency: 208
- Frequency: 1.0
- Cluster: 0
- Churn Risk: Yes"
17265.0,2,2,1797.37,138,1.0,1,0,Occasional Customers,"
       Customer Profile:
- Orders: 2
- Active Months: 2
- Avg Order Value: 1797.37
- Recency: 138
- Frequency: 1.0
- Cluster: 1
- Churn Risk: No"
17266.0,3,2,126.06333333333332,2,1.5,1,0,Occasional Customers,"
       Customer Profile:
- Orders: 3
- Active Months: 2
- Avg Order Value: 126.06
- Recency: 2
- Frequency: 1.5
- Cluster: 1
- Churn Risk: No"
17267.0,2,1,121.55,127,2.0,1,0,Occasional Customers,"
       Customer Profile:
- Orders: 2
- Active Months: 1
- Avg Order Value: 121.55
- Recency: 127
- Frequency: 2.0
- Cluster: 1
- Churn Risk: No"
17268.0,4,3,46.255,107,1.3333333333333333,1,0,Occasional Customers,"
       Customer Profile:
- Orders: 4
- Active Months: 3
- Avg Order Value: 46.26
- Recency: 107
- Frequency: 1.3333333333333333
- Cluster: 1
- Churn Risk: No"
17272.0,4,3,492.9525,42,1.3333333333333333,1,0,Occasional Customers,"
       Customer Profile:
- Orders: 4
- Active Months: 3
- Avg Order Value: 492.95
- Recency: 42
- Frequency: 1.3333333333333333
- Cluster: 1
- Churn Risk: No"
17274.0,1,1,103.67,35,1.0,1,0,Occasional Customers,"
       Customer Profile:
- Orders: 1
- Active Months: 1
- Avg Order Value: 103.67
- Recency: 35
- Frequency: 1.0
- Cluster: 1
- Churn Risk: No"
17277.0,2,2,434.025,227,1.0,0,1,Dormant Customers,"
       Customer Profile:
- Orders: 2
- Active Months: 2
- Avg Order Value: 434.02
- Recency: 227
- Frequency: 1.0
- Cluster: 0
- Churn Risk: Yes"
17278.0,1,1,206.09,241,1.0,0,1,Dormant Customers,"
       Customer Profile:
- Orders: 1
- Active Months: 1
- Avg Order Value: 206.09
- Recency: 241
- Frequency: 1.0
- Cluster: 0
- Churn Risk: Yes"
17279.0,1,1,94.28,57,1.0,1,0,Occasional Customers,"
       Customer Profile:
- Orders: 1
- Active Months: 1
- Avg Order Value: 94.28
- Recency: 57
- Frequency: 1.0
- Cluster: 1
- Churn Risk: No"
17282.0,3,3,611.2333333333333,130,1.0,1,0,Occasional Customers,"
       Customer Profile:
- Orders: 3
- Active Months: 3
- Avg Order Value: 611.23
- Recency: 130
- Frequency: 1.0
- Cluster: 1
- Churn Risk: No"
17284.0,6,5,456.20166666666665,60,1.2,1,0,Occasional Customers,"
       Customer Profile:
- Orders: 6
- Active Months: 5
- Avg Order Value: 456.20
- Recency: 60
- Frequency: 1.2
- Cluster: 1
- Churn Risk: No"
17286.0,1,1,142.87,21,1.0,1,0,Occasional Customers,"
       Customer Profile:
- Orders: 1
- Active Months: 1
- Avg Order Value: 142.87
- Recency: 21
- Frequency: 1.0
- Cluster: 1
- Churn Risk: No"
17287.0,7,6,123.07428571428572,26,1.1666666666666667,1,0,Occasional Customers,"
       Customer Profile:
- Orders: 7
- Active Months: 6
- Avg Order Value: 123.07
- Recency: 26
- Frequency: 1.1666666666666667
- Cluster: 1
- Churn Risk: No"
17288.0,7,6,236.03714285714287,9,1.1666666666666667,1,0,Occasional Customers,"
       Customer Profile:
- Orders: 7
- Active Months: 6
- Avg Order Value: 236.04
- Recency: 9
- Frequency: 1.1666666666666667
- Cluster: 1
- Churn Risk: No"
17289.0,3,2,837.82,31,1.5,1,0,Occasional Customers,"
       Customer Profile:
- Orders: 3
- Active Months: 2
- Avg Order Value: 837.82
- Recency: 31
- Frequency: 1.5
- Cluster: 1
- Churn Risk: No"
17290.0,2,2,276.98,3,1.0,1,0,Occasional Customers,"
       Customer Profile:
- Orders: 2
- Active Months: 2
- Avg Order Value: 276.98
- Recency: 3
- Frequency: 1.0
- Cluster: 1
- Churn Risk: No"
17293.0,8,8,254.04875,8,1.0,1,0,Occasional Customers,"
       Customer Profile:
- Orders: 8
- Active Months: 8
- Avg Order Value: 254.05
- Recency: 8
- Frequency: 1.0
- Cluster: 1
- Churn Risk: No"
17295.0,3,2,336.8833333333334,28,1.5,1,0,Occasional Customers,"
       Customer Profile:
- Orders: 3
- Active Months: 2
- Avg Order Value: 336.88
- Recency: 28
- Frequency: 1.5
- Cluster: 1
- Churn Risk: No"
17297.0,1,1,91.83,17,1.0,1,0,Occasional Customers,"
       Customer Profile:
- Orders: 1
- Active Months: 1
- Avg Order Value: 91.83
- Recency: 17
- Frequency: 1.0
- Cluster: 1
- Churn Risk: No"
17298.0,2,1,293.95,101,2.0,1,0,Occasional Customers,"
       Customer Profile:
- Orders: 2
- Active Months: 1
- Avg Order Value: 293.95
- Recency: 101
- Frequency: 2.0
- Cluster: 1
- Churn Risk: No"
17299.0,4,4,255.395,11,1.0,1,0,Occasional Customers,"
       Customer Profile:
- Orders: 4
- Active Months: 4
- Avg Order Value: 255.40
- Recency: 11
- Frequency: 1.0
- Cluster: 1
- Churn Risk: No"
17301.0,1,1,152.84,21,1.0,1,0,Occasional Customers,"
       Customer Profile:
- Orders: 1
- Active Months: 1
- Avg Order Value: 152.84
- Recency: 21
- Frequency: 1.0
- Cluster: 1
- Churn Risk: No"
17302.0,5,4,294.074,14,1.25,1,0,Occasional Customers,"
       Customer Profile:
- Orders: 5
- Active Months: 4
- Avg Order Value: 294.07
- Recency: 14
- Frequency: 1.25
- Cluster: 1
- Churn Risk: No"
17303.0,1,1,192.24,361,1.0,0,1,Dormant Customers,"
       Customer Profile:
- Orders: 1
- Active Months: 1
- Avg Order Value: 192.24
- Recency: 361
- Frequency: 1.0
- Cluster: 0
- Churn Risk: Yes"
17306.0,19,10,152.23894736842104,10,1.9,2,0,Frequent Customers,"
       Customer Profile:
- Orders: 19
- Active Months: 10
- Avg Order Value: 152.24
- Recency: 10
- Frequency: 1.9
- Cluster: 2
- Churn Risk: No"
17309.0,1,1,165.5,95,1.0,1,0,Occasional Customers,"
       Customer Profile:
- Orders: 1
- Active Months: 1
- Avg Order Value: 165.50
- Recency: 95
- Frequency: 1.0
- Cluster: 1
- Churn Risk: No"
17311.0,2,2,449.24,78,1.0,1,0,Occasional Customers,"
       Customer Profile:
- Orders: 2
- Active Months: 2
- Avg Order Value: 449.24
- Recency: 78
- Frequency: 1.0
- Cluster: 1
- Churn Risk: No"
17312.0,3,1,175.90666666666667,138,3.0,2,0,Frequent Customers,"
       Customer Profile:
- Orders: 3
- Active Months: 1
- Avg Order Value: 175.91
- Recency: 138
- Frequency: 3.0
- Cluster: 2
- Churn Risk: No"
17313.0,1,1,949.86,31,1.0,1,0,Occasional Customers,"
       Customer Profile:
- Orders: 1
- Active Months: 1
- Avg Order Value: 949.86
- Recency: 31
- Frequency: 1.0
- Cluster: 1
- Churn Risk: No"
17314.0,8,7,751.00625,24,1.1428571428571428,1,0,Occasional Customers,"
       Customer Profile:
- Orders: 8
- Active Months: 7
- Avg Order Value: 751.01
- Recency: 24
- Frequency: 1.1428571428571428
- Cluster: 1
- Churn Risk: No"
17315.0,36,13,242.1338888888889,1,2.769230769230769,2,0,Frequent Customers,"
       Customer Profile:
- Orders: 36
- Active Months: 13
- Avg Order Value: 242.13
- Recency: 1
- Frequency: 2.769230769230769
- Cluster: 2
- Churn Risk: No"
17317.0,3,2,354.78,46,1.5,1,0,Occasional Customers,"
       Customer Profile:
- Orders: 3
- Active Months: 2
- Avg Order Value: 354.78
- Recency: 46
- Frequency: 1.5
- Cluster: 1
- Churn Risk: No"
17320.0,3,3,582.3000000000001,100,1.0,1,0,Occasional Customers,"
       Customer Profile:
- Orders: 3
- Active Months: 3
- Avg Order Value: 582.30
- Recency: 100
- Frequency: 1.0
- Cluster: 1
- Churn Risk: No"
17321.0,1,1,423.08,67,1.0,1,0,Occasional Customers,"
       Customer Profile:
- Orders: 1
- Active Months: 1
- Avg Order Value: 423.08
- Recency: 67
- Frequency: 1.0
- Cluster: 1
- Churn Risk: No"
17323.0,7,6,376.42285714285714,15,1.1666666666666667,1,0,Occasional Customers,"
       Customer Profile:
- Orders: 7
- Active Months: 6
- Avg Order Value: 376.42
- Recency: 15
- Frequency: 1.1666666666666667
- Cluster: 1
- Churn Risk: No"
17324.0,4,3,308.6925,17,1.3333333333333333,1,0,Occasional Customers,"
       Customer Profile:
- Orders: 4
- Active Months: 3
- Avg Order Value: 308.69
- Recency: 17
- Frequency: 1.3333333333333333
- Cluster: 1
- Churn Risk: No"
17325.0,1,1,96.8,280,1.0,0,1,Dormant Customers,"
       Customer Profile:
- Orders: 1
- Active Months: 1
- Avg Order Value: 96.80
- Recency: 280
- Frequency: 1.0
- Cluster: 0
- Churn Risk: Yes"
17329.0,2,2,233.28,14,1.0,1,0,Occasional Customers,"
       Customer Profile:
- Orders: 2
- Active Months: 2
- Avg Order Value: 233.28
- Recency: 14
- Frequency: 1.0
- Cluster: 1
- Churn Risk: No"
17330.0,2,2,170.7,22,1.0,1,0,Occasional Customers,"
       Customer Profile:
- Orders: 2
- Active Months: 2
- Avg Order Value: 170.70
- Recency: 22
- Frequency: 1.0
- Cluster: 1
- Churn Risk: No"
17333.0,1,1,490.47,85,1.0,1,0,Occasional Customers,"
       Customer Profile:
- Orders: 1
- Active Months: 1
- Avg Order Value: 490.47
- Recency: 85
- Frequency: 1.0
- Cluster: 1
- Churn Risk: No"
17334.0,2,1,122.355,302,2.0,0,1,Dormant Customers,"
       Customer Profile:
- Orders: 2
- Active Months: 1
- Avg Order Value: 122.36
- Recency: 302
- Frequency: 2.0
- Cluster: 0
- Churn Risk: Yes"
17337.0,4,4,500.44,151,1.0,1,0,Occasional Customers,"
       Customer Profile:
- Orders: 4
- Active Months: 4
- Avg Order Value: 500.44
- Recency: 151
- Frequency: 1.0
- Cluster: 1
- Churn Risk: No"
17338.0,8,8,857.6550000000001,17,1.0,1,0,Occasional Customers,"
       Customer Profile:
- Orders: 8
- Active Months: 8
- Avg Order Value: 857.66
- Recency: 17
- Frequency: 1.0
- Cluster: 1
- Churn Risk: No"
17339.0,2,2,112.02,94,1.0,1,0,Occasional Customers,"
       Customer Profile:
- Orders: 2
- Active Months: 2
- Avg Order Value: 112.02
- Recency: 94
- Frequency: 1.0
- Cluster: 1
- Churn Risk: No"
17340.0,11,7,1898.3509090909088,29,1.5714285714285714,2,0,Frequent Customers,"
       Customer Profile:
- Orders: 11
- Active Months: 7
- Avg Order Value: 1898.35
- Recency: 29
- Frequency: 1.5714285714285714
- Cluster: 2
- Churn Risk: No"
17341.0,3,2,828.1,156,1.5,1,0,Occasional Customers,"
       Customer Profile:
- Orders: 3
- Active Months: 2
- Avg Order Value: 828.10
- Recency: 156
- Frequency: 1.5
- Cluster: 1
- Churn Risk: No"
17343.0,1,1,337.48,355,1.0,0,1,Dormant Customers,"
       Customer Profile:
- Orders: 1
- Active Months: 1
- Avg Order Value: 337.48
- Recency: 355
- Frequency: 1.0
- Cluster: 0
- Churn Risk: Yes"
17344.0,1,1,132.62,46,1.0,1,0,Occasional Customers,"
       Customer Profile:
- Orders: 1
- Active Months: 1
- Avg Order Value: 132.62
- Recency: 46
- Frequency: 1.0
- Cluster: 1
- Churn Risk: No"
17345.0,4,3,104.06,15,1.3333333333333333,1,0,Occasional Customers,"
       Customer Profile:
- Orders: 4
- Active Months: 3
- Avg Order Value: 104.06
- Recency: 15
- Frequency: 1.3333333333333333
- Cluster: 1
- Churn Risk: No"
17346.0,15,9,313.308,3,1.6666666666666667,2,0,Frequent Customers,"
       Customer Profile:
- Orders: 15
- Active Months: 9
- Avg Order Value: 313.31
- Recency: 3
- Frequency: 1.6666666666666667
- Cluster: 2
- Churn Risk: No"
17347.0,1,1,28.62,86,1.0,1,0,Occasional Customers,"
       Customer Profile:
- Orders: 1
- Active Months: 1
- Avg Order Value: 28.62
- Recency: 86
- Frequency: 1.0
- Cluster: 1
- Churn Risk: No"
17348.0,5,3,326.54,14,1.6666666666666667,1,0,Occasional Customers,"
       Customer Profile:
- Orders: 5
- Active Months: 3
- Avg Order Value: 326.54
- Recency: 14
- Frequency: 1.6666666666666667
- Cluster: 1
- Churn Risk: No"
17349.0,1,1,522.0,179,1.0,0,0,Dormant Customers,"
       Customer Profile:
- Orders: 1
- Active Months: 1
- Avg Order Value: 522.00
- Recency: 179
- Frequency: 1.0
- Cluster: 0
- Churn Risk: No"
17350.0,4,2,277.6225,8,2.0,1,0,Occasional Customers,"
       Customer Profile:
- Orders: 4
- Active Months: 2
- Avg Order Value: 277.62
- Recency: 8
- Frequency: 2.0
- Cluster: 1
- Churn Risk: No"
17351.0,3,3,238.36666666666667,36,1.0,1,0,Occasional Customers,"
       Customer Profile:
- Orders: 3
- Active Months: 3
- Avg Order Value: 238.37
- Recency: 36
- Frequency: 1.0
- Cluster: 1
- Churn Risk: No"
17353.0,2,2,156.6,129,1.0,1,0,Occasional Customers,"
       Customer Profile:
- Orders: 2
- Active Months: 2
- Avg Order Value: 156.60
- Recency: 129
- Frequency: 1.0
- Cluster: 1
- Churn Risk: No"
17354.0,1,1,507.32,50,1.0,1,0,Occasional Customers,"
       Customer Profile:
- Orders: 1
- Active Months: 1
- Avg Order Value: 507.32
- Recency: 50
- Frequency: 1.0
- Cluster: 1
- Churn Risk: No"
17356.0,1,1,178.22,311,1.0,0,1,Dormant Customers,"
       Customer Profile:
- Orders: 1
- Active Months: 1
- Avg Order Value: 178.22
- Recency: 311
- Frequency: 1.0
- Cluster: 0
- Churn Risk: Yes"
17357.0,2,1,165.51999999999998,24,2.0,1,0,Occasional Customers,"
       Customer Profile:
- Orders: 2
- Active Months: 1
- Avg Order Value: 165.52
- Recency: 24
- Frequency: 2.0
- Cluster: 1
- Churn Risk: No"
17358.0,2,2,287.76,303,1.0,0,1,Dormant Customers,"
       Customer Profile:
- Orders: 2
- Active Months: 2
- Avg Order Value: 287.76
- Recency: 303
- Frequency: 1.0
- Cluster: 0
- Churn Risk: Yes"
17359.0,1,1,78.02,11,1.0,1,0,Occasional Customers,"
       Customer Profile:
- Orders: 1
- Active Months: 1
- Avg Order Value: 78.02
- Recency: 11
- Frequency: 1.0
- Cluster: 1
- Churn Risk: No"
17360.0,3,2,159.76333333333332,17,1.5,1,0,Occasional Customers,"
       Customer Profile:
- Orders: 3
- Active Months: 2
- Avg Order Value: 159.76
- Recency: 17
- Frequency: 1.5
- Cluster: 1
- Churn Risk: No"
17361.0,3,3,332.93666666666667,49,1.0,1,0,Occasional Customers,"
       Customer Profile:
- Orders: 3
- Active Months: 3
- Avg Order Value: 332.94
- Recency: 49
- Frequency: 1.0
- Cluster: 1
- Churn Risk: No"
17362.0,2,2,138.14,239,1.0,0,1,Dormant Customers,"
       Customer Profile:
- Orders: 2
- Active Months: 2
- Avg Order Value: 138.14
- Recency: 239
- Frequency: 1.0
- Cluster: 0
- Churn Risk: Yes"
17364.0,11,7,560.7099999999999,1,1.5714285714285714,2,0,Frequent Customers,"
       Customer Profile:
- Orders: 11
- Active Months: 7
- Avg Order Value: 560.71
- Recency: 1
- Frequency: 1.5714285714285714
- Cluster: 2
- Churn Risk: No"
17365.0,8,7,744.36125,12,1.1428571428571428,1,0,Occasional Customers,"
       Customer Profile:
- Orders: 8
- Active Months: 7
- Avg Order Value: 744.36
- Recency: 12
- Frequency: 1.1428571428571428
- Cluster: 1
- Churn Risk: No"
17367.0,1,1,156.44,238,1.0,0,1,Dormant Customers,"
       Customer Profile:
- Orders: 1
- Active Months: 1
- Avg Order Value: 156.44
- Recency: 238
- Frequency: 1.0
- Cluster: 0
- Churn Risk: Yes"
17368.0,8,5,434.0525,23,1.6,1,0,Occasional Customers,"
       Customer Profile:
- Orders: 8
- Active Months: 5
- Avg Order Value: 434.05
- Recency: 23
- Frequency: 1.6
- Cluster: 1
- Churn Risk: No"
17370.0,4,2,215.925,72,2.0,1,0,Occasional Customers,"
       Customer Profile:
- Orders: 4
- Active Months: 2
- Avg Order Value: 215.93
- Recency: 72
- Frequency: 2.0
- Cluster: 1
- Churn Risk: No"
17371.0,3,2,79.63333333333334,17,1.5,1,0,Occasional Customers,"
       Customer Profile:
- Orders: 3
- Active Months: 2
- Avg Order Value: 79.63
- Recency: 17
- Frequency: 1.5
- Cluster: 1
- Churn Risk: No"
17372.0,8,5,291.65875,40,1.6,1,0,Occasional Customers,"
       Customer Profile:
- Orders: 8
- Active Months: 5
- Avg Order Value: 291.66
- Recency: 40
- Frequency: 1.6
- Cluster: 1
- Churn Risk: No"
17373.0,4,4,209.1175,40,1.0,1,0,Occasional Customers,"
       Customer Profile:
- Orders: 4
- Active Months: 4
- Avg Order Value: 209.12
- Recency: 40
- Frequency: 1.0
- Cluster: 1
- Churn Risk: No"
17374.0,2,2,54.535,218,1.0,0,1,Dormant Customers,"
       Customer Profile:
- Orders: 2
- Active Months: 2
- Avg Order Value: 54.53
- Recency: 218
- Frequency: 1.0
- Cluster: 0
- Churn Risk: Yes"
17375.0,3,3,114.8,199,1.0,0,1,Dormant Customers,"
       Customer Profile:
- Orders: 3
- Active Months: 3
- Avg Order Value: 114.80
- Recency: 199
- Frequency: 1.0
- Cluster: 0
- Churn Risk: Yes"
17376.0,2,2,92.5,70,1.0,1,0,Occasional Customers,"
       Customer Profile:
- Orders: 2
- Active Months: 2
- Avg Order Value: 92.50
- Recency: 70
- Frequency: 1.0
- Cluster: 1
- Churn Risk: No"
17377.0,20,8,284.03000000000003,23,2.5,2,0,Frequent Customers,"
       Customer Profile:
- Orders: 20
- Active Months: 8
- Avg Order Value: 284.03
- Recency: 23
- Frequency: 2.5
- Cluster: 2
- Churn Risk: No"
17379.0,1,1,372.67,11,1.0,1,0,Occasional Customers,"
       Customer Profile:
- Orders: 1
- Active Months: 1
- Avg Order Value: 372.67
- Recency: 11
- Frequency: 1.0
- Cluster: 1
- Churn Risk: No"
17381.0,29,13,163.58068965517242,8,2.230769230769231,2,0,Frequent Customers,"
       Customer Profile:
- Orders: 29
- Active Months: 13
- Avg Order Value: 163.58
- Recency: 8
- Frequency: 2.230769230769231
- Cluster: 2
- Churn Risk: No"
17382.0,1,1,50.400000000000006,65,1.0,1,0,Occasional Customers,"
       Customer Profile:
- Orders: 1
- Active Months: 1
- Avg Order Value: 50.40
- Recency: 65
- Frequency: 1.0
- Cluster: 1
- Churn Risk: No"
17383.0,1,1,193.39,4,1.0,1,0,Occasional Customers,"
       Customer Profile:
- Orders: 1
- Active Months: 1
- Avg Order Value: 193.39
- Recency: 4
- Frequency: 1.0
- Cluster: 1
- Churn Risk: No"
17384.0,2,2,304.55,19,1.0,1,0,Occasional Customers,"
       Customer Profile:
- Orders: 2
- Active Months: 2
- Avg Order Value: 304.55
- Recency: 19
- Frequency: 1.0
- Cluster: 1
- Churn Risk: No"
17385.0,1,1,246.16,14,1.0,1,0,Occasional Customers,"
       Customer Profile:
- Orders: 1
- Active Months: 1
- Avg Order Value: 246.16
- Recency: 14
- Frequency: 1.0
- Cluster: 1
- Churn Risk: No"
17386.0,6,4,149.71333333333334,7,1.5,1,0,Occasional Customers,"
       Customer Profile:
- Orders: 6
- Active Months: 4
- Avg Order Value: 149.71
- Recency: 7
- Frequency: 1.5
- Cluster: 1
- Churn Risk: No"
17387.0,2,1,1028.66,19,2.0,1,0,Occasional Customers,"
       Customer Profile:
- Orders: 2
- Active Months: 1
- Avg Order Value: 1028.66
- Recency: 19
- Frequency: 2.0
- Cluster: 1
- Churn Risk: No"
17388.0,4,4,85.3925,77,1.0,1,0,Occasional Customers,"
       Customer Profile:
- Orders: 4
- Active Months: 4
- Avg Order Value: 85.39
- Recency: 77
- Frequency: 1.0
- Cluster: 1
- Churn Risk: No"
17389.0,29,10,361.9196551724138,1,2.9,2,0,Frequent Customers,"
       Customer Profile:
- Orders: 29
- Active Months: 10
- Avg Order Value: 361.92
- Recency: 1
- Frequency: 2.9
- Cluster: 2
- Churn Risk: No"
17391.0,2,1,42.93,163,2.0,0,0,Dormant Customers,"
       Customer Profile:
- Orders: 2
- Active Months: 1
- Avg Order Value: 42.93
- Recency: 163
- Frequency: 2.0
- Cluster: 0
- Churn Risk: No"
17392.0,2,2,311.76,306,1.0,0,1,Dormant Customers,"
       Customer Profile:
- Orders: 2
- Active Months: 2
- Avg Order Value: 311.76
- Recency: 306
- Frequency: 1.0
- Cluster: 0
- Churn Risk: Yes"
17394.0,1,1,57.84,219,1.0,0,1,Dormant Customers,"
       Customer Profile:
- Orders: 1
- Active Months: 1
- Avg Order Value: 57.84
- Recency: 219
- Frequency: 1.0
- Cluster: 0
- Churn Risk: Yes"
17396.0,6,3,295.28000000000003,39,2.0,1,0,Occasional Customers,"
       Customer Profile:
- Orders: 6
- Active Months: 3
- Avg Order Value: 295.28
- Recency: 39
- Frequency: 2.0
- Cluster: 1
- Churn Risk: No"
17397.0,2,1,266.18,22,2.0,1,0,Occasional Customers,"
       Customer Profile:
- Orders: 2
- Active Months: 1
- Avg Order Value: 266.18
- Recency: 22
- Frequency: 2.0
- Cluster: 1
- Churn Risk: No"
17398.0,3,3,126.26,114,1.0,1,0,Occasional Customers,"
       Customer Profile:
- Orders: 3
- Active Months: 3
- Avg Order Value: 126.26
- Recency: 114
- Frequency: 1.0
- Cluster: 1
- Churn Risk: No"
17400.0,5,4,320.95,126,1.25,1,0,Occasional Customers,"
       Customer Profile:
- Orders: 5
- Active Months: 4
- Avg Order Value: 320.95
- Recency: 126
- Frequency: 1.25
- Cluster: 1
- Churn Risk: No"
17402.0,12,9,106.40333333333336,4,1.3333333333333333,2,0,Frequent Customers,"
       Customer Profile:
- Orders: 12
- Active Months: 9
- Avg Order Value: 106.40
- Recency: 4
- Frequency: 1.3333333333333333
- Cluster: 2
- Churn Risk: No"
17403.0,1,1,238.17,36,1.0,1,0,Occasional Customers,"
       Customer Profile:
- Orders: 1
- Active Months: 1
- Avg Order Value: 238.17
- Recency: 36
- Frequency: 1.0
- Cluster: 1
- Churn Risk: No"
17404.0,13,10,631.5661538461538,4,1.3,2,0,Frequent Customers,"
       Customer Profile:
- Orders: 13
- Active Months: 10
- Avg Order Value: 631.57
- Recency: 4
- Frequency: 1.3
- Cluster: 2
- Churn Risk: No"
17405.0,3,3,525.2066666666667,1,1.0,1,0,Occasional Customers,"
       Customer Profile:
- Orders: 3
- Active Months: 3
- Avg Order Value: 525.21
- Recency: 1
- Frequency: 1.0
- Cluster: 1
- Churn Risk: No"
17406.0,2,2,2304.01,333,1.0,0,1,Dormant Customers,"
       Customer Profile:
- Orders: 2
- Active Months: 2
- Avg Order Value: 2304.01
- Recency: 333
- Frequency: 1.0
- Cluster: 0
- Churn Risk: Yes"
17409.0,2,2,55.775000000000006,184,1.0,0,1,Dormant Customers,"
       Customer Profile:
- Orders: 2
- Active Months: 2
- Avg Order Value: 55.78
- Recency: 184
- Frequency: 1.0
- Cluster: 0
- Churn Risk: Yes"
17410.0,5,4,472.422,16,1.25,1,0,Occasional Customers,"
       Customer Profile:
- Orders: 5
- Active Months: 4
- Avg Order Value: 472.42
- Recency: 16
- Frequency: 1.25
- Cluster: 1
- Churn Risk: No"
17411.0,3,3,362.1666666666667,12,1.0,1,0,Occasional Customers,"
       Customer Profile:
- Orders: 3
- Active Months: 3
- Avg Order Value: 362.17
- Recency: 12
- Frequency: 1.0
- Cluster: 1
- Churn Risk: No"
17412.0,7,6,171.05285714285714,2,1.1666666666666667,1,0,Occasional Customers,"
       Customer Profile:
- Orders: 7
- Active Months: 6
- Avg Order Value: 171.05
- Recency: 2
- Frequency: 1.1666666666666667
- Cluster: 1
- Churn Risk: No"
17414.0,2,2,29.525,43,1.0,1,0,Occasional Customers,"
       Customer Profile:
- Orders: 2
- Active Months: 2
- Avg Order Value: 29.52
- Recency: 43
- Frequency: 1.0
- Cluster: 1
- Churn Risk: No"
17415.0,1,1,138.44,79,1.0,1,0,Occasional Customers,"
       Customer Profile:
- Orders: 1
- Active Months: 1
- Avg Order Value: 138.44
- Recency: 79
- Frequency: 1.0
- Cluster: 1
- Churn Risk: No"
17416.0,7,6,805.0971428571429,29,1.1666666666666667,1,0,Occasional Customers,"
       Customer Profile:
- Orders: 7
- Active Months: 6
- Avg Order Value: 805.10
- Recency: 29
- Frequency: 1.1666666666666667
- Cluster: 1
- Churn Risk: No"
17418.0,2,2,174.88,42,1.0,1,0,Occasional Customers,"
       Customer Profile:
- Orders: 2
- Active Months: 2
- Avg Order Value: 174.88
- Recency: 42
- Frequency: 1.0
- Cluster: 1
- Churn Risk: No"
17419.0,12,8,575.1125000000001,11,1.5,2,0,Frequent Customers,"
       Customer Profile:
- Orders: 12
- Active Months: 8
- Avg Order Value: 575.11
- Recency: 11
- Frequency: 1.5
- Cluster: 2
- Churn Risk: No"
17420.0,3,3,161.69333333333336,50,1.0,1,0,Occasional Customers,"
       Customer Profile:
- Orders: 3
- Active Months: 3
- Avg Order Value: 161.69
- Recency: 50
- Frequency: 1.0
- Cluster: 1
- Churn Risk: No"
17422.0,6,6,932.4516666666668,16,1.0,1,0,Occasional Customers,"
       Customer Profile:
- Orders: 6
- Active Months: 6
- Avg Order Value: 932.45
- Recency: 16
- Frequency: 1.0
- Cluster: 1
- Churn Risk: No"
17423.0,2,2,291.21500000000003,46,1.0,1,0,Occasional Customers,"
       Customer Profile:
- Orders: 2
- Active Months: 2
- Avg Order Value: 291.22
- Recency: 46
- Frequency: 1.0
- Cluster: 1
- Churn Risk: No"
17425.0,2,2,1089.255,19,1.0,1,0,Occasional Customers,"
       Customer Profile:
- Orders: 2
- Active Months: 2
- Avg Order Value: 1089.26
- Recency: 19
- Frequency: 1.0
- Cluster: 1
- Churn Risk: No"
17426.0,6,4,679.8149999999999,8,1.5,1,0,Occasional Customers,"
       Customer Profile:
- Orders: 6
- Active Months: 4
- Avg Order Value: 679.81
- Recency: 8
- Frequency: 1.5
- Cluster: 1
- Churn Risk: No"
17427.0,1,1,100.8,71,1.0,1,0,Occasional Customers,"
       Customer Profile:
- Orders: 1
- Active Months: 1
- Avg Order Value: 100.80
- Recency: 71
- Frequency: 1.0
- Cluster: 1
- Churn Risk: No"
17428.0,28,13,402.5842857142857,1,2.1538461538461537,2,0,Frequent Customers,"
       Customer Profile:
- Orders: 28
- Active Months: 13
- Avg Order Value: 402.58
- Recency: 1
- Frequency: 2.1538461538461537
- Cluster: 2
- Churn Risk: No"
17429.0,3,3,144.61666666666667,128,1.0,1,0,Occasional Customers,"
       Customer Profile:
- Orders: 3
- Active Months: 3
- Avg Order Value: 144.62
- Recency: 128
- Frequency: 1.0
- Cluster: 1
- Churn Risk: No"
17430.0,2,2,203.61,32,1.0,1,0,Occasional Customers,"
       Customer Profile:
- Orders: 2
- Active Months: 2
- Avg Order Value: 203.61
- Recency: 32
- Frequency: 1.0
- Cluster: 1
- Churn Risk: No"
17431.0,1,1,760.6999999999999,313,1.0,0,1,Dormant Customers,"
       Customer Profile:
- Orders: 1
- Active Months: 1
- Avg Order Value: 760.70
- Recency: 313
- Frequency: 1.0
- Cluster: 0
- Churn Risk: Yes"
17432.0,2,1,174.68,18,2.0,1,0,Occasional Customers,"
       Customer Profile:
- Orders: 2
- Active Months: 1
- Avg Order Value: 174.68
- Recency: 18
- Frequency: 2.0
- Cluster: 1
- Churn Risk: No"
17433.0,1,1,268.26,88,1.0,1,0,Occasional Customers,"
       Customer Profile:
- Orders: 1
- Active Months: 1
- Avg Order Value: 268.26
- Recency: 88
- Frequency: 1.0
- Cluster: 1
- Churn Risk: No"
17434.0,7,4,348.9814285714286,2,1.75,1,0,Occasional Customers,"
       Customer Profile:
- Orders: 7
- Active Months: 4
- Avg Order Value: 348.98
- Recency: 2
- Frequency: 1.75
- Cluster: 1
- Churn Risk: No"
17436.0,2,2,404.1,1,1.0,1,0,Occasional Customers,"
       Customer Profile:
- Orders: 2
- Active Months: 2
- Avg Order Value: 404.10
- Recency: 1
- Frequency: 1.0
- Cluster: 1
- Churn Risk: No"
17438.0,1,1,283.05,253,1.0,0,1,Dormant Customers,"
       Customer Profile:
- Orders: 1
- Active Months: 1
- Avg Order Value: 283.05
- Recency: 253
- Frequency: 1.0
- Cluster: 0
- Churn Risk: Yes"
17440.0,3,2,28.69,156,1.5,0,0,Dormant Customers,"
       Customer Profile:
- Orders: 3
- Active Months: 2
- Avg Order Value: 28.69
- Recency: 156
- Frequency: 1.5
- Cluster: 0
- Churn Risk: No"
17442.0,6,6,465.47,36,1.0,1,0,Occasional Customers,"
       Customer Profile:
- Orders: 6
- Active Months: 6
- Avg Order Value: 465.47
- Recency: 36
- Frequency: 1.0
- Cluster: 1
- Churn Risk: No"
17443.0,1,1,28.62,219,1.0,0,1,Dormant Customers,"
       Customer Profile:
- Orders: 1
- Active Months: 1
- Avg Order Value: 28.62
- Recency: 219
- Frequency: 1.0
- Cluster: 0
- Churn Risk: Yes"
17444.0,2,2,1015.93,151,1.0,1,0,Occasional Customers,"
       Customer Profile:
- Orders: 2
- Active Months: 2
- Avg Order Value: 1015.93
- Recency: 151
- Frequency: 1.0
- Cluster: 1
- Churn Risk: No"
17446.0,2,2,60.45,176,1.0,0,0,Dormant Customers,"
       Customer Profile:
- Orders: 2
- Active Months: 2
- Avg Order Value: 60.45
- Recency: 176
- Frequency: 1.0
- Cluster: 0
- Churn Risk: No"
17447.0,2,2,347.79,40,1.0,1,0,Occasional Customers,"
       Customer Profile:
- Orders: 2
- Active Months: 2
- Avg Order Value: 347.79
- Recency: 40
- Frequency: 1.0
- Cluster: 1
- Churn Risk: No"
17449.0,7,6,295.33,2,1.1666666666666667,1,0,Occasional Customers,"
       Customer Profile:
- Orders: 7
- Active Months: 6
- Avg Order Value: 295.33
- Recency: 2
- Frequency: 1.1666666666666667
- Cluster: 1
- Churn Risk: No"
17450.0,43,12,499.463488372093,8,3.0,2,0,Frequent Customers,"
       Customer Profile:
- Orders: 43
- Active Months: 12
- Avg Order Value: 499.46
- Recency: 8
- Frequency: 3.0
- Cluster: 2
- Churn Risk: No"
17451.0,7,5,449.03,1,1.4,1,0,Occasional Customers,"
       Customer Profile:
- Orders: 7
- Active Months: 5
- Avg Order Value: 449.03
- Recency: 1
- Frequency: 1.4
- Cluster: 1
- Churn Risk: No"
17453.0,2,2,228.735,17,1.0,1,0,Occasional Customers,"
       Customer Profile:
- Orders: 2
- Active Months: 2
- Avg Order Value: 228.74
- Recency: 17
- Frequency: 1.0
- Cluster: 1
- Churn Risk: No"
17454.0,4,4,146.0325,192,1.0,0,1,Dormant Customers,"
       Customer Profile:
- Orders: 4
- Active Months: 4
- Avg Order Value: 146.03
- Recency: 192
- Frequency: 1.0
- Cluster: 0
- Churn Risk: Yes"
17455.0,1,1,111.8,203,1.0,0,1,Dormant Customers,"
       Customer Profile:
- Orders: 1
- Active Months: 1
- Avg Order Value: 111.80
- Recency: 203
- Frequency: 1.0
- Cluster: 0
- Churn Risk: Yes"
17456.0,1,1,242.3,365,1.0,0,1,Dormant Customers,"
       Customer Profile:
- Orders: 1
- Active Months: 1
- Avg Order Value: 242.30
- Recency: 365
- Frequency: 1.0
- Cluster: 0
- Churn Risk: Yes"
17457.0,5,5,221.666,126,1.0,1,0,Occasional Customers,"
       Customer Profile:
- Orders: 5
- Active Months: 5
- Avg Order Value: 221.67
- Recency: 126
- Frequency: 1.0
- Cluster: 1
- Churn Risk: No"
17458.0,1,1,300.40000000000003,15,1.0,1,0,Occasional Customers,"
       Customer Profile:
- Orders: 1
- Active Months: 1
- Avg Order Value: 300.40
- Recency: 15
- Frequency: 1.0
- Cluster: 1
- Churn Risk: No"
17459.0,2,1,523.995,43,2.0,1,0,Occasional Customers,"
       Customer Profile:
- Orders: 2
- Active Months: 1
- Avg Order Value: 524.00
- Recency: 43
- Frequency: 2.0
- Cluster: 1
- Churn Risk: No"
17460.0,5,5,106.816,94,1.0,1,0,Occasional Customers,"
       Customer Profile:
- Orders: 5
- Active Months: 5
- Avg Order Value: 106.82
- Recency: 94
- Frequency: 1.0
- Cluster: 1
- Churn Risk: No"
17461.0,3,1,212.91333333333333,22,3.0,2,0,Frequent Customers,"
       Customer Profile:
- Orders: 3
- Active Months: 1
- Avg Order Value: 212.91
- Recency: 22
- Frequency: 3.0
- Cluster: 2
- Churn Risk: No"
17462.0,2,2,455.25,60,1.0,1,0,Occasional Customers,"
       Customer Profile:
- Orders: 2
- Active Months: 2
- Avg Order Value: 455.25
- Recency: 60
- Frequency: 1.0
- Cluster: 1
- Churn Risk: No"
17463.0,5,5,450.494,16,1.0,1,0,Occasional Customers,"
       Customer Profile:
- Orders: 5
- Active Months: 5
- Avg Order Value: 450.49
- Recency: 16
- Frequency: 1.0
- Cluster: 1
- Churn Risk: No"
17464.0,1,1,512.0600000000001,158,1.0,0,0,Dormant Customers,"
       Customer Profile:
- Orders: 1
- Active Months: 1
- Avg Order Value: 512.06
- Recency: 158
- Frequency: 1.0
- Cluster: 0
- Churn Risk: No"
17466.0,2,2,258.44000000000005,10,1.0,1,0,Occasional Customers,"
       Customer Profile:
- Orders: 2
- Active Months: 2
- Avg Order Value: 258.44
- Recency: 10
- Frequency: 1.0
- Cluster: 1
- Churn Risk: No"
17468.0,2,1,68.5,10,2.0,1,0,Occasional Customers,"
       Customer Profile:
- Orders: 2
- Active Months: 1
- Avg Order Value: 68.50
- Recency: 10
- Frequency: 2.0
- Cluster: 1
- Churn Risk: No"
17469.0,5,5,419.376,16,1.0,1,0,Occasional Customers,"
       Customer Profile:
- Orders: 5
- Active Months: 5
- Avg Order Value: 419.38
- Recency: 16
- Frequency: 1.0
- Cluster: 1
- Churn Risk: No"
17470.0,5,5,183.224,44,1.0,1,0,Occasional Customers,"
       Customer Profile:
- Orders: 5
- Active Months: 5
- Avg Order Value: 183.22
- Recency: 44
- Frequency: 1.0
- Cluster: 1
- Churn Risk: No"
17472.0,3,2,301.6166666666667,191,1.5,0,1,Dormant Customers,"
       Customer Profile:
- Orders: 3
- Active Months: 2
- Avg Order Value: 301.62
- Recency: 191
- Frequency: 1.5
- Cluster: 0
- Churn Risk: Yes"
17475.0,1,1,194.37,79,1.0,1,0,Occasional Customers,"
       Customer Profile:
- Orders: 1
- Active Months: 1
- Avg Order Value: 194.37
- Recency: 79
- Frequency: 1.0
- Cluster: 1
- Churn Risk: No"
17480.0,1,1,511.82,77,1.0,1,0,Occasional Customers,"
       Customer Profile:
- Orders: 1
- Active Months: 1
- Avg Order Value: 511.82
- Recency: 77
- Frequency: 1.0
- Cluster: 1
- Churn Risk: No"
17481.0,4,3,319.67,3,1.3333333333333333,1,0,Occasional Customers,"
       Customer Profile:
- Orders: 4
- Active Months: 3
- Avg Order Value: 319.67
- Recency: 3
- Frequency: 1.3333333333333333
- Cluster: 1
- Churn Risk: No"
17483.0,3,3,127.21333333333332,65,1.0,1,0,Occasional Customers,"
       Customer Profile:
- Orders: 3
- Active Months: 3
- Avg Order Value: 127.21
- Recency: 65
- Frequency: 1.0
- Cluster: 1
- Churn Risk: No"
17486.0,1,1,376.97,261,1.0,0,1,Dormant Customers,"
       Customer Profile:
- Orders: 1
- Active Months: 1
- Avg Order Value: 376.97
- Recency: 261
- Frequency: 1.0
- Cluster: 0
- Churn Risk: Yes"
17489.0,2,2,350.73,58,1.0,1,0,Occasional Customers,"
       Customer Profile:
- Orders: 2
- Active Months: 2
- Avg Order Value: 350.73
- Recency: 58
- Frequency: 1.0
- Cluster: 1
- Churn Risk: No"
17490.0,7,4,203.3428571428572,1,1.75,1,0,Occasional Customers,"
       Customer Profile:
- Orders: 7
- Active Months: 4
- Avg Order Value: 203.34
- Recency: 1
- Frequency: 1.75
- Cluster: 1
- Churn Risk: No"
17491.0,10,8,477.882,1,1.25,2,0,Frequent Customers,"
       Customer Profile:
- Orders: 10
- Active Months: 8
- Avg Order Value: 477.88
- Recency: 1
- Frequency: 1.25
- Cluster: 2
- Churn Risk: No"
17492.0,1,1,288.62,248,1.0,0,1,Dormant Customers,"
       Customer Profile:
- Orders: 1
- Active Months: 1
- Avg Order Value: 288.62
- Recency: 248
- Frequency: 1.0
- Cluster: 0
- Churn Risk: Yes"
17495.0,2,2,1463.935,7,1.0,1,0,Occasional Customers,"
       Customer Profile:
- Orders: 2
- Active Months: 2
- Avg Order Value: 1463.93
- Recency: 7
- Frequency: 1.0
- Cluster: 1
- Churn Risk: No"
17496.0,1,1,251.1,358,1.0,0,1,Dormant Customers,"
       Customer Profile:
- Orders: 1
- Active Months: 1
- Avg Order Value: 251.10
- Recency: 358
- Frequency: 1.0
- Cluster: 0
- Churn Risk: Yes"
17498.0,1,1,492.0,75,1.0,1,0,Occasional Customers,"
       Customer Profile:
- Orders: 1
- Active Months: 1
- Avg Order Value: 492.00
- Recency: 75
- Frequency: 1.0
- Cluster: 1
- Churn Risk: No"
17499.0,1,1,519.5,289,1.0,0,1,Dormant Customers,"
       Customer Profile:
- Orders: 1
- Active Months: 1
- Avg Order Value: 519.50
- Recency: 289
- Frequency: 1.0
- Cluster: 0
- Churn Risk: Yes"
17501.0,2,1,389.025,220,2.0,0,1,Dormant Customers,"
       Customer Profile:
- Orders: 2
- Active Months: 1
- Avg Order Value: 389.02
- Recency: 220
- Frequency: 2.0
- Cluster: 0
- Churn Risk: Yes"
17502.0,4,1,228.035,9,3.0,2,0,Frequent Customers,"
       Customer Profile:
- Orders: 4
- Active Months: 1
- Avg Order Value: 228.03
- Recency: 9
- Frequency: 3.0
- Cluster: 2
- Churn Risk: No"
17503.0,2,2,1460.755,2,1.0,1,0,Occasional Customers,"
       Customer Profile:
- Orders: 2
- Active Months: 2
- Avg Order Value: 1460.76
- Recency: 2
- Frequency: 1.0
- Cluster: 1
- Churn Risk: No"
17504.0,9,4,274.93333333333334,206,2.25,2,1,Frequent Customers,"
       Customer Profile:
- Orders: 9
- Active Months: 4
- Avg Order Value: 274.93
- Recency: 206
- Frequency: 2.25
- Cluster: 2
- Churn Risk: Yes"
17505.0,2,2,503.47,161,1.0,0,0,Dormant Customers,"
       Customer Profile:
- Orders: 2
- Active Months: 2
- Avg Order Value: 503.47
- Recency: 161
- Frequency: 1.0
- Cluster: 0
- Churn Risk: No"
17506.0,1,1,604.4,75,1.0,1,0,Occasional Customers,"
       Customer Profile:
- Orders: 1
- Active Months: 1
- Avg Order Value: 604.40
- Recency: 75
- Frequency: 1.0
- Cluster: 1
- Churn Risk: No"
17507.0,2,2,287.365,261,1.0,0,1,Dormant Customers,"
       Customer Profile:
- Orders: 2
- Active Months: 2
- Avg Order Value: 287.37
- Recency: 261
- Frequency: 1.0
- Cluster: 0
- Churn Risk: Yes"
17508.0,1,1,387.31,280,1.0,0,1,Dormant Customers,"
       Customer Profile:
- Orders: 1
- Active Months: 1
- Avg Order Value: 387.31
- Recency: 280
- Frequency: 1.0
- Cluster: 0
- Churn Risk: Yes"
17509.0,8,1,984.99,57,3.0,2,0,Frequent Customers,"
       Customer Profile:
- Orders: 8
- Active Months: 1
- Avg Order Value: 984.99
- Recency: 57
- Frequency: 3.0
- Cluster: 2
- Churn Risk: No"
17510.0,1,1,282.98,24,1.0,1,0,Occasional Customers,"
       Customer Profile:
- Orders: 1
- Active Months: 1
- Avg Order Value: 282.98
- Recency: 24
- Frequency: 1.0
- Cluster: 1
- Churn Risk: No"
17511.0,31,13,1213.7612903225806,2,2.3846153846153846,2,0,Frequent Customers,"
       Customer Profile:
- Orders: 31
- Active Months: 13
- Avg Order Value: 1213.76
- Recency: 2
- Frequency: 2.3846153846153846
- Cluster: 2
- Churn Risk: No"
17512.0,10,7,251.288,28,1.4285714285714286,2,0,Frequent Customers,"
       Customer Profile:
- Orders: 10
- Active Months: 7
- Avg Order Value: 251.29
- Recency: 28
- Frequency: 1.4285714285714286
- Cluster: 2
- Churn Risk: No"
17513.0,1,1,319.68,72,1.0,1,0,Occasional Customers,"
       Customer Profile:
- Orders: 1
- Active Months: 1
- Avg Order Value: 319.68
- Recency: 72
- Frequency: 1.0
- Cluster: 1
- Churn Risk: No"
17514.0,1,1,200.15,128,1.0,0,0,Dormant Customers,"
       Customer Profile:
- Orders: 1
- Active Months: 1
- Avg Order Value: 200.15
- Recency: 128
- Frequency: 1.0
- Cluster: 0
- Churn Risk: No"
17515.0,4,4,100.7925,31,1.0,1,0,Occasional Customers,"
       Customer Profile:
- Orders: 4
- Active Months: 4
- Avg Order Value: 100.79
- Recency: 31
- Frequency: 1.0
- Cluster: 1
- Churn Risk: No"
17516.0,5,4,190.294,15,1.25,1,0,Occasional Customers,"
       Customer Profile:
- Orders: 5
- Active Months: 4
- Avg Order Value: 190.29
- Recency: 15
- Frequency: 1.25
- Cluster: 1
- Churn Risk: No"
17517.0,1,1,128.44,308,1.0,0,1,Dormant Customers,"
       Customer Profile:
- Orders: 1
- Active Months: 1
- Avg Order Value: 128.44
- Recency: 308
- Frequency: 1.0
- Cluster: 0
- Churn Risk: Yes"
17519.0,6,6,320.59,17,1.0,1,0,Occasional Customers,"
       Customer Profile:
- Orders: 6
- Active Months: 6
- Avg Order Value: 320.59
- Recency: 17
- Frequency: 1.0
- Cluster: 1
- Churn Risk: No"
17520.0,1,1,449.12,53,1.0,1,0,Occasional Customers,"
       Customer Profile:
- Orders: 1
- Active Months: 1
- Avg Order Value: 449.12
- Recency: 53
- Frequency: 1.0
- Cluster: 1
- Churn Risk: No"
17521.0,3,3,231.70666666666668,29,1.0,1,0,Occasional Customers,"
       Customer Profile:
- Orders: 3
- Active Months: 3
- Avg Order Value: 231.71
- Recency: 29
- Frequency: 1.0
- Cluster: 1
- Churn Risk: No"
17522.0,5,4,311.878,1,1.25,1,0,Occasional Customers,"
       Customer Profile:
- Orders: 5
- Active Months: 4
- Avg Order Value: 311.88
- Recency: 1
- Frequency: 1.25
- Cluster: 1
- Churn Risk: No"
17523.0,4,1,198.855,11,3.0,2,0,Frequent Customers,"
       Customer Profile:
- Orders: 4
- Active Months: 1
- Avg Order Value: 198.85
- Recency: 11
- Frequency: 3.0
- Cluster: 2
- Churn Risk: No"
17524.0,1,1,145.0,361,1.0,0,1,Dormant Customers,"
       Customer Profile:
- Orders: 1
- Active Months: 1
- Avg Order Value: 145.00
- Recency: 361
- Frequency: 1.0
- Cluster: 0
- Churn Risk: Yes"
17525.0,1,1,295.5,359,1.0,0,1,Dormant Customers,"
       Customer Profile:
- Orders: 1
- Active Months: 1
- Avg Order Value: 295.50
- Recency: 359
- Frequency: 1.0
- Cluster: 0
- Churn Risk: Yes"
17526.0,4,3,75.5875,4,1.3333333333333333,1,0,Occasional Customers,"
       Customer Profile:
- Orders: 4
- Active Months: 3
- Avg Order Value: 75.59
- Recency: 4
- Frequency: 1.3333333333333333
- Cluster: 1
- Churn Risk: No"
17527.0,4,4,166.85500000000002,53,1.0,1,0,Occasional Customers,"
       Customer Profile:
- Orders: 4
- Active Months: 4
- Avg Order Value: 166.86
- Recency: 53
- Frequency: 1.0
- Cluster: 1
- Churn Risk: No"
17528.0,8,4,541.79875,1,2.0,2,0,Frequent Customers,"
       Customer Profile:
- Orders: 8
- Active Months: 4
- Avg Order Value: 541.80
- Recency: 1
- Frequency: 2.0
- Cluster: 2
- Churn Risk: No"
17530.0,10,8,315.01300000000003,1,1.25,2,0,Frequent Customers,"
       Customer Profile:
- Orders: 10
- Active Months: 8
- Avg Order Value: 315.01
- Recency: 1
- Frequency: 1.25
- Cluster: 2
- Churn Risk: No"
17531.0,1,1,2319.418999999997,190,1.0,1,1,Occasional Customers,"
       Customer Profile:
- Orders: 1
- Active Months: 1
- Avg Order Value: 2319.42
- Recency: 190
- Frequency: 1.0
- Cluster: 1
- Churn Risk: Yes"
17534.0,1,1,223.36,53,1.0,1,0,Occasional Customers,"
       Customer Profile:
- Orders: 1
- Active Months: 1
- Avg Order Value: 223.36
- Recency: 53
- Frequency: 1.0
- Cluster: 1
- Churn Risk: No"
17535.0,1,1,164.4,280,1.0,0,1,Dormant Customers,"
       Customer Profile:
- Orders: 1
- Active Months: 1
- Avg Order Value: 164.40
- Recency: 280
- Frequency: 1.0
- Cluster: 0
- Churn Risk: Yes"
17537.0,2,2,420.71,29,1.0,1,0,Occasional Customers,"
       Customer Profile:
- Orders: 2
- Active Months: 2
- Avg Order Value: 420.71
- Recency: 29
- Frequency: 1.0
- Cluster: 1
- Churn Risk: No"
17538.0,1,1,95.9,25,1.0,1,0,Occasional Customers,"
       Customer Profile:
- Orders: 1
- Active Months: 1
- Avg Order Value: 95.90
- Recency: 25
- Frequency: 1.0
- Cluster: 1
- Churn Risk: No"
17540.0,2,2,272.45000000000005,24,1.0,1,0,Occasional Customers,"
       Customer Profile:
- Orders: 2
- Active Months: 2
- Avg Order Value: 272.45
- Recency: 24
- Frequency: 1.0
- Cluster: 1
- Churn Risk: No"
17542.0,1,1,141.55,269,1.0,0,1,Dormant Customers,"
       Customer Profile:
- Orders: 1
- Active Months: 1
- Avg Order Value: 141.55
- Recency: 269
- Frequency: 1.0
- Cluster: 0
- Churn Risk: Yes"
17545.0,3,1,140.0666666666667,43,3.0,2,0,Frequent Customers,"
       Customer Profile:
- Orders: 3
- Active Months: 1
- Avg Order Value: 140.07
- Recency: 43
- Frequency: 3.0
- Cluster: 2
- Churn Risk: No"
17548.0,1,1,103.3,233,1.0,0,1,Dormant Customers,"
       Customer Profile:
- Orders: 1
- Active Months: 1
- Avg Order Value: 103.30
- Recency: 233
- Frequency: 1.0
- Cluster: 0
- Churn Risk: Yes"
17549.0,2,2,29.415,23,1.0,1,0,Occasional Customers,"
       Customer Profile:
- Orders: 2
- Active Months: 2
- Avg Order Value: 29.41
- Recency: 23
- Frequency: 1.0
- Cluster: 1
- Churn Risk: No"
17550.0,3,2,115.22666666666667,197,1.5,0,1,Dormant Customers,"
       Customer Profile:
- Orders: 3
- Active Months: 2
- Avg Order Value: 115.23
- Recency: 197
- Frequency: 1.5
- Cluster: 0
- Churn Risk: Yes"
17551.0,1,1,281.84,359,1.0,0,1,Dormant Customers,"
       Customer Profile:
- Orders: 1
- Active Months: 1
- Avg Order Value: 281.84
- Recency: 359
- Frequency: 1.0
- Cluster: 0
- Churn Risk: Yes"
17552.0,4,3,231.37,60,1.3333333333333333,1,0,Occasional Customers,"
       Customer Profile:
- Orders: 4
- Active Months: 3
- Avg Order Value: 231.37
- Recency: 60
- Frequency: 1.3333333333333333
- Cluster: 1
- Churn Risk: No"
17553.0,1,1,167.4,129,1.0,0,0,Dormant Customers,"
       Customer Profile:
- Orders: 1
- Active Months: 1
- Avg Order Value: 167.40
- Recency: 129
- Frequency: 1.0
- Cluster: 0
- Churn Risk: No"
17554.0,5,5,526.006,1,1.0,1,0,Occasional Customers,"
       Customer Profile:
- Orders: 5
- Active Months: 5
- Avg Order Value: 526.01
- Recency: 1
- Frequency: 1.0
- Cluster: 1
- Churn Risk: No"
17555.0,2,2,756.6700000000001,19,1.0,1,0,Occasional Customers,"
       Customer Profile:
- Orders: 2
- Active Months: 2
- Avg Order Value: 756.67
- Recency: 19
- Frequency: 1.0
- Cluster: 1
- Churn Risk: No"
17556.0,1,1,101.7,205,1.0,0,1,Dormant Customers,"
       Customer Profile:
- Orders: 1
- Active Months: 1
- Avg Order Value: 101.70
- Recency: 205
- Frequency: 1.0
- Cluster: 0
- Churn Risk: Yes"
17557.0,3,3,175.00333333333333,14,1.0,1,0,Occasional Customers,"
       Customer Profile:
- Orders: 3
- Active Months: 3
- Avg Order Value: 175.00
- Recency: 14
- Frequency: 1.0
- Cluster: 1
- Churn Risk: No"
17560.0,4,4,147.9175,94,1.0,1,0,Occasional Customers,"
       Customer Profile:
- Orders: 4
- Active Months: 4
- Avg Order Value: 147.92
- Recency: 94
- Frequency: 1.0
- Cluster: 1
- Churn Risk: No"
17561.0,1,1,595.36,19,1.0,1,0,Occasional Customers,"
       Customer Profile:
- Orders: 1
- Active Months: 1
- Avg Order Value: 595.36
- Recency: 19
- Frequency: 1.0
- Cluster: 1
- Churn Risk: No"
17562.0,7,6,198.4028571428572,14,1.1666666666666667,1,0,Occasional Customers,"
       Customer Profile:
- Orders: 7
- Active Months: 6
- Avg Order Value: 198.40
- Recency: 14
- Frequency: 1.1666666666666667
- Cluster: 1
- Churn Risk: No"
17564.0,3,3,136.45333333333335,24,1.0,1,0,Occasional Customers,"
       Customer Profile:
- Orders: 3
- Active Months: 3
- Avg Order Value: 136.45
- Recency: 24
- Frequency: 1.0
- Cluster: 1
- Churn Risk: No"
17566.0,2,2,386.935,8,1.0,1,0,Occasional Customers,"
       Customer Profile:
- Orders: 2
- Active Months: 2
- Avg Order Value: 386.94
- Recency: 8
- Frequency: 1.0
- Cluster: 1
- Churn Risk: No"
17567.0,8,8,410.80125,7,1.0,1,0,Occasional Customers,"
       Customer Profile:
- Orders: 8
- Active Months: 8
- Avg Order Value: 410.80
- Recency: 7
- Frequency: 1.0
- Cluster: 1
- Churn Risk: No"
17569.0,1,1,253.94,332,1.0,0,1,Dormant Customers,"
       Customer Profile:
- Orders: 1
- Active Months: 1
- Avg Order Value: 253.94
- Recency: 332
- Frequency: 1.0
- Cluster: 0
- Churn Risk: Yes"
17571.0,4,4,321.67,50,1.0,1,0,Occasional Customers,"
       Customer Profile:
- Orders: 4
- Active Months: 4
- Avg Order Value: 321.67
- Recency: 50
- Frequency: 1.0
- Cluster: 1
- Churn Risk: No"
17572.0,4,3,51.712500000000006,71,1.3333333333333333,1,0,Occasional Customers,"
       Customer Profile:
- Orders: 4
- Active Months: 3
- Avg Order Value: 51.71
- Recency: 71
- Frequency: 1.3333333333333333
- Cluster: 1
- Churn Risk: No"
17573.0,3,2,120.42666666666666,29,1.5,1,0,Occasional Customers,"
       Customer Profile:
- Orders: 3
- Active Months: 2
- Avg Order Value: 120.43
- Recency: 29
- Frequency: 1.5
- Cluster: 1
- Churn Risk: No"
17574.0,1,1,155.8,242,1.0,0,1,Dormant Customers,"
       Customer Profile:
- Orders: 1
- Active Months: 1
- Avg Order Value: 155.80
- Recency: 242
- Frequency: 1.0
- Cluster: 0
- Churn Risk: Yes"
17576.0,19,13,218.51315789473685,8,1.4615384615384617,2,0,Frequent Customers,"
       Customer Profile:
- Orders: 19
- Active Months: 13
- Avg Order Value: 218.51
- Recency: 8
- Frequency: 1.4615384615384617
- Cluster: 2
- Churn Risk: No"
17578.0,1,1,128.16,218,1.0,0,1,Dormant Customers,"
       Customer Profile:
- Orders: 1
- Active Months: 1
- Avg Order Value: 128.16
- Recency: 218
- Frequency: 1.0
- Cluster: 0
- Churn Risk: Yes"
17579.0,3,3,546.9766666666667,4,1.0,1,0,Occasional Customers,"
       Customer Profile:
- Orders: 3
- Active Months: 3
- Avg Order Value: 546.98
- Recency: 4
- Frequency: 1.0
- Cluster: 1
- Churn Risk: No"
17580.0,2,2,80.035,312,1.0,0,1,Dormant Customers,"
       Customer Profile:
- Orders: 2
- Active Months: 2
- Avg Order Value: 80.03
- Recency: 312
- Frequency: 1.0
- Cluster: 0
- Churn Risk: Yes"
17581.0,24,10,470.01208333333335,1,2.4,2,0,Frequent Customers,"
       Customer Profile:
- Orders: 24
- Active Months: 10
- Avg Order Value: 470.01
- Recency: 1
- Frequency: 2.4
- Cluster: 2
- Churn Risk: No"
17582.0,1,1,399.36,236,1.0,0,1,Dormant Customers,"
       Customer Profile:
- Orders: 1
- Active Months: 1
- Avg Order Value: 399.36
- Recency: 236
- Frequency: 1.0
- Cluster: 0
- Churn Risk: Yes"
17584.0,2,2,496.325,7,1.0,1,0,Occasional Customers,"
       Customer Profile:
- Orders: 2
- Active Months: 2
- Avg Order Value: 496.32
- Recency: 7
- Frequency: 1.0
- Cluster: 1
- Churn Risk: No"
17585.0,4,4,314.2475,109,1.0,1,0,Occasional Customers,"
       Customer Profile:
- Orders: 4
- Active Months: 4
- Avg Order Value: 314.25
- Recency: 109
- Frequency: 1.0
- Cluster: 1
- Churn Risk: No"
17588.0,3,3,616.13,100,1.0,1,0,Occasional Customers,"
       Customer Profile:
- Orders: 3
- Active Months: 3
- Avg Order Value: 616.13
- Recency: 100
- Frequency: 1.0
- Cluster: 1
- Churn Risk: No"
17589.0,4,4,971.8925,60,1.0,1,0,Occasional Customers,"
       Customer Profile:
- Orders: 4
- Active Months: 4
- Avg Order Value: 971.89
- Recency: 60
- Frequency: 1.0
- Cluster: 1
- Churn Risk: No"
17590.0,3,3,509.5633333333333,2,1.0,1,0,Occasional Customers,"
       Customer Profile:
- Orders: 3
- Active Months: 3
- Avg Order Value: 509.56
- Recency: 2
- Frequency: 1.0
- Cluster: 1
- Churn Risk: No"
17591.0,7,7,316.06428571428575,73,1.0,1,0,Occasional Customers,"
       Customer Profile:
- Orders: 7
- Active Months: 7
- Avg Order Value: 316.06
- Recency: 73
- Frequency: 1.0
- Cluster: 1
- Churn Risk: No"
17593.0,5,5,958.946,3,1.0,1,0,Occasional Customers,"
       Customer Profile:
- Orders: 5
- Active Months: 5
- Avg Order Value: 958.95
- Recency: 3
- Frequency: 1.0
- Cluster: 1
- Churn Risk: No"
17594.0,2,2,496.59,85,1.0,1,0,Occasional Customers,"
       Customer Profile:
- Orders: 2
- Active Months: 2
- Avg Order Value: 496.59
- Recency: 85
- Frequency: 1.0
- Cluster: 1
- Churn Risk: No"
17595.0,2,1,250.365,12,2.0,1,0,Occasional Customers,"
       Customer Profile:
- Orders: 2
- Active Months: 1
- Avg Order Value: 250.37
- Recency: 12
- Frequency: 2.0
- Cluster: 1
- Churn Risk: No"
17596.0,7,6,303.44571428571425,23,1.1666666666666667,1,0,Occasional Customers,"
       Customer Profile:
- Orders: 7
- Active Months: 6
- Avg Order Value: 303.45
- Recency: 23
- Frequency: 1.1666666666666667
- Cluster: 1
- Churn Risk: No"
17597.0,1,1,1449.6,213,1.0,0,1,Dormant Customers,"
       Customer Profile:
- Orders: 1
- Active Months: 1
- Avg Order Value: 1449.60
- Recency: 213
- Frequency: 1.0
- Cluster: 0
- Churn Risk: Yes"
17600.0,1,1,126.21,17,1.0,1,0,Occasional Customers,"
       Customer Profile:
- Orders: 1
- Active Months: 1
- Avg Order Value: 126.21
- Recency: 17
- Frequency: 1.0
- Cluster: 1
- Churn Risk: No"
17601.0,1,1,114.12,239,1.0,0,1,Dormant Customers,"
       Customer Profile:
- Orders: 1
- Active Months: 1
- Avg Order Value: 114.12
- Recency: 239
- Frequency: 1.0
- Cluster: 0
- Churn Risk: Yes"
17602.0,6,6,793.8699999999999,2,1.0,1,0,Occasional Customers,"
       Customer Profile:
- Orders: 6
- Active Months: 6
- Avg Order Value: 793.87
- Recency: 2
- Frequency: 1.0
- Cluster: 1
- Churn Risk: No"
17603.0,1,1,144.72,78,1.0,1,0,Occasional Customers,"
       Customer Profile:
- Orders: 1
- Active Months: 1
- Avg Order Value: 144.72
- Recency: 78
- Frequency: 1.0
- Cluster: 1
- Churn Risk: No"
17604.0,2,2,136.925,217,1.0,0,1,Dormant Customers,"
       Customer Profile:
- Orders: 2
- Active Months: 2
- Avg Order Value: 136.93
- Recency: 217
- Frequency: 1.0
- Cluster: 0
- Churn Risk: Yes"
17608.0,2,1,191.99,33,2.0,1,0,Occasional Customers,"
       Customer Profile:
- Orders: 2
- Active Months: 1
- Avg Order Value: 191.99
- Recency: 33
- Frequency: 2.0
- Cluster: 1
- Churn Risk: No"
17609.0,5,4,328.998,40,1.25,1,0,Occasional Customers,"
       Customer Profile:
- Orders: 5
- Active Months: 4
- Avg Order Value: 329.00
- Recency: 40
- Frequency: 1.25
- Cluster: 1
- Churn Risk: No"
17611.0,15,12,327.14000000000004,7,1.25,2,0,Frequent Customers,"
       Customer Profile:
- Orders: 15
- Active Months: 12
- Avg Order Value: 327.14
- Recency: 7
- Frequency: 1.25
- Cluster: 2
- Churn Risk: No"
17612.0,6,6,368.3633333333333,53,1.0,1,0,Occasional Customers,"
       Customer Profile:
- Orders: 6
- Active Months: 6
- Avg Order Value: 368.36
- Recency: 53
- Frequency: 1.0
- Cluster: 1
- Churn Risk: No"
17613.0,14,9,404.655,22,1.5555555555555556,2,0,Frequent Customers,"
       Customer Profile:
- Orders: 14
- Active Months: 9
- Avg Order Value: 404.65
- Recency: 22
- Frequency: 1.5555555555555556
- Cluster: 2
- Churn Risk: No"
17614.0,1,1,339.22,57,1.0,1,0,Occasional Customers,"
       Customer Profile:
- Orders: 1
- Active Months: 1
- Avg Order Value: 339.22
- Recency: 57
- Frequency: 1.0
- Cluster: 1
- Churn Risk: No"
17615.0,3,2,854.7333333333332,130,1.5,1,0,Occasional Customers,"
       Customer Profile:
- Orders: 3
- Active Months: 2
- Avg Order Value: 854.73
- Recency: 130
- Frequency: 1.5
- Cluster: 1
- Churn Risk: No"
17616.0,3,3,91.8,173,1.0,0,0,Dormant Customers,"
       Customer Profile:
- Orders: 3
- Active Months: 3
- Avg Order Value: 91.80
- Recency: 173
- Frequency: 1.0
- Cluster: 0
- Churn Risk: No"
17618.0,3,3,337.8533333333333,5,1.0,1,0,Occasional Customers,"
       Customer Profile:
- Orders: 3
- Active Months: 3
- Avg Order Value: 337.85
- Recency: 5
- Frequency: 1.0
- Cluster: 1
- Churn Risk: No"
17619.0,1,1,198.47,312,1.0,0,1,Dormant Customers,"
       Customer Profile:
- Orders: 1
- Active Months: 1
- Avg Order Value: 198.47
- Recency: 312
- Frequency: 1.0
- Cluster: 0
- Churn Risk: Yes"
17620.0,1,1,47.44,59,1.0,1,0,Occasional Customers,"
       Customer Profile:
- Orders: 1
- Active Months: 1
- Avg Order Value: 47.44
- Recency: 59
- Frequency: 1.0
- Cluster: 1
- Churn Risk: No"
17621.0,3,3,368.6666666666667,21,1.0,1,0,Occasional Customers,"
       Customer Profile:
- Orders: 3
- Active Months: 3
- Avg Order Value: 368.67
- Recency: 21
- Frequency: 1.0
- Cluster: 1
- Churn Risk: No"
17623.0,1,1,910.9,32,1.0,1,0,Occasional Customers,"
       Customer Profile:
- Orders: 1
- Active Months: 1
- Avg Order Value: 910.90
- Recency: 32
- Frequency: 1.0
- Cluster: 1
- Churn Risk: No"
17624.0,2,2,373.715,14,1.0,1,0,Occasional Customers,"
       Customer Profile:
- Orders: 2
- Active Months: 2
- Avg Order Value: 373.71
- Recency: 14
- Frequency: 1.0
- Cluster: 1
- Churn Risk: No"
17625.0,4,4,600.845,18,1.0,1,0,Occasional Customers,"
       Customer Profile:
- Orders: 4
- Active Months: 4
- Avg Order Value: 600.85
- Recency: 18
- Frequency: 1.0
- Cluster: 1
- Churn Risk: No"
17628.0,1,1,75.75,81,1.0,1,0,Occasional Customers,"
       Customer Profile:
- Orders: 1
- Active Months: 1
- Avg Order Value: 75.75
- Recency: 81
- Frequency: 1.0
- Cluster: 1
- Churn Risk: No"
17629.0,8,8,285.13375,5,1.0,1,0,Occasional Customers,"
       Customer Profile:
- Orders: 8
- Active Months: 8
- Avg Order Value: 285.13
- Recency: 5
- Frequency: 1.0
- Cluster: 1
- Churn Risk: No"
17630.0,2,2,548.5,169,1.0,0,0,Dormant Customers,"
       Customer Profile:
- Orders: 2
- Active Months: 2
- Avg Order Value: 548.50
- Recency: 169
- Frequency: 1.0
- Cluster: 0
- Churn Risk: No"
17631.0,3,3,635.4733333333334,1,1.0,1,0,Occasional Customers,"
       Customer Profile:
- Orders: 3
- Active Months: 3
- Avg Order Value: 635.47
- Recency: 1
- Frequency: 1.0
- Cluster: 1
- Churn Risk: No"
17633.0,4,3,385.79,31,1.3333333333333333,1,0,Occasional Customers,"
       Customer Profile:
- Orders: 4
- Active Months: 3
- Avg Order Value: 385.79
- Recency: 31
- Frequency: 1.3333333333333333
- Cluster: 1
- Churn Risk: No"
17634.0,9,8,516.6988888888889,36,1.125,1,0,Occasional Customers,"
       Customer Profile:
- Orders: 9
- Active Months: 8
- Avg Order Value: 516.70
- Recency: 36
- Frequency: 1.125
- Cluster: 1
- Churn Risk: No"
17636.0,1,1,1142.24,19,1.0,1,0,Occasional Customers,"
       Customer Profile:
- Orders: 1
- Active Months: 1
- Avg Order Value: 1142.24
- Recency: 19
- Frequency: 1.0
- Cluster: 1
- Churn Risk: No"
17637.0,2,2,232.255,31,1.0,1,0,Occasional Customers,"
       Customer Profile:
- Orders: 2
- Active Months: 2
- Avg Order Value: 232.25
- Recency: 31
- Frequency: 1.0
- Cluster: 1
- Churn Risk: No"
17639.0,1,1,240.8,276,1.0,0,1,Dormant Customers,"
       Customer Profile:
- Orders: 1
- Active Months: 1
- Avg Order Value: 240.80
- Recency: 276
- Frequency: 1.0
- Cluster: 0
- Churn Risk: Yes"
17640.0,1,1,312.21,86,1.0,1,0,Occasional Customers,"
       Customer Profile:
- Orders: 1
- Active Months: 1
- Avg Order Value: 312.21
- Recency: 86
- Frequency: 1.0
- Cluster: 1
- Churn Risk: No"
17642.0,2,2,334.62,119,1.0,1,0,Occasional Customers,"
       Customer Profile:
- Orders: 2
- Active Months: 2
- Avg Order Value: 334.62
- Recency: 119
- Frequency: 1.0
- Cluster: 1
- Churn Risk: No"
17643.0,1,1,58.8,368,1.0,0,1,Dormant Customers,"
       Customer Profile:
- Orders: 1
- Active Months: 1
- Avg Order Value: 58.80
- Recency: 368
- Frequency: 1.0
- Cluster: 0
- Churn Risk: Yes"
17644.0,11,8,316.2490909090909,1,1.375,2,0,Frequent Customers,"
       Customer Profile:
- Orders: 11
- Active Months: 8
- Avg Order Value: 316.25
- Recency: 1
- Frequency: 1.375
- Cluster: 2
- Churn Risk: No"
17646.0,3,3,270.2633333333333,219,1.0,0,1,Dormant Customers,"
       Customer Profile:
- Orders: 3
- Active Months: 3
- Avg Order Value: 270.26
- Recency: 219
- Frequency: 1.0
- Cluster: 0
- Churn Risk: Yes"
17647.0,1,1,82.11,65,1.0,1,0,Occasional Customers,"
       Customer Profile:
- Orders: 1
- Active Months: 1
- Avg Order Value: 82.11
- Recency: 65
- Frequency: 1.0
- Cluster: 1
- Churn Risk: No"
17648.0,3,3,699.2733333333332,60,1.0,1,0,Occasional Customers,"
       Customer Profile:
- Orders: 3
- Active Months: 3
- Avg Order Value: 699.27
- Recency: 60
- Frequency: 1.0
- Cluster: 1
- Churn Risk: No"
17649.0,1,1,1562.98,138,1.0,1,0,Occasional Customers,"
       Customer Profile:
- Orders: 1
- Active Months: 1
- Avg Order Value: 1562.98
- Recency: 138
- Frequency: 1.0
- Cluster: 1
- Churn Risk: No"
17650.0,1,1,166.08,21,1.0,1,0,Occasional Customers,"
       Customer Profile:
- Orders: 1
- Active Months: 1
- Avg Order Value: 166.08
- Recency: 21
- Frequency: 1.0
- Cluster: 1
- Churn Risk: No"
17651.0,10,5,520.2769999999999,11,2.0,2,0,Frequent Customers,"
       Customer Profile:
- Orders: 10
- Active Months: 5
- Avg Order Value: 520.28
- Recency: 11
- Frequency: 2.0
- Cluster: 2
- Churn Risk: No"
17652.0,12,7,1226.8508333333334,25,1.7142857142857142,2,0,Frequent Customers,"
       Customer Profile:
- Orders: 12
- Active Months: 7
- Avg Order Value: 1226.85
- Recency: 25
- Frequency: 1.7142857142857142
- Cluster: 2
- Churn Risk: No"
17653.0,4,3,1211.9725,36,1.3333333333333333,1,0,Occasional Customers,"
       Customer Profile:
- Orders: 4
- Active Months: 3
- Avg Order Value: 1211.97
- Recency: 36
- Frequency: 1.3333333333333333
- Cluster: 1
- Churn Risk: No"
17654.0,1,1,80.65,277,1.0,0,1,Dormant Customers,"
       Customer Profile:
- Orders: 1
- Active Months: 1
- Avg Order Value: 80.65
- Recency: 277
- Frequency: 1.0
- Cluster: 0
- Churn Risk: Yes"
17655.0,7,6,790.5200000000001,10,1.1666666666666667,1,0,Occasional Customers,"
       Customer Profile:
- Orders: 7
- Active Months: 6
- Avg Order Value: 790.52
- Recency: 10
- Frequency: 1.1666666666666667
- Cluster: 1
- Churn Risk: No"
17656.0,5,2,248.68,73,2.5,2,0,Frequent Customers,"
       Customer Profile:
- Orders: 5
- Active Months: 2
- Avg Order Value: 248.68
- Recency: 73
- Frequency: 2.5
- Cluster: 2
- Churn Risk: No"
17658.0,2,2,188.94,25,1.0,1,0,Occasional Customers,"
       Customer Profile:
- Orders: 2
- Active Months: 2
- Avg Order Value: 188.94
- Recency: 25
- Frequency: 1.0
- Cluster: 1
- Churn Risk: No"
17659.0,12,7,206.17916666666667,17,1.7142857142857142,2,0,Frequent Customers,"
       Customer Profile:
- Orders: 12
- Active Months: 7
- Avg Order Value: 206.18
- Recency: 17
- Frequency: 1.7142857142857142
- Cluster: 2
- Churn Risk: No"
17660.0,1,1,168.8,141,1.0,0,0,Dormant Customers,"
       Customer Profile:
- Orders: 1
- Active Months: 1
- Avg Order Value: 168.80
- Recency: 141
- Frequency: 1.0
- Cluster: 0
- Churn Risk: No"
17663.0,7,6,220.33714285714288,25,1.1666666666666667,1,0,Occasional Customers,"
       Customer Profile:
- Orders: 7
- Active Months: 6
- Avg Order Value: 220.34
- Recency: 25
- Frequency: 1.1666666666666667
- Cluster: 1
- Churn Risk: No"
17664.0,2,2,285.44500000000005,18,1.0,1,0,Occasional Customers,"
       Customer Profile:
- Orders: 2
- Active Months: 2
- Avg Order Value: 285.45
- Recency: 18
- Frequency: 1.0
- Cluster: 1
- Churn Risk: No"
17666.0,2,2,297.555,3,1.0,1,0,Occasional Customers,"
       Customer Profile:
- Orders: 2
- Active Months: 2
- Avg Order Value: 297.56
- Recency: 3
- Frequency: 1.0
- Cluster: 1
- Churn Risk: No"
17667.0,5,4,347.392,66,1.25,1,0,Occasional Customers,"
       Customer Profile:
- Orders: 5
- Active Months: 4
- Avg Order Value: 347.39
- Recency: 66
- Frequency: 1.25
- Cluster: 1
- Churn Risk: No"
17668.0,2,2,576.25,1,1.0,1,0,Occasional Customers,"
       Customer Profile:
- Orders: 2
- Active Months: 2
- Avg Order Value: 576.25
- Recency: 1
- Frequency: 1.0
- Cluster: 1
- Churn Risk: No"
17669.0,7,6,278.9171428571429,42,1.1666666666666667,1,0,Occasional Customers,"
       Customer Profile:
- Orders: 7
- Active Months: 6
- Avg Order Value: 278.92
- Recency: 42
- Frequency: 1.1666666666666667
- Cluster: 1
- Churn Risk: No"
17670.0,1,1,173.9,227,1.0,0,1,Dormant Customers,"
       Customer Profile:
- Orders: 1
- Active Months: 1
- Avg Order Value: 173.90
- Recency: 227
- Frequency: 1.0
- Cluster: 0
- Churn Risk: Yes"
17671.0,4,4,369.5975,15,1.0,1,0,Occasional Customers,"
       Customer Profile:
- Orders: 4
- Active Months: 4
- Avg Order Value: 369.60
- Recency: 15
- Frequency: 1.0
- Cluster: 1
- Churn Risk: No"
17672.0,2,2,1119.285,50,1.0,1,0,Occasional Customers,"
       Customer Profile:
- Orders: 2
- Active Months: 2
- Avg Order Value: 1119.29
- Recency: 50
- Frequency: 1.0
- Cluster: 1
- Churn Risk: No"
17673.0,6,5,548.9483333333333,1,1.2,1,0,Occasional Customers,"
       Customer Profile:
- Orders: 6
- Active Months: 5
- Avg Order Value: 548.95
- Recency: 1
- Frequency: 1.2
- Cluster: 1
- Churn Risk: No"
17674.0,2,2,250.305,74,1.0,1,0,Occasional Customers,"
       Customer Profile:
- Orders: 2
- Active Months: 2
- Avg Order Value: 250.31
- Recency: 74
- Frequency: 1.0
- Cluster: 1
- Churn Risk: No"
17675.0,31,13,736.5409677419354,1,2.3846153846153846,2,0,Frequent Customers,"
       Customer Profile:
- Orders: 31
- Active Months: 13
- Avg Order Value: 736.54
- Recency: 1
- Frequency: 2.3846153846153846
- Cluster: 2
- Churn Risk: No"
17676.0,6,4,692.6733333333333,4,1.5,1,0,Occasional Customers,"
       Customer Profile:
- Orders: 6
- Active Months: 4
- Avg Order Value: 692.67
- Recency: 4
- Frequency: 1.5
- Cluster: 1
- Churn Risk: No"
17677.0,27,13,437.1529629629629,1,2.076923076923077,2,0,Frequent Customers,"
       Customer Profile:
- Orders: 27
- Active Months: 13
- Avg Order Value: 437.15
- Recency: 1
- Frequency: 2.076923076923077
- Cluster: 2
- Churn Risk: No"
17678.0,1,1,1192.44,263,1.0,0,1,Dormant Customers,"
       Customer Profile:
- Orders: 1
- Active Months: 1
- Avg Order Value: 1192.44
- Recency: 263
- Frequency: 1.0
- Cluster: 0
- Churn Risk: Yes"
17679.0,2,2,581.025,52,1.0,1,0,Occasional Customers,"
       Customer Profile:
- Orders: 2
- Active Months: 2
- Avg Order Value: 581.02
- Recency: 52
- Frequency: 1.0
- Cluster: 1
- Churn Risk: No"
17680.0,1,1,151.4,23,1.0,1,0,Occasional Customers,"
       Customer Profile:
- Orders: 1
- Active Months: 1
- Avg Order Value: 151.40
- Recency: 23
- Frequency: 1.0
- Cluster: 1
- Churn Risk: No"
17682.0,6,6,455.3333333333333,10,1.0,1,0,Occasional Customers,"
       Customer Profile:
- Orders: 6
- Active Months: 6
- Avg Order Value: 455.33
- Recency: 10
- Frequency: 1.0
- Cluster: 1
- Churn Risk: No"
17684.0,1,1,201.01,43,1.0,1,0,Occasional Customers,"
       Customer Profile:
- Orders: 1
- Active Months: 1
- Avg Order Value: 201.01
- Recency: 43
- Frequency: 1.0
- Cluster: 1
- Churn Risk: No"
17685.0,7,6,390.1357142857143,16,1.1666666666666667,1,0,Occasional Customers,"
       Customer Profile:
- Orders: 7
- Active Months: 6
- Avg Order Value: 390.14
- Recency: 16
- Frequency: 1.1666666666666667
- Cluster: 1
- Churn Risk: No"
17686.0,7,5,592.2114285714287,7,1.4,1,0,Occasional Customers,"
       Customer Profile:
- Orders: 7
- Active Months: 5
- Avg Order Value: 592.21
- Recency: 7
- Frequency: 1.4
- Cluster: 1
- Churn Risk: No"
17690.0,15,9,293.5726666666667,30,1.6666666666666667,2,0,Frequent Customers,"
       Customer Profile:
- Orders: 15
- Active Months: 9
- Avg Order Value: 293.57
- Recency: 30
- Frequency: 1.6666666666666667
- Cluster: 2
- Churn Risk: No"
17691.0,2,1,176.7,358,2.0,0,1,Dormant Customers,"
       Customer Profile:
- Orders: 2
- Active Months: 1
- Avg Order Value: 176.70
- Recency: 358
- Frequency: 2.0
- Cluster: 0
- Churn Risk: Yes"
17692.0,4,4,212.9775,127,1.0,1,0,Occasional Customers,"
       Customer Profile:
- Orders: 4
- Active Months: 4
- Avg Order Value: 212.98
- Recency: 127
- Frequency: 1.0
- Cluster: 1
- Churn Risk: No"
17693.0,1,1,166.47,137,1.0,0,0,Dormant Customers,"
       Customer Profile:
- Orders: 1
- Active Months: 1
- Avg Order Value: 166.47
- Recency: 137
- Frequency: 1.0
- Cluster: 0
- Churn Risk: No"
17694.0,1,1,269.47,141,1.0,0,0,Dormant Customers,"
       Customer Profile:
- Orders: 1
- Active Months: 1
- Avg Order Value: 269.47
- Recency: 141
- Frequency: 1.0
- Cluster: 0
- Churn Risk: No"
17695.0,2,2,542.375,131,1.0,1,0,Occasional Customers,"
       Customer Profile:
- Orders: 2
- Active Months: 2
- Avg Order Value: 542.38
- Recency: 131
- Frequency: 1.0
- Cluster: 1
- Churn Risk: No"
17696.0,8,6,662.62125,38,1.3333333333333333,1,0,Occasional Customers,"
       Customer Profile:
- Orders: 8
- Active Months: 6
- Avg Order Value: 662.62
- Recency: 38
- Frequency: 1.3333333333333333
- Cluster: 1
- Churn Risk: No"
17697.0,1,1,894.75,236,1.0,0,1,Dormant Customers,"
       Customer Profile:
- Orders: 1
- Active Months: 1
- Avg Order Value: 894.75
- Recency: 236
- Frequency: 1.0
- Cluster: 0
- Churn Risk: Yes"
17698.0,1,1,154.95,260,1.0,0,1,Dormant Customers,"
       Customer Profile:
- Orders: 1
- Active Months: 1
- Avg Order Value: 154.95
- Recency: 260
- Frequency: 1.0
- Cluster: 0
- Churn Risk: Yes"
17700.0,4,4,589.8725,16,1.0,1,0,Occasional Customers,"
       Customer Profile:
- Orders: 4
- Active Months: 4
- Avg Order Value: 589.87
- Recency: 16
- Frequency: 1.0
- Cluster: 1
- Churn Risk: No"
17701.0,1,1,193.65,252,1.0,0,1,Dormant Customers,"
       Customer Profile:
- Orders: 1
- Active Months: 1
- Avg Order Value: 193.65
- Recency: 252
- Frequency: 1.0
- Cluster: 0
- Churn Risk: Yes"
17702.0,4,4,313.1075,30,1.0,1,0,Occasional Customers,"
       Customer Profile:
- Orders: 4
- Active Months: 4
- Avg Order Value: 313.11
- Recency: 30
- Frequency: 1.0
- Cluster: 1
- Churn Risk: No"
17703.0,3,3,342.6266666666666,35,1.0,1,0,Occasional Customers,"
       Customer Profile:
- Orders: 3
- Active Months: 3
- Avg Order Value: 342.63
- Recency: 35
- Frequency: 1.0
- Cluster: 1
- Churn Risk: No"
17704.0,2,2,586.12,168,1.0,0,0,Dormant Customers,"
       Customer Profile:
- Orders: 2
- Active Months: 2
- Avg Order Value: 586.12
- Recency: 168
- Frequency: 1.0
- Cluster: 0
- Churn Risk: No"
17705.0,9,8,207.3022222222222,3,1.125,1,0,Occasional Customers,"
       Customer Profile:
- Orders: 9
- Active Months: 8
- Avg Order Value: 207.30
- Recency: 3
- Frequency: 1.125
- Cluster: 1
- Churn Risk: No"
17706.0,17,7,682.5717647058824,4,2.4285714285714284,2,0,Frequent Customers,"
       Customer Profile:
- Orders: 17
- Active Months: 7
- Avg Order Value: 682.57
- Recency: 4
- Frequency: 2.4285714285714284
- Cluster: 2
- Churn Risk: No"
17707.0,2,2,75.97500000000001,185,1.0,0,1,Dormant Customers,"
       Customer Profile:
- Orders: 2
- Active Months: 2
- Avg Order Value: 75.98
- Recency: 185
- Frequency: 1.0
- Cluster: 0
- Churn Risk: Yes"
17708.0,2,2,205.655,187,1.0,0,1,Dormant Customers,"
       Customer Profile:
- Orders: 2
- Active Months: 2
- Avg Order Value: 205.66
- Recency: 187
- Frequency: 1.0
- Cluster: 0
- Churn Risk: Yes"
17709.0,1,1,291.25,169,1.0,0,0,Dormant Customers,"
       Customer Profile:
- Orders: 1
- Active Months: 1
- Avg Order Value: 291.25
- Recency: 169
- Frequency: 1.0
- Cluster: 0
- Churn Risk: No"
17711.0,2,2,184.9,10,1.0,1,0,Occasional Customers,"
       Customer Profile:
- Orders: 2
- Active Months: 2
- Avg Order Value: 184.90
- Recency: 10
- Frequency: 1.0
- Cluster: 1
- Churn Risk: No"
17712.0,1,1,403.21,44,1.0,1,0,Occasional Customers,"
       Customer Profile:
- Orders: 1
- Active Months: 1
- Avg Order Value: 403.21
- Recency: 44
- Frequency: 1.0
- Cluster: 1
- Churn Risk: No"
17714.0,1,1,306.0,320,1.0,0,1,Dormant Customers,"
       Customer Profile:
- Orders: 1
- Active Months: 1
- Avg Order Value: 306.00
- Recency: 320
- Frequency: 1.0
- Cluster: 0
- Churn Risk: Yes"
17715.0,1,1,22.95,200,1.0,0,1,Dormant Customers,"
       Customer Profile:
- Orders: 1
- Active Months: 1
- Avg Order Value: 22.95
- Recency: 200
- Frequency: 1.0
- Cluster: 0
- Churn Risk: Yes"
17716.0,11,6,615.7190909090909,22,1.8333333333333333,2,0,Frequent Customers,"
       Customer Profile:
- Orders: 11
- Active Months: 6
- Avg Order Value: 615.72
- Recency: 22
- Frequency: 1.8333333333333333
- Cluster: 2
- Churn Risk: No"
17718.0,1,1,569.25,232,1.0,0,1,Dormant Customers,"
       Customer Profile:
- Orders: 1
- Active Months: 1
- Avg Order Value: 569.25
- Recency: 232
- Frequency: 1.0
- Cluster: 0
- Churn Risk: Yes"
17719.0,15,8,489.4093333333333,37,1.875,2,0,Frequent Customers,"
       Customer Profile:
- Orders: 15
- Active Months: 8
- Avg Order Value: 489.41
- Recency: 37
- Frequency: 1.875
- Cluster: 2
- Churn Risk: No"
17720.0,4,4,302.11249999999995,26,1.0,1,0,Occasional Customers,"
       Customer Profile:
- Orders: 4
- Active Months: 4
- Avg Order Value: 302.11
- Recency: 26
- Frequency: 1.0
- Cluster: 1
- Churn Risk: No"
17722.0,4,4,1280.72,96,1.0,1,0,Occasional Customers,"
       Customer Profile:
- Orders: 4
- Active Months: 4
- Avg Order Value: 1280.72
- Recency: 96
- Frequency: 1.0
- Cluster: 1
- Churn Risk: No"
17723.0,6,4,178.75833333333335,127,1.5,1,0,Occasional Customers,"
       Customer Profile:
- Orders: 6
- Active Months: 4
- Avg Order Value: 178.76
- Recency: 127
- Frequency: 1.5
- Cluster: 1
- Churn Risk: No"
17724.0,3,2,363.3,71,1.5,1,0,Occasional Customers,"
       Customer Profile:
- Orders: 3
- Active Months: 2
- Avg Order Value: 363.30
- Recency: 71
- Frequency: 1.5
- Cluster: 1
- Churn Risk: No"
17725.0,11,9,619.3563636363637,16,1.2222222222222223,2,0,Frequent Customers,"
       Customer Profile:
- Orders: 11
- Active Months: 9
- Avg Order Value: 619.36
- Recency: 16
- Frequency: 1.2222222222222223
- Cluster: 2
- Churn Risk: No"
17727.0,1,1,923.35,15,1.0,1,0,Occasional Customers,"
       Customer Profile:
- Orders: 1
- Active Months: 1
- Avg Order Value: 923.35
- Recency: 15
- Frequency: 1.0
- Cluster: 1
- Churn Risk: No"
17728.0,3,3,1033.62,3,1.0,1,0,Occasional Customers,"
       Customer Profile:
- Orders: 3
- Active Months: 3
- Avg Order Value: 1033.62
- Recency: 3
- Frequency: 1.0
- Cluster: 1
- Churn Risk: No"
17730.0,13,10,462.66769230769233,3,1.3,2,0,Frequent Customers,"
       Customer Profile:
- Orders: 13
- Active Months: 10
- Avg Order Value: 462.67
- Recency: 3
- Frequency: 1.3
- Cluster: 2
- Churn Risk: No"
17731.0,4,3,217.765,79,1.3333333333333333,1,0,Occasional Customers,"
       Customer Profile:
- Orders: 4
- Active Months: 3
- Avg Order Value: 217.76
- Recency: 79
- Frequency: 1.3333333333333333
- Cluster: 1
- Churn Risk: No"
17732.0,1,1,222.52,368,1.0,0,1,Dormant Customers,"
       Customer Profile:
- Orders: 1
- Active Months: 1
- Avg Order Value: 222.52
- Recency: 368
- Frequency: 1.0
- Cluster: 0
- Churn Risk: Yes"
17733.0,2,2,1766.1750000000002,38,1.0,1,0,Occasional Customers,"
       Customer Profile:
- Orders: 2
- Active Months: 2
- Avg Order Value: 1766.18
- Recency: 38
- Frequency: 1.0
- Cluster: 1
- Churn Risk: No"
17734.0,3,3,191.91333333333333,53,1.0,1,0,Occasional Customers,"
       Customer Profile:
- Orders: 3
- Active Months: 3
- Avg Order Value: 191.91
- Recency: 53
- Frequency: 1.0
- Cluster: 1
- Churn Risk: No"
17735.0,19,13,743.2273684210526,2,1.4615384615384617,2,0,Frequent Customers,"
       Customer Profile:
- Orders: 19
- Active Months: 13
- Avg Order Value: 743.23
- Recency: 2
- Frequency: 1.4615384615384617
- Cluster: 2
- Churn Risk: No"
17736.0,2,2,122.795,9,1.0,1,0,Occasional Customers,"
       Customer Profile:
- Orders: 2
- Active Months: 2
- Avg Order Value: 122.80
- Recency: 9
- Frequency: 1.0
- Cluster: 1
- Churn Risk: No"
17737.0,2,2,204.28500000000005,9,1.0,1,0,Occasional Customers,"
       Customer Profile:
- Orders: 2
- Active Months: 2
- Avg Order Value: 204.29
- Recency: 9
- Frequency: 1.0
- Cluster: 1
- Churn Risk: No"
17738.0,4,3,554.1775,19,1.3333333333333333,1,0,Occasional Customers,"
       Customer Profile:
- Orders: 4
- Active Months: 3
- Avg Order Value: 554.18
- Recency: 19
- Frequency: 1.3333333333333333
- Cluster: 1
- Churn Risk: No"
17739.0,7,6,774.0814285714285,11,1.1666666666666667,1,0,Occasional Customers,"
       Customer Profile:
- Orders: 7
- Active Months: 6
- Avg Order Value: 774.08
- Recency: 11
- Frequency: 1.1666666666666667
- Cluster: 1
- Churn Risk: No"
17742.0,2,2,100.43,113,1.0,1,0,Occasional Customers,"
       Customer Profile:
- Orders: 2
- Active Months: 2
- Avg Order Value: 100.43
- Recency: 113
- Frequency: 1.0
- Cluster: 1
- Churn Risk: No"
17744.0,6,5,476.82666666666665,3,1.2,1,0,Occasional Customers,"
       Customer Profile:
- Orders: 6
- Active Months: 5
- Avg Order Value: 476.83
- Recency: 3
- Frequency: 1.2
- Cluster: 1
- Churn Risk: No"
17746.0,1,1,74.8,240,1.0,0,1,Dormant Customers,"
       Customer Profile:
- Orders: 1
- Active Months: 1
- Avg Order Value: 74.80
- Recency: 240
- Frequency: 1.0
- Cluster: 0
- Churn Risk: Yes"
17747.0,1,1,71.4,112,1.0,1,0,Occasional Customers,"
       Customer Profile:
- Orders: 1
- Active Months: 1
- Avg Order Value: 71.40
- Recency: 112
- Frequency: 1.0
- Cluster: 1
- Churn Risk: No"
17749.0,2,2,237.24,178,1.0,0,0,Dormant Customers,"
       Customer Profile:
- Orders: 2
- Active Months: 2
- Avg Order Value: 237.24
- Recency: 178
- Frequency: 1.0
- Cluster: 0
- Churn Risk: No"
17750.0,9,7,180.54,5,1.2857142857142858,1,0,Occasional Customers,"
       Customer Profile:
- Orders: 9
- Active Months: 7
- Avg Order Value: 180.54
- Recency: 5
- Frequency: 1.2857142857142858
- Cluster: 1
- Churn Risk: No"
17752.0,1,1,22.6365,359,1.0,0,1,Dormant Customers,"
       Customer Profile:
- Orders: 1
- Active Months: 1
- Avg Order Value: 22.64
- Recency: 359
- Frequency: 1.0
- Cluster: 0
- Churn Risk: Yes"
17754.0,5,5,239.926,1,1.0,1,0,Occasional Customers,"
       Customer Profile:
- Orders: 5
- Active Months: 5
- Avg Order Value: 239.93
- Recency: 1
- Frequency: 1.0
- Cluster: 1
- Churn Risk: No"
17757.0,30,13,237.567,1,2.3076923076923075,2,0,Frequent Customers,"
       Customer Profile:
- Orders: 30
- Active Months: 13
- Avg Order Value: 237.57
- Recency: 1
- Frequency: 2.3076923076923075
- Cluster: 2
- Churn Risk: No"
17758.0,8,6,761.26625,19,1.3333333333333333,1,0,Occasional Customers,"
       Customer Profile:
- Orders: 8
- Active Months: 6
- Avg Order Value: 761.27
- Recency: 19
- Frequency: 1.3333333333333333
- Cluster: 1
- Churn Risk: No"
17759.0,3,2,434.32666666666665,17,1.5,1,0,Occasional Customers,"
       Customer Profile:
- Orders: 3
- Active Months: 2
- Avg Order Value: 434.33
- Recency: 17
- Frequency: 1.5
- Cluster: 1
- Churn Risk: No"
17760.0,2,2,126.27,21,1.0,1,0,Occasional Customers,"
       Customer Profile:
- Orders: 2
- Active Months: 2
- Avg Order Value: 126.27
- Recency: 21
- Frequency: 1.0
- Cluster: 1
- Churn Risk: No"
17761.0,1,1,838.58,32,1.0,1,0,Occasional Customers,"
       Customer Profile:
- Orders: 1
- Active Months: 1
- Avg Order Value: 838.58
- Recency: 32
- Frequency: 1.0
- Cluster: 1
- Churn Risk: No"
17763.0,1,1,60.0,263,1.0,0,1,Dormant Customers,"
       Customer Profile:
- Orders: 1
- Active Months: 1
- Avg Order Value: 60.00
- Recency: 263
- Frequency: 1.0
- Cluster: 0
- Churn Risk: Yes"
17764.0,2,2,339.675,50,1.0,1,0,Occasional Customers,"
       Customer Profile:
- Orders: 2
- Active Months: 2
- Avg Order Value: 339.68
- Recency: 50
- Frequency: 1.0
- Cluster: 1
- Churn Risk: No"
17765.0,3,3,108.02,158,1.0,0,0,Dormant Customers,"
       Customer Profile:
- Orders: 3
- Active Months: 3
- Avg Order Value: 108.02
- Recency: 158
- Frequency: 1.0
- Cluster: 0
- Churn Risk: No"
17767.0,1,1,262.95,15,1.0,1,0,Occasional Customers,"
       Customer Profile:
- Orders: 1
- Active Months: 1
- Avg Order Value: 262.95
- Recency: 15
- Frequency: 1.0
- Cluster: 1
- Churn Risk: No"
17768.0,3,3,832.3766666666667,8,1.0,1,0,Occasional Customers,"
       Customer Profile:
- Orders: 3
- Active Months: 3
- Avg Order Value: 832.38
- Recency: 8
- Frequency: 1.0
- Cluster: 1
- Churn Risk: No"
17769.0,10,6,637.799,12,1.6666666666666667,2,0,Frequent Customers,"
       Customer Profile:
- Orders: 10
- Active Months: 6
- Avg Order Value: 637.80
- Recency: 12
- Frequency: 1.6666666666666667
- Cluster: 2
- Churn Risk: No"
17770.0,4,2,83.11749999999999,198,2.0,0,1,Dormant Customers,"
       Customer Profile:
- Orders: 4
- Active Months: 2
- Avg Order Value: 83.12
- Recency: 198
- Frequency: 2.0
- Cluster: 0
- Churn Risk: Yes"
17771.0,2,2,106.855,56,1.0,1,0,Occasional Customers,"
       Customer Profile:
- Orders: 2
- Active Months: 2
- Avg Order Value: 106.86
- Recency: 56
- Frequency: 1.0
- Cluster: 1
- Churn Risk: No"
17772.0,2,1,62.5,10,2.0,1,0,Occasional Customers,"
       Customer Profile:
- Orders: 2
- Active Months: 1
- Avg Order Value: 62.50
- Recency: 10
- Frequency: 2.0
- Cluster: 1
- Churn Risk: No"
17774.0,4,4,386.7325,96,1.0,1,0,Occasional Customers,"
       Customer Profile:
- Orders: 4
- Active Months: 4
- Avg Order Value: 386.73
- Recency: 96
- Frequency: 1.0
- Cluster: 1
- Churn Risk: No"
17775.0,1,1,56.4,254,1.0,0,1,Dormant Customers,"
       Customer Profile:
- Orders: 1
- Active Months: 1
- Avg Order Value: 56.40
- Recency: 254
- Frequency: 1.0
- Cluster: 0
- Churn Risk: Yes"
17777.0,3,3,359.30333333333334,24,1.0,1,0,Occasional Customers,"
       Customer Profile:
- Orders: 3
- Active Months: 3
- Avg Order Value: 359.30
- Recency: 24
- Frequency: 1.0
- Cluster: 1
- Churn Risk: No"
17779.0,3,3,166.84333333333333,21,1.0,1,0,Occasional Customers,"
       Customer Profile:
- Orders: 3
- Active Months: 3
- Avg Order Value: 166.84
- Recency: 21
- Frequency: 1.0
- Cluster: 1
- Churn Risk: No"
17781.0,1,1,186.51,159,1.0,0,0,Dormant Customers,"
       Customer Profile:
- Orders: 1
- Active Months: 1
- Avg Order Value: 186.51
- Recency: 159
- Frequency: 1.0
- Cluster: 0
- Churn Risk: No"
17783.0,2,2,137.485,72,1.0,1,0,Occasional Customers,"
       Customer Profile:
- Orders: 2
- Active Months: 2
- Avg Order Value: 137.49
- Recency: 72
- Frequency: 1.0
- Cluster: 1
- Churn Risk: No"
17785.0,1,1,123.44,53,1.0,1,0,Occasional Customers,"
       Customer Profile:
- Orders: 1
- Active Months: 1
- Avg Order Value: 123.44
- Recency: 53
- Frequency: 1.0
- Cluster: 1
- Churn Risk: No"
17786.0,2,2,158.26,85,1.0,1,0,Occasional Customers,"
       Customer Profile:
- Orders: 2
- Active Months: 2
- Avg Order Value: 158.26
- Recency: 85
- Frequency: 1.0
- Cluster: 1
- Churn Risk: No"
17787.0,4,4,443.465,152,1.0,1,0,Occasional Customers,"
       Customer Profile:
- Orders: 4
- Active Months: 4
- Avg Order Value: 443.46
- Recency: 152
- Frequency: 1.0
- Cluster: 1
- Churn Risk: No"
17788.0,2,2,41.225,73,1.0,1,0,Occasional Customers,"
       Customer Profile:
- Orders: 2
- Active Months: 2
- Avg Order Value: 41.23
- Recency: 73
- Frequency: 1.0
- Cluster: 1
- Churn Risk: No"
17789.0,1,1,191.65,281,1.0,0,1,Dormant Customers,"
       Customer Profile:
- Orders: 1
- Active Months: 1
- Avg Order Value: 191.65
- Recency: 281
- Frequency: 1.0
- Cluster: 0
- Churn Risk: Yes"
17790.0,14,8,165.79714285714286,26,1.75,2,0,Frequent Customers,"
       Customer Profile:
- Orders: 14
- Active Months: 8
- Avg Order Value: 165.80
- Recency: 26
- Frequency: 1.75
- Cluster: 2
- Churn Risk: No"
17791.0,1,1,106.1,29,1.0,1,0,Occasional Customers,"
       Customer Profile:
- Orders: 1
- Active Months: 1
- Avg Order Value: 106.10
- Recency: 29
- Frequency: 1.0
- Cluster: 1
- Churn Risk: No"
17793.0,1,1,184.24,25,1.0,1,0,Occasional Customers,"
       Customer Profile:
- Orders: 1
- Active Months: 1
- Avg Order Value: 184.24
- Recency: 25
- Frequency: 1.0
- Cluster: 1
- Churn Risk: No"
17795.0,2,2,911.96,179,1.0,0,0,Dormant Customers,"
       Customer Profile:
- Orders: 2
- Active Months: 2
- Avg Order Value: 911.96
- Recency: 179
- Frequency: 1.0
- Cluster: 0
- Churn Risk: No"
17796.0,4,3,289.025,40,1.3333333333333333,1,0,Occasional Customers,"
       Customer Profile:
- Orders: 4
- Active Months: 3
- Avg Order Value: 289.02
- Recency: 40
- Frequency: 1.3333333333333333
- Cluster: 1
- Churn Risk: No"
17797.0,3,2,214.8766666666667,22,1.5,1,0,Occasional Customers,"
       Customer Profile:
- Orders: 3
- Active Months: 2
- Avg Order Value: 214.88
- Recency: 22
- Frequency: 1.5
- Cluster: 1
- Churn Risk: No"
17799.0,10,7,449.196,22,1.4285714285714286,2,0,Frequent Customers,"
       Customer Profile:
- Orders: 10
- Active Months: 7
- Avg Order Value: 449.20
- Recency: 22
- Frequency: 1.4285714285714286
- Cluster: 2
- Churn Risk: No"
17800.0,9,8,169.57888888888888,37,1.125,1,0,Occasional Customers,"
       Customer Profile:
- Orders: 9
- Active Months: 8
- Avg Order Value: 169.58
- Recency: 37
- Frequency: 1.125
- Cluster: 1
- Churn Risk: No"
17802.0,3,3,2078.7866666666664,82,1.0,1,0,Occasional Customers,"
       Customer Profile:
- Orders: 3
- Active Months: 3
- Avg Order Value: 2078.79
- Recency: 82
- Frequency: 1.0
- Cluster: 1
- Churn Risk: No"
17805.0,1,1,288.78,73,1.0,1,0,Occasional Customers,"
       Customer Profile:
- Orders: 1
- Active Months: 1
- Avg Order Value: 288.78
- Recency: 73
- Frequency: 1.0
- Cluster: 1
- Churn Risk: No"
17806.0,1,1,518.28,11,1.0,1,0,Occasional Customers,"
       Customer Profile:
- Orders: 1
- Active Months: 1
- Avg Order Value: 518.28
- Recency: 11
- Frequency: 1.0
- Cluster: 1
- Churn Risk: No"
17809.0,12,8,257.7525,16,1.5,2,0,Frequent Customers,"
       Customer Profile:
- Orders: 12
- Active Months: 8
- Avg Order Value: 257.75
- Recency: 16
- Frequency: 1.5
- Cluster: 2
- Churn Risk: No"
17811.0,39,12,223.5848717948718,4,3.0,2,0,Frequent Customers,"
       Customer Profile:
- Orders: 39
- Active Months: 12
- Avg Order Value: 223.58
- Recency: 4
- Frequency: 3.0
- Cluster: 2
- Churn Risk: No"
17812.0,4,2,289.9125,12,2.0,1,0,Occasional Customers,"
       Customer Profile:
- Orders: 4
- Active Months: 2
- Avg Order Value: 289.91
- Recency: 12
- Frequency: 2.0
- Cluster: 1
- Churn Risk: No"
17813.0,5,3,485.37000000000006,14,1.6666666666666667,1,0,Occasional Customers,"
       Customer Profile:
- Orders: 5
- Active Months: 3
- Avg Order Value: 485.37
- Recency: 14
- Frequency: 1.6666666666666667
- Cluster: 1
- Churn Risk: No"
17816.0,4,4,22.6365,36,1.0,1,0,Occasional Customers,"
       Customer Profile:
- Orders: 4
- Active Months: 4
- Avg Order Value: 22.64
- Recency: 36
- Frequency: 1.0
- Cluster: 1
- Churn Risk: No"
17817.0,2,2,57.215,4,1.0,1,0,Occasional Customers,"
       Customer Profile:
- Orders: 2
- Active Months: 2
- Avg Order Value: 57.22
- Recency: 4
- Frequency: 1.0
- Cluster: 1
- Churn Risk: No"
17819.0,6,6,290.1816666666667,71,1.0,1,0,Occasional Customers,"
       Customer Profile:
- Orders: 6
- Active Months: 6
- Avg Order Value: 290.18
- Recency: 71
- Frequency: 1.0
- Cluster: 1
- Churn Risk: No"
17824.0,1,1,261.22,51,1.0,1,0,Occasional Customers,"
       Customer Profile:
- Orders: 1
- Active Months: 1
- Avg Order Value: 261.22
- Recency: 51
- Frequency: 1.0
- Cluster: 1
- Churn Risk: No"
17827.0,5,3,439.52199999999993,5,1.6666666666666667,1,0,Occasional Customers,"
       Customer Profile:
- Orders: 5
- Active Months: 3
- Avg Order Value: 439.52
- Recency: 5
- Frequency: 1.6666666666666667
- Cluster: 1
- Churn Risk: No"
17828.0,4,3,237.925,22,1.3333333333333333,1,0,Occasional Customers,"
       Customer Profile:
- Orders: 4
- Active Months: 3
- Avg Order Value: 237.93
- Recency: 22
- Frequency: 1.3333333333333333
- Cluster: 1
- Churn Risk: No"
17829.0,1,1,805.84,298,1.0,0,1,Dormant Customers,"
       Customer Profile:
- Orders: 1
- Active Months: 1
- Avg Order Value: 805.84
- Recency: 298
- Frequency: 1.0
- Cluster: 0
- Churn Risk: Yes"
17830.0,3,3,125.41666666666669,1,1.0,1,0,Occasional Customers,"
       Customer Profile:
- Orders: 3
- Active Months: 3
- Avg Order Value: 125.42
- Recency: 1
- Frequency: 1.0
- Cluster: 1
- Churn Risk: No"
17831.0,1,1,70.80000000000001,33,1.0,1,0,Occasional Customers,"
       Customer Profile:
- Orders: 1
- Active Months: 1
- Avg Order Value: 70.80
- Recency: 33
- Frequency: 1.0
- Cluster: 1
- Churn Risk: No"
17832.0,1,1,153.66,49,1.0,1,0,Occasional Customers,"
       Customer Profile:
- Orders: 1
- Active Months: 1
- Avg Order Value: 153.66
- Recency: 49
- Frequency: 1.0
- Cluster: 1
- Churn Risk: No"
17835.0,3,2,135.33,2,1.5,1,0,Occasional Customers,"
       Customer Profile:
- Orders: 3
- Active Months: 2
- Avg Order Value: 135.33
- Recency: 2
- Frequency: 1.5
- Cluster: 1
- Churn Risk: No"
17836.0,1,1,330.63,47,1.0,1,0,Occasional Customers,"
       Customer Profile:
- Orders: 1
- Active Months: 1
- Avg Order Value: 330.63
- Recency: 47
- Frequency: 1.0
- Cluster: 1
- Churn Risk: No"
17837.0,8,4,149.09625,42,2.0,2,0,Frequent Customers,"
       Customer Profile:
- Orders: 8
- Active Months: 4
- Avg Order Value: 149.10
- Recency: 42
- Frequency: 2.0
- Cluster: 2
- Churn Risk: No"
17838.0,5,4,656.094,26,1.25,1,0,Occasional Customers,"
       Customer Profile:
- Orders: 5
- Active Months: 4
- Avg Order Value: 656.09
- Recency: 26
- Frequency: 1.25
- Cluster: 1
- Churn Risk: No"
17839.0,1,1,318.15,42,1.0,1,0,Occasional Customers,"
       Customer Profile:
- Orders: 1
- Active Months: 1
- Avg Order Value: 318.15
- Recency: 42
- Frequency: 1.0
- Cluster: 1
- Churn Risk: No"
17841.0,124,13,427.4054032258065,1,3.0,2,0,Frequent Customers,"
       Customer Profile:
- Orders: 124
- Active Months: 13
- Avg Order Value: 427.41
- Recency: 1
- Frequency: 3.0
- Cluster: 2
- Churn Risk: No"
17843.0,1,1,178.63,303,1.0,0,1,Dormant Customers,"
       Customer Profile:
- Orders: 1
- Active Months: 1
- Avg Order Value: 178.63
- Recency: 303
- Frequency: 1.0
- Cluster: 0
- Churn Risk: Yes"
17844.0,1,1,51.56,106,1.0,1,0,Occasional Customers,"
       Customer Profile:
- Orders: 1
- Active Months: 1
- Avg Order Value: 51.56
- Recency: 106
- Frequency: 1.0
- Cluster: 1
- Churn Risk: No"
17848.0,7,7,87.13285714285715,128,1.0,1,0,Occasional Customers,"
       Customer Profile:
- Orders: 7
- Active Months: 7
- Avg Order Value: 87.13
- Recency: 128
- Frequency: 1.0
- Cluster: 1
- Churn Risk: No"
17849.0,4,4,75.9,218,1.0,0,1,Dormant Customers,"
       Customer Profile:
- Orders: 4
- Active Months: 4
- Avg Order Value: 75.90
- Recency: 218
- Frequency: 1.0
- Cluster: 0
- Churn Risk: Yes"
17850.0,34,1,131.24,368,3.0,2,1,Frequent Customers,"
       Customer Profile:
- Orders: 34
- Active Months: 1
- Avg Order Value: 131.24
- Recency: 368
- Frequency: 3.0
- Cluster: 2
- Churn Risk: Yes"
17852.0,2,1,57.17,11,2.0,1,0,Occasional Customers,"
       Customer Profile:
- Orders: 2
- Active Months: 1
- Avg Order Value: 57.17
- Recency: 11
- Frequency: 2.0
- Cluster: 1
- Churn Risk: No"
17854.0,2,2,60.005,185,1.0,0,1,Dormant Customers,"
       Customer Profile:
- Orders: 2
- Active Months: 2
- Avg Order Value: 60.01
- Recency: 185
- Frequency: 1.0
- Cluster: 0
- Churn Risk: Yes"
17855.0,1,1,199.02,368,1.0,0,1,Dormant Customers,"
       Customer Profile:
- Orders: 1
- Active Months: 1
- Avg Order Value: 199.02
- Recency: 368
- Frequency: 1.0
- Cluster: 0
- Churn Risk: Yes"
17856.0,4,3,349.52750000000003,1,1.3333333333333333,1,0,Occasional Customers,"
       Customer Profile:
- Orders: 4
- Active Months: 3
- Avg Order Value: 349.53
- Recency: 1
- Frequency: 1.3333333333333333
- Cluster: 1
- Churn Risk: No"
17857.0,23,11,105.18695652173912,4,2.090909090909091,2,0,Frequent Customers,"
       Customer Profile:
- Orders: 23
- Active Months: 11
- Avg Order Value: 105.19
- Recency: 4
- Frequency: 2.090909090909091
- Cluster: 2
- Churn Risk: No"
17858.0,11,9,448.75181818181824,5,1.2222222222222223,2,0,Frequent Customers,"
       Customer Profile:
- Orders: 11
- Active Months: 9
- Avg Order Value: 448.75
- Recency: 5
- Frequency: 1.2222222222222223
- Cluster: 2
- Churn Risk: No"
17859.0,1,1,136.07,304,1.0,0,1,Dormant Customers,"
       Customer Profile:
- Orders: 1
- Active Months: 1
- Avg Order Value: 136.07
- Recency: 304
- Frequency: 1.0
- Cluster: 0
- Churn Risk: Yes"
17860.0,1,1,389.3,368,1.0,0,1,Dormant Customers,"
       Customer Profile:
- Orders: 1
- Active Months: 1
- Avg Order Value: 389.30
- Recency: 368
- Frequency: 1.0
- Cluster: 0
- Churn Risk: Yes"
17861.0,8,5,257.13875,3,1.6,1,0,Occasional Customers,"
       Customer Profile:
- Orders: 8
- Active Months: 5
- Avg Order Value: 257.14
- Recency: 3
- Frequency: 1.6
- Cluster: 1
- Churn Risk: No"
17862.0,1,1,260.0,323,1.0,0,1,Dormant Customers,"
       Customer Profile:
- Orders: 1
- Active Months: 1
- Avg Order Value: 260.00
- Recency: 323
- Frequency: 1.0
- Cluster: 0
- Churn Risk: Yes"
17863.0,6,6,626.5333333333333,59,1.0,1,0,Occasional Customers,"
       Customer Profile:
- Orders: 6
- Active Months: 6
- Avg Order Value: 626.53
- Recency: 59
- Frequency: 1.0
- Cluster: 1
- Churn Risk: No"
17864.0,3,3,283.36,12,1.0,1,0,Occasional Customers,"
       Customer Profile:
- Orders: 3
- Active Months: 3
- Avg Order Value: 283.36
- Recency: 12
- Frequency: 1.0
- Cluster: 1
- Churn Risk: No"
17865.0,19,10,387.4742105263158,30,1.9,2,0,Frequent Customers,"
       Customer Profile:
- Orders: 19
- Active Months: 10
- Avg Order Value: 387.47
- Recency: 30
- Frequency: 1.9
- Cluster: 2
- Churn Risk: No"
17866.0,1,1,238.3,142,1.0,0,0,Dormant Customers,"
       Customer Profile:
- Orders: 1
- Active Months: 1
- Avg Order Value: 238.30
- Recency: 142
- Frequency: 1.0
- Cluster: 0
- Churn Risk: No"
17867.0,4,3,123.2175,30,1.3333333333333333,1,0,Occasional Customers,"
       Customer Profile:
- Orders: 4
- Active Months: 3
- Avg Order Value: 123.22
- Recency: 30
- Frequency: 1.3333333333333333
- Cluster: 1
- Churn Risk: No"
17869.0,5,4,93.51,107,1.25,1,0,Occasional Customers,"
       Customer Profile:
- Orders: 5
- Active Months: 4
- Avg Order Value: 93.51
- Recency: 107
- Frequency: 1.25
- Cluster: 1
- Churn Risk: No"
17870.0,12,7,147.58333333333334,2,1.7142857142857142,2,0,Frequent Customers,"
       Customer Profile:
- Orders: 12
- Active Months: 7
- Avg Order Value: 147.58
- Recency: 2
- Frequency: 1.7142857142857142
- Cluster: 2
- Churn Risk: No"
17871.0,1,1,145.19,204,1.0,0,1,Dormant Customers,"
       Customer Profile:
- Orders: 1
- Active Months: 1
- Avg Order Value: 145.19
- Recency: 204
- Frequency: 1.0
- Cluster: 0
- Churn Risk: Yes"
17873.0,5,5,295.86800000000005,80,1.0,1,0,Occasional Customers,"
       Customer Profile:
- Orders: 5
- Active Months: 5
- Avg Order Value: 295.87
- Recency: 80
- Frequency: 1.0
- Cluster: 1
- Churn Risk: No"
17874.0,6,3,89.15000000000002,185,2.0,0,1,Dormant Customers,"
       Customer Profile:
- Orders: 6
- Active Months: 3
- Avg Order Value: 89.15
- Recency: 185
- Frequency: 2.0
- Cluster: 0
- Churn Risk: Yes"
17877.0,1,1,158.01,170,1.0,0,0,Dormant Customers,"
       Customer Profile:
- Orders: 1
- Active Months: 1
- Avg Order Value: 158.01
- Recency: 170
- Frequency: 1.0
- Cluster: 0
- Churn Risk: No"
17878.0,1,1,313.14,43,1.0,1,0,Occasional Customers,"
       Customer Profile:
- Orders: 1
- Active Months: 1
- Avg Order Value: 313.14
- Recency: 43
- Frequency: 1.0
- Cluster: 1
- Churn Risk: No"
17879.0,1,1,309.34,173,1.0,0,0,Dormant Customers,"
       Customer Profile:
- Orders: 1
- Active Months: 1
- Avg Order Value: 309.34
- Recency: 173
- Frequency: 1.0
- Cluster: 0
- Churn Risk: No"
17880.0,1,1,405.37,364,1.0,0,1,Dormant Customers,"
       Customer Profile:
- Orders: 1
- Active Months: 1
- Avg Order Value: 405.37
- Recency: 364
- Frequency: 1.0
- Cluster: 0
- Churn Risk: Yes"
17881.0,1,1,133.35000000000002,304,1.0,0,1,Dormant Customers,"
       Customer Profile:
- Orders: 1
- Active Months: 1
- Avg Order Value: 133.35
- Recency: 304
- Frequency: 1.0
- Cluster: 0
- Churn Risk: Yes"
17883.0,4,4,162.395,3,1.0,1,0,Occasional Customers,"
       Customer Profile:
- Orders: 4
- Active Months: 4
- Avg Order Value: 162.40
- Recency: 3
- Frequency: 1.0
- Cluster: 1
- Churn Risk: No"
17884.0,4,3,209.3175,3,1.3333333333333333,1,0,Occasional Customers,"
       Customer Profile:
- Orders: 4
- Active Months: 3
- Avg Order Value: 209.32
- Recency: 3
- Frequency: 1.3333333333333333
- Cluster: 1
- Churn Risk: No"
17885.0,1,1,279.18,12,1.0,1,0,Occasional Customers,"
       Customer Profile:
- Orders: 1
- Active Months: 1
- Avg Order Value: 279.18
- Recency: 12
- Frequency: 1.0
- Cluster: 1
- Churn Risk: No"
17886.0,3,3,187.66666666666663,31,1.0,1,0,Occasional Customers,"
       Customer Profile:
- Orders: 3
- Active Months: 3
- Avg Order Value: 187.67
- Recency: 31
- Frequency: 1.0
- Cluster: 1
- Churn Risk: No"
17887.0,1,1,47.05,129,1.0,0,0,Dormant Customers,"
       Customer Profile:
- Orders: 1
- Active Months: 1
- Avg Order Value: 47.05
- Recency: 129
- Frequency: 1.0
- Cluster: 0
- Churn Risk: No"
17888.0,8,7,105.94,21,1.1428571428571428,1,0,Occasional Customers,"
       Customer Profile:
- Orders: 8
- Active Months: 7
- Avg Order Value: 105.94
- Recency: 21
- Frequency: 1.1428571428571428
- Cluster: 1
- Churn Risk: No"
17889.0,2,2,79.96000000000001,212,1.0,0,1,Dormant Customers,"
       Customer Profile:
- Orders: 2
- Active Months: 2
- Avg Order Value: 79.96
- Recency: 212
- Frequency: 1.0
- Cluster: 0
- Churn Risk: Yes"
17890.0,2,2,259.955,322,1.0,0,1,Dormant Customers,"
       Customer Profile:
- Orders: 2
- Active Months: 2
- Avg Order Value: 259.95
- Recency: 322
- Frequency: 1.0
- Cluster: 0
- Churn Risk: Yes"
17891.0,1,1,203.86,162,1.0,0,0,Dormant Customers,"
       Customer Profile:
- Orders: 1
- Active Months: 1
- Avg Order Value: 203.86
- Recency: 162
- Frequency: 1.0
- Cluster: 0
- Churn Risk: No"
17892.0,3,2,63.31666666666666,56,1.5,1,0,Occasional Customers,"
       Customer Profile:
- Orders: 3
- Active Months: 2
- Avg Order Value: 63.32
- Recency: 56
- Frequency: 1.5
- Cluster: 1
- Churn Risk: No"
17893.0,1,1,77.65,225,1.0,0,1,Dormant Customers,"
       Customer Profile:
- Orders: 1
- Active Months: 1
- Avg Order Value: 77.65
- Recency: 225
- Frequency: 1.0
- Cluster: 0
- Churn Risk: Yes"
17894.0,8,4,204.48875,71,2.0,2,0,Frequent Customers,"
       Customer Profile:
- Orders: 8
- Active Months: 4
- Avg Order Value: 204.49
- Recency: 71
- Frequency: 2.0
- Cluster: 2
- Churn Risk: No"
17895.0,1,1,85.49,44,1.0,1,0,Occasional Customers,"
       Customer Profile:
- Orders: 1
- Active Months: 1
- Avg Order Value: 85.49
- Recency: 44
- Frequency: 1.0
- Cluster: 1
- Churn Risk: No"
17896.0,1,1,48.06,23,1.0,1,0,Occasional Customers,"
       Customer Profile:
- Orders: 1
- Active Months: 1
- Avg Order Value: 48.06
- Recency: 23
- Frequency: 1.0
- Cluster: 1
- Churn Risk: No"
17897.0,3,2,126.85333333333334,172,1.5,0,0,Dormant Customers,"
       Customer Profile:
- Orders: 3
- Active Months: 2
- Avg Order Value: 126.85
- Recency: 172
- Frequency: 1.5
- Cluster: 0
- Churn Risk: No"
17898.0,2,2,72.985,85,1.0,1,0,Occasional Customers,"
       Customer Profile:
- Orders: 2
- Active Months: 2
- Avg Order Value: 72.98
- Recency: 85
- Frequency: 1.0
- Cluster: 1
- Churn Risk: No"
17899.0,1,1,344.58,159,1.0,0,0,Dormant Customers,"
       Customer Profile:
- Orders: 1
- Active Months: 1
- Avg Order Value: 344.58
- Recency: 159
- Frequency: 1.0
- Cluster: 0
- Churn Risk: No"
17900.0,2,1,534.5999999999999,190,2.0,0,1,Dormant Customers,"
       Customer Profile:
- Orders: 2
- Active Months: 1
- Avg Order Value: 534.60
- Recency: 190
- Frequency: 2.0
- Cluster: 0
- Churn Risk: Yes"
17901.0,1,1,41.78,29,1.0,1,0,Occasional Customers,"
       Customer Profile:
- Orders: 1
- Active Months: 1
- Avg Order Value: 41.78
- Recency: 29
- Frequency: 1.0
- Cluster: 1
- Churn Risk: No"
17904.0,1,1,91.62,21,1.0,1,0,Occasional Customers,"
       Customer Profile:
- Orders: 1
- Active Months: 1
- Avg Order Value: 91.62
- Recency: 21
- Frequency: 1.0
- Cluster: 1
- Churn Risk: No"
17905.0,4,3,122.785,71,1.3333333333333333,1,0,Occasional Customers,"
       Customer Profile:
- Orders: 4
- Active Months: 3
- Avg Order Value: 122.78
- Recency: 71
- Frequency: 1.3333333333333333
- Cluster: 1
- Churn Risk: No"
17906.0,1,1,55.95,247,1.0,0,1,Dormant Customers,"
       Customer Profile:
- Orders: 1
- Active Months: 1
- Avg Order Value: 55.95
- Recency: 247
- Frequency: 1.0
- Cluster: 0
- Churn Risk: Yes"
17908.0,1,1,223.87,368,1.0,0,1,Dormant Customers,"
       Customer Profile:
- Orders: 1
- Active Months: 1
- Avg Order Value: 223.87
- Recency: 368
- Frequency: 1.0
- Cluster: 0
- Churn Risk: Yes"
17911.0,1,1,633.52,9,1.0,1,0,Occasional Customers,"
       Customer Profile:
- Orders: 1
- Active Months: 1
- Avg Order Value: 633.52
- Recency: 9
- Frequency: 1.0
- Cluster: 1
- Churn Risk: No"
17912.0,5,2,39.970000000000006,310,2.5,0,1,Dormant Customers,"
       Customer Profile:
- Orders: 5
- Active Months: 2
- Avg Order Value: 39.97
- Recency: 310
- Frequency: 2.5
- Cluster: 0
- Churn Risk: Yes"
17913.0,2,2,458.635,58,1.0,1,0,Occasional Customers,"
       Customer Profile:
- Orders: 2
- Active Months: 2
- Avg Order Value: 458.63
- Recency: 58
- Frequency: 1.0
- Cluster: 1
- Churn Risk: No"
17914.0,1,1,520.76,3,1.0,1,0,Occasional Customers,"
       Customer Profile:
- Orders: 1
- Active Months: 1
- Avg Order Value: 520.76
- Recency: 3
- Frequency: 1.0
- Cluster: 1
- Churn Risk: No"
17917.0,3,3,141.74666666666667,45,1.0,1,0,Occasional Customers,"
       Customer Profile:
- Orders: 3
- Active Months: 3
- Avg Order Value: 141.75
- Recency: 45
- Frequency: 1.0
- Cluster: 1
- Churn Risk: No"
17919.0,1,1,879.5400000000001,88,1.0,1,0,Occasional Customers,"
       Customer Profile:
- Orders: 1
- Active Months: 1
- Avg Order Value: 879.54
- Recency: 88
- Frequency: 1.0
- Cluster: 1
- Churn Risk: No"
17920.0,17,10,283.5076470588235,4,1.7,2,0,Frequent Customers,"
       Customer Profile:
- Orders: 17
- Active Months: 10
- Avg Order Value: 283.51
- Recency: 4
- Frequency: 1.7
- Cluster: 2
- Churn Risk: No"
17921.0,4,4,192.345,64,1.0,1,0,Occasional Customers,"
       Customer Profile:
- Orders: 4
- Active Months: 4
- Avg Order Value: 192.34
- Recency: 64
- Frequency: 1.0
- Cluster: 1
- Churn Risk: No"
17923.0,1,1,112.05,282,1.0,0,1,Dormant Customers,"
       Customer Profile:
- Orders: 1
- Active Months: 1
- Avg Order Value: 112.05
- Recency: 282
- Frequency: 1.0
- Cluster: 0
- Churn Risk: Yes"
17924.0,7,4,314.25857142857143,11,1.75,1,0,Occasional Customers,"
       Customer Profile:
- Orders: 7
- Active Months: 4
- Avg Order Value: 314.26
- Recency: 11
- Frequency: 1.75
- Cluster: 1
- Churn Risk: No"
17925.0,1,1,91.53,368,1.0,0,1,Dormant Customers,"
       Customer Profile:
- Orders: 1
- Active Months: 1
- Avg Order Value: 91.53
- Recency: 368
- Frequency: 1.0
- Cluster: 0
- Churn Risk: Yes"
17926.0,2,2,173.78500000000005,133,1.0,0,0,Dormant Customers,"
       Customer Profile:
- Orders: 2
- Active Months: 2
- Avg Order Value: 173.79
- Recency: 133
- Frequency: 1.0
- Cluster: 0
- Churn Risk: No"
17928.0,2,2,83.045,45,1.0,1,0,Occasional Customers,"
       Customer Profile:
- Orders: 2
- Active Months: 2
- Avg Order Value: 83.05
- Recency: 45
- Frequency: 1.0
- Cluster: 1
- Churn Risk: No"
17929.0,1,1,196.2,308,1.0,0,1,Dormant Customers,"
       Customer Profile:
- Orders: 1
- Active Months: 1
- Avg Order Value: 196.20
- Recency: 308
- Frequency: 1.0
- Cluster: 0
- Churn Risk: Yes"
17930.0,5,5,228.42,35,1.0,1,0,Occasional Customers,"
       Customer Profile:
- Orders: 5
- Active Months: 5
- Avg Order Value: 228.42
- Recency: 35
- Frequency: 1.0
- Cluster: 1
- Churn Risk: No"
17931.0,2,2,147.48000000000002,134,1.0,0,0,Dormant Customers,"
       Customer Profile:
- Orders: 2
- Active Months: 2
- Avg Order Value: 147.48
- Recency: 134
- Frequency: 1.0
- Cluster: 0
- Churn Risk: No"
17932.0,3,3,495.5733333333333,29,1.0,1,0,Occasional Customers,"
       Customer Profile:
- Orders: 3
- Active Months: 3
- Avg Order Value: 495.57
- Recency: 29
- Frequency: 1.0
- Cluster: 1
- Churn Risk: No"
17934.0,2,1,729.765,51,2.0,1,0,Occasional Customers,"
       Customer Profile:
- Orders: 2
- Active Months: 1
- Avg Order Value: 729.76
- Recency: 51
- Frequency: 2.0
- Cluster: 1
- Churn Risk: No"
17935.0,2,1,74.25500000000001,138,2.0,1,0,Occasional Customers,"
       Customer Profile:
- Orders: 2
- Active Months: 1
- Avg Order Value: 74.26
- Recency: 138
- Frequency: 2.0
- Cluster: 1
- Churn Risk: No"
17936.0,1,1,655.06,5,1.0,1,0,Occasional Customers,"
       Customer Profile:
- Orders: 1
- Active Months: 1
- Avg Order Value: 655.06
- Recency: 5
- Frequency: 1.0
- Cluster: 1
- Churn Risk: No"
17937.0,7,6,341.74285714285713,8,1.1666666666666667,1,0,Occasional Customers,"
       Customer Profile:
- Orders: 7
- Active Months: 6
- Avg Order Value: 341.74
- Recency: 8
- Frequency: 1.1666666666666667
- Cluster: 1
- Churn Risk: No"
17939.0,1,1,297.42,159,1.0,0,0,Dormant Customers,"
       Customer Profile:
- Orders: 1
- Active Months: 1
- Avg Order Value: 297.42
- Recency: 159
- Frequency: 1.0
- Cluster: 0
- Churn Risk: No"
17940.0,9,7,22.6365,49,1.2857142857142858,1,0,Occasional Customers,"
       Customer Profile:
- Orders: 9
- Active Months: 7
- Avg Order Value: 22.64
- Recency: 49
- Frequency: 1.2857142857142858
- Cluster: 1
- Churn Risk: No"
17941.0,1,1,338.85,130,1.0,0,0,Dormant Customers,"
       Customer Profile:
- Orders: 1
- Active Months: 1
- Avg Order Value: 338.85
- Recency: 130
- Frequency: 1.0
- Cluster: 0
- Churn Risk: No"
17942.0,1,1,58.6,7,1.0,1,0,Occasional Customers,"
       Customer Profile:
- Orders: 1
- Active Months: 1
- Avg Order Value: 58.60
- Recency: 7
- Frequency: 1.0
- Cluster: 1
- Churn Risk: No"
17946.0,2,2,39.89,233,1.0,0,1,Dormant Customers,"
       Customer Profile:
- Orders: 2
- Active Months: 2
- Avg Order Value: 39.89
- Recency: 233
- Frequency: 1.0
- Cluster: 0
- Churn Risk: Yes"
17947.0,1,1,170.43,37,1.0,1,0,Occasional Customers,"
       Customer Profile:
- Orders: 1
- Active Months: 1
- Avg Order Value: 170.43
- Recency: 37
- Frequency: 1.0
- Cluster: 1
- Churn Risk: No"
17948.0,1,1,67.23,147,1.0,0,0,Dormant Customers,"
       Customer Profile:
- Orders: 1
- Active Months: 1
- Avg Order Value: 67.23
- Recency: 147
- Frequency: 1.0
- Cluster: 0
- Churn Risk: No"
17949.0,37,11,126.26486486486488,1,3.0,2,0,Frequent Customers,"
       Customer Profile:
- Orders: 37
- Active Months: 11
- Avg Order Value: 126.26
- Recency: 1
- Frequency: 3.0
- Cluster: 2
- Churn Risk: No"
17950.0,3,2,124.32666666666668,72,1.5,1,0,Occasional Customers,"
       Customer Profile:
- Orders: 3
- Active Months: 2
- Avg Order Value: 124.33
- Recency: 72
- Frequency: 1.5
- Cluster: 1
- Churn Risk: No"
17951.0,3,2,409.53,39,1.5,1,0,Occasional Customers,"
       Customer Profile:
- Orders: 3
- Active Months: 2
- Avg Order Value: 409.53
- Recency: 39
- Frequency: 1.5
- Cluster: 1
- Churn Risk: No"
17954.0,11,9,271.3609090909091,5,1.2222222222222223,2,0,Frequent Customers,"
       Customer Profile:
- Orders: 11
- Active Months: 9
- Avg Order Value: 271.36
- Recency: 5
- Frequency: 1.2222222222222223
- Cluster: 2
- Churn Risk: No"
17955.0,3,1,26.183333333333334,198,3.0,2,1,Frequent Customers,"
       Customer Profile:
- Orders: 3
- Active Months: 1
- Avg Order Value: 26.18
- Recency: 198
- Frequency: 3.0
- Cluster: 2
- Churn Risk: Yes"
17957.0,1,1,108.67,66,1.0,1,0,Occasional Customers,"
       Customer Profile:
- Orders: 1
- Active Months: 1
- Avg Order Value: 108.67
- Recency: 66
- Frequency: 1.0
- Cluster: 1
- Churn Risk: No"
17958.0,1,1,1497.76,116,1.0,1,0,Occasional Customers,"
       Customer Profile:
- Orders: 1
- Active Months: 1
- Avg Order Value: 1497.76
- Recency: 116
- Frequency: 1.0
- Cluster: 1
- Churn Risk: No"
17960.0,1,1,73.78,171,1.0,0,0,Dormant Customers,"
       Customer Profile:
- Orders: 1
- Active Months: 1
- Avg Order Value: 73.78
- Recency: 171
- Frequency: 1.0
- Cluster: 0
- Churn Risk: No"
17961.0,37,11,25.803243243243244,21,3.0,2,0,Frequent Customers,"
       Customer Profile:
- Orders: 37
- Active Months: 11
- Avg Order Value: 25.80
- Recency: 21
- Frequency: 3.0
- Cluster: 2
- Churn Risk: No"
17962.0,1,1,89.85,142,1.0,0,0,Dormant Customers,"
       Customer Profile:
- Orders: 1
- Active Months: 1
- Avg Order Value: 89.85
- Recency: 142
- Frequency: 1.0
- Cluster: 0
- Churn Risk: No"
17964.0,2,2,168.79500000000002,31,1.0,1,0,Occasional Customers,"
       Customer Profile:
- Orders: 2
- Active Months: 2
- Avg Order Value: 168.80
- Recency: 31
- Frequency: 1.0
- Cluster: 1
- Churn Risk: No"
17965.0,14,9,150.62071428571429,37,1.5555555555555556,2,0,Frequent Customers,"
       Customer Profile:
- Orders: 14
- Active Months: 9
- Avg Order Value: 150.62
- Recency: 37
- Frequency: 1.5555555555555556
- Cluster: 2
- Churn Risk: No"
17966.0,5,4,85.518,37,1.25,1,0,Occasional Customers,"
       Customer Profile:
- Orders: 5
- Active Months: 4
- Avg Order Value: 85.52
- Recency: 37
- Frequency: 1.25
- Cluster: 1
- Churn Risk: No"
17967.0,1,1,84.42,368,1.0,0,1,Dormant Customers,"
       Customer Profile:
- Orders: 1
- Active Months: 1
- Avg Order Value: 84.42
- Recency: 368
- Frequency: 1.0
- Cluster: 0
- Churn Risk: Yes"
17968.0,1,1,257.15,368,1.0,0,1,Dormant Customers,"
       Customer Profile:
- Orders: 1
- Active Months: 1
- Avg Order Value: 257.15
- Recency: 368
- Frequency: 1.0
- Cluster: 0
- Churn Risk: Yes"
17969.0,2,2,73.495,166,1.0,0,0,Dormant Customers,"
       Customer Profile:
- Orders: 2
- Active Months: 2
- Avg Order Value: 73.50
- Recency: 166
- Frequency: 1.0
- Cluster: 0
- Churn Risk: No"
17970.0,1,1,370.05,211,1.0,0,1,Dormant Customers,"
       Customer Profile:
- Orders: 1
- Active Months: 1
- Avg Order Value: 370.05
- Recency: 211
- Frequency: 1.0
- Cluster: 0
- Churn Risk: Yes"
17972.0,1,1,96.54,241,1.0,0,1,Dormant Customers,"
       Customer Profile:
- Orders: 1
- Active Months: 1
- Avg Order Value: 96.54
- Recency: 241
- Frequency: 1.0
- Cluster: 0
- Churn Risk: Yes"
17973.0,1,1,302.72,51,1.0,1,0,Occasional Customers,"
       Customer Profile:
- Orders: 1
- Active Months: 1
- Avg Order Value: 302.72
- Recency: 51
- Frequency: 1.0
- Cluster: 1
- Churn Risk: No"
17974.0,3,3,218.7433333333333,24,1.0,1,0,Occasional Customers,"
       Customer Profile:
- Orders: 3
- Active Months: 3
- Avg Order Value: 218.74
- Recency: 24
- Frequency: 1.0
- Cluster: 1
- Churn Risk: No"
17975.0,13,10,520.0715384615385,15,1.3,2,0,Frequent Customers,"
       Customer Profile:
- Orders: 13
- Active Months: 10
- Avg Order Value: 520.07
- Recency: 15
- Frequency: 1.3
- Cluster: 2
- Churn Risk: No"
17976.0,1,1,282.64,368,1.0,0,1,Dormant Customers,"
       Customer Profile:
- Orders: 1
- Active Months: 1
- Avg Order Value: 282.64
- Recency: 368
- Frequency: 1.0
- Cluster: 0
- Churn Risk: Yes"
17977.0,1,1,147.94,29,1.0,1,0,Occasional Customers,"
       Customer Profile:
- Orders: 1
- Active Months: 1
- Avg Order Value: 147.94
- Recency: 29
- Frequency: 1.0
- Cluster: 1
- Churn Risk: No"
17978.0,1,1,139.22,365,1.0,0,1,Dormant Customers,"
       Customer Profile:
- Orders: 1
- Active Months: 1
- Avg Order Value: 139.22
- Recency: 365
- Frequency: 1.0
- Cluster: 0
- Churn Risk: Yes"
17979.0,4,3,223.02,35,1.3333333333333333,1,0,Occasional Customers,"
       Customer Profile:
- Orders: 4
- Active Months: 3
- Avg Order Value: 223.02
- Recency: 35
- Frequency: 1.3333333333333333
- Cluster: 1
- Churn Risk: No"
17980.0,3,3,162.99,165,1.0,0,0,Dormant Customers,"
       Customer Profile:
- Orders: 3
- Active Months: 3
- Avg Order Value: 162.99
- Recency: 165
- Frequency: 1.0
- Cluster: 0
- Churn Risk: No"
17984.0,1,1,263.36,145,1.0,0,0,Dormant Customers,"
       Customer Profile:
- Orders: 1
- Active Months: 1
- Avg Order Value: 263.36
- Recency: 145
- Frequency: 1.0
- Cluster: 0
- Churn Risk: No"
17985.0,1,1,579.45,22,1.0,1,0,Occasional Customers,"
       Customer Profile:
- Orders: 1
- Active Months: 1
- Avg Order Value: 579.45
- Recency: 22
- Frequency: 1.0
- Cluster: 1
- Churn Risk: No"
17986.0,1,1,22.6365,56,1.0,1,0,Occasional Customers,"
       Customer Profile:
- Orders: 1
- Active Months: 1
- Avg Order Value: 22.64
- Recency: 56
- Frequency: 1.0
- Cluster: 1
- Churn Risk: No"
17987.0,1,1,172.26,185,1.0,0,1,Dormant Customers,"
       Customer Profile:
- Orders: 1
- Active Months: 1
- Avg Order Value: 172.26
- Recency: 185
- Frequency: 1.0
- Cluster: 0
- Churn Risk: Yes"
17988.0,7,4,22.6365,11,1.75,1,0,Occasional Customers,"
       Customer Profile:
- Orders: 7
- Active Months: 4
- Avg Order Value: 22.64
- Recency: 11
- Frequency: 1.75
- Cluster: 1
- Churn Risk: No"
17990.0,3,2,416.42333333333335,236,1.5,0,1,Dormant Customers,"
       Customer Profile:
- Orders: 3
- Active Months: 2
- Avg Order Value: 416.42
- Recency: 236
- Frequency: 1.5
- Cluster: 0
- Churn Risk: Yes"
17991.0,2,1,36.875,225,2.0,0,1,Dormant Customers,"
       Customer Profile:
- Orders: 2
- Active Months: 1
- Avg Order Value: 36.88
- Recency: 225
- Frequency: 2.0
- Cluster: 0
- Churn Risk: Yes"
17994.0,4,4,147.73,121,1.0,1,0,Occasional Customers,"
       Customer Profile:
- Orders: 4
- Active Months: 4
- Avg Order Value: 147.73
- Recency: 121
- Frequency: 1.0
- Cluster: 1
- Churn Risk: No"
17995.0,1,1,34.94,281,1.0,0,1,Dormant Customers,"
       Customer Profile:
- Orders: 1
- Active Months: 1
- Avg Order Value: 34.94
- Recency: 281
- Frequency: 1.0
- Cluster: 0
- Churn Risk: Yes"
17997.0,8,3,216.46375,74,2.6666666666666665,2,0,Frequent Customers,"
       Customer Profile:
- Orders: 8
- Active Months: 3
- Avg Order Value: 216.46
- Recency: 74
- Frequency: 2.6666666666666665
- Cluster: 2
- Churn Risk: No"
17999.0,2,2,529.245,37,1.0,1,0,Occasional Customers,"
       Customer Profile:
- Orders: 2
- Active Months: 2
- Avg Order Value: 529.25
- Recency: 37
- Frequency: 1.0
- Cluster: 1
- Churn Risk: No"
18001.0,2,2,208.1,12,1.0,1,0,Occasional Customers,"
       Customer Profile:
- Orders: 2
- Active Months: 2
- Avg Order Value: 208.10
- Recency: 12
- Frequency: 1.0
- Cluster: 1
- Churn Risk: No"
18004.0,1,1,224.74,362,1.0,0,1,Dormant Customers,"
       Customer Profile:
- Orders: 1
- Active Months: 1
- Avg Order Value: 224.74
- Recency: 362
- Frequency: 1.0
- Cluster: 0
- Churn Risk: Yes"
18005.0,2,2,203.58,3,1.0,1,0,Occasional Customers,"
       Customer Profile:
- Orders: 2
- Active Months: 2
- Avg Order Value: 203.58
- Recency: 3
- Frequency: 1.0
- Cluster: 1
- Churn Risk: No"
18006.0,1,1,324.43,23,1.0,1,0,Occasional Customers,"
       Customer Profile:
- Orders: 1
- Active Months: 1
- Avg Order Value: 324.43
- Recency: 23
- Frequency: 1.0
- Cluster: 1
- Churn Risk: No"
18008.0,9,5,52.0611111111111,70,1.8,2,0,Frequent Customers,"
       Customer Profile:
- Orders: 9
- Active Months: 5
- Avg Order Value: 52.06
- Recency: 70
- Frequency: 1.8
- Cluster: 2
- Churn Risk: No"
18009.0,1,1,182.29,235,1.0,0,1,Dormant Customers,"
       Customer Profile:
- Orders: 1
- Active Months: 1
- Avg Order Value: 182.29
- Recency: 235
- Frequency: 1.0
- Cluster: 0
- Churn Risk: Yes"
18010.0,1,1,61.6,256,1.0,0,1,Dormant Customers,"
       Customer Profile:
- Orders: 1
- Active Months: 1
- Avg Order Value: 61.60
- Recency: 256
- Frequency: 1.0
- Cluster: 0
- Churn Risk: Yes"
18011.0,1,1,92.84,368,1.0,0,1,Dormant Customers,"
       Customer Profile:
- Orders: 1
- Active Months: 1
- Avg Order Value: 92.84
- Recency: 368
- Frequency: 1.0
- Cluster: 0
- Churn Risk: Yes"
18013.0,2,1,83.265,155,2.0,0,0,Dormant Customers,"
       Customer Profile:
- Orders: 2
- Active Months: 1
- Avg Order Value: 83.27
- Recency: 155
- Frequency: 2.0
- Cluster: 0
- Churn Risk: No"
18014.0,1,1,585.28,28,1.0,1,0,Occasional Customers,"
       Customer Profile:
- Orders: 1
- Active Months: 1
- Avg Order Value: 585.28
- Recency: 28
- Frequency: 1.0
- Cluster: 1
- Churn Risk: No"
18015.0,1,1,120.03,4,1.0,1,0,Occasional Customers,"
       Customer Profile:
- Orders: 1
- Active Months: 1
- Avg Order Value: 120.03
- Recency: 4
- Frequency: 1.0
- Cluster: 1
- Churn Risk: No"
18016.0,5,5,297.338,32,1.0,1,0,Occasional Customers,"
       Customer Profile:
- Orders: 5
- Active Months: 5
- Avg Order Value: 297.34
- Recency: 32
- Frequency: 1.0
- Cluster: 1
- Churn Risk: No"
18017.0,3,3,111.51,81,1.0,1,0,Occasional Customers,"
       Customer Profile:
- Orders: 3
- Active Months: 3
- Avg Order Value: 111.51
- Recency: 81
- Frequency: 1.0
- Cluster: 1
- Churn Risk: No"
18018.0,2,2,26.795,108,1.0,1,0,Occasional Customers,"
       Customer Profile:
- Orders: 2
- Active Months: 2
- Avg Order Value: 26.80
- Recency: 108
- Frequency: 1.0
- Cluster: 1
- Churn Risk: No"
18019.0,1,1,28.5,51,1.0,1,0,Occasional Customers,"
       Customer Profile:
- Orders: 1
- Active Months: 1
- Avg Order Value: 28.50
- Recency: 51
- Frequency: 1.0
- Cluster: 1
- Churn Risk: No"
18022.0,1,1,561.96,35,1.0,1,0,Occasional Customers,"
       Customer Profile:
- Orders: 1
- Active Months: 1
- Avg Order Value: 561.96
- Recency: 35
- Frequency: 1.0
- Cluster: 1
- Churn Risk: No"
18024.0,2,1,255.28,152,2.0,0,0,Dormant Customers,"
       Customer Profile:
- Orders: 2
- Active Months: 1
- Avg Order Value: 255.28
- Recency: 152
- Frequency: 2.0
- Cluster: 0
- Churn Risk: No"
18027.0,1,1,115.31,98,1.0,1,0,Occasional Customers,"
       Customer Profile:
- Orders: 1
- Active Months: 1
- Avg Order Value: 115.31
- Recency: 98
- Frequency: 1.0
- Cluster: 1
- Churn Risk: No"
18030.0,2,2,57.55,4,1.0,1,0,Occasional Customers,"
       Customer Profile:
- Orders: 2
- Active Months: 2
- Avg Order Value: 57.55
- Recency: 4
- Frequency: 1.0
- Cluster: 1
- Churn Risk: No"
18032.0,1,1,147.0,334,1.0,0,1,Dormant Customers,"
       Customer Profile:
- Orders: 1
- Active Months: 1
- Avg Order Value: 147.00
- Recency: 334
- Frequency: 1.0
- Cluster: 0
- Churn Risk: Yes"
18033.0,1,1,86.4,65,1.0,1,0,Occasional Customers,"
       Customer Profile:
- Orders: 1
- Active Months: 1
- Avg Order Value: 86.40
- Recency: 65
- Frequency: 1.0
- Cluster: 1
- Churn Risk: No"
18034.0,2,1,192.75,21,2.0,1,0,Occasional Customers,"
       Customer Profile:
- Orders: 2
- Active Months: 1
- Avg Order Value: 192.75
- Recency: 21
- Frequency: 2.0
- Cluster: 1
- Churn Risk: No"
18035.0,3,2,174.99,35,1.5,1,0,Occasional Customers,"
       Customer Profile:
- Orders: 3
- Active Months: 2
- Avg Order Value: 174.99
- Recency: 35
- Frequency: 1.5
- Cluster: 1
- Churn Risk: No"
18036.0,3,3,184.1833333333333,32,1.0,1,0,Occasional Customers,"
       Customer Profile:
- Orders: 3
- Active Months: 3
- Avg Order Value: 184.18
- Recency: 32
- Frequency: 1.0
- Cluster: 1
- Churn Risk: No"
18037.0,6,5,22.6365,154,1.2,1,0,Occasional Customers,"
       Customer Profile:
- Orders: 6
- Active Months: 5
- Avg Order Value: 22.64
- Recency: 154
- Frequency: 1.2
- Cluster: 1
- Churn Risk: No"
18040.0,2,2,321.9,19,1.0,1,0,Occasional Customers,"
       Customer Profile:
- Orders: 2
- Active Months: 2
- Avg Order Value: 321.90
- Recency: 19
- Frequency: 1.0
- Cluster: 1
- Churn Risk: No"
18041.0,21,11,273.50714285714287,11,1.9090909090909087,2,0,Frequent Customers,"
       Customer Profile:
- Orders: 21
- Active Months: 11
- Avg Order Value: 273.51
- Recency: 11
- Frequency: 1.9090909090909087
- Cluster: 2
- Churn Risk: No"
18042.0,1,1,93.35,53,1.0,1,0,Occasional Customers,"
       Customer Profile:
- Orders: 1
- Active Months: 1
- Avg Order Value: 93.35
- Recency: 53
- Frequency: 1.0
- Cluster: 1
- Churn Risk: No"
18043.0,3,3,533.13,24,1.0,1,0,Occasional Customers,"
       Customer Profile:
- Orders: 3
- Active Months: 3
- Avg Order Value: 533.13
- Recency: 24
- Frequency: 1.0
- Cluster: 1
- Churn Risk: No"
18044.0,10,8,157.812,4,1.25,2,0,Frequent Customers,"
       Customer Profile:
- Orders: 10
- Active Months: 8
- Avg Order Value: 157.81
- Recency: 4
- Frequency: 1.25
- Cluster: 2
- Churn Risk: No"
18045.0,1,1,145.09,45,1.0,1,0,Occasional Customers,"
       Customer Profile:
- Orders: 1
- Active Months: 1
- Avg Order Value: 145.09
- Recency: 45
- Frequency: 1.0
- Cluster: 1
- Churn Risk: No"
18048.0,2,1,62.295,203,2.0,0,1,Dormant Customers,"
       Customer Profile:
- Orders: 2
- Active Months: 1
- Avg Order Value: 62.30
- Recency: 203
- Frequency: 2.0
- Cluster: 0
- Churn Risk: Yes"
18050.0,1,1,74.4,359,1.0,0,1,Dormant Customers,"
       Customer Profile:
- Orders: 1
- Active Months: 1
- Avg Order Value: 74.40
- Recency: 359
- Frequency: 1.0
- Cluster: 0
- Churn Risk: Yes"
18053.0,1,1,283.02,70,1.0,1,0,Occasional Customers,"
       Customer Profile:
- Orders: 1
- Active Months: 1
- Avg Order Value: 283.02
- Recency: 70
- Frequency: 1.0
- Cluster: 1
- Churn Risk: No"
18055.0,10,7,775.932,7,1.4285714285714286,2,0,Frequent Customers,"
       Customer Profile:
- Orders: 10
- Active Months: 7
- Avg Order Value: 775.93
- Recency: 7
- Frequency: 1.4285714285714286
- Cluster: 2
- Churn Risk: No"
18056.0,1,1,293.7,288,1.0,0,1,Dormant Customers,"
       Customer Profile:
- Orders: 1
- Active Months: 1
- Avg Order Value: 293.70
- Recency: 288
- Frequency: 1.0
- Cluster: 0
- Churn Risk: Yes"
18058.0,1,1,289.32,9,1.0,1,0,Occasional Customers,"
       Customer Profile:
- Orders: 1
- Active Months: 1
- Avg Order Value: 289.32
- Recency: 9
- Frequency: 1.0
- Cluster: 1
- Churn Risk: No"
18059.0,3,2,96.85333333333334,23,1.5,1,0,Occasional Customers,"
       Customer Profile:
- Orders: 3
- Active Months: 2
- Avg Order Value: 96.85
- Recency: 23
- Frequency: 1.5
- Cluster: 1
- Churn Risk: No"
18061.0,10,10,166.34,21,1.0,2,0,Frequent Customers,"
       Customer Profile:
- Orders: 10
- Active Months: 10
- Avg Order Value: 166.34
- Recency: 21
- Frequency: 1.0
- Cluster: 2
- Churn Risk: No"
18062.0,3,3,550.7900000000001,173,1.0,0,0,Dormant Customers,"
       Customer Profile:
- Orders: 3
- Active Months: 3
- Avg Order Value: 550.79
- Recency: 173
- Frequency: 1.0
- Cluster: 0
- Churn Risk: No"
18064.0,2,2,141.18,133,1.0,0,0,Dormant Customers,"
       Customer Profile:
- Orders: 2
- Active Months: 2
- Avg Order Value: 141.18
- Recency: 133
- Frequency: 1.0
- Cluster: 0
- Churn Risk: No"
18065.0,14,6,148.15928571428572,5,2.333333333333333,2,0,Frequent Customers,"
       Customer Profile:
- Orders: 14
- Active Months: 6
- Avg Order Value: 148.16
- Recency: 5
- Frequency: 2.333333333333333
- Cluster: 2
- Churn Risk: No"
18066.0,1,1,636.0,75,1.0,1,0,Occasional Customers,"
       Customer Profile:
- Orders: 1
- Active Months: 1
- Avg Order Value: 636.00
- Recency: 75
- Frequency: 1.0
- Cluster: 1
- Churn Risk: No"
18067.0,1,1,638.06,40,1.0,1,0,Occasional Customers,"
       Customer Profile:
- Orders: 1
- Active Months: 1
- Avg Order Value: 638.06
- Recency: 40
- Frequency: 1.0
- Cluster: 1
- Churn Risk: No"
18069.0,5,5,963.426,26,1.0,1,0,Occasional Customers,"
       Customer Profile:
- Orders: 5
- Active Months: 5
- Avg Order Value: 963.43
- Recency: 26
- Frequency: 1.0
- Cluster: 1
- Churn Risk: No"
18071.0,2,2,280.05,257,1.0,0,1,Dormant Customers,"
       Customer Profile:
- Orders: 2
- Active Months: 2
- Avg Order Value: 280.05
- Recency: 257
- Frequency: 1.0
- Cluster: 0
- Churn Risk: Yes"
18072.0,1,1,247.44,185,1.0,0,1,Dormant Customers,"
       Customer Profile:
- Orders: 1
- Active Months: 1
- Avg Order Value: 247.44
- Recency: 185
- Frequency: 1.0
- Cluster: 0
- Churn Risk: Yes"
18073.0,12,4,108.12916666666666,114,3.0,2,0,Frequent Customers,"
       Customer Profile:
- Orders: 12
- Active Months: 4
- Avg Order Value: 108.13
- Recency: 114
- Frequency: 3.0
- Cluster: 2
- Churn Risk: No"
18074.0,1,1,310.85,368,1.0,0,1,Dormant Customers,"
       Customer Profile:
- Orders: 1
- Active Months: 1
- Avg Order Value: 310.85
- Recency: 368
- Frequency: 1.0
- Cluster: 0
- Churn Risk: Yes"
18075.0,10,9,217.362,23,1.1111111111111112,2,0,Frequent Customers,"
       Customer Profile:
- Orders: 10
- Active Months: 9
- Avg Order Value: 217.36
- Recency: 23
- Frequency: 1.1111111111111112
- Cluster: 2
- Churn Risk: No"
18077.0,11,8,427.8554545454545,8,1.375,2,0,Frequent Customers,"
       Customer Profile:
- Orders: 11
- Active Months: 8
- Avg Order Value: 427.86
- Recency: 8
- Frequency: 1.375
- Cluster: 2
- Churn Risk: No"
18078.0,2,2,127.415,217,1.0,0,1,Dormant Customers,"
       Customer Profile:
- Orders: 2
- Active Months: 2
- Avg Order Value: 127.42
- Recency: 217
- Frequency: 1.0
- Cluster: 0
- Churn Risk: Yes"
18079.0,4,3,355.48,45,1.3333333333333333,1,0,Occasional Customers,"
       Customer Profile:
- Orders: 4
- Active Months: 3
- Avg Order Value: 355.48
- Recency: 45
- Frequency: 1.3333333333333333
- Cluster: 1
- Churn Risk: No"
18080.0,2,2,51.3,18,1.0,1,0,Occasional Customers,"
       Customer Profile:
- Orders: 2
- Active Months: 2
- Avg Order Value: 51.30
- Recency: 18
- Frequency: 1.0
- Cluster: 1
- Churn Risk: No"
18081.0,3,3,100.64,36,1.0,1,0,Occasional Customers,"
       Customer Profile:
- Orders: 3
- Active Months: 3
- Avg Order Value: 100.64
- Recency: 36
- Frequency: 1.0
- Cluster: 1
- Churn Risk: No"
18082.0,1,1,592.3100000000001,25,1.0,1,0,Occasional Customers,"
       Customer Profile:
- Orders: 1
- Active Months: 1
- Avg Order Value: 592.31
- Recency: 25
- Frequency: 1.0
- Cluster: 1
- Churn Risk: No"
18084.0,1,1,22.6365,16,1.0,1,0,Occasional Customers,"
       Customer Profile:
- Orders: 1
- Active Months: 1
- Avg Order Value: 22.64
- Recency: 16
- Frequency: 1.0
- Cluster: 1
- Churn Risk: No"
18085.0,2,2,344.975,330,1.0,0,1,Dormant Customers,"
       Customer Profile:
- Orders: 2
- Active Months: 2
- Avg Order Value: 344.98
- Recency: 330
- Frequency: 1.0
- Cluster: 0
- Churn Risk: Yes"
18086.0,1,1,101.34,274,1.0,0,1,Dormant Customers,"
       Customer Profile:
- Orders: 1
- Active Months: 1
- Avg Order Value: 101.34
- Recency: 274
- Frequency: 1.0
- Cluster: 0
- Churn Risk: Yes"
18087.0,1,1,22.6365,290,1.0,0,1,Dormant Customers,"
       Customer Profile:
- Orders: 1
- Active Months: 1
- Avg Order Value: 22.64
- Recency: 290
- Frequency: 1.0
- Cluster: 0
- Churn Risk: Yes"
18088.0,1,1,264.06,61,1.0,1,0,Occasional Customers,"
       Customer Profile:
- Orders: 1
- Active Months: 1
- Avg Order Value: 264.06
- Recency: 61
- Frequency: 1.0
- Cluster: 1
- Churn Risk: No"
18092.0,11,8,1270.8527272727274,2,1.375,2,0,Frequent Customers,"
       Customer Profile:
- Orders: 11
- Active Months: 8
- Avg Order Value: 1270.85
- Recency: 2
- Frequency: 1.375
- Cluster: 2
- Churn Risk: No"
18093.0,4,3,342.4475,93,1.3333333333333333,1,0,Occasional Customers,"
       Customer Profile:
- Orders: 4
- Active Months: 3
- Avg Order Value: 342.45
- Recency: 93
- Frequency: 1.3333333333333333
- Cluster: 1
- Churn Risk: No"
18094.0,7,5,354.4142857142857,81,1.4,1,0,Occasional Customers,"
       Customer Profile:
- Orders: 7
- Active Months: 5
- Avg Order Value: 354.41
- Recency: 81
- Frequency: 1.4
- Cluster: 1
- Churn Risk: No"
18095.0,2,1,224.25,312,2.0,0,1,Dormant Customers,"
       Customer Profile:
- Orders: 2
- Active Months: 1
- Avg Order Value: 224.25
- Recency: 312
- Frequency: 2.0
- Cluster: 0
- Churn Risk: Yes"
18096.0,3,2,250.1533333333333,11,1.5,1,0,Occasional Customers,"
       Customer Profile:
- Orders: 3
- Active Months: 2
- Avg Order Value: 250.15
- Recency: 11
- Frequency: 1.5
- Cluster: 1
- Churn Risk: No"
18097.0,6,5,480.20666666666665,7,1.2,1,0,Occasional Customers,"
       Customer Profile:
- Orders: 6
- Active Months: 5
- Avg Order Value: 480.21
- Recency: 7
- Frequency: 1.2
- Cluster: 1
- Churn Risk: No"
18099.0,1,1,160.36,127,1.0,0,0,Dormant Customers,"
       Customer Profile:
- Orders: 1
- Active Months: 1
- Avg Order Value: 160.36
- Recency: 127
- Frequency: 1.0
- Cluster: 0
- Churn Risk: No"
18101.0,2,2,81.35,11,1.0,1,0,Occasional Customers,"
       Customer Profile:
- Orders: 2
- Active Months: 2
- Avg Order Value: 81.35
- Recency: 11
- Frequency: 1.0
- Cluster: 1
- Churn Risk: No"
18102.0,56,12,834.7398214285714,1,3.0,2,0,Frequent Customers,"
       Customer Profile:
- Orders: 56
- Active Months: 12
- Avg Order Value: 834.74
- Recency: 1
- Frequency: 3.0
- Cluster: 2
- Churn Risk: No"
18104.0,1,1,424.64,37,1.0,1,0,Occasional Customers,"
       Customer Profile:
- Orders: 1
- Active Months: 1
- Avg Order Value: 424.64
- Recency: 37
- Frequency: 1.0
- Cluster: 1
- Churn Risk: No"
18105.0,1,1,103.53,37,1.0,1,0,Occasional Customers,"
       Customer Profile:
- Orders: 1
- Active Months: 1
- Avg Order Value: 103.53
- Recency: 37
- Frequency: 1.0
- Cluster: 1
- Churn Risk: No"
18106.0,1,1,264.9,329,1.0,0,1,Dormant Customers,"
       Customer Profile:
- Orders: 1
- Active Months: 1
- Avg Order Value: 264.90
- Recency: 329
- Frequency: 1.0
- Cluster: 0
- Churn Risk: Yes"
18108.0,1,1,201.2,254,1.0,0,1,Dormant Customers,"
       Customer Profile:
- Orders: 1
- Active Months: 1
- Avg Order Value: 201.20
- Recency: 254
- Frequency: 1.0
- Cluster: 0
- Churn Risk: Yes"
18109.0,25,13,289.072,1,1.9230769230769231,2,0,Frequent Customers,"
       Customer Profile:
- Orders: 25
- Active Months: 13
- Avg Order Value: 289.07
- Recency: 1
- Frequency: 1.9230769230769231
- Cluster: 2
- Churn Risk: No"
18110.0,1,1,723.6,19,1.0,1,0,Occasional Customers,"
       Customer Profile:
- Orders: 1
- Active Months: 1
- Avg Order Value: 723.60
- Recency: 19
- Frequency: 1.0
- Cluster: 1
- Churn Risk: No"
18112.0,2,2,212.29,12,1.0,1,0,Occasional Customers,"
       Customer Profile:
- Orders: 2
- Active Months: 2
- Avg Order Value: 212.29
- Recency: 12
- Frequency: 1.0
- Cluster: 1
- Churn Risk: No"
18113.0,1,1,57.24,368,1.0,0,1,Dormant Customers,"
       Customer Profile:
- Orders: 1
- Active Months: 1
- Avg Order Value: 57.24
- Recency: 368
- Frequency: 1.0
- Cluster: 0
- Churn Risk: Yes"
18114.0,1,1,137.9,290,1.0,0,1,Dormant Customers,"
       Customer Profile:
- Orders: 1
- Active Months: 1
- Avg Order Value: 137.90
- Recency: 290
- Frequency: 1.0
- Cluster: 0
- Churn Risk: Yes"
18116.0,8,4,159.55875,67,2.0,2,0,Frequent Customers,"
       Customer Profile:
- Orders: 8
- Active Months: 4
- Avg Order Value: 159.56
- Recency: 67
- Frequency: 2.0
- Cluster: 2
- Churn Risk: No"
18117.0,1,1,280.34,25,1.0,1,0,Occasional Customers,"
       Customer Profile:
- Orders: 1
- Active Months: 1
- Avg Order Value: 280.34
- Recency: 25
- Frequency: 1.0
- Cluster: 1
- Churn Risk: No"
18118.0,26,11,261.0796153846153,10,2.363636363636364,2,0,Frequent Customers,"
       Customer Profile:
- Orders: 26
- Active Months: 11
- Avg Order Value: 261.08
- Recency: 10
- Frequency: 2.363636363636364
- Cluster: 2
- Churn Risk: No"
18119.0,1,1,151.43,367,1.0,0,1,Dormant Customers,"
       Customer Profile:
- Orders: 1
- Active Months: 1
- Avg Order Value: 151.43
- Recency: 367
- Frequency: 1.0
- Cluster: 0
- Churn Risk: Yes"
18120.0,1,1,150.70000000000002,214,1.0,0,1,Dormant Customers,"
       Customer Profile:
- Orders: 1
- Active Months: 1
- Avg Order Value: 150.70
- Recency: 214
- Frequency: 1.0
- Cluster: 0
- Churn Risk: Yes"
18121.0,2,1,324.775,149,2.0,1,0,Occasional Customers,"
       Customer Profile:
- Orders: 2
- Active Months: 1
- Avg Order Value: 324.77
- Recency: 149
- Frequency: 2.0
- Cluster: 1
- Churn Risk: No"
18122.0,6,5,354.11833333333334,8,1.2,1,0,Occasional Customers,"
       Customer Profile:
- Orders: 6
- Active Months: 5
- Avg Order Value: 354.12
- Recency: 8
- Frequency: 1.2
- Cluster: 1
- Churn Risk: No"
18123.0,2,1,229.74,24,2.0,1,0,Occasional Customers,"
       Customer Profile:
- Orders: 2
- Active Months: 1
- Avg Order Value: 229.74
- Recency: 24
- Frequency: 2.0
- Cluster: 1
- Churn Risk: No"
18125.0,4,4,318.3625,29,1.0,1,0,Occasional Customers,"
       Customer Profile:
- Orders: 4
- Active Months: 4
- Avg Order Value: 318.36
- Recency: 29
- Frequency: 1.0
- Cluster: 1
- Churn Risk: No"
18126.0,1,1,578.01,60,1.0,1,0,Occasional Customers,"
       Customer Profile:
- Orders: 1
- Active Months: 1
- Avg Order Value: 578.01
- Recency: 60
- Frequency: 1.0
- Cluster: 1
- Churn Risk: No"
18127.0,3,2,255.42666666666665,19,1.5,1,0,Occasional Customers,"
       Customer Profile:
- Orders: 3
- Active Months: 2
- Avg Order Value: 255.43
- Recency: 19
- Frequency: 1.5
- Cluster: 1
- Churn Risk: No"
18129.0,1,1,199.6,243,1.0,0,1,Dormant Customers,"
       Customer Profile:
- Orders: 1
- Active Months: 1
- Avg Order Value: 199.60
- Recency: 243
- Frequency: 1.0
- Cluster: 0
- Churn Risk: Yes"
18130.0,3,2,711.6300000000001,15,1.5,1,0,Occasional Customers,"
       Customer Profile:
- Orders: 3
- Active Months: 2
- Avg Order Value: 711.63
- Recency: 15
- Frequency: 1.5
- Cluster: 1
- Churn Risk: No"
18133.0,1,1,22.6365,212,1.0,0,1,Dormant Customers,"
       Customer Profile:
- Orders: 1
- Active Months: 1
- Avg Order Value: 22.64
- Recency: 212
- Frequency: 1.0
- Cluster: 0
- Churn Risk: Yes"
18135.0,5,3,460.06,29,1.6666666666666667,1,0,Occasional Customers,"
       Customer Profile:
- Orders: 5
- Active Months: 3
- Avg Order Value: 460.06
- Recency: 29
- Frequency: 1.6666666666666667
- Cluster: 1
- Churn Risk: No"
18136.0,3,3,255.77666666666667,63,1.0,1,0,Occasional Customers,"
       Customer Profile:
- Orders: 3
- Active Months: 3
- Avg Order Value: 255.78
- Recency: 63
- Frequency: 1.0
- Cluster: 1
- Churn Risk: No"
18138.0,1,1,67.80000000000001,295,1.0,0,1,Dormant Customers,"
       Customer Profile:
- Orders: 1
- Active Months: 1
- Avg Order Value: 67.80
- Recency: 295
- Frequency: 1.0
- Cluster: 0
- Churn Risk: Yes"
18139.0,6,1,857.7049999999999,17,3.0,2,0,Frequent Customers,"
       Customer Profile:
- Orders: 6
- Active Months: 1
- Avg Order Value: 857.70
- Recency: 17
- Frequency: 3.0
- Cluster: 2
- Churn Risk: No"
18142.0,2,2,565.8,157,1.0,0,0,Dormant Customers,"
       Customer Profile:
- Orders: 2
- Active Months: 2
- Avg Order Value: 565.80
- Recency: 157
- Frequency: 1.0
- Cluster: 0
- Churn Risk: No"
18143.0,2,2,2319.418999999997,116,1.0,1,0,Occasional Customers,"
       Customer Profile:
- Orders: 2
- Active Months: 2
- Avg Order Value: 2319.42
- Recency: 116
- Frequency: 1.0
- Cluster: 1
- Churn Risk: No"
18144.0,12,10,107.68,7,1.2,2,0,Frequent Customers,"
       Customer Profile:
- Orders: 12
- Active Months: 10
- Avg Order Value: 107.68
- Recency: 7
- Frequency: 1.2
- Cluster: 2
- Churn Risk: No"
18145.0,4,4,866.2025000000001,12,1.0,1,0,Occasional Customers,"
       Customer Profile:
- Orders: 4
- Active Months: 4
- Avg Order Value: 866.20
- Recency: 12
- Frequency: 1.0
- Cluster: 1
- Churn Risk: No"
18146.0,2,2,156.82500000000002,140,1.0,0,0,Dormant Customers,"
       Customer Profile:
- Orders: 2
- Active Months: 2
- Avg Order Value: 156.83
- Recency: 140
- Frequency: 1.0
- Cluster: 0
- Churn Risk: No"
18147.0,2,2,79.59,45,1.0,1,0,Occasional Customers,"
       Customer Profile:
- Orders: 2
- Active Months: 2
- Avg Order Value: 79.59
- Recency: 45
- Frequency: 1.0
- Cluster: 1
- Churn Risk: No"
18149.0,3,3,350.8500000000001,50,1.0,1,0,Occasional Customers,"
       Customer Profile:
- Orders: 3
- Active Months: 3
- Avg Order Value: 350.85
- Recency: 50
- Frequency: 1.0
- Cluster: 1
- Churn Risk: No"
18150.0,3,3,315.82,32,1.0,1,0,Occasional Customers,"
       Customer Profile:
- Orders: 3
- Active Months: 3
- Avg Order Value: 315.82
- Recency: 32
- Frequency: 1.0
- Cluster: 1
- Churn Risk: No"
18151.0,2,2,280.35,134,1.0,1,0,Occasional Customers,"
       Customer Profile:
- Orders: 2
- Active Months: 2
- Avg Order Value: 280.35
- Recency: 134
- Frequency: 1.0
- Cluster: 1
- Churn Risk: No"
18154.0,2,2,257.07,3,1.0,1,0,Occasional Customers,"
       Customer Profile:
- Orders: 2
- Active Months: 2
- Avg Order Value: 257.07
- Recency: 3
- Frequency: 1.0
- Cluster: 1
- Churn Risk: No"
18155.0,3,3,190.99,75,1.0,1,0,Occasional Customers,"
       Customer Profile:
- Orders: 3
- Active Months: 3
- Avg Order Value: 190.99
- Recency: 75
- Frequency: 1.0
- Cluster: 1
- Churn Risk: No"
18156.0,2,2,639.19,12,1.0,1,0,Occasional Customers,"
       Customer Profile:
- Orders: 2
- Active Months: 2
- Avg Order Value: 639.19
- Recency: 12
- Frequency: 1.0
- Cluster: 1
- Churn Risk: No"
18158.0,2,2,281.5,9,1.0,1,0,Occasional Customers,"
       Customer Profile:
- Orders: 2
- Active Months: 2
- Avg Order Value: 281.50
- Recency: 9
- Frequency: 1.0
- Cluster: 1
- Churn Risk: No"
18159.0,1,1,257.25,301,1.0,0,1,Dormant Customers,"
       Customer Profile:
- Orders: 1
- Active Months: 1
- Avg Order Value: 257.25
- Recency: 301
- Frequency: 1.0
- Cluster: 0
- Churn Risk: Yes"
18160.0,2,2,258.305,57,1.0,1,0,Occasional Customers,"
       Customer Profile:
- Orders: 2
- Active Months: 2
- Avg Order Value: 258.31
- Recency: 57
- Frequency: 1.0
- Cluster: 1
- Churn Risk: No"
18161.0,5,5,267.496,15,1.0,1,0,Occasional Customers,"
       Customer Profile:
- Orders: 5
- Active Months: 5
- Avg Order Value: 267.50
- Recency: 15
- Frequency: 1.0
- Cluster: 1
- Churn Risk: No"
18164.0,1,1,337.40000000000003,37,1.0,1,0,Occasional Customers,"
       Customer Profile:
- Orders: 1
- Active Months: 1
- Avg Order Value: 337.40
- Recency: 37
- Frequency: 1.0
- Cluster: 1
- Churn Risk: No"
18165.0,1,1,205.74,177,1.0,0,0,Dormant Customers,"
       Customer Profile:
- Orders: 1
- Active Months: 1
- Avg Order Value: 205.74
- Recency: 177
- Frequency: 1.0
- Cluster: 0
- Churn Risk: No"
18167.0,3,2,419.82,23,1.5,1,0,Occasional Customers,"
       Customer Profile:
- Orders: 3
- Active Months: 2
- Avg Order Value: 419.82
- Recency: 23
- Frequency: 1.5
- Cluster: 1
- Churn Risk: No"
18168.0,6,5,211.84666666666664,176,1.2,0,0,Dormant Customers,"
       Customer Profile:
- Orders: 6
- Active Months: 5
- Avg Order Value: 211.85
- Recency: 176
- Frequency: 1.2
- Cluster: 0
- Churn Risk: No"
18169.0,1,1,454.9500000000001,60,1.0,1,0,Occasional Customers,"
       Customer Profile:
- Orders: 1
- Active Months: 1
- Avg Order Value: 454.95
- Recency: 60
- Frequency: 1.0
- Cluster: 1
- Churn Risk: No"
18170.0,3,3,314.18666666666667,33,1.0,1,0,Occasional Customers,"
       Customer Profile:
- Orders: 3
- Active Months: 3
- Avg Order Value: 314.19
- Recency: 33
- Frequency: 1.0
- Cluster: 1
- Churn Risk: No"
18171.0,5,5,260.78200000000004,58,1.0,1,0,Occasional Customers,"
       Customer Profile:
- Orders: 5
- Active Months: 5
- Avg Order Value: 260.78
- Recency: 58
- Frequency: 1.0
- Cluster: 1
- Churn Risk: No"
18172.0,19,8,264.6726315789474,14,2.375,2,0,Frequent Customers,"
       Customer Profile:
- Orders: 19
- Active Months: 8
- Avg Order Value: 264.67
- Recency: 14
- Frequency: 2.375
- Cluster: 2
- Churn Risk: No"
18173.0,4,4,338.83000000000004,86,1.0,1,0,Occasional Customers,"
       Customer Profile:
- Orders: 4
- Active Months: 4
- Avg Order Value: 338.83
- Recency: 86
- Frequency: 1.0
- Cluster: 1
- Churn Risk: No"
18174.0,1,1,56.16,7,1.0,1,0,Occasional Customers,"
       Customer Profile:
- Orders: 1
- Active Months: 1
- Avg Order Value: 56.16
- Recency: 7
- Frequency: 1.0
- Cluster: 1
- Churn Risk: No"
18176.0,1,1,419.05,358,1.0,0,1,Dormant Customers,"
       Customer Profile:
- Orders: 1
- Active Months: 1
- Avg Order Value: 419.05
- Recency: 358
- Frequency: 1.0
- Cluster: 0
- Churn Risk: Yes"
18177.0,6,5,281.9666666666667,31,1.2,1,0,Occasional Customers,"
       Customer Profile:
- Orders: 6
- Active Months: 5
- Avg Order Value: 281.97
- Recency: 31
- Frequency: 1.2
- Cluster: 1
- Churn Risk: No"
18178.0,4,4,384.22,128,1.0,1,0,Occasional Customers,"
       Customer Profile:
- Orders: 4
- Active Months: 4
- Avg Order Value: 384.22
- Recency: 128
- Frequency: 1.0
- Cluster: 1
- Churn Risk: No"
18179.0,6,5,286.74666666666667,9,1.2,1,0,Occasional Customers,"
       Customer Profile:
- Orders: 6
- Active Months: 5
- Avg Order Value: 286.75
- Recency: 9
- Frequency: 1.2
- Cluster: 1
- Churn Risk: No"
18180.0,6,4,290.40166666666664,4,1.5,1,0,Occasional Customers,"
       Customer Profile:
- Orders: 6
- Active Months: 4
- Avg Order Value: 290.40
- Recency: 4
- Frequency: 1.5
- Cluster: 1
- Churn Risk: No"
18181.0,1,1,324.40000000000003,24,1.0,1,0,Occasional Customers,"
       Customer Profile:
- Orders: 1
- Active Months: 1
- Avg Order Value: 324.40
- Recency: 24
- Frequency: 1.0
- Cluster: 1
- Churn Risk: No"
18183.0,2,2,265.21000000000004,227,1.0,0,1,Dormant Customers,"
       Customer Profile:
- Orders: 2
- Active Months: 2
- Avg Order Value: 265.21
- Recency: 227
- Frequency: 1.0
- Cluster: 0
- Churn Risk: Yes"
18184.0,1,1,22.6365,15,1.0,1,0,Occasional Customers,"
       Customer Profile:
- Orders: 1
- Active Months: 1
- Avg Order Value: 22.64
- Recency: 15
- Frequency: 1.0
- Cluster: 1
- Churn Risk: No"
18185.0,1,1,214.25,249,1.0,0,1,Dormant Customers,"
       Customer Profile:
- Orders: 1
- Active Months: 1
- Avg Order Value: 214.25
- Recency: 249
- Frequency: 1.0
- Cluster: 0
- Churn Risk: Yes"
18188.0,3,3,515.9200000000001,15,1.0,1,0,Occasional Customers,"
       Customer Profile:
- Orders: 3
- Active Months: 3
- Avg Order Value: 515.92
- Recency: 15
- Frequency: 1.0
- Cluster: 1
- Churn Risk: No"
18189.0,2,2,996.37,77,1.0,1,0,Occasional Customers,"
       Customer Profile:
- Orders: 2
- Active Months: 2
- Avg Order Value: 996.37
- Recency: 77
- Frequency: 1.0
- Cluster: 1
- Churn Risk: No"
18190.0,2,2,109.58,192,1.0,0,1,Dormant Customers,"
       Customer Profile:
- Orders: 2
- Active Months: 2
- Avg Order Value: 109.58
- Recency: 192
- Frequency: 1.0
- Cluster: 0
- Churn Risk: Yes"
18191.0,1,1,83.3,261,1.0,0,1,Dormant Customers,"
       Customer Profile:
- Orders: 1
- Active Months: 1
- Avg Order Value: 83.30
- Recency: 261
- Frequency: 1.0
- Cluster: 0
- Churn Risk: Yes"
18192.0,1,1,767.67,71,1.0,1,0,Occasional Customers,"
       Customer Profile:
- Orders: 1
- Active Months: 1
- Avg Order Value: 767.67
- Recency: 71
- Frequency: 1.0
- Cluster: 1
- Churn Risk: No"
18193.0,1,1,208.91,165,1.0,0,0,Dormant Customers,"
       Customer Profile:
- Orders: 1
- Active Months: 1
- Avg Order Value: 208.91
- Recency: 165
- Frequency: 1.0
- Cluster: 0
- Churn Risk: No"
18194.0,1,1,624.24,82,1.0,1,0,Occasional Customers,"
       Customer Profile:
- Orders: 1
- Active Months: 1
- Avg Order Value: 624.24
- Recency: 82
- Frequency: 1.0
- Cluster: 1
- Churn Risk: No"
18196.0,2,2,396.39,95,1.0,1,0,Occasional Customers,"
       Customer Profile:
- Orders: 2
- Active Months: 2
- Avg Order Value: 396.39
- Recency: 95
- Frequency: 1.0
- Cluster: 1
- Churn Risk: No"
18198.0,17,11,273.4505882352941,4,1.5454545454545454,2,0,Frequent Customers,"
       Customer Profile:
- Orders: 17
- Active Months: 11
- Avg Order Value: 273.45
- Recency: 4
- Frequency: 1.5454545454545454
- Cluster: 2
- Churn Risk: No"
18200.0,1,1,150.35,106,1.0,1,0,Occasional Customers,"
       Customer Profile:
- Orders: 1
- Active Months: 1
- Avg Order Value: 150.35
- Recency: 106
- Frequency: 1.0
- Cluster: 1
- Churn Risk: No"
18202.0,3,2,352.99666666666667,199,1.5,0,1,Dormant Customers,"
       Customer Profile:
- Orders: 3
- Active Months: 2
- Avg Order Value: 353.00
- Recency: 199
- Frequency: 1.5
- Cluster: 0
- Churn Risk: Yes"
18203.0,1,1,252.14,157,1.0,0,0,Dormant Customers,"
       Customer Profile:
- Orders: 1
- Active Months: 1
- Avg Order Value: 252.14
- Recency: 157
- Frequency: 1.0
- Cluster: 0
- Churn Risk: No"
18204.0,3,3,551.7333333333333,71,1.0,1,0,Occasional Customers,"
       Customer Profile:
- Orders: 3
- Active Months: 3
- Avg Order Value: 551.73
- Recency: 71
- Frequency: 1.0
- Cluster: 1
- Churn Risk: No"
18205.0,2,2,204.43,36,1.0,1,0,Occasional Customers,"
       Customer Profile:
- Orders: 2
- Active Months: 2
- Avg Order Value: 204.43
- Recency: 36
- Frequency: 1.0
- Cluster: 1
- Churn Risk: No"
18209.0,1,1,556.4000000000001,28,1.0,1,0,Occasional Customers,"
       Customer Profile:
- Orders: 1
- Active Months: 1
- Avg Order Value: 556.40
- Recency: 28
- Frequency: 1.0
- Cluster: 1
- Churn Risk: No"
18210.0,6,4,532.8683333333333,1,1.5,1,0,Occasional Customers,"
       Customer Profile:
- Orders: 6
- Active Months: 4
- Avg Order Value: 532.87
- Recency: 1
- Frequency: 1.5
- Cluster: 1
- Churn Risk: No"
18211.0,5,5,123.134,25,1.0,1,0,Occasional Customers,"
       Customer Profile:
- Orders: 5
- Active Months: 5
- Avg Order Value: 123.13
- Recency: 25
- Frequency: 1.0
- Cluster: 1
- Churn Risk: No"
18212.0,1,1,175.47,326,1.0,0,1,Dormant Customers,"
       Customer Profile:
- Orders: 1
- Active Months: 1
- Avg Order Value: 175.47
- Recency: 326
- Frequency: 1.0
- Cluster: 0
- Churn Risk: Yes"
18213.0,1,1,697.44,236,1.0,0,1,Dormant Customers,"
       Customer Profile:
- Orders: 1
- Active Months: 1
- Avg Order Value: 697.44
- Recency: 236
- Frequency: 1.0
- Cluster: 0
- Churn Risk: Yes"
18215.0,1,1,532.6800000000001,89,1.0,1,0,Occasional Customers,"
       Customer Profile:
- Orders: 1
- Active Months: 1
- Avg Order Value: 532.68
- Recency: 89
- Frequency: 1.0
- Cluster: 1
- Churn Risk: No"
18216.0,1,1,360.85,31,1.0,1,0,Occasional Customers,"
       Customer Profile:
- Orders: 1
- Active Months: 1
- Avg Order Value: 360.85
- Recency: 31
- Frequency: 1.0
- Cluster: 1
- Churn Risk: No"
18217.0,2,2,287.67,29,1.0,1,0,Occasional Customers,"
       Customer Profile:
- Orders: 2
- Active Months: 2
- Avg Order Value: 287.67
- Recency: 29
- Frequency: 1.0
- Cluster: 1
- Churn Risk: No"
18218.0,2,2,202.825,211,1.0,0,1,Dormant Customers,"
       Customer Profile:
- Orders: 2
- Active Months: 2
- Avg Order Value: 202.82
- Recency: 211
- Frequency: 1.0
- Cluster: 0
- Churn Risk: Yes"
18219.0,10,8,214.38,2,1.25,2,0,Frequent Customers,"
       Customer Profile:
- Orders: 10
- Active Months: 8
- Avg Order Value: 214.38
- Recency: 2
- Frequency: 1.25
- Cluster: 2
- Churn Risk: No"
18220.0,1,1,114.48,226,1.0,0,1,Dormant Customers,"
       Customer Profile:
- Orders: 1
- Active Months: 1
- Avg Order Value: 114.48
- Recency: 226
- Frequency: 1.0
- Cluster: 0
- Churn Risk: Yes"
18221.0,5,5,190.648,22,1.0,1,0,Occasional Customers,"
       Customer Profile:
- Orders: 5
- Active Months: 5
- Avg Order Value: 190.65
- Recency: 22
- Frequency: 1.0
- Cluster: 1
- Churn Risk: No"
18222.0,1,1,350.34000000000003,92,1.0,1,0,Occasional Customers,"
       Customer Profile:
- Orders: 1
- Active Months: 1
- Avg Order Value: 350.34
- Recency: 92
- Frequency: 1.0
- Cluster: 1
- Churn Risk: No"
18223.0,14,10,603.2085714285714,4,1.4,2,0,Frequent Customers,"
       Customer Profile:
- Orders: 14
- Active Months: 10
- Avg Order Value: 603.21
- Recency: 4
- Frequency: 1.4
- Cluster: 2
- Churn Risk: No"
18224.0,1,1,635.8000000000001,263,1.0,0,1,Dormant Customers,"
       Customer Profile:
- Orders: 1
- Active Months: 1
- Avg Order Value: 635.80
- Recency: 263
- Frequency: 1.0
- Cluster: 0
- Churn Risk: Yes"
18225.0,12,10,439.3975,3,1.2,2,0,Frequent Customers,"
       Customer Profile:
- Orders: 12
- Active Months: 10
- Avg Order Value: 439.40
- Recency: 3
- Frequency: 1.2
- Cluster: 2
- Churn Risk: No"
18226.0,11,9,780.1372727272727,44,1.2222222222222223,2,0,Frequent Customers,"
       Customer Profile:
- Orders: 11
- Active Months: 9
- Avg Order Value: 780.14
- Recency: 44
- Frequency: 1.2222222222222223
- Cluster: 2
- Churn Risk: No"
18227.0,1,1,30.0,217,1.0,0,1,Dormant Customers,"
       Customer Profile:
- Orders: 1
- Active Months: 1
- Avg Order Value: 30.00
- Recency: 217
- Frequency: 1.0
- Cluster: 0
- Churn Risk: Yes"
18228.0,2,2,380.0,56,1.0,1,0,Occasional Customers,"
       Customer Profile:
- Orders: 2
- Active Months: 2
- Avg Order Value: 380.00
- Recency: 56
- Frequency: 1.0
- Cluster: 1
- Churn Risk: No"
18229.0,20,12,345.1675,11,1.6666666666666667,2,0,Frequent Customers,"
       Customer Profile:
- Orders: 20
- Active Months: 12
- Avg Order Value: 345.17
- Recency: 11
- Frequency: 1.6666666666666667
- Cluster: 2
- Churn Risk: No"
18230.0,7,6,441.9485714285715,9,1.1666666666666667,1,0,Occasional Customers,"
       Customer Profile:
- Orders: 7
- Active Months: 6
- Avg Order Value: 441.95
- Recency: 9
- Frequency: 1.1666666666666667
- Cluster: 1
- Churn Risk: No"
18231.0,5,4,310.684,192,1.25,0,1,Dormant Customers,"
       Customer Profile:
- Orders: 5
- Active Months: 4
- Avg Order Value: 310.68
- Recency: 192
- Frequency: 1.25
- Cluster: 0
- Churn Risk: Yes"
18232.0,4,3,160.60250000000002,81,1.3333333333333333,1,0,Occasional Customers,"
       Customer Profile:
- Orders: 4
- Active Months: 3
- Avg Order Value: 160.60
- Recency: 81
- Frequency: 1.3333333333333333
- Cluster: 1
- Churn Risk: No"
18235.0,3,3,527.2433333333333,71,1.0,1,0,Occasional Customers,"
       Customer Profile:
- Orders: 3
- Active Months: 3
- Avg Order Value: 527.24
- Recency: 71
- Frequency: 1.0
- Cluster: 1
- Churn Risk: No"
18236.0,6,6,211.19000000000003,29,1.0,1,0,Occasional Customers,"
       Customer Profile:
- Orders: 6
- Active Months: 6
- Avg Order Value: 211.19
- Recency: 29
- Frequency: 1.0
- Cluster: 1
- Churn Risk: No"
18237.0,5,5,170.718,2,1.0,1,0,Occasional Customers,"
       Customer Profile:
- Orders: 5
- Active Months: 5
- Avg Order Value: 170.72
- Recency: 2
- Frequency: 1.0
- Cluster: 1
- Churn Risk: No"
18239.0,5,4,291.562,218,1.25,0,1,Dormant Customers,"
       Customer Profile:
- Orders: 5
- Active Months: 4
- Avg Order Value: 291.56
- Recency: 218
- Frequency: 1.25
- Cluster: 0
- Churn Risk: Yes"
18240.0,1,1,259.23,46,1.0,1,0,Occasional Customers,"
       Customer Profile:
- Orders: 1
- Active Months: 1
- Avg Order Value: 259.23
- Recency: 46
- Frequency: 1.0
- Cluster: 1
- Churn Risk: No"
18241.0,17,7,145.54000000000002,9,2.4285714285714284,2,0,Frequent Customers,"
       Customer Profile:
- Orders: 17
- Active Months: 7
- Avg Order Value: 145.54
- Recency: 9
- Frequency: 2.4285714285714284
- Cluster: 2
- Churn Risk: No"
18242.0,4,2,452.03,72,2.0,1,0,Occasional Customers,"
       Customer Profile:
- Orders: 4
- Active Months: 2
- Avg Order Value: 452.03
- Recency: 72
- Frequency: 2.0
- Cluster: 1
- Churn Risk: No"
18245.0,7,5,377.6428571428572,7,1.4,1,0,Occasional Customers,"
       Customer Profile:
- Orders: 7
- Active Months: 5
- Avg Order Value: 377.64
- Recency: 7
- Frequency: 1.4
- Cluster: 1
- Churn Risk: No"
18246.0,2,2,94.94,23,1.0,1,0,Occasional Customers,"
       Customer Profile:
- Orders: 2
- Active Months: 2
- Avg Order Value: 94.94
- Recency: 23
- Frequency: 1.0
- Cluster: 1
- Churn Risk: No"
18248.0,2,2,851.125,122,1.0,1,0,Occasional Customers,"
       Customer Profile:
- Orders: 2
- Active Months: 2
- Avg Order Value: 851.12
- Recency: 122
- Frequency: 1.0
- Cluster: 1
- Churn Risk: No"
18249.0,1,1,91.92,17,1.0,1,0,Occasional Customers,"
       Customer Profile:
- Orders: 1
- Active Months: 1
- Avg Order Value: 91.92
- Recency: 17
- Frequency: 1.0
- Cluster: 1
- Churn Risk: No"
18250.0,1,1,288.17,310,1.0,0,1,Dormant Customers,"
       Customer Profile:
- Orders: 1
- Active Months: 1
- Avg Order Value: 288.17
- Recency: 310
- Frequency: 1.0
- Cluster: 0
- Churn Risk: Yes"
18251.0,1,1,333.45,87,1.0,1,0,Occasional Customers,"
       Customer Profile:
- Orders: 1
- Active Months: 1
- Avg Order Value: 333.45
- Recency: 87
- Frequency: 1.0
- Cluster: 1
- Churn Risk: No"
18252.0,2,2,188.635,50,1.0,1,0,Occasional Customers,"
       Customer Profile:
- Orders: 2
- Active Months: 2
- Avg Order Value: 188.63
- Recency: 50
- Frequency: 1.0
- Cluster: 1
- Churn Risk: No"
18255.0,1,1,206.6,89,1.0,1,0,Occasional Customers,"
       Customer Profile:
- Orders: 1
- Active Months: 1
- Avg Order Value: 206.60
- Recency: 89
- Frequency: 1.0
- Cluster: 1
- Churn Risk: No"
18257.0,8,5,341.92625,39,1.6,1,0,Occasional Customers,"
       Customer Profile:
- Orders: 8
- Active Months: 5
- Avg Order Value: 341.93
- Recency: 39
- Frequency: 1.6
- Cluster: 1
- Churn Risk: No"
18259.0,3,3,1395.45,24,1.0,1,0,Occasional Customers,"
       Customer Profile:
- Orders: 3
- Active Months: 3
- Avg Order Value: 1395.45
- Recency: 24
- Frequency: 1.0
- Cluster: 1
- Churn Risk: No"
18260.0,6,6,444.7816666666667,172,1.0,1,0,Occasional Customers,"
       Customer Profile:
- Orders: 6
- Active Months: 6
- Avg Order Value: 444.78
- Recency: 172
- Frequency: 1.0
- Cluster: 1
- Churn Risk: No"
18261.0,2,2,264.57,43,1.0,1,0,Occasional Customers,"
       Customer Profile:
- Orders: 2
- Active Months: 2
- Avg Order Value: 264.57
- Recency: 43
- Frequency: 1.0
- Cluster: 1
- Churn Risk: No"
18262.0,1,1,149.48,140,1.0,0,0,Dormant Customers,"
       Customer Profile:
- Orders: 1
- Active Months: 1
- Avg Order Value: 149.48
- Recency: 140
- Frequency: 1.0
- Cluster: 0
- Churn Risk: No"
18263.0,3,3,385.9866666666667,25,1.0,1,0,Occasional Customers,"
       Customer Profile:
- Orders: 3
- Active Months: 3
- Avg Order Value: 385.99
- Recency: 25
- Frequency: 1.0
- Cluster: 1
- Churn Risk: No"
18265.0,2,2,512.255,72,1.0,1,0,Occasional Customers,"
       Customer Profile:
- Orders: 2
- Active Months: 2
- Avg Order Value: 512.25
- Recency: 72
- Frequency: 1.0
- Cluster: 1
- Churn Risk: No"
18269.0,1,1,1011.6,366,1.0,0,1,Dormant Customers,"
       Customer Profile:
- Orders: 1
- Active Months: 1
- Avg Order Value: 1011.60
- Recency: 366
- Frequency: 1.0
- Cluster: 0
- Churn Risk: Yes"
18270.0,2,2,892.85,38,1.0,1,0,Occasional Customers,"
       Customer Profile:
- Orders: 2
- Active Months: 2
- Avg Order Value: 892.85
- Recency: 38
- Frequency: 1.0
- Cluster: 1
- Churn Risk: No"
18272.0,6,5,604.9116666666667,2,1.2,1,0,Occasional Customers,"
       Customer Profile:
- Orders: 6
- Active Months: 5
- Avg Order Value: 604.91
- Recency: 2
- Frequency: 1.2
- Cluster: 1
- Churn Risk: No"
18273.0,3,3,96.9,2,1.0,1,0,Occasional Customers,"
       Customer Profile:
- Orders: 3
- Active Months: 3
- Avg Order Value: 96.90
- Recency: 2
- Frequency: 1.0
- Cluster: 1
- Churn Risk: No"
18274.0,1,1,163.17,30,1.0,1,0,Occasional Customers,"
       Customer Profile:
- Orders: 1
- Active Months: 1
- Avg Order Value: 163.17
- Recency: 30
- Frequency: 1.0
- Cluster: 1
- Churn Risk: No"
18276.0,1,1,231.01,43,1.0,1,0,Occasional Customers,"
       Customer Profile:
- Orders: 1
- Active Months: 1
- Avg Order Value: 231.01
- Recency: 43
- Frequency: 1.0
- Cluster: 1
- Churn Risk: No"
18277.0,1,1,331.14,58,1.0,1,0,Occasional Customers,"
       Customer Profile:
- Orders: 1
- Active Months: 1
- Avg Order Value: 331.14
- Recency: 58
- Frequency: 1.0
- Cluster: 1
- Churn Risk: No"
18278.0,1,1,173.9,73,1.0,1,0,Occasional Customers,"
       Customer Profile:
- Orders: 1
- Active Months: 1
- Avg Order Value: 173.90
- Recency: 73
- Frequency: 1.0
- Cluster: 1
- Churn Risk: No"
18280.0,1,1,137.0,277,1.0,0,1,Dormant Customers,"
       Customer Profile:
- Orders: 1
- Active Months: 1
- Avg Order Value: 137.00
- Recency: 277
- Frequency: 1.0
- Cluster: 0
- Churn Risk: Yes"
18281.0,1,1,469.2,180,1.0,0,0,Dormant Customers,"
       Customer Profile:
- Orders: 1
- Active Months: 1
- Avg Order Value: 469.20
- Recency: 180
- Frequency: 1.0
- Cluster: 0
- Churn Risk: No"
18282.0,2,2,60.48,7,1.0,1,0,Occasional Customers,"
       Customer Profile:
- Orders: 2
- Active Months: 2
- Avg Order Value: 60.48
- Recency: 7
- Frequency: 1.0
- Cluster: 1
- Churn Risk: No"
18283.0,16,10,284.71500000000003,3,1.6,2,0,Frequent Customers,"
       Customer Profile:
- Orders: 16
- Active Months: 10
- Avg Order Value: 284.72
- Recency: 3
- Frequency: 1.6
- Cluster: 2
- Churn Risk: No"
18287.0,3,2,1245.86,42,1.5,1,0,Occasional Customers,"
       Customer Profile:
- Orders: 3
- Active Months: 2
- Avg Order Value: 1245.86
- Recency: 42
- Frequency: 1.5
- Cluster: 1
- Churn Risk: No"
