CustomerID,TotalOrders,ActiveMonth,AvgOrderValue,Recency,PurchaseFrequency
12346.0,1,1,28.080000000000002,325,1.0
12347.0,7,7,520.7057142857143,2,1.0
12348.0,4,4,122.5175,75,1.0
12349.0,1,1,1051.65,18,1.0
12350.0,1,1,294.4,310,1.0
12352.0,7,4,161.56285714285715,36,1.75
12353.0,1,1,29.300000000000004,204,1.0
12354.0,1,1,819.85,232,1.0
12355.0,1,1,286.5,214,1.0
12356.0,2,2,760.495,245,1.0
12357.0,1,1,1148.5139999999965,33,1.0
12358.0,2,2,444.375,1,1.0
12359.0,4,4,790.395,57,1.0
12360.0,3,3,620.2366666666667,52,1.0
12361.0,1,1,174.9,287,1.0
12362.0,10,8,415.078,3,1.25
12363.0,2,2,249.675,109,1.0
12364.0,4,4,281.835,7,1.0
12365.0,1,1,307.94,291,1.0
12367.0,1,1,143.97,4,1.0
12370.0,4,3,722.2950000000001,51,1.3333333333333333
12371.0,1,1,1148.5139999999965,59,1.0
12372.0,3,3,357.33,71,1.0
12373.0,1,1,322.05,311,1.0
12374.0,1,1,531.73,25,1.0
12375.0,2,2,169.73000000000002,10,1.0
12377.0,2,2,736.26,315,1.0
12378.0,1,1,1148.5139999999965,129,1.0
12379.0,2,2,379.69500000000005,81,1.0
12380.0,4,4,503.075,21,1.0
12381.0,5,4,249.702,4,1.25
12383.0,5,5,258.784,184,1.0
12384.0,2,2,143.16000000000003,28,1.0
12386.0,2,2,141.06,337,1.0
12388.0,6,6,432.7166666666667,15,1.0
12390.0,1,1,425.29,79,1.0
12391.0,1,1,412.55,21,1.0
12393.0,4,3,373.975,72,1.3333333333333333
12394.0,2,2,296.405,63,1.0
12395.0,12,8,172.65916666666666,19,1.5
12397.0,2,2,874.0450000000001,35,1.0
12398.0,1,1,1148.5139999999965,45,1.0
12399.0,4,4,223.8,119,1.0
12401.0,1,1,32.85,303,1.0
12402.0,1,1,195.6,323,1.0
12403.0,1,1,317.0,49,1.0
12405.0,1,1,1148.5139999999965,148,1.0
12406.0,2,2,1148.5139999999965,22,1.0
12407.0,5,4,240.11399999999998,49,1.25
12408.0,5,4,431.026,32,1.25
12409.0,3,2,1148.5139999999965,78,1.5
12410.0,1,1,274.23,308,1.0
12412.0,3,3,376.90000000000003,74,1.0
12413.0,3,3,181.73333333333335,66,1.0
12414.0,3,3,133.54,217,1.0
12415.0,20,10,1148.5139999999965,24,2.0
12417.0,9,8,242.90333333333334,3,1.125
12418.0,1,1,425.99,112,1.0
12420.0,1,1,394.07,63,1.0
12421.0,4,4,154.52499999999998,15,1.0
12422.0,3,3,215.10333333333332,95,1.0
12423.0,8,8,191.95125,1,1.0
12424.0,2,1,641.5699999999999,162,2.0
12425.0,1,1,661.8000000000001,78,1.0
12426.0,1,1,446.08,194,1.0
12427.0,3,3,143.76333333333335,21,1.0
12428.0,8,5,638.87,25,1.6
12429.0,4,4,657.505,9,1.0
12430.0,1,1,168.6,43,1.0
12431.0,15,8,280.5066666666667,35,1.875
12432.0,4,2,672.4275,42,2.0
12433.0,7,5,1148.5139999999965,1,1.4
12434.0,2,2,312.42,84,1.0
12435.0,2,2,770.025,79,1.0
12436.0,1,1,429.01000000000005,99,1.0
12437.0,18,10,170.08,1,1.8
12438.0,2,2,891.5450000000001,14,1.0
12441.0,1,1,155.55,366,1.0
12442.0,1,1,144.06,3,1.0
12444.0,5,5,455.512,21,1.0
12445.0,1,1,77.4,22,1.0
12446.0,1,1,734.36,57,1.0
12447.0,1,1,379.78999999999996,243,1.0
12448.0,1,1,283.95,44,1.0
12449.0,4,4,683.46,22,1.0
12450.0,2,2,88.215,156,1.0
12451.0,5,4,1148.5139999999965,10,1.25
12452.0,1,1,287.67,16,1.0
12453.0,1,1,707.09,134,1.0
12454.0,1,1,1148.5139999999965,56,1.0
12455.0,5,5,338.43600000000004,73,1.0
12456.0,3,3,635.9533333333333,44,1.0
12457.0,6,3,240.73166666666668,66,2.0
12458.0,2,2,353.575,71,1.0
12461.0,1,1,419.08,154,1.0
12462.0,2,2,339.43,18,1.0
12463.0,4,4,288.845,53,1.0
12464.0,4,3,20.8,149,1.3333333333333333
12465.0,2,2,322.22,17,1.0
12468.0,2,2,296.77000000000004,187,1.0
12471.0,27,12,384.9074074074074,2,2.25
12472.0,7,7,769.3928571428571,32,1.0
12473.0,3,3,782.85,53,1.0
12474.0,18,9,347.9983333333333,17,2.0
12475.0,1,1,597.31,53,1.0
12476.0,10,8,385.51,15,1.25
12477.0,6,5,1148.5139999999965,22,1.2
12478.0,1,1,479.59000000000003,3,1.0
12479.0,1,1,426.35,11,1.0
12480.0,4,4,597.9875,28,1.0
12481.0,10,7,383.429,22,1.4285714285714286
12483.0,8,7,221.525,17,1.1428571428571428
12484.0,4,4,845.5625,35,1.0
12488.0,3,3,332.2366666666667,9,1.0
12489.0,1,1,191.43,336,1.0
12490.0,10,8,446.012,5,1.25
12491.0,1,1,368.3,38,1.0
12492.0,2,2,113.60500000000002,63,1.0
12493.0,2,2,177.66000000000003,165,1.0
12494.0,7,6,135.96428571428572,15,1.1666666666666667
12497.0,1,1,290.13,81,1.0
12498.0,3,2,116.56666666666668,21,1.5
12500.0,11,7,117.26,23,1.5714285714285714
12501.0,1,1,1148.5139999999965,336,1.0
12502.0,5,5,303.854,95,1.0
12504.0,1,1,60.0,30,1.0
12506.0,1,1,57.6,232,1.0
12507.0,3,2,175.21333333333334,134,1.5
12508.0,2,1,198.94,26,2.0
12509.0,1,1,124.5,284,1.0
12510.0,2,2,355.78999999999996,142,1.0
12512.0,2,1,62.115,66,2.0
12513.0,1,1,520.04,112,1.0
12514.0,1,1,779.68,267,1.0
12515.0,1,1,190.8,353,1.0
12516.0,2,2,394.845,77,1.0
12517.0,4,4,544.2125,28,1.0
12518.0,5,5,350.01800000000003,1,1.0
12519.0,1,1,242.84,63,1.0
12520.0,5,4,412.312,79,1.25
12521.0,1,1,499.03,142,1.0
12522.0,2,1,76.9,39,2.0
12523.0,11,9,117.20454545454545,19,1.2222222222222223
12524.0,8,7,333.87,9,1.1428571428571428
12526.0,3,3,358.15333333333336,1,1.0
12527.0,3,3,98.90333333333335,81,1.0
12528.0,6,6,186.93833333333336,9,1.0
12530.0,4,4,305.11,59,1.0
12531.0,1,1,95.27,14,1.0
12532.0,1,1,297.33000000000004,30,1.0
12534.0,1,1,828.73,130,1.0
12535.0,2,2,288.925,91,1.0
12536.0,1,1,1148.5139999999965,59,1.0
12538.0,1,1,258.75,29,1.0
12539.0,4,3,1035.4,22,1.3333333333333333
12540.0,17,11,514.0764705882352,19,1.5454545454545454
12541.0,3,3,248.10999999999999,29,1.0
12544.0,1,1,284.9,36,1.0
12545.0,2,2,354.66499999999996,75,1.0
12546.0,2,2,486.40999999999997,46,1.0
12547.0,2,2,75.9,197,1.0
12548.0,1,1,67.19999999999999,166,1.0
12550.0,1,1,748.88,79,1.0
12551.0,1,1,168.0,357,1.0
12552.0,1,1,165.47,39,1.0
12553.0,10,9,307.572,8,1.1111111111111112
12556.0,2,2,256.83,50,1.0
12557.0,5,5,387.88199999999995,16,1.0
12558.0,1,1,251.24,7,1.0
12559.0,2,2,218.88,310,1.0
12560.0,2,2,884.5550000000001,5,1.0
12561.0,1,1,207.05,302,1.0
12562.0,7,7,406.09714285714284,8,1.0
12564.0,1,1,336.15,261,1.0
12565.0,1,1,145.92,288,1.0
12566.0,1,1,232.66,86,1.0
12567.0,10,7,675.0110000000001,22,1.4285714285714286
12569.0,28,9,98.14857142857143,2,3.0
12571.0,2,2,256.025,39,1.0
12572.0,2,2,345.01,8,1.0
12573.0,1,1,150.59,227,1.0
12574.0,1,1,162.55,315,1.0
12576.0,5,5,247.16800000000003,35,1.0
12577.0,3,2,190.21666666666667,35,1.5
12578.0,2,2,1130.255,21,1.0
12579.0,1,1,329.12,78,1.0
12580.0,1,1,379.7,246,1.0
12581.0,1,1,169.76,39,1.0
12582.0,2,2,167.49,238,1.0
12583.0,15,12,392.26866666666666,2,1.25
12584.0,8,7,137.57500000000002,3,1.1428571428571428
12585.0,2,2,661.825,234,1.0
12586.0,1,1,186.54000000000002,17,1.0
12587.0,1,1,104.0,7,1.0
12588.0,1,1,79.65,39,1.0
12589.0,2,2,208.64,28,1.0
12590.0,1,1,1148.5139999999965,211,1.0
12591.0,1,1,323.1,317,1.0
12592.0,2,2,198.25,92,1.0
12593.0,3,2,127.36666666666667,108,1.5
12594.0,9,9,337.7355555555556,37,1.0
12596.0,2,2,166.95,51,1.0
12597.0,4,4,652.4499999999999,19,1.0
12598.0,7,5,336.7471428571429,9,1.4
12599.0,7,6,119.80428571428571,29,1.1666666666666667
12600.0,10,9,219.305,28,1.1111111111111112
12601.0,5,5,82.642,189,1.0
12602.0,1,1,129.22,58,1.0
12604.0,2,2,118.09,79,1.0
12607.0,1,1,1148.5139999999965,60,1.0
12609.0,3,3,289.0566666666667,78,1.0
12610.0,4,3,369.90999999999997,22,1.3333333333333333
12611.0,1,1,943.96,52,1.0
12612.0,1,1,664.5300000000001,74,1.0
12613.0,4,3,742.9975,57,1.3333333333333333
12614.0,1,1,218.15,277,1.0
12615.0,4,4,419.83,2,1.0
12616.0,2,2,193.39999999999998,95,1.0
12617.0,1,1,333.08,29,1.0
12618.0,1,1,121.41,21,1.0
12619.0,8,6,170.4475,16,1.3333333333333333
12620.0,3,3,399.31333333333333,14,1.0
12621.0,20,12,450.4335,1,1.6666666666666667
12622.0,1,1,123.85,232,1.0
12623.0,1,1,269.1,276,1.0
12624.0,2,2,246.39,106,1.0
12625.0,2,2,972.885,211,1.0
12626.0,9,6,577.7888888888889,23,1.5
12627.0,6,5,635.635,10,1.2
12628.0,3,3,233.07000000000002,4,1.0
12630.0,2,2,452.54,9,1.0
12631.0,1,1,396.0,57,1.0
12633.0,4,4,397.5675,58,1.0
12635.0,2,2,687.89,89,1.0
12637.0,8,6,639.395,67,1.3333333333333333
12638.0,1,1,509.59,33,1.0
12639.0,1,1,325.3,238,1.0
12640.0,3,2,203.17666666666665,23,1.5
12641.0,1,1,128.9,115,1.0
12642.0,3,3,268.98333333333335,25,1.0
12643.0,6,4,154.14333333333335,128,1.5
12644.0,1,1,427.65,129,1.0
12645.0,4,4,393.7325,33,1.0
12646.0,2,2,543.685,4,1.0
12647.0,12,8,185.7408333333333,22,1.5
12648.0,1,1,255.3,154,1.0
12649.0,3,2,182.62666666666667,107,1.5
12650.0,1,1,242.44000000000003,3,1.0
12651.0,1,1,114.0,334,1.0
12652.0,1,1,732.28,331,1.0
12653.0,2,2,574.585,148,1.0
12654.0,5,3,99.866,10,1.6666666666666667
12656.0,5,5,513.9359999999999,17,1.0
12657.0,3,2,241.68666666666664,11,1.5
12658.0,1,1,535.4,18,1.0
12659.0,1,1,56.13,29,1.0
12660.0,1,1,221.25,11,1.0
12662.0,11,10,299.55454545454546,1,1.1
12664.0,9,7,253.82000000000002,8,1.2857142857142858
12665.0,1,1,45.0,324,1.0
12667.0,1,1,410.23,58,1.0
12668.0,4,4,693.4325,11,1.0
12669.0,2,2,662.795,150,1.0
12670.0,5,4,468.308,10,1.25
12672.0,1,1,162.29999999999998,329,1.0
12673.0,2,2,255.14499999999998,5,1.0
12674.0,4,4,364.505,38,1.0
12676.0,6,6,177.52333333333334,24,1.0
12678.0,9,8,637.2088888888889,42,1.125
12679.0,4,4,181.43,58,1.0
12680.0,4,3,186.875,1,1.3333333333333333
12681.0,22,10,470.21454545454543,14,2.2
12682.0,31,13,289.5132258064516,3,2.3846153846153846
12683.0,14,9,416.5285714285714,4,1.5555555555555556
12684.0,6,5,307.71,7,1.2
12685.0,6,3,407.98499999999996,28,2.0
12686.0,1,1,71.14,368,1.0
12688.0,1,1,1148.5139999999965,113,1.0
12689.0,2,2,510.105,25,1.0
12690.0,1,1,235.11,205,1.0
12691.0,5,5,153.45999999999998,28,1.0
12693.0,4,4,119.1275,127,1.0
12694.0,2,2,241.35999999999999,70,1.0
12695.0,4,4,88.27250000000001,7,1.0
12697.0,3,3,243.92999999999998,28,1.0
12700.0,4,4,1011.1075000000001,7,1.0
12701.0,2,2,329.06000000000006,79,1.0
12702.0,1,1,201.0,19,1.0
12703.0,1,1,265.55,71,1.0
12704.0,8,5,166.55625,7,1.6
12705.0,8,7,670.32875,15,1.1428571428571428
12707.0,1,1,417.52000000000004,291,1.0
12708.0,10,9,211.796,29,1.1111111111111112
12709.0,15,10,390.206,15,1.5
12710.0,3,3,309.12333333333333,96,1.0
12712.0,13,10,201.69846153846154,28,1.3
12713.0,1,1,722.85,1,1.0
12714.0,5,5,751.4219999999999,9,1.0
12715.0,1,1,263.36,106,1.0
12716.0,2,2,461.585,3,1.0
12717.0,2,2,387.015,151,1.0
12718.0,1,1,182.35,71,1.0
12719.0,2,2,249.275,5,1.0
12720.0,25,13,180.3644,2,1.9230769230769231
12721.0,6,6,357.395,31,1.0
12722.0,2,2,397.47499999999997,114,1.0
12723.0,4,3,147.715,3,1.3333333333333333
12724.0,4,4,230.85250000000002,5,1.0
12725.0,1,1,371.8,368,1.0
12726.0,7,7,285.1242857142857,28,1.0
12727.0,7,6,365.7242857142857,10,1.1666666666666667
12728.0,4,4,147.07,71,1.0
12729.0,1,1,360.71000000000004,113,1.0
12731.0,12,10,884.6125000000001,23,1.2
12732.0,1,1,212.01000000000002,179,1.0
12733.0,1,1,299.8,234,1.0
12734.0,1,1,110.39999999999999,352,1.0
12735.0,2,1,187.535,315,2.0
12736.0,1,1,104.94,332,1.0
12738.0,1,1,110.4,368,1.0
12739.0,1,1,544.08,99,1.0
12740.0,1,1,367.75,63,1.0
12743.0,2,1,209.465,134,2.0
12744.0,4,4,1148.5139999999965,56,1.0
12747.0,11,9,315.39181818181817,2,1.2222222222222223
12748.0,202,13,116.65589108910892,1,3.0
12749.0,5,4,537.784,3,1.25
12750.0,1,1,184.98,128,1.0
12752.0,1,1,1148.5139999999965,81,1.0
12753.0,6,6,1148.5139999999965,22,1.0
12754.0,3,3,103.88,235,1.0
12755.0,2,2,38.224999999999994,280,1.0
12756.0,1,1,73.83,86,1.0
12757.0,8,5,481.6575,15,1.6
12758.0,2,2,1148.5139999999965,116,1.0
12759.0,3,3,432.21333333333337,52,1.0
12762.0,2,2,695.425,7,1.0
12763.0,2,2,199.19,138,1.0
12764.0,1,1,952.88,316,1.0
12766.0,7,7,841.6557142857143,3,1.0
12769.0,1,1,869.4,238,1.0
12770.0,1,1,394.2,210,1.0
12772.0,1,1,615.3199999999999,59,1.0
12775.0,5,5,212.26799999999997,17,1.0
12778.0,6,5,96.43666666666667,19,1.2
12779.0,8,8,357.3925,37,1.0
12781.0,2,2,356.13,63,1.0
12782.0,5,5,369.152,4,1.0
12783.0,4,4,254.7825,2,1.0
12784.0,1,1,455.46999999999997,15,1.0
12785.0,1,1,239.0,364,1.0
12787.0,3,3,137.47333333333333,9,1.0
12790.0,1,1,199.42000000000002,192,1.0
12791.0,1,1,49.95,368,1.0
12792.0,1,1,329.59,256,1.0
12793.0,2,2,220.01500000000001,334,1.0
12794.0,2,2,414.63,53,1.0
12795.0,1,1,144.63,18,1.0
12797.0,1,1,206.13,365,1.0
12798.0,3,3,75.42,10,1.0
12802.0,1,1,397.58,186,1.0
12808.0,3,3,148.5666666666667,36,1.0
12809.0,1,1,343.41,177,1.0
12811.0,2,2,217.05,261,1.0
12812.0,1,1,229.64000000000001,44,1.0
12814.0,1,1,48.33,101,1.0
12815.0,2,2,355.305,147,1.0
12816.0,2,2,132.95,95,1.0
12817.0,1,1,126.03999999999999,281,1.0
12818.0,1,1,400.44,261,1.0
12820.0,4,4,233.53750000000002,3,1.0
12821.0,1,1,75.72,214,1.0
12822.0,2,1,417.54,70,2.0
12824.0,1,1,316.42,59,1.0
12826.0,7,6,206.59,2,1.1666666666666667
12827.0,3,3,143.38333333333333,5,1.0
12828.0,6,4,160.32666666666668,2,1.5
12829.0,2,2,25.049999999999997,336,1.0
12830.0,6,4,185.76000000000002,37,1.5
12831.0,1,1,173.35,262,1.0
12832.0,2,2,183.26500000000001,32,1.0
12833.0,1,1,292.03000000000003,145,1.0
12834.0,1,1,201.08,282,1.0
12836.0,4,4,424.20000000000005,59,1.0
12837.0,1,1,58.75,173,1.0
12838.0,2,2,287.65000000000003,33,1.0
12839.0,14,10,381.6621428571429,2,1.4
12840.0,4,4,681.6925,143,1.0
12841.0,25,13,142.438,4,1.9230769230769231
12842.0,2,2,417.245,70,1.0
12843.0,7,4,210.53142857142856,159,1.75
12844.0,2,2,162.98000000000002,29,1.0
12845.0,4,2,37.660000000000004,267,2.0
12847.0,1,1,746.89,22,1.0
12849.0,2,2,419.87,31,1.0
12851.0,1,1,104.91,96,1.0
12852.0,1,1,264.15000000000003,294,1.0
12853.0,5,3,261.37,134,1.6666666666666667
12854.0,3,3,367.3433333333333,78,1.0
12855.0,1,1,38.1,368,1.0
12856.0,6,3,330.49666666666667,7,2.0
12857.0,2,2,415.57500000000005,210,1.0
12863.0,1,1,128.64,52,1.0
12864.0,1,1,40.44,138,1.0
12865.0,2,2,683.5799999999999,26,1.0
12866.0,1,1,344.92,283,1.0
12867.0,7,7,547.6157142857143,26,1.0
12868.0,6,5,255.785,185,1.2
12871.0,2,2,129.12,84,1.0
12872.0,2,2,270.435,326,1.0
12873.0,1,1,206.54999999999998,282,1.0
12875.0,2,2,20.8,143,1.0
12876.0,2,2,731.985,57,1.0
12877.0,12,11,119.08083333333333,3,1.0909090909090908
12878.0,2,2,419.54499999999996,236,1.0
12879.0,3,2,124.67333333333333,44,1.5
12881.0,1,1,69.0,275,1.0
12882.0,2,1,667.125,9,2.0
12883.0,4,2,128.2175,24,2.0
12884.0,1,1,107.25,88,1.0
12885.0,3,2,325.74,63,1.5
12886.0,2,2,548.985,67,1.0
12888.0,2,2,93.96000000000001,214,1.0
12890.0,1,1,366.76,24,1.0
12891.0,3,3,20.8,185,1.0
12893.0,1,1,176.55,30,1.0
12895.0,2,2,167.525,42,1.0
12897.0,2,2,89.4,204,1.0
12901.0,28,10,104.20071428571428,8,2.8
12902.0,1,1,87.78,264,1.0
12904.0,2,2,179.23,18,1.0
12906.0,5,2,377.07,11,2.5
12908.0,2,2,20.8,176,1.0
12909.0,5,4,245.094,39,1.25
12910.0,8,6,353.37875,23,1.3333333333333333
12912.0,5,3,249.408,2,1.6666666666666667
12913.0,5,5,353.176,4,1.0
12915.0,2,2,100.525,148,1.0
12916.0,4,4,520.0925,138,1.0
12917.0,1,1,267.3,128,1.0
12919.0,6,5,199.90666666666667,8,1.2
12920.0,1,1,117.42,17,1.0
12921.0,37,11,409.0545945945946,9,3.0
12922.0,1,1,398.36,161,1.0
12923.0,1,1,152.92,64,1.0
12924.0,4,4,180.9625,88,1.0
12925.0,2,2,321.98,4,1.0
12928.0,5,5,379.37600000000003,35,1.0
12929.0,1,1,70.95,311,1.0
12930.0,2,2,200.47500000000002,78,1.0
12931.0,15,8,217.75266666666667,21,1.875
12933.0,3,3,173.15666666666667,24,1.0
12935.0,7,6,278.1614285714286,2,1.1666666666666667
12936.0,4,2,253.625,17,2.0
12937.0,4,4,344.6925,15,1.0
12938.0,1,1,108.05,25,1.0
12939.0,8,6,379.96875,64,1.3333333333333333
12940.0,2,2,260.375,54,1.0
12942.0,3,3,165.5666666666667,131,1.0
12944.0,2,2,259.905,35,1.0
12945.0,1,1,303.40000000000003,288,1.0
12947.0,6,5,218.30333333333337,143,1.2
12948.0,7,5,272.96,16,1.4
12949.0,8,4,458.49625000000003,30,2.0
12950.0,3,2,254.75333333333333,2,1.5
12951.0,6,5,163.1866666666667,8,1.2
12952.0,4,3,273.07,5,1.3333333333333333
12953.0,1,1,192.45000000000002,9,1.0
12955.0,11,8,372.13454545454545,1,1.375
12956.0,1,1,74.67,306,1.0
12957.0,8,6,447.34375,9,1.3333333333333333
12962.0,2,2,120.44500000000002,7,1.0
12963.0,8,5,201.82375000000002,8,1.6
12965.0,1,1,580.61,89,1.0
12966.0,1,1,147.68,9,1.0
12967.0,2,1,446.15,358,2.0
12968.0,1,1,126.0,112,1.0
12970.0,4,2,80.34750000000001,7,2.0
12971.0,86,13,91.43639534883721,3,3.0
12974.0,1,1,77.15,197,1.0
12976.0,1,1,421.05,211,1.0
12977.0,1,1,20.8,156,1.0
12980.0,7,5,148.46142857142857,176,1.4
12981.0,2,2,186.11,29,1.0
12982.0,1,1,387.03,242,1.0
12984.0,1,1,97.5,18,1.0
12985.0,2,2,546.79,1,1.0
12987.0,2,2,196.225,73,1.0
12988.0,1,1,286.17,292,1.0
12989.0,15,11,207.85466666666665,3,1.3636363636363635
12990.0,3,3,134.54999999999998,31,1.0
12991.0,2,2,242.105,23,1.0
12993.0,4,4,103.69,23,1.0
12994.0,3,3,260.84,4,1.0
12995.0,1,1,158.49,85,1.0
12997.0,4,4,248.365,22,1.0
12999.0,2,2,154.44,205,1.0
13000.0,3,3,140.43666666666667,106,1.0
13001.0,13,9,535.0161538461539,4,1.4444444444444444
13002.0,1,1,110.99999999999999,318,1.0
13003.0,3,3,40.93333333333334,105,1.0
13004.0,17,11,308.19529411764705,11,1.5454545454545454
13005.0,2,2,161.65,173,1.0
13006.0,1,1,20.8,56,1.0
13008.0,1,1,229.46999999999997,323,1.0
13011.0,1,1,50.550000000000004,368,1.0
13012.0,7,5,203.8114285714286,9,1.4
13013.0,13,9,326.82538461538456,1,1.4444444444444444
13014.0,9,6,171.50888888888892,10,1.5
13015.0,5,3,532.8860000000001,53,1.6666666666666667
13016.0,3,2,236.4466666666667,73,1.5
13017.0,1,1,114.75,7,1.0
13018.0,28,10,239.56571428571428,16,2.8
13021.0,9,7,227.0677777777778,4,1.2857142857142858
13023.0,2,2,225.19500000000002,64,1.0
13026.0,5,5,118.704,1,1.0
13027.0,6,5,46.800000000000004,113,1.2
13028.0,2,2,315.9,22,1.0
13029.0,2,2,58.25,30,1.0
13030.0,2,2,257.42,11,1.0
13032.0,2,2,367.96500000000003,52,1.0
13033.0,1,1,190.55,357,1.0
13034.0,2,2,313.90999999999997,54,1.0
13035.0,2,2,362.79,73,1.0
13037.0,3,3,231.12333333333333,138,1.0
13038.0,3,3,297.15333333333336,80,1.0
13040.0,2,2,338.495,8,1.0
13043.0,1,1,212.32999999999998,273,1.0
13044.0,1,1,391.72,291,1.0
13045.0,1,1,305.28000000000003,99,1.0
13046.0,2,2,209.555,30,1.0
13047.0,10,8,264.68899999999996,31,1.25
13048.0,4,4,448.4775,14,1.0
13049.0,2,2,241.815,64,1.0
13050.0,17,10,287.28058823529415,14,1.7
13052.0,1,1,245.44,212,1.0
13055.0,3,2,375.67,78,1.5
13058.0,3,3,87.15000000000002,24,1.0
13059.0,1,1,85.65,249,1.0
13060.0,1,1,243.93,253,1.0
13061.0,1,1,200.31,72,1.0
13062.0,1,1,71.37,191,1.0
13064.0,4,4,224.39499999999998,12,1.0
13065.0,1,1,138.41,368,1.0
13066.0,2,1,178.875,24,2.0
13067.0,1,1,91.61,82,1.0
13068.0,2,2,46.44,10,1.0
13069.0,24,13,156.83375,1,1.8461538461538463
13070.0,1,1,228.8,192,1.0
13072.0,1,1,177.15,266,1.0
13075.0,1,1,798.24,129,1.0
13077.0,4,3,169.1575,1,1.3333333333333333
13078.0,26,13,346.7407692307692,3,2.0
13079.0,5,4,44.02,4,1.25
13080.0,1,1,58.08,179,1.0
13081.0,11,7,1148.5139999999965,11,1.5714285714285714
13082.0,8,6,193.8125,126,1.3333333333333333
13083.0,2,2,117.9,4,1.0
13085.0,2,2,137.19,157,1.0
13089.0,89,13,475.89,2,3.0
13090.0,13,10,337.2123076923077,8,1.3
13091.0,1,1,326.98,28,1.0
13092.0,5,5,54.186,70,1.0
13093.0,8,4,625.75,275,2.0
13094.0,12,10,63.21,21,1.2
13095.0,1,1,68.31,70,1.0
13097.0,10,9,425.03100000000006,32,1.1111111111111112
13098.0,28,12,593.8385714285714,1,2.3333333333333335
13099.0,1,1,20.8,99,1.0
13101.0,1,1,76.03,234,1.0
13102.0,24,12,223.23,1,2.0
13103.0,1,1,141.94,39,1.0
13104.0,6,6,139.81,3,1.0
13106.0,1,1,76.5,133,1.0
13107.0,4,4,319.5075,44,1.0
13108.0,1,1,180.89,368,1.0
13109.0,2,2,384.165,59,1.0
13110.0,7,5,136.60285714285715,31,1.4
13113.0,24,11,223.19875000000002,1,2.1818181818181817
13115.0,4,3,547.0225,11,1.3333333333333333
13116.0,1,1,291.29,138,1.0
13117.0,8,7,109.10375,21,1.1428571428571428
13118.0,5,4,225.192,19,1.25
13120.0,1,1,30.599999999999998,238,1.0
13121.0,1,1,271.7,269,1.0
13122.0,2,2,421.08,94,1.0
13124.0,3,3,1028.5666666666666,89,1.0
13126.0,8,6,231.19625,4,1.3333333333333333
13127.0,1,1,259.17,77,1.0
13130.0,1,1,64.0,94,1.0
13131.0,3,3,224.38333333333333,23,1.0
13132.0,1,1,60.3,261,1.0
13133.0,2,2,39.975,273,1.0
13134.0,4,3,361.805,85,1.3333333333333333
13135.0,1,1,20.8,196,1.0
13136.0,5,4,478.70200000000006,56,1.25
13137.0,8,7,439.325,10,1.1428571428571428
13138.0,6,6,157.74833333333333,22,1.0
13139.0,7,5,521.6942857142857,16,1.4
13140.0,3,2,116.22333333333334,108,1.5
13141.0,5,4,456.642,84,1.25
13142.0,1,1,249.94,19,1.0
13144.0,1,1,47.2,332,1.0
13145.0,3,3,102.44000000000001,39,1.0
13146.0,1,1,228.91,26,1.0
13147.0,4,3,126.22500000000001,10,1.3333333333333333
13148.0,11,6,247.48363636363638,29,1.8333333333333333
13149.0,4,4,327.6075,14,1.0
13151.0,1,1,796.22,295,1.0
13153.0,1,1,332.43,5,1.0
13155.0,4,4,210.765,33,1.0
13157.0,4,4,392.1,49,1.0
13158.0,4,4,299.7925,94,1.0
13159.0,4,3,308.74,8,1.3333333333333333
13160.0,1,1,75.89999999999999,22,1.0
13161.0,1,1,95.75,313,1.0
13162.0,4,4,377.4625,122,1.0
13165.0,2,2,356.215,46,1.0
13166.0,1,1,349.6,283,1.0
13167.0,4,4,138.495,18,1.0
13168.0,4,4,274.3225,36,1.0
13169.0,2,2,193.48,63,1.0
13170.0,1,1,107.1,26,1.0
13171.0,3,3,87.17,21,1.0
13173.0,2,2,175.775,4,1.0
13174.0,3,3,671.3466666666667,16,1.0
13176.0,1,1,389.0,46,1.0
13177.0,1,1,282.45,64,1.0
13178.0,11,8,485.65636363636366,26,1.375
13182.0,1,1,121.18,45,1.0
13183.0,9,8,274.4611111111111,7,1.125
13184.0,10,6,154.284,14,1.6666666666666667
13185.0,1,1,71.4,267,1.0
13186.0,3,3,456.07666666666665,39,1.0
13187.0,1,1,154.02,337,1.0
13188.0,1,1,99.60000000000001,11,1.0
13189.0,2,2,112.125,18,1.0
13192.0,2,2,429.57,95,1.0
13193.0,1,1,80.13,61,1.0
13194.0,1,1,60.7,135,1.0
13196.0,4,3,426.0075,11,1.3333333333333333
13198.0,6,6,537.2333333333333,10,1.0
13199.0,37,13,131.91297297297297,3,2.8461538461538463
13200.0,4,3,173.1475,19,1.3333333333333333
13203.0,4,4,203.58499999999998,9,1.0
13207.0,2,2,125.13000000000002,15,1.0
13208.0,6,5,183.88333333333333,58,1.2
13209.0,8,6,647.39125,30,1.3333333333333333
13210.0,1,1,327.02,93,1.0
13211.0,3,3,252.93999999999997,10,1.0
13212.0,3,2,170.82666666666668,19,1.5
13213.0,5,4,261.27200000000005,56,1.25
13216.0,1,1,149.28,267,1.0
13217.0,3,2,77.01,122,1.5
13218.0,1,1,62.42999999999999,127,1.0
13220.0,4,4,126.51,78,1.0
13221.0,2,2,285.355,240,1.0
13223.0,2,2,59.55,200,1.0
13224.0,2,2,959.4449999999999,60,1.0
13225.0,7,7,291.33,3,1.0
13226.0,1,1,85.51,273,1.0
13227.0,1,1,257.7,201,1.0
13228.0,1,1,96.66,81,1.0
13229.0,1,1,123.15,225,1.0
13230.0,14,9,144.82214285714286,4,1.5555555555555556
13232.0,7,5,141.56714285714287,12,1.4
13233.0,2,2,279.90999999999997,74,1.0
13235.0,1,1,927.27,212,1.0
13236.0,2,2,305.40500000000003,24,1.0
13238.0,4,3,137.46,17,1.3333333333333333
13239.0,1,1,313.18,261,1.0
13240.0,4,4,154.175,96,1.0
13242.0,3,2,90.13333333333333,112,1.5
13243.0,1,1,480.02000000000004,203,1.0
13244.0,1,1,94.79,92,1.0
13245.0,1,1,259.85,50,1.0
13246.0,6,5,203.56166666666664,18,1.2
13247.0,4,3,122.3925,17,1.3333333333333333
13248.0,2,2,222.37,124,1.0
13249.0,3,2,72.58999999999999,92,1.5
13253.0,2,2,291.87,156,1.0
13255.0,2,2,116.105,9,1.0
13258.0,3,2,197.24333333333334,11,1.5
13259.0,1,1,249.18,61,1.0
13260.0,1,1,190.32,61,1.0
13261.0,2,2,389.25,268,1.0
13262.0,1,1,132.29,263,1.0
13263.0,34,11,201.89264705882354,1,3.0
13265.0,5,5,284.79,53,1.0
13266.0,12,9,240.23666666666668,11,1.3333333333333333
13267.0,18,10,210.69111111111113,2,1.8
13268.0,11,6,270.5527272727273,17,1.8333333333333333
13269.0,15,10,305.03866666666664,1,1.5
13270.0,1,1,79.65,366,1.0
13271.0,1,1,211.49,37,1.0
13272.0,2,2,102.83000000000001,31,1.0
13273.0,1,1,136.37,113,1.0
13276.0,2,2,231.49,63,1.0
13277.0,4,3,62.125,15,1.3333333333333333
13278.0,1,1,492.8,40,1.0
13279.0,1,1,137.75,78,1.0
13280.0,3,2,243.04,122,1.5
13282.0,3,3,242.31333333333336,18,1.0
13283.0,2,2,46.83,59,1.0
13284.0,1,1,148.74,330,1.0
13285.0,4,4,641.505,23,1.0
13291.0,1,1,338.41,155,1.0
13292.0,2,2,217.73000000000002,38,1.0
13294.0,2,2,363.195,189,1.0
13295.0,1,1,168.3,359,1.0
13296.0,1,1,53.4,137,1.0
13297.0,4,3,466.9625,7,1.3333333333333333
13298.0,1,1,191.25,1,1.0
13299.0,1,1,82.80000000000001,268,1.0
13300.0,1,1,371.89,169,1.0
13301.0,4,4,132.6725,103,1.0
13304.0,1,1,260.78000000000003,351,1.0
13305.0,10,9,122.971,4,1.1111111111111112
13307.0,1,1,20.8,120,1.0
13308.0,3,3,403.3833333333334,22,1.0
13309.0,5,5,286.704,7,1.0
13310.0,3,3,338.57666666666665,28,1.0
13311.0,2,2,238.16000000000003,4,1.0
13313.0,5,4,307.444,22,1.25
13314.0,3,3,222.23000000000002,1,1.0
13316.0,4,4,677.5625,37,1.0
13317.0,6,4,300.7966666666667,66,1.5
13318.0,3,2,148.47333333333333,1,1.5
13319.0,26,13,369.0388461538462,5,2.0
13320.0,4,3,383.05,78,1.3333333333333333
13321.0,2,1,163.405,72,2.0
13322.0,1,1,199.48000000000002,17,1.0
13323.0,5,3,139.72,3,1.6666666666666667
13324.0,10,6,258.729,36,1.6666666666666667
13325.0,1,1,609.0,81,1.0
13327.0,8,7,419.62125000000003,38,1.1428571428571428
13328.0,1,1,739.23,316,1.0
13329.0,2,2,261.53999999999996,31,1.0
13330.0,3,3,357.18,92,1.0
13332.0,1,1,338.4,14,1.0
13334.0,3,3,1069.3066666666666,82,1.0
13336.0,1,1,760.63,77,1.0
13338.0,1,1,331.32000000000005,157,1.0
13339.0,1,1,664.42,200,1.0
13340.0,7,4,975.6942857142857,45,1.75
13341.0,1,1,603.55,260,1.0
13343.0,1,1,275.93,177,1.0
13344.0,3,2,556.43,67,1.5
13345.0,1,1,299.70000000000005,287,1.0
13347.0,1,1,255.71999999999997,70,1.0
13348.0,1,1,233.76,64,1.0
13349.0,1,1,197.32,10,1.0
13350.0,2,2,326.385,16,1.0
13351.0,1,1,323.94,66,1.0
13352.0,1,1,316.17999999999995,60,1.0
13354.0,1,1,716.5,71,1.0
13355.0,1,1,538.95,122,1.0
13356.0,1,1,548.59,80,1.0
13357.0,1,1,514.55,257,1.0
13358.0,1,1,315.24,268,1.0
13359.0,1,1,307.06,63,1.0
13362.0,4,4,681.7850000000001,9,1.0
13363.0,2,2,427.975,17,1.0
13364.0,1,1,127.46,71,1.0
13365.0,2,2,851.935,33,1.0
13366.0,1,1,20.8,50,1.0
13368.0,2,2,219.005,256,1.0
13369.0,1,1,232.13000000000002,365,1.0
13370.0,1,1,612.58,368,1.0
13372.0,1,1,290.04,89,1.0
13373.0,3,3,941.3933333333334,60,1.0
13375.0,1,1,671.56,88,1.0
13376.0,3,3,278.1033333333333,99,1.0
13379.0,3,3,173.78666666666663,26,1.0
13381.0,6,6,509.01,31,1.0
13382.0,1,1,197.14000000000001,280,1.0
13384.0,7,5,480.2142857142857,30,1.4
13385.0,1,1,403.07,329,1.0
13388.0,2,1,252.725,131,2.0
13389.0,3,3,228.5533333333333,11,1.0
13390.0,1,1,372.18,74,1.0
13394.0,8,8,294.2,1,1.0
13395.0,1,1,253.44,185,1.0
13396.0,2,2,542.325,29,1.0
13397.0,5,5,242.06800000000004,72,1.0
13398.0,1,1,391.4,192,1.0
13402.0,2,2,293.615,127,1.0
13403.0,1,1,63.75,17,1.0
13404.0,2,2,126.245,1,1.0
13405.0,3,3,121.117,74,1.0
13408.0,61,13,284.26180327868855,1,3.0
13410.0,5,5,179.876,24,1.0
13411.0,1,1,203.60000000000002,107,1.0
13414.0,3,2,201.83,133,1.5
13416.0,2,2,288.25,43,1.0
13417.0,2,2,145.24,4,1.0
13418.0,18,9,278.165,11,2.0
13419.0,1,1,221.06,63,1.0
13420.0,2,2,43.8,149,1.0
13421.0,2,2,854.935,40,1.0
13422.0,1,1,1148.5139999999965,64,1.0
13425.0,3,3,445.27333333333337,108,1.0
13426.0,10,9,338.529,1,1.1111111111111112
13427.0,3,3,172.83666666666667,19,1.0
13428.0,1,1,168.38,10,1.0
13429.0,4,3,229.75500000000002,10,1.3333333333333333
13430.0,2,2,298.33000000000004,18,1.0
13431.0,2,2,453.3,67,1.0
13434.0,2,1,139.47000000000003,74,2.0
13435.0,7,6,418.1928571428571,5,1.1666666666666667
13436.0,1,1,113.53999999999999,1,1.0
13437.0,7,4,354.9371428571429,14,1.75
13439.0,1,1,281.09999999999997,255,1.0
13441.0,1,1,252.32999999999998,91,1.0
13447.0,3,1,342.23,23,3.0
13448.0,6,4,519.5683333333333,16,1.5
13449.0,1,1,291.88,23,1.0
13450.0,6,5,262.75,26,1.2
13451.0,5,5,530.912,26,1.0
13453.0,2,2,122.78999999999999,165,1.0
13455.0,2,2,330.095,24,1.0
13456.0,6,5,234.03666666666666,17,1.2
13458.0,14,11,606.1078571428571,7,1.2727272727272727
13460.0,2,2,91.72,29,1.0
13461.0,3,3,311.6233333333334,38,1.0
13462.0,1,1,135.0,252,1.0
13464.0,1,1,606.73,58,1.0
13466.0,1,1,239.28,184,1.0
13467.0,2,1,422.505,10,2.0
13468.0,37,13,113.44108108108108,1,2.8461538461538463
13470.0,2,2,82.5,99,1.0
13471.0,4,3,557.0475,1,1.3333333333333333
13473.0,2,2,143.815,60,1.0
13474.0,1,1,185.24,236,1.0
13475.0,4,4,286.07,191,1.0
13476.0,2,2,360.31,178,1.0
13477.0,6,6,212.725,37,1.0
13479.0,2,2,119.325,200,1.0
13481.0,5,4,340.642,45,1.25
13482.0,1,1,184.64,232,1.0
13483.0,1,1,140.34,65,1.0
13484.0,1,1,202.5,241,1.0
13485.0,1,1,411.99,233,1.0
13486.0,3,3,335.0733333333333,78,1.0
13487.0,3,3,120.36666666666667,57,1.0
13488.0,13,10,541.5261538461539,17,1.3
13489.0,4,3,58.5075,105,1.3333333333333333
13491.0,10,7,95.954,51,1.4285714285714286
13492.0,3,2,243.08,136,1.5
13493.0,2,2,81.27,275,1.0
13494.0,1,1,307.44000000000005,311,1.0
13495.0,5,4,395.59399999999994,7,1.25
13496.0,2,2,281.815,10,1.0
13497.0,2,2,174.025,282,1.0
13499.0,5,4,168.69,17,1.25
13500.0,3,2,347.1933333333333,23,1.5
13501.0,1,1,1051.27,288,1.0
13502.0,3,3,90.7,16,1.0
13503.0,1,1,192.95,71,1.0
13504.0,1,1,260.48,64,1.0
13505.0,4,4,778.1825,72,1.0
13506.0,2,2,202.415,316,1.0
13507.0,4,4,502.995,3,1.0
13508.0,1,1,66.42,243,1.0
13509.0,6,5,134.20666666666668,8,1.2
13510.0,4,4,400.90749999999997,1,1.0
13512.0,1,1,228.51000000000002,260,1.0
13513.0,1,1,166.35,126,1.0
13514.0,1,1,152.20000000000002,73,1.0
13515.0,4,4,208.455,72,1.0
13516.0,3,3,253.75666666666666,21,1.0
13517.0,3,3,622.7933333333334,59,1.0
13518.0,1,1,543.27,85,1.0
13519.0,1,1,78.95,78,1.0
13520.0,6,6,393.1166666666666,58,1.0
13521.0,3,2,326.06,1,1.5
13522.0,1,1,125.80000000000001,30,1.0
13523.0,5,4,481.0280000000001,33,1.25
13524.0,5,5,125.04400000000001,40,1.0
13525.0,2,2,98.46000000000001,14,1.0
13527.0,7,5,273.00857142857143,33,1.4
13529.0,2,2,103.03,78,1.0
13531.0,2,2,178.85000000000002,205,1.0
13532.0,1,1,210.31,33,1.0
13533.0,3,2,81.74666666666667,182,1.5
13534.0,24,12,216.09916666666666,2,2.0
13536.0,7,4,401.8771428571429,1,1.75
13538.0,5,5,139.89000000000001,43,1.0
13539.0,3,3,151.45000000000002,85,1.0
13544.0,2,2,102.955,39,1.0
13546.0,3,3,182.46333333333334,12,1.0
13548.0,2,2,261.615,96,1.0
13549.0,7,5,115.91428571428571,25,1.4
13551.0,1,1,53.550000000000004,319,1.0
13552.0,12,7,228.68916666666667,66,1.7142857142857142
13555.0,4,2,796.8900000000001,73,2.0
13557.0,2,2,278.905,28,1.0
13558.0,4,3,137.64249999999998,5,1.3333333333333333
13560.0,1,1,171.42000000000002,7,1.0
13561.0,1,1,107.85999999999999,215,1.0
13562.0,3,3,490.0466666666667,81,1.0
13563.0,2,2,219.755,84,1.0
13564.0,2,1,444.82500000000005,354,2.0
13565.0,2,2,120.10999999999999,19,1.0
13566.0,2,2,415.94500000000005,40,1.0
13568.0,1,1,169.20000000000002,173,1.0
13569.0,2,2,133.86,17,1.0
13570.0,1,1,211.64,243,1.0
13571.0,12,9,168.47666666666666,12,1.3333333333333333
13572.0,1,1,955.16,205,1.0
13573.0,2,2,118.60000000000001,50,1.0
13575.0,5,5,134.91400000000002,23,1.0
13576.0,18,12,211.335,10,1.5
13577.0,4,4,334.625,25,1.0
13579.0,2,2,172.12,14,1.0
13581.0,1,1,56.95,309,1.0
13583.0,1,1,730.47,155,1.0
13584.0,1,1,75.75,306,1.0
13587.0,1,1,216.33,63,1.0
13588.0,9,6,265.66,15,1.5
13589.0,2,2,128.025,14,1.0
13590.0,6,6,272.61,11,1.0
13591.0,3,3,269.85999999999996,64,1.0
13592.0,3,3,53.17000000000001,35,1.0
13593.0,5,4,294.386,108,1.25
13594.0,1,1,396.97,52,1.0
13596.0,2,2,293.45500000000004,5,1.0
13598.0,1,1,113.94,47,1.0
13599.0,21,9,207.02285714285716,1,2.3333333333333335
13600.0,1,1,94.87,312,1.0
13601.0,2,2,342.88,45,1.0
13602.0,1,1,415.66,64,1.0
13603.0,1,1,129.44,26,1.0
13606.0,3,3,75.03666666666666,29,1.0
13607.0,1,1,563.0600000000001,40,1.0
13610.0,7,7,120.42571428571429,12,1.0
13611.0,3,3,355.28000000000003,89,1.0
13614.0,4,4,261.34000000000003,24,1.0
13615.0,1,1,385.89,318,1.0
13617.0,3,3,155.03333333333333,40,1.0
13618.0,1,1,169.93,173,1.0
13621.0,1,1,210.93,116,1.0
13623.0,5,5,86.078,30,1.0
13626.0,1,1,241.32999999999998,252,1.0
13627.0,5,5,251.29000000000002,59,1.0
13629.0,11,9,199.81909090909087,23,1.2222222222222223
13630.0,7,6,181.4742857142857,5,1.1666666666666667
13631.0,8,4,118.59875,143,2.0
13632.0,5,4,360.812,24,1.25
13634.0,5,5,226.06199999999998,33,1.0
13635.0,1,1,986.43,67,1.0
13636.0,5,5,142.192,36,1.0
13637.0,3,3,240.01666666666665,52,1.0
13638.0,1,1,97.14,15,1.0
13639.0,1,1,780.53,74,1.0
13642.0,1,1,226.03,215,1.0
13643.0,3,3,156.14666666666668,31,1.0
13644.0,4,4,529.0625,16,1.0
13645.0,1,1,148.04999999999998,120,1.0
13647.0,4,4,319.7425,9,1.0
13649.0,2,2,166.925,256,1.0
13650.0,6,5,261.215,16,1.2
13651.0,1,1,63.3,39,1.0
13652.0,3,3,339.76666666666665,45,1.0
13654.0,6,5,393.15000000000003,43,1.2
13655.0,2,2,387.005,114,1.0
13656.0,2,2,172.585,164,1.0
13657.0,2,2,174.54000000000002,10,1.0
13658.0,5,3,348.736,9,1.6666666666666667
13659.0,2,2,657.045,205,1.0
13662.0,3,3,221.53666666666666,85,1.0
13663.0,1,1,91.07,179,1.0
13666.0,3,2,22.55,60,1.5
13667.0,1,1,252.20000000000002,149,1.0
13668.0,21,12,227.83666666666664,2,1.75
13669.0,2,2,92.385,50,1.0
13670.0,1,1,333.2,75,1.0
13672.0,2,2,93.19500000000001,301,1.0
13673.0,2,1,148.89499999999998,18,2.0
13675.0,2,2,242.36,151,1.0
13678.0,1,1,146.81,151,1.0
13680.0,4,3,720.3675000000001,1,1.3333333333333333
13681.0,4,3,199.00750000000002,17,1.3333333333333333
13682.0,1,1,34.0,187,1.0
13684.0,1,1,65.13,285,1.0
13685.0,7,2,27.712857142857143,2,3.0
13686.0,1,1,72.0,182,1.0
13689.0,1,1,256.65,63,1.0
13690.0,1,1,81.60000000000001,59,1.0
13692.0,2,2,584.88,24,1.0
13694.0,50,13,406.19879999999995,3,3.0
13695.0,15,9,131.56466666666665,31,1.6666666666666667
13697.0,1,1,151.29999999999998,38,1.0
13699.0,1,1,70.08000000000001,155,1.0
13700.0,10,7,205.42399999999998,26,1.4285714285714286
13704.0,9,4,203.8211111111111,5,2.25
13705.0,3,3,179.47,7,1.0
13706.0,1,1,290.89,302,1.0
13707.0,2,2,307.555,267,1.0
13708.0,1,1,268.29,271,1.0
13709.0,13,6,368.4269230769231,3,2.1666666666666665
13710.0,1,1,161.79,31,1.0
13711.0,2,1,116.08000000000001,218,2.0
13712.0,1,1,148.95,246,1.0
13715.0,5,3,205.51799999999997,281,1.6666666666666667
13716.0,1,1,138.28,269,1.0
13717.0,6,6,200.55666666666664,32,1.0
13718.0,2,2,122.55000000000001,246,1.0
13719.0,5,4,184.42,15,1.25
13720.0,4,4,175.1625,116,1.0
13721.0,1,1,470.94,36,1.0
13722.0,3,2,670.1166666666667,131,1.5
13723.0,1,1,150.10000000000002,217,1.0
13725.0,7,5,174.94,49,1.4
13726.0,2,2,355.5,38,1.0
13727.0,2,1,142.89,28,2.0
13728.0,6,6,72.90666666666667,36,1.0
13730.0,2,1,270.05,135,2.0
13731.0,2,2,255.79500000000002,219,1.0
13732.0,1,1,491.86,28,1.0
13735.0,4,4,506.4975,24,1.0
13736.0,2,2,281.975,5,1.0
13737.0,1,1,254.5,200,1.0
13739.0,1,1,193.95,18,1.0
13740.0,1,1,287.36,240,1.0
13741.0,3,3,135.21,71,1.0
13742.0,12,7,159.50166666666667,16,1.7142857142857142
13743.0,7,6,140.4085714285714,2,1.1666666666666667
13744.0,2,2,479.05499999999995,95,1.0
13745.0,1,1,285.37,162,1.0
13748.0,5,3,120.81999999999998,95,1.6666666666666667
13750.0,5,5,133.3,53,1.0
13751.0,1,1,120.15,288,1.0
13752.0,6,5,150.71166666666667,124,1.2
13753.0,1,1,733.61,287,1.0
13754.0,2,2,103.275,151,1.0
13755.0,9,3,186.02,3,3.0
13756.0,14,9,272.10571428571427,2,1.5555555555555556
13758.0,7,5,363.11857142857144,11,1.4
13759.0,2,2,264.21000000000004,33,1.0
13760.0,2,2,143.395,54,1.0
13761.0,2,2,479.825,50,1.0
13762.0,1,1,191.79,218,1.0
13763.0,1,1,1013.64,63,1.0
13764.0,3,3,450.20666666666665,70,1.0
13767.0,36,12,288.82444444444445,2,3.0
13769.0,10,9,238.63299999999998,2,1.1111111111111112
13771.0,4,3,591.325,64,1.3333333333333333
13772.0,3,3,339.31,33,1.0
13774.0,1,1,314.15000000000003,81,1.0
13777.0,33,13,275.7275757575758,1,2.5384615384615383
13778.0,1,1,178.7,103,1.0
13780.0,2,2,131.08,7,1.0
13781.0,1,1,68.54,250,1.0
13782.0,6,5,126.62666666666667,12,1.2
13784.0,11,9,99.40363636363637,9,1.2222222222222223
13786.0,1,1,217.64999999999998,367,1.0
13787.0,2,2,124.01,75,1.0
13790.0,1,1,310.28,4,1.0
13791.0,2,2,185.08499999999998,127,1.0
13792.0,2,2,91.525,66,1.0
13798.0,57,13,256.1680701754386,1,3.0
13799.0,2,2,324.53,116,1.0
13800.0,1,1,486.62,309,1.0
13801.0,1,1,247.1,66,1.0
13802.0,3,3,675.1333333333333,138,1.0
13803.0,1,1,277.07,255,1.0
13804.0,7,4,329.0157142857143,30,1.75
13805.0,2,2,104.085,52,1.0
13806.0,1,1,218.13000000000002,63,1.0
13807.0,1,1,80.8,367,1.0
13808.0,5,3,258.742,5,1.6666666666666667
13809.0,1,1,60.300000000000004,305,1.0
13810.0,2,2,304.58000000000004,28,1.0
13812.0,3,2,150.70000000000002,42,1.5
13813.0,4,3,262.565,39,1.3333333333333333
13814.0,2,2,691.41,92,1.0
13815.0,4,3,826.7225,22,1.3333333333333333
13816.0,2,2,218.985,23,1.0
13817.0,2,2,164.49,29,1.0
13819.0,3,2,287.27000000000004,301,1.5
13821.0,2,2,160.945,144,1.0
13822.0,2,2,256.28999999999996,5,1.0
13823.0,2,2,376.105,18,1.0
13824.0,5,5,274.008,32,1.0
13826.0,1,1,102.30000000000001,176,1.0
13827.0,3,2,79.21666666666667,57,1.5
13828.0,1,1,183.84,22,1.0
13831.0,6,5,180.21,16,1.2
13832.0,1,1,52.199999999999996,19,1.0
13833.0,1,1,225.45,159,1.0
13835.0,4,4,173.09249999999997,25,1.0
13837.0,2,2,127.67000000000002,211,1.0
13838.0,4,3,127.66749999999999,5,1.3333333333333333
13841.0,1,1,22.95,252,1.0
13842.0,9,9,287.2444444444444,58,1.0
13844.0,1,1,345.12,11,1.0
13845.0,1,1,271.53,64,1.0
13846.0,3,3,244.38666666666668,24,1.0
13848.0,3,3,20.8,92,1.0
13849.0,2,2,662.775,51,1.0
13850.0,1,1,1148.5139999999965,129,1.0
13851.0,3,3,548.4766666666666,95,1.0
13853.0,1,1,636.13,57,1.0
13854.0,25,12,140.5164,8,2.0833333333333335
13856.0,3,2,66.56,168,1.5
13858.0,1,1,182.67,57,1.0
13859.0,1,1,172.76000000000002,326,1.0
13860.0,5,4,222.41199999999998,1,1.25
13862.0,8,8,268.35125,18,1.0
13863.0,1,1,264.88,247,1.0
13865.0,4,4,109.4525,58,1.0
13866.0,1,1,145.67000000000002,74,1.0
13867.0,3,3,231.51333333333332,31,1.0
13868.0,2,2,243.61499999999998,7,1.0
13869.0,4,4,617.475,123,1.0
13870.0,8,6,258.17375,2,1.3333333333333333
13871.0,13,10,400.79307692307697,22,1.3
13873.0,3,3,93.01666666666667,119,1.0
13874.0,1,1,316.3,358,1.0
13875.0,5,5,326.668,53,1.0
13876.0,1,1,83.80000000000001,63,1.0
13877.0,1,1,73.56,86,1.0
13878.0,1,1,977.64,54,1.0
13880.0,13,10,226.47615384615386,21,1.3
13881.0,20,11,372.15749999999997,3,1.8181818181818181
13882.0,5,3,163.78199999999998,2,1.6666666666666667
13883.0,5,3,429.446,10,1.6666666666666667
13884.0,4,3,175.0,7,1.3333333333333333
13885.0,2,2,195.1,189,1.0
13886.0,1,1,218.56,71,1.0
13887.0,1,1,293.95,204,1.0
13888.0,2,2,248.01,119,1.0
13889.0,1,1,416.90000000000003,92,1.0
13890.0,10,5,180.746,1,2.0
13892.0,4,3,118.56750000000001,26,1.3333333333333333
13893.0,1,1,287.5,297,1.0
13894.0,3,2,164.30666666666667,23,1.5
13895.0,4,4,586.1475,28,1.0
13897.0,1,1,311.16,50,1.0
13898.0,1,1,138.93,325,1.0
13899.0,2,2,168.76,16,1.0
13900.0,2,2,311.4,192,1.0
13901.0,5,5,494.86800000000005,72,1.0
13904.0,2,2,166.32,37,1.0
13908.0,4,4,518.5450000000001,79,1.0
13911.0,9,6,225.4488888888889,57,1.5
13914.0,2,1,304.98,11,2.0
13917.0,2,2,126.07,49,1.0
13918.0,2,2,373.135,49,1.0
13919.0,2,2,165.93,59,1.0
13922.0,1,1,92.94,351,1.0
13923.0,1,1,317.63,53,1.0
13924.0,6,4,270.6166666666667,1,1.5
13925.0,4,3,108.3775,92,1.3333333333333333
13926.0,1,1,150.10000000000002,23,1.0
13927.0,1,1,333.99,74,1.0
13928.0,4,3,76.6175,10,1.3333333333333333
13929.0,2,2,142.72500000000002,169,1.0
13930.0,2,2,168.67,57,1.0
13931.0,2,2,485.49,95,1.0
13932.0,1,1,195.8,294,1.0
13933.0,2,2,288.495,109,1.0
13934.0,1,1,818.65,263,1.0
13936.0,1,1,374.87,179,1.0
13937.0,1,1,151.2,169,1.0
13938.0,1,1,71.66,35,1.0
13939.0,3,3,172.01666666666665,23,1.0
13940.0,4,4,170.645,17,1.0
13941.0,5,5,525.08,21,1.0
13946.0,3,3,106.05,79,1.0
13947.0,1,1,90.6,65,1.0
13948.0,1,1,70.19999999999999,360,1.0
13949.0,6,4,379.76666666666665,2,1.5
13950.0,4,3,126.6275,11,1.3333333333333333
13951.0,3,3,179.27999999999997,176,1.0
13952.0,2,2,1148.5139999999965,217,1.0
13953.0,7,7,71.70428571428572,7,1.0
13954.0,2,2,153.91,1,1.0
13955.0,2,2,119.655,154,1.0
13956.0,5,5,145.672,5,1.0
13959.0,3,3,169.53,79,1.0
13960.0,2,2,115.11,21,1.0
13962.0,2,2,41.05,21,1.0
13963.0,4,3,127.11,308,1.3333333333333333
13967.0,1,1,69.45,145,1.0
13969.0,18,11,408.75611111111107,7,1.6363636363636365
13971.0,8,7,324.80125,18,1.1428571428571428
13972.0,2,2,87.175,70,1.0
13973.0,1,1,186.75,287,1.0
13974.0,1,1,413.59000000000003,49,1.0
13975.0,6,5,375.77666666666664,31,1.2
13976.0,1,1,238.49,206,1.0
13978.0,2,2,83.68,14,1.0
13979.0,1,1,869.87,73,1.0
13980.0,1,1,124.61,60,1.0
13982.0,4,4,434.65250000000003,39,1.0
13983.0,10,7,137.203,29,1.4285714285714286
13984.0,5,5,85.78,26,1.0
13985.0,15,9,466.5486666666667,4,1.6666666666666667
13986.0,1,1,220.08,17,1.0
13988.0,6,6,552.465,19,1.0
13989.0,2,2,341.805,65,1.0
13990.0,1,1,303.11,213,1.0
13991.0,6,4,132.59166666666667,12,1.5
13992.0,1,1,76.8,30,1.0
13993.0,9,8,249.11222222222224,42,1.125
13994.0,6,5,335.02333333333337,3,1.2
13995.0,5,5,261.798,15,1.0
13999.0,12,10,302.76416666666665,10,1.2
14000.0,1,1,390.18,211,1.0
14001.0,3,3,388.86000000000007,45,1.0
14002.0,2,1,207.25,134,2.0
14004.0,7,5,494.3728571428571,43,1.4
14005.0,5,5,344.052,9,1.0
14006.0,3,3,213.04666666666665,115,1.0
14009.0,2,1,323.405,198,2.0
14012.0,1,1,328.8,277,1.0
14013.0,3,3,152.21333333333334,110,1.0
14014.0,1,1,419.98,77,1.0
14015.0,1,1,830.64,52,1.0
14016.0,4,4,722.14,161,1.0
14019.0,3,3,383.9766666666667,46,1.0
14020.0,2,2,292.195,16,1.0
14021.0,3,3,160.23333333333332,155,1.0
14022.0,1,1,427.85,225,1.0
14023.0,2,2,279.15999999999997,7,1.0
14024.0,2,1,149.225,121,2.0
14027.0,1,1,104.82,60,1.0
14029.0,2,2,174.70499999999998,63,1.0
14030.0,8,6,200.31625000000003,18,1.3333333333333333
14031.0,18,11,465.5122222222223,7,1.6363636363636365
14032.0,11,8,223.17181818181817,2,1.375
14034.0,3,2,152.41333333333333,22,1.5
14035.0,5,5,234.61399999999998,28,1.0
14036.0,1,1,451.25,284,1.0
14037.0,2,2,69.625,176,1.0
14038.0,3,3,520.1266666666667,78,1.0
14039.0,1,1,121.75,33,1.0
14040.0,12,8,188.975,40,1.5
14041.0,1,1,141.41,266,1.0
14044.0,4,4,129.28,26,1.0
14045.0,3,2,75.6,337,1.5
14046.0,1,1,97.66,284,1.0
14047.0,5,5,161.022,8,1.0
14048.0,1,1,405.52,305,1.0
14049.0,4,4,1148.5139999999965,16,1.0
14050.0,2,2,373.18,31,1.0
14051.0,23,13,560.1452173913043,1,1.7692307692307692
14052.0,1,1,158.66,19,1.0
14053.0,2,2,52.06,124,1.0
14054.0,1,1,92.46,65,1.0
14055.0,1,1,300.34000000000003,106,1.0
14056.0,23,11,257.014347826087,1,2.090909090909091
14057.0,16,11,304.370625,23,1.4545454545454546
14059.0,1,1,155.54999999999998,266,1.0
14060.0,19,13,230.90105263157895,4,1.4615384615384615
14062.0,12,8,477.9916666666666,9,1.5
14064.0,5,4,182.56199999999998,29,1.25
14066.0,1,1,114.3,266,1.0
14067.0,2,2,152.37,63,1.0
14068.0,1,1,248.85000000000002,320,1.0
14071.0,8,4,125.96125,3,2.0
14073.0,1,1,151.04,32,1.0
14075.0,3,3,272.45666666666665,4,1.0
14076.0,1,1,101.72,129,1.0
14077.0,5,5,80.476,40,1.0
14078.0,6,6,156.12,101,1.0
14079.0,1,1,203.14,124,1.0
14080.0,1,1,45.599999999999994,32,1.0
14081.0,2,2,346.745,302,1.0
14082.0,1,1,144.6,364,1.0
14083.0,9,6,91.48222222222222,4,1.5
14085.0,18,10,221.06944444444446,2,1.8
14087.0,1,1,190.84,2,1.0
14088.0,13,6,1148.5139999999965,10,2.1666666666666665
14089.0,1,1,128.6,56,1.0
14090.0,1,1,28.62,324,1.0
14092.0,14,11,277.9871428571429,7,1.2727272727272727
14093.0,1,1,428.37,12,1.0
14096.0,17,5,1148.5139999999965,4,3.0
14098.0,1,1,147.35,36,1.0
14099.0,11,10,253.14454545454547,16,1.1
14100.0,1,1,144.25,137,1.0
14101.0,6,6,259.69166666666666,73,1.0
14102.0,5,3,173.446,5,1.6666666666666667
14104.0,1,1,69.71,165,1.0
14105.0,1,1,1100.48,239,1.0
14107.0,7,7,357.5514285714286,51,1.0
14108.0,2,2,272.17999999999995,30,1.0
14109.0,1,1,144.2,72,1.0
14110.0,12,9,349.78749999999997,3,1.3333333333333333
14111.0,4,4,89.0625,14,1.0
14112.0,6,5,440.4316666666667,22,1.2
14113.0,4,4,267.48,3,1.0
14114.0,1,1,195.13,330,1.0
14116.0,5,4,229.44,19,1.25
14117.0,1,1,90.0,143,1.0
14121.0,4,3,611.9075,3,1.3333333333333333
14124.0,1,1,48.33,84,1.0
14125.0,3,2,792.2433333333333,10,1.5
14126.0,3,2,104.42333333333333,7,1.5
14127.0,3,3,167.67,122,1.0
14128.0,2,2,312.5,60,1.0
14129.0,5,4,222.43200000000002,1,1.25
14130.0,1,1,383.41,319,1.0
14132.0,11,7,291.9063636363636,2,1.5714285714285714
14133.0,3,2,174.08,129,1.5
14135.0,15,8,235.96066666666667,1,1.875
14138.0,2,2,482.94000000000005,1,1.0
14139.0,1,1,337.95,46,1.0
14140.0,2,2,451.655,3,1.0
14141.0,4,4,225.59500000000003,2,1.0
14142.0,1,1,292.29,368,1.0
14143.0,1,1,64.8,133,1.0
14145.0,4,3,367.5375,46,1.3333333333333333
14146.0,5,4,681.92,8,1.25
14147.0,2,2,65.32499999999999,78,1.0
14148.0,1,1,29.700000000000003,233,1.0
14149.0,1,1,421.12,220,1.0
14150.0,2,2,318.02,35,1.0
14152.0,2,2,306.55,75,1.0
14154.0,2,1,341.46000000000004,239,2.0
14155.0,1,1,118.75,266,1.0
14156.0,52,12,773.1667307692308,9,3.0
14157.0,2,2,208.03500000000003,19,1.0
14158.0,1,1,407.64,40,1.0
14159.0,11,7,404.6963636363636,19,1.5714285714285714
14161.0,3,3,292.67333333333335,215,1.0
14162.0,2,2,110.53,173,1.0
14163.0,4,4,385.41499999999996,87,1.0
14164.0,2,1,442.62,70,2.0
14165.0,1,1,82.19,275,1.0
14167.0,4,4,128.21,39,1.0
14171.0,1,1,308.44,98,1.0
14173.0,4,3,80.89750000000001,10,1.3333333333333333
14174.0,1,1,124.51,33,1.0
14175.0,3,3,731.6833333333334,59,1.0
14176.0,4,3,129.3,297,1.3333333333333333
14177.0,4,2,113.975,86,2.0
14178.0,7,6,211.73285714285717,8,1.1666666666666667
14179.0,2,1,274.33500000000004,40,2.0
14180.0,25,12,71.1928,10,2.0833333333333335
14184.0,1,1,245.59,66,1.0
14185.0,1,1,20.8,331,1.0
14188.0,6,6,327.6816666666667,30,1.0
14189.0,15,12,266.718,2,1.25
14191.0,13,8,342.17923076923074,1,1.625
14193.0,2,2,397.46500000000003,67,1.0
14194.0,21,10,461.1885714285715,4,2.1
14195.0,1,1,106.65,252,1.0
14196.0,1,1,211.42,106,1.0
14198.0,4,4,131.8875,18,1.0
14199.0,1,1,20.8,218,1.0
14201.0,7,7,91.59571428571428,60,1.0
14204.0,1,1,128.16,2,1.0
14205.0,2,2,144.10000000000002,16,1.0
14206.0,1,1,302.65999999999997,239,1.0
14208.0,1,1,101.14,94,1.0
14209.0,6,6,234.66166666666666,10,1.0
14210.0,6,6,271.24333333333334,105,1.0
14211.0,9,5,212.78333333333336,53,1.8
14212.0,1,1,304.29,89,1.0
14214.0,5,5,188.654,30,1.0
14215.0,6,5,279.4433333333333,11,1.2
14216.0,4,2,313.46000000000004,3,2.0
14217.0,17,12,77.44588235294117,1,1.4166666666666667
14218.0,1,1,169.48000000000002,42,1.0
14219.0,1,1,73.44,4,1.0
14220.0,2,2,278.175,247,1.0
14221.0,9,7,307.1188888888889,42,1.2857142857142858
14222.0,1,1,633.74,177,1.0
14223.0,3,3,247.23000000000002,92,1.0
14224.0,4,4,180.135,110,1.0
14226.0,4,4,385.6725,29,1.0
14227.0,10,5,292.0,26,2.0
14229.0,3,3,339.81,51,1.0
14231.0,3,3,264.42,183,1.0
14232.0,5,5,368.09000000000003,42,1.0
14233.0,4,4,295.65,49,1.0
14234.0,4,2,181.4025,22,2.0
14235.0,5,4,456.372,75,1.25
14236.0,2,2,222.06,80,1.0
14237.0,1,1,77.45,368,1.0
14238.0,1,1,113.75,326,1.0
14239.0,11,8,181.52272727272728,43,1.375
14240.0,2,2,372.57,30,1.0
14241.0,1,1,213.70000000000002,183,1.0
14242.0,2,2,109.625,234,1.0
14243.0,10,9,224.698,8,1.1111111111111112
14245.0,2,2,758.35,219,1.0
14246.0,3,3,444.41,110,1.0
14247.0,1,1,104.12,278,1.0
14248.0,1,1,98.58,318,1.0
14250.0,3,2,610.32,7,1.5
14251.0,5,3,480.162,1,1.6666666666666667
14256.0,2,2,346.53,260,1.0
14257.0,5,5,523.1519999999999,64,1.0
14258.0,9,8,629.2288888888888,9,1.125
14259.0,1,1,104.1,141,1.0
14261.0,1,1,725.05,78,1.0
14262.0,8,7,314.88625,8,1.1428571428571428
14264.0,2,2,88.58500000000001,154,1.0
14265.0,2,2,166.715,109,1.0
14267.0,3,2,313.48,162,1.5
14270.0,1,1,341.65000000000003,331,1.0
14271.0,1,1,92.42,225,1.0
14272.0,2,2,175.63,73,1.0
14273.0,4,4,139.9925,51,1.0
14276.0,3,3,347.49666666666667,98,1.0
14277.0,3,2,1004.54,15,1.5
14280.0,1,1,92.63999999999999,196,1.0
14282.0,15,9,215.40200000000002,3,1.6666666666666667
14284.0,2,2,252.64999999999998,30,1.0
14285.0,4,3,234.215,21,1.3333333333333333
14286.0,3,3,1148.5139999999965,23,1.0
14287.0,3,2,54.19666666666666,8,1.5
14288.0,1,1,345.15,213,1.0
14289.0,6,6,84.67666666666666,8,1.0
14290.0,5,4,396.64,11,1.25
14291.0,11,6,302.9727272727273,1,1.8333333333333333
14292.0,9,6,308.5466666666667,7,1.5
14293.0,4,4,237.79000000000002,3,1.0
14295.0,1,1,166.20000000000002,40,1.0
14297.0,4,3,292.9925,17,1.3333333333333333
14298.0,44,13,814.8781818181818,8,3.0
14299.0,8,7,310.7825,8,1.1428571428571428
14300.0,1,1,43.2,18,1.0
14301.0,1,1,404.90999999999997,117,1.0
14304.0,1,1,224.4,222,1.0
14305.0,3,3,603.7199999999999,71,1.0
14306.0,2,2,519.4449999999999,51,1.0
14307.0,6,5,457.9916666666666,88,1.2
14309.0,9,7,209.77222222222224,8,1.2857142857142858
14311.0,1,1,209.5,242,1.0
14312.0,6,6,217.23333333333332,46,1.0
14314.0,1,1,105.9,106,1.0
14315.0,6,5,341.2966666666667,44,1.2
14317.0,1,1,375.58,64,1.0
14320.0,2,2,228.945,206,1.0
14321.0,5,5,266.67600000000004,10,1.0
14323.0,2,2,258.83,114,1.0
14326.0,1,1,157.6,242,1.0
14327.0,1,1,311.65,163,1.0
14329.0,7,6,569.7585714285714,17,1.1666666666666667
14331.0,2,2,197.88,124,1.0
14332.0,3,3,254.11999999999998,22,1.0
14333.0,1,1,158.20000000000002,67,1.0
14334.0,8,8,236.61374999999998,16,1.0
14335.0,2,2,210.27,16,1.0
14336.0,4,3,359.5625,16,1.3333333333333333
14338.0,1,1,451.03,196,1.0
14339.0,1,1,309.52,242,1.0
14340.0,1,1,134.7,218,1.0
14341.0,8,5,243.85125,45,1.6
14342.0,4,3,103.515,21,1.3333333333333333
14344.0,8,5,79.81,127,1.6
14345.0,1,1,108.97999999999999,38,1.0
14346.0,2,2,405.4,120,1.0
14348.0,1,1,297.87,260,1.0
14349.0,1,1,125.0,10,1.0
14350.0,1,1,282.93,274,1.0
14351.0,1,1,51.0,164,1.0
14352.0,4,3,209.8275,157,1.3333333333333333
14353.0,1,1,90.6,215,1.0
14354.0,2,2,68.355,5,1.0
14355.0,1,1,158.5,365,1.0
14356.0,2,1,240.465,79,2.0
14357.0,1,1,215.17000000000002,43,1.0
14359.0,3,3,266.36,19,1.0
14360.0,4,3,430.6575,31,1.3333333333333333
14362.0,1,1,138.75,22,1.0
14364.0,8,4,223.82,108,2.0
14367.0,16,9,475.9925,8,1.7777777777777777
14368.0,1,1,105.2,319,1.0
14371.0,1,1,100.5,295,1.0
14373.0,1,1,20.8,358,1.0
14375.0,1,1,219.66,185,1.0
14377.0,2,2,128.25,191,1.0
14379.0,2,2,170.075,44,1.0
14381.0,1,1,202.68,52,1.0
14382.0,1,1,509.59999999999997,26,1.0
14383.0,3,3,320.30333333333334,38,1.0
14385.0,3,1,67.36999999999999,9,3.0
14386.0,1,1,93.6,296,1.0
14387.0,3,3,471.0833333333333,32,1.0
14388.0,8,7,364.07,10,1.1428571428571428
14389.0,2,2,449.66,65,1.0
14390.0,9,6,443.0866666666667,10,1.5
14393.0,1,1,67.95,218,1.0
14395.0,9,9,343.5233333333333,2,1.0
14396.0,2,2,225.545,65,1.0
14397.0,18,8,101.25777777777778,2,2.25
14400.0,1,1,450.68,149,1.0
14401.0,13,8,247.02846153846153,4,1.625
14403.0,3,3,224.42999999999998,141,1.0
14404.0,6,6,194.99833333333333,33,1.0
14406.0,1,1,129.20000000000002,119,1.0
14407.0,5,4,289.294,107,1.25
14408.0,7,6,318.64,10,1.1666666666666667
14409.0,6,5,210.52333333333334,71,1.2
14410.0,9,6,98.63555555555556,92,1.5
14411.0,1,1,596.1,310,1.0
14412.0,2,2,293.18,42,1.0
14413.0,1,1,111.10000000000001,362,1.0
14414.0,7,4,180.41714285714286,91,1.75
14415.0,13,12,404.4269230769231,1,1.0833333333333333
14416.0,2,2,143.07999999999998,22,1.0
14418.0,3,3,572.48,3,1.0
14419.0,6,5,170.99,10,1.2
14420.0,1,1,387.52,99,1.0
14421.0,2,2,364.305,57,1.0
14422.0,6,6,598.6,1,1.0
14423.0,1,1,158.1,218,1.0
14424.0,1,1,181.17,17,1.0
14426.0,9,5,370.1844444444444,23,1.8
14427.0,2,1,172.22000000000003,50,2.0
14428.0,5,5,158.53199999999998,7,1.0
14431.0,1,1,303.66,302,1.0
14432.0,6,3,347.64166666666665,9,2.0
14434.0,6,3,199.04999999999998,21,2.0
14436.0,1,1,76.56,98,1.0
14437.0,1,1,63.0,365,1.0
14438.0,1,1,131.9,306,1.0
14439.0,1,1,1148.5139999999965,319,1.0
14440.0,5,5,323.746,8,1.0
14441.0,4,4,333.39750000000004,1,1.0
14442.0,2,2,316.235,204,1.0
14443.0,4,4,344.53999999999996,53,1.0
14446.0,4,4,229.54500000000002,1,1.0
14447.0,5,4,229.46599999999998,18,1.25
14448.0,2,2,130.72500000000002,9,1.0
14449.0,4,4,213.13750000000002,18,1.0
14450.0,3,3,161.08333333333334,180,1.0
14451.0,2,2,313.45,60,1.0
14452.0,2,2,95.75,10,1.0
14453.0,1,1,109.98,190,1.0
14456.0,9,5,305.28555555555556,5,1.8
14457.0,1,1,102.39,310,1.0
14459.0,1,1,1148.5139999999965,155,1.0
14460.0,3,3,89.42,110,1.0
14461.0,3,3,514.8566666666667,148,1.0
14462.0,11,9,149.85363636363638,66,1.2222222222222223
14463.0,3,3,87.54,98,1.0
14465.0,3,2,300.34666666666664,246,1.5
14466.0,7,7,214.94285714285712,29,1.0
14467.0,4,3,132.5025,17,1.3333333333333333
14470.0,2,2,163.47,11,1.0
14472.0,8,7,190.6475,103,1.1428571428571428
14473.0,1,1,123.9,74,1.0
14474.0,1,1,210.06,46,1.0
14475.0,3,3,231.17999999999998,71,1.0
14476.0,1,1,183.05,257,1.0
14477.0,4,4,120.43,19,1.0
14479.0,2,2,126.325,253,1.0
14480.0,1,1,262.55,11,1.0
14481.0,2,2,292.155,164,1.0
14482.0,6,4,216.16166666666666,18,1.5
14483.0,1,1,137.1,281,1.0
14484.0,1,1,313.1,50,1.0
14485.0,1,1,144.35,38,1.0
14487.0,6,4,152.72166666666666,26,1.5
14488.0,1,1,778.81,67,1.0
14489.0,1,1,455.91,207,1.0
14491.0,2,2,110.49,175,1.0
14493.0,5,4,416.264,7,1.25
14494.0,1,1,139.56,25,1.0
14495.0,2,2,61.9,50,1.0
14496.0,2,2,191.72500000000002,311,1.0
14497.0,1,1,335.52,309,1.0
14498.0,5,5,316.38199999999995,42,1.0
14499.0,3,3,256.24666666666667,26,1.0
14500.0,2,2,125.92500000000001,88,1.0
14501.0,2,2,125.605,183,1.0
14502.0,9,7,208.94222222222223,19,1.2857142857142858
14503.0,6,4,487.58,3,1.5
14504.0,4,3,126.80250000000001,47,1.3333333333333333
14505.0,8,6,640.7875,17,1.3333333333333333
14506.0,5,5,246.61999999999998,17,1.0
14507.0,6,5,174.5716666666667,23,1.2
14508.0,2,2,98.0,22,1.0
14511.0,5,4,239.27200000000002,11,1.25
14512.0,2,2,87.815,187,1.0
14513.0,3,3,96.52999999999999,100,1.0
14514.0,3,3,261.2,61,1.0
14515.0,6,4,289.035,17,1.5
14517.0,2,2,96.275,33,1.0
14518.0,1,1,122.7,64,1.0
14520.0,2,2,55.455,1,1.0
14522.0,4,3,170.7725,24,1.3333333333333333
14523.0,1,1,186.29000000000002,108,1.0
14524.0,9,6,159.86444444444444,31,1.5
14525.0,9,8,326.1377777777777,19,1.125
14527.0,54,13,81.21555555555557,2,3.0
14528.0,1,1,324.75,37,1.0
14529.0,3,3,180.98666666666668,60,1.0
14530.0,6,6,351.4883333333333,25,1.0
14532.0,3,3,66.8,236,1.0
14533.0,7,5,169.38000000000002,24,1.4
14534.0,18,12,183.66444444444446,2,1.5
14535.0,3,3,847.2733333333334,60,1.0
14536.0,1,1,76.0,259,1.0
14537.0,1,1,355.56,57,1.0
14538.0,2,2,167.175,64,1.0
14539.0,2,2,255.83,15,1.0
14540.0,3,3,278.83666666666664,9,1.0
14541.0,8,6,176.4,58,1.3333333333333333
14542.0,1,1,103.25,185,1.0
14543.0,16,10,105.449375,28,1.6
14544.0,2,2,795.415,24,1.0
14546.0,5,5,467.276,5,1.0
14547.0,8,3,427.73375000000004,3,2.6666666666666665
14548.0,2,2,137.7,150,1.0
14549.0,1,1,230.65,311,1.0
14550.0,2,2,349.55,10,1.0
14551.0,2,2,66.61500000000001,18,1.0
14552.0,1,1,156.27,151,1.0
14553.0,5,3,109.75,19,1.6666666666666667
14554.0,4,2,483.4125,10,2.0
14555.0,2,2,148.665,57,1.0
14557.0,1,1,597.4,85,1.0
14560.0,17,10,44.71411764705882,7,1.7
14561.0,3,2,332.2633333333333,75,1.5
14562.0,18,9,222.92333333333335,3,2.0
14565.0,4,4,676.28,95,1.0
14566.0,1,1,193.32,110,1.0
14567.0,2,2,628.98,56,1.0
14569.0,1,1,148.94,1,1.0
14570.0,2,1,95.105,280,2.0
14572.0,7,6,336.7528571428571,3,1.1666666666666667
14573.0,9,5,87.39222222222222,179,1.8
14576.0,1,1,35.400000000000006,368,1.0
14577.0,4,4,214.9275,12,1.0
14578.0,1,1,141.21,3,1.0
14581.0,1,1,108.63,16,1.0
14582.0,1,1,94.21000000000001,40,1.0
14583.0,5,4,165.60399999999998,5,1.25
14584.0,4,2,206.44,169,2.0
14585.0,1,1,148.55,50,1.0
14586.0,1,1,227.28,276,1.0
14587.0,9,7,140.44444444444446,18,1.2857142857142858
14591.0,4,2,269.9075,15,2.0
14592.0,3,2,172.09666666666666,35,1.5
14593.0,3,2,145.31666666666666,21,1.5
14594.0,2,2,136.64000000000001,7,1.0
14595.0,6,4,258.84,19,1.5
14597.0,2,2,352.26,11,1.0
14598.0,1,1,221.97,44,1.0
14600.0,1,1,236.43,305,1.0
14601.0,1,1,157.71,10,1.0
14603.0,1,1,89.1,274,1.0
14606.0,90,13,94.62144444444445,1,3.0
14607.0,13,3,239.9676923076923,15,3.0
14608.0,4,4,362.2875,4,1.0
14609.0,4,4,20.8,72,1.0
14616.0,3,3,92.46,242,1.0
14618.0,3,2,160.58,9,1.5
14619.0,1,1,263.74,245,1.0
14620.0,2,2,169.935,205,1.0
14621.0,5,5,304.78000000000003,1,1.0
14622.0,1,1,288.78000000000003,184,1.0
14623.0,5,5,144.41000000000003,32,1.0
14624.0,2,1,112.925,57,2.0
14625.0,2,2,334.24,196,1.0
14626.0,4,4,548.645,23,1.0
14628.0,2,2,205.85500000000002,91,1.0
14629.0,2,2,282.45500000000004,4,1.0
14631.0,3,3,281.56333333333333,50,1.0
14632.0,1,1,90.47,262,1.0
14633.0,1,1,235.4,266,1.0
14636.0,2,2,304.925,36,1.0
14638.0,1,1,269.6,50,1.0
14639.0,6,4,366.26666666666665,52,1.5
14640.0,6,6,275.30833333333334,24,1.0
14641.0,1,1,110.46,21,1.0
14642.0,1,1,48.42,58,1.0
14643.0,2,2,267.275,170,1.0
14644.0,2,2,224.125,67,1.0
14645.0,2,2,214.97500000000002,156,1.0
14646.0,72,13,1044.7427777777777,1,3.0
14647.0,1,1,236.04000000000002,201,1.0
14649.0,4,3,281.73,4,1.3333333333333333
14651.0,2,2,280.15,67,1.0
14652.0,1,1,94.28,77,1.0
14653.0,7,4,211.87857142857143,1,1.75
14655.0,4,4,369.95500000000004,8,1.0
14656.0,2,2,120.47500000000001,169,1.0
14657.0,4,4,176.8425,17,1.0
14658.0,2,2,55.3,5,1.0
14659.0,9,9,255.86444444444447,8,1.0
14660.0,2,2,128.12,86,1.0
14661.0,1,1,41.05,26,1.0
14662.0,4,4,157.2025,28,1.0
14664.0,2,1,283.29499999999996,19,2.0
14665.0,5,3,311.91999999999996,60,1.6666666666666667
14666.0,1,1,175.35,24,1.0
14667.0,25,11,284.6504,10,2.272727272727273
14669.0,3,2,359.2,241,1.5
14670.0,2,1,192.455,280,2.0
14672.0,2,2,317.5,234,1.0
14673.0,5,3,321.036,3,1.6666666666666667
14675.0,1,1,496.05,16,1.0
14676.0,6,5,250.35500000000002,31,1.2
14680.0,16,11,762.4031249999999,25,1.4545454545454546
14681.0,3,2,40.0,71,1.5
14682.0,2,2,20.8,187,1.0
14684.0,5,5,228.392,25,1.0
14687.0,1,1,423.84,106,1.0
14688.0,21,12,227.4509523809524,7,1.75
14689.0,1,1,104.85,208,1.0
14690.0,2,2,149.7,44,1.0
14691.0,5,3,390.694,30,1.6666666666666667
14692.0,4,4,139.63750000000002,137,1.0
14693.0,1,1,45.4,264,1.0
14696.0,7,7,265.07142857142856,4,1.0
14697.0,2,1,69.745,218,2.0
14698.0,5,3,209.81400000000002,1,1.6666666666666667
14699.0,1,1,109.13000000000001,214,1.0
14700.0,3,3,603.0,32,1.0
14701.0,9,6,189.17666666666665,10,1.5
14702.0,17,11,139.46588235294118,1,1.5454545454545454
14703.0,1,1,318.17,14,1.0
14704.0,7,5,184.1357142857143,19,1.4
14705.0,1,1,48.33,198,1.0
14708.0,3,3,216.04,2,1.0
14709.0,13,9,343.22846153846154,15,1.4444444444444444
14710.0,4,2,135.4075,14,2.0
14711.0,11,7,164.1918181818182,10,1.5714285714285714
14712.0,3,3,291.38,29,1.0
14713.0,11,8,210.78181818181818,9,1.375
14714.0,1,1,58.239999999999995,24,1.0
14715.0,4,4,173.015,24,1.0
14716.0,2,2,122.855,43,1.0
14719.0,5,5,288.678,1,1.0
14720.0,3,3,147.72,5,1.0
14722.0,1,1,154.57,147,1.0
14723.0,6,3,167.28,10,2.0
14725.0,1,1,502.13,24,1.0
14727.0,1,1,116.03,274,1.0
14729.0,1,1,290.79,368,1.0
14730.0,8,6,180.82125000000002,1,1.3333333333333333
14731.0,3,2,119.15666666666665,47,1.5
14732.0,8,8,266.9925,8,1.0
14733.0,12,9,544.2758333333333,16,1.3333333333333333
14735.0,31,12,156.7083870967742,3,2.5833333333333335
14737.0,3,3,267.5933333333333,3,1.0
14738.0,7,5,172.09285714285716,42,1.4
14739.0,7,7,311.60571428571427,4,1.0
14740.0,3,3,427.9533333333334,197,1.0
14741.0,6,5,214.64833333333334,11,1.2
14744.0,7,5,93.82571428571428,16,1.4
14745.0,5,4,229.41199999999998,112,1.25
14747.0,1,1,176.95000000000002,249,1.0
14748.0,5,4,269.636,29,1.25
14752.0,1,1,187.59,43,1.0
14753.0,1,1,526.75,87,1.0
14754.0,2,2,304.15,44,1.0
14755.0,11,10,378.36909090909097,9,1.1
14756.0,1,1,600.3100000000001,15,1.0
14757.0,1,1,395.5,75,1.0
14758.0,4,4,175.72,144,1.0
14759.0,3,3,352.69,4,1.0
14760.0,1,1,89.2,297,1.0
14761.0,2,2,127.95,58,1.0
14762.0,1,1,294.67,263,1.0
14764.0,1,1,209.4,46,1.0
14765.0,3,3,57.03333333333333,29,1.0
14766.0,6,6,387.2633333333333,8,1.0
14768.0,2,2,96.30000000000001,17,1.0
14769.0,8,8,1072.58,2,1.0
14770.0,2,2,322.66,232,1.0
14772.0,1,1,126.50999999999999,112,1.0
14775.0,3,3,315.46,58,1.0
14776.0,11,7,178.07454545454544,51,1.5714285714285714
14778.0,2,2,345.53,127,1.0
14779.0,3,2,62.51666666666667,280,1.5
14780.0,2,2,200.44,54,1.0
14782.0,1,1,143.85000000000002,319,1.0
14784.0,2,2,120.92500000000001,26,1.0
14785.0,2,1,30.405,10,2.0
14788.0,2,2,300.825,7,1.0
14789.0,1,1,190.53,28,1.0
14790.0,4,3,157.785,16,1.3333333333333333
14792.0,1,1,20.8,63,1.0
14793.0,1,1,228.99,21,1.0
14794.0,6,5,176.67666666666665,2,1.2
14795.0,1,1,20.8,166,1.0
14796.0,17,13,439.6129411764706,1,1.3076923076923077
14798.0,3,3,57.913333333333334,52,1.0
14799.0,1,1,41.63,51,1.0
14800.0,12,9,313.41749999999996,47,1.3333333333333333
14801.0,1,1,158.34,61,1.0
14803.0,3,3,161.99999999999997,162,1.0
14804.0,1,1,179.82,8,1.0
14805.0,4,3,74.11250000000001,15,1.3333333333333333
14806.0,1,1,134.04,75,1.0
14808.0,7,4,260.4685714285714,39,1.75
14810.0,11,9,185.0481818181818,40,1.2222222222222223
14813.0,2,1,55.465,368,2.0
14815.0,2,2,377.65500000000003,36,1.0
14816.0,1,1,20.8,197,1.0
14817.0,2,2,492.65,200,1.0
14818.0,3,3,152.51666666666668,73,1.0
14819.0,2,2,104.91,64,1.0
14820.0,4,3,105.9475,21,1.3333333333333333
14821.0,1,1,48.800000000000004,366,1.0
14823.0,3,2,72.39333333333333,180,1.5
14824.0,4,2,248.1275,10,2.0
14825.0,12,10,164.94250000000002,3,1.2
14828.0,3,3,153.12,196,1.0
14829.0,4,3,171.145,29,1.3333333333333333
14830.0,1,1,180.63,53,1.0
14834.0,6,5,211.29166666666666,17,1.2
14836.0,3,1,34.15,10,3.0
14837.0,4,4,408.7075,89,1.0
14840.0,1,1,62.85,267,1.0
14841.0,6,5,454.74666666666667,53,1.2
14842.0,4,4,567.0475,43,1.0
14844.0,4,4,544.9575,63,1.0
14847.0,1,1,218.4,148,1.0
14849.0,25,11,279.6392,21,2.272727272727273
14850.0,1,1,317.25,311,1.0
14851.0,2,2,236.625,23,1.0
14852.0,6,5,405.20666666666665,58,1.2
14853.0,2,2,44.25,24,1.0
14854.0,7,5,324.37,78,1.4
14855.0,2,2,102.625,119,1.0
14856.0,3,2,318.4166666666667,36,1.5
14857.0,2,2,458.08500000000004,59,1.0
14859.0,4,3,303.3725,12,1.3333333333333333
14860.0,1,1,157.26999999999998,19,1.0
14861.0,1,1,115.23,52,1.0
14862.0,2,2,382.575,25,1.0
14863.0,1,1,266.76,29,1.0
14865.0,2,2,24.105,7,1.0
14866.0,11,6,395.4281818181818,10,1.8333333333333333
14867.0,3,3,172.59333333333333,185,1.0
14868.0,8,6,334.39250000000004,3,1.3333333333333333
14869.0,2,2,308.69,8,1.0
14870.0,1,1,327.25,261,1.0
14871.0,4,4,125.32000000000001,3,1.0
14873.0,1,1,346.93,210,1.0
14875.0,2,2,481.69000000000005,107,1.0
14878.0,9,7,150.5822222222222,12,1.2857142857142858
14880.0,3,3,175.03,77,1.0
14881.0,1,1,236.59,19,1.0
14882.0,2,1,255.10000000000002,26,2.0
14883.0,6,5,124.93666666666667,18,1.2
14885.0,1,1,501.06,131,1.0
14886.0,1,1,325.0,252,1.0
14887.0,1,1,261.09,79,1.0
14888.0,1,1,369.2,207,1.0
14889.0,1,1,135.9,336,1.0
14890.0,1,1,125.65,253,1.0
14891.0,2,2,261.185,148,1.0
14893.0,2,1,535.95,9,2.0
14894.0,1,1,637.9000000000001,85,1.0
14895.0,19,10,438.8573684210527,7,1.9
14896.0,2,2,228.91000000000003,204,1.0
14897.0,4,4,168.145,7,1.0
14898.0,6,6,158.26666666666665,23,1.0
14901.0,9,4,118.77000000000001,11,2.25
14902.0,1,1,299.66,25,1.0
14903.0,5,5,480.796,21,1.0
14904.0,2,2,404.39,2,1.0
14905.0,2,2,288.95000000000005,157,1.0
14907.0,7,5,437.2014285714286,3,1.4
14908.0,1,1,169.05,74,1.0
14910.0,4,3,93.66250000000001,2,1.3333333333333333
14911.0,196,13,488.66178571428577,1,3.0
14912.0,2,2,244.77499999999998,16,1.0
14913.0,4,4,272.6075,35,1.0
14915.0,2,2,140.99,91,1.0
14916.0,4,3,300.675,70,1.3333333333333333
14918.0,2,2,703.1800000000001,115,1.0
14920.0,2,1,402.815,212,2.0
14921.0,2,2,650.4300000000001,30,1.0
14923.0,1,1,644.45,50,1.0
14924.0,1,1,168.05,245,1.0
14929.0,1,1,172.88,32,1.0
14930.0,3,2,508.8533333333333,108,1.5
14931.0,4,4,197.72,4,1.0
14932.0,1,1,140.43,365,1.0
14934.0,2,2,691.3199999999999,81,1.0
14935.0,1,1,707.94,297,1.0
14936.0,7,5,807.7557142857142,33,1.4
14937.0,3,2,412.77666666666664,56,1.5
14944.0,12,6,411.09833333333336,29,2.0
14946.0,1,1,100.9,14,1.0
14947.0,2,2,137.91,72,1.0
14948.0,6,5,158.25333333333333,23,1.2
14950.0,1,1,243.5,19,1.0
14951.0,1,1,267.35,79,1.0
14952.0,11,5,502.7863636363636,59,2.2
14953.0,1,1,207.72,25,1.0
14954.0,1,1,186.2,12,1.0
14957.0,1,1,58.49,253,1.0
14958.0,3,3,68.79333333333334,147,1.0
14959.0,4,4,163.7925,64,1.0
14960.0,2,2,101.88999999999999,8,1.0
14961.0,9,6,684.1755555555555,10,1.5
14962.0,1,1,67.5,270,1.0
14963.0,5,3,221.94400000000002,9,1.6666666666666667
14964.0,1,1,110.37,247,1.0
14965.0,1,1,461.64,96,1.0
14966.0,1,1,179.24,14,1.0
14967.0,1,1,355.8,49,1.0
14968.0,1,1,139.09,30,1.0
14970.0,4,4,366.3775,68,1.0
14971.0,3,2,289.45666666666665,35,1.5
14972.0,1,1,53.47,128,1.0
14973.0,3,3,155.13333333333333,107,1.0
14974.0,1,1,79.99000000000001,37,1.0
14975.0,1,1,183.64,57,1.0
14976.0,6,5,104.17666666666668,57,1.2
14978.0,5,4,215.85399999999998,72,1.25
14981.0,1,1,102.12,246,1.0
14984.0,2,2,41.035,19,1.0
14985.0,2,2,136.935,198,1.0
14987.0,2,2,137.7,15,1.0
14988.0,1,1,305.29,211,1.0
14995.0,2,2,101.715,38,1.0
14997.0,3,3,128.50666666666666,46,1.0
14998.0,2,2,170.935,170,1.0
15000.0,1,1,466.37,47,1.0
15002.0,4,4,395.59000000000003,115,1.0
15004.0,1,1,841.48,147,1.0
15005.0,28,12,201.82999999999998,15,2.3333333333333335
15006.0,1,1,434.98,51,1.0
15007.0,1,1,146.96,159,1.0
15009.0,3,1,386.42666666666673,12,3.0
15010.0,1,1,263.19,35,1.0
15012.0,2,2,171.59500000000003,53,1.0
15014.0,2,2,109.86,43,1.0
15016.0,1,1,100.24000000000001,172,1.0
15017.0,1,1,115.63,33,1.0
15018.0,3,3,91.78666666666668,38,1.0
15019.0,1,1,225.85999999999999,266,1.0
15021.0,9,8,169.0688888888889,8,1.125
15022.0,3,2,249.67,11,1.5
15023.0,11,9,440.3172727272727,3,1.2222222222222223
15024.0,9,5,163.37,9,1.8
15025.0,1,1,334.56,33,1.0
15026.0,3,3,115.30333333333333,80,1.0
15027.0,4,4,154.4,30,1.0
15028.0,4,3,134.8,8,1.3333333333333333
15030.0,2,2,60.96,71,1.0
15031.0,4,4,116.32,4,1.0
15032.0,2,2,692.2249999999999,256,1.0
15033.0,10,8,230.821,4,1.25
15034.0,8,6,420.01125,15,1.3333333333333333
15035.0,1,1,238.36,89,1.0
15036.0,3,2,117.21333333333332,72,1.5
15038.0,6,5,63.92333333333334,58,1.2
15039.0,45,12,328.0331111111111,9,3.0
15041.0,1,1,151.48,170,1.0
15042.0,1,1,46.68,199,1.0
15043.0,1,1,144.99,31,1.0
15044.0,17,11,316.2323529411765,19,1.5454545454545454
15045.0,1,1,60.06,151,1.0
15046.0,15,9,222.87199999999999,9,1.6666666666666667
15047.0,1,1,337.53,269,1.0
15048.0,4,4,70.325,65,1.0
15049.0,1,1,85.68,273,1.0
15050.0,3,2,463.51,25,1.5
15051.0,3,3,407.7966666666666,23,1.0
15052.0,1,1,127.83,319,1.0
15053.0,3,3,206.40666666666667,4,1.0
15054.0,2,2,138.97500000000002,12,1.0
15057.0,2,2,456.015,275,1.0
15058.0,11,8,169.07636363636365,25,1.375
15059.0,9,6,117.40444444444444,40,1.5
15060.0,4,2,67.1875,8,2.0
15061.0,48,13,363.5060416666667,3,3.0
15062.0,4,4,237.88250000000002,71,1.0
15063.0,1,1,70.19999999999999,213,1.0
15065.0,4,4,560.1125,37,1.0
15066.0,1,1,701.79,53,1.0
15067.0,3,2,449.80333333333334,78,1.5
15068.0,2,2,228.34500000000003,46,1.0
15069.0,1,1,795.48,179,1.0
15070.0,1,1,79.65,368,1.0
15071.0,2,2,327.83500000000004,93,1.0
15073.0,3,2,347.80333333333334,9,1.5
15074.0,1,1,735.67,105,1.0
15075.0,1,1,576.97,77,1.0
15076.0,1,1,771.3,172,1.0
15078.0,31,13,302.74354838709684,7,2.3846153846153846
15079.0,3,3,249.42,212,1.0
15081.0,5,5,72.74000000000001,22,1.0
15083.0,1,1,62.699999999999996,256,1.0
15087.0,1,1,240.58,281,1.0
15088.0,2,2,412.76,21,1.0
15089.0,6,4,319.4783333333333,10,1.5
15090.0,1,1,280.67,308,1.0
15091.0,1,1,446.71,67,1.0
15092.0,2,2,139.805,215,1.0
15093.0,6,6,391.21333333333337,18,1.0
15095.0,4,3,260.6775,103,1.3333333333333333
15096.0,1,1,206.89000000000001,42,1.0
15097.0,1,1,215.08,4,1.0
15098.0,1,1,133.65,182,1.0
15099.0,1,1,335.63,84,1.0
15101.0,2,2,99.89,8,1.0
15103.0,2,2,286.73,31,1.0
15104.0,2,2,291.415,196,1.0
15105.0,7,4,289.6585714285714,18,1.75
15106.0,5,5,255.56799999999998,17,1.0
15107.0,4,3,37.5,311,1.3333333333333333
15108.0,3,3,327.84999999999997,141,1.0
15109.0,1,1,327.15000000000003,245,1.0
15110.0,4,4,155.10000000000002,23,1.0
15111.0,3,3,446.56,29,1.0
15113.0,3,2,879.3533333333334,9,1.5
15114.0,10,8,271.226,30,1.25
15115.0,1,1,238.81,18,1.0
15116.0,4,4,301.925,17,1.0
15117.0,5,4,232.802,14,1.25
15118.0,1,1,20.8,134,1.0
15119.0,1,1,162.8,245,1.0
15120.0,1,1,254.93,133,1.0
15121.0,2,2,199.535,50,1.0
15122.0,3,3,481.41,114,1.0
15123.0,2,2,954.9449999999999,7,1.0
15124.0,2,2,71.08000000000001,22,1.0
15125.0,15,8,349.60933333333327,25,1.875
15127.0,1,1,380.28,65,1.0
15128.0,4,4,339.625,60,1.0
15129.0,11,7,211.17454545454547,50,1.5714285714285714
15130.0,1,1,330.11,169,1.0
15132.0,5,5,178.264,18,1.0
15133.0,3,3,260.69666666666666,127,1.0
15134.0,8,7,169.66625,14,1.1428571428571428
15135.0,1,1,139.05,239,1.0
15136.0,4,3,318.4125,2,1.3333333333333333
15139.0,2,2,87.485,239,1.0
15140.0,7,6,271.9585714285714,52,1.1666666666666667
15142.0,1,1,441.05,46,1.0
15143.0,1,1,239.55,225,1.0
15144.0,17,9,368.90588235294115,8,1.8888888888888888
15145.0,4,3,234.82,4,1.3333333333333333
15146.0,2,2,600.6800000000001,164,1.0
15147.0,1,1,399.55,240,1.0
15148.0,1,1,301.29,10,1.0
15149.0,1,1,361.20000000000005,133,1.0
15150.0,10,6,462.483,17,1.6666666666666667
15152.0,13,6,292.4646153846154,9,2.1666666666666665
15153.0,1,1,247.35,31,1.0
15154.0,1,1,162.58,75,1.0
15156.0,3,2,254.13,1,1.5
15157.0,3,3,551.2966666666667,3,1.0
15158.0,1,1,334.68,45,1.0
15159.0,28,12,549.3546428571428,1,2.3333333333333335
15160.0,1,1,131.61,357,1.0
15163.0,2,2,143.3,18,1.0
15164.0,3,3,253.02666666666664,68,1.0
15165.0,1,1,362.7,368,1.0
15167.0,1,1,134.4,320,1.0
15168.0,1,1,58.86,25,1.0
15171.0,1,1,508.95,331,1.0
15172.0,5,5,299.964,8,1.0
15174.0,1,1,131.97,322,1.0
15175.0,1,1,219.25,71,1.0
15178.0,1,1,40.5,260,1.0
15179.0,5,4,352.496,18,1.25
15180.0,1,1,87.5,367,1.0
15181.0,3,3,107.38999999999999,66,1.0
15182.0,2,2,302.925,154,1.0
15184.0,2,2,141.725,29,1.0
15185.0,1,1,181.23000000000002,70,1.0
15186.0,2,2,180.595,14,1.0
15187.0,13,7,156.3176923076923,1,1.8571428571428572
15189.0,41,12,199.84219512195125,1,3.0
15192.0,3,3,254.61999999999998,119,1.0
15193.0,1,1,344.78,60,1.0
15194.0,15,10,395.05400000000003,3,1.5
15195.0,1,1,74.25,2,1.0
15197.0,3,3,196.26999999999998,10,1.0
15198.0,2,2,96.82,92,1.0
15199.0,4,4,173.525,59,1.0
15201.0,5,4,230.058,87,1.25
15203.0,6,6,299.92,25,1.0
15204.0,1,1,203.13,357,1.0
15205.0,2,2,223.29000000000002,85,1.0
15206.0,4,4,105.075,10,1.0
15208.0,5,5,88.514,1,1.0
15210.0,1,1,230.37,225,1.0
15211.0,2,2,327.95500000000004,60,1.0
15212.0,1,1,62.0,241,1.0
15213.0,2,1,164.17499999999998,318,2.0
15214.0,8,6,189.775,1,1.3333333333333333
15215.0,3,2,164.7466666666667,46,1.5
15216.0,1,1,33.0,87,1.0
15218.0,11,9,369.76,10,1.2222222222222223
15219.0,1,1,152.8,176,1.0
15220.0,6,6,267.77,51,1.0
15221.0,1,1,162.60000000000002,366,1.0
15222.0,1,1,181.44,318,1.0
15223.0,2,1,222.27500000000003,225,2.0
15224.0,2,1,122.065,358,2.0
15225.0,1,1,344.70000000000005,234,1.0
15226.0,1,1,128.91,310,1.0
15227.0,5,4,186.078,36,1.25
15228.0,4,4,667.8475,66,1.0
15230.0,2,1,214.8,239,2.0
15232.0,2,2,287.70500000000004,113,1.0
15234.0,1,1,193.01,276,1.0
15235.0,12,5,167.95916666666668,217,2.4
15236.0,1,1,321.05,298,1.0
15237.0,4,4,314.3775,1,1.0
15238.0,3,3,271.3066666666667,29,1.0
15239.0,2,2,363.75,10,1.0
15240.0,5,5,296.856,44,1.0
15241.0,8,7,185.99374999999998,66,1.1428571428571428
15243.0,1,1,316.68,74,1.0
15244.0,2,2,282.58500000000004,65,1.0
15245.0,3,3,647.2199999999999,134,1.0
15246.0,2,2,237.82500000000002,238,1.0
15247.0,1,1,317.75,122,1.0
15249.0,13,8,489.6892307692308,31,1.625
15251.0,11,8,392.9281818181818,9,1.375
15252.0,2,2,370.39,36,1.0
15253.0,5,3,176.316,16,1.6666666666666667
15254.0,1,1,276.0,127,1.0
15255.0,1,1,865.35,66,1.0
15256.0,1,1,98.45,148,1.0
15257.0,1,1,40.2,283,1.0
15258.0,2,2,193.38,168,1.0
15260.0,7,6,233.48857142857145,100,1.1666666666666667
15261.0,1,1,254.82,135,1.0
15262.0,1,1,161.95000000000002,323,1.0
15263.0,1,1,139.51,106,1.0
15264.0,1,1,393.74,64,1.0
15265.0,2,2,523.26,151,1.0
15266.0,1,1,47.7,338,1.0
15267.0,5,4,109.026,22,1.25
15269.0,1,1,118.80000000000001,23,1.0
15270.0,7,4,175.99,15,1.75
15271.0,15,10,145.536,7,1.5
15272.0,2,2,256.39500000000004,57,1.0
15274.0,2,2,344.8,4,1.0
15275.0,1,1,505.69,37,1.0
15276.0,1,1,95.38,66,1.0
15277.0,1,1,249.80999999999997,46,1.0
15279.0,1,1,251.79,354,1.0
15280.0,1,1,110.57,172,1.0
15281.0,9,6,213.36,58,1.5
15286.0,1,1,240.55,49,1.0
15287.0,2,2,212.205,22,1.0
15288.0,5,5,414.82399999999996,43,1.0
15289.0,3,3,261.77000000000004,29,1.0
15290.0,18,12,294.28444444444443,4,1.5
15291.0,14,7,203.45785714285714,25,2.0
15292.0,1,1,111.69,201,1.0
15296.0,6,5,493.8833333333334,50,1.2
15297.0,3,2,208.31333333333336,10,1.5
15298.0,12,9,287.63916666666665,2,1.3333333333333333
15299.0,5,3,64.58399999999999,67,1.6666666666666667
15300.0,1,1,454.44,64,1.0
15301.0,12,9,315.35583333333335,50,1.3333333333333333
15303.0,1,1,444.42,290,1.0
15304.0,5,5,48.52,60,1.0
15306.0,3,3,309.06333333333333,64,1.0
15307.0,1,1,119.20000000000002,95,1.0
15308.0,1,1,226.08,274,1.0
15311.0,91,13,338.47483516483516,1,3.0
15312.0,4,4,228.025,75,1.0
15313.0,1,1,52.0,110,1.0
15314.0,1,1,321.88,199,1.0
15315.0,2,2,262.045,64,1.0
15316.0,1,1,44.55,326,1.0
15318.0,1,1,305.69,3,1.0
15319.0,1,1,145.0,283,1.0
15320.0,1,1,196.86,44,1.0
15321.0,3,2,738.7566666666668,70,1.5
15322.0,1,1,584.49,85,1.0
15325.0,1,1,161.74,103,1.0
15326.0,1,1,311.71,333,1.0
15327.0,1,1,125.1,52,1.0
15329.0,3,3,271.98333333333335,39,1.0
15330.0,2,2,96.555,32,1.0
15332.0,4,1,387.2525,366,3.0
15333.0,1,1,682.69,208,1.0
15334.0,3,2,113.62333333333333,156,1.5
15335.0,1,1,161.72,53,1.0
15339.0,2,2,266.92,66,1.0
15341.0,1,1,1148.5139999999965,80,1.0
15342.0,1,1,391.14,129,1.0
15343.0,1,1,153.7,87,1.0
15344.0,2,2,93.89500000000001,32,1.0
15345.0,1,1,185.39000000000001,45,1.0
15346.0,1,1,252.42000000000002,332,1.0
15347.0,1,1,115.35000000000001,366,1.0
15348.0,1,1,158.04,72,1.0
15349.0,2,2,182.70499999999998,158,1.0
15350.0,1,1,115.65,368,1.0
15351.0,7,4,233.2657142857143,12,1.75
15353.0,2,2,274.135,254,1.0
15355.0,2,2,94.65,29,1.0
15356.0,10,9,268.831,31,1.1111111111111112
15358.0,22,13,351.51681818181817,4,1.6923076923076923
15360.0,1,1,427.93,39,1.0
15361.0,1,1,225.12,361,1.0
15363.0,1,1,310.1,368,1.0
15364.0,2,2,404.62,95,1.0
15365.0,7,3,302.24571428571426,25,2.3333333333333335
15366.0,2,2,276.31,75,1.0
15367.0,4,3,431.8925,57,1.3333333333333333
15368.0,1,1,161.73000000000002,21,1.0
15370.0,5,5,299.04,71,1.0
15372.0,1,1,601.29,137,1.0
15373.0,10,9,140.001,8,1.1111111111111112
15374.0,1,1,48.150000000000006,128,1.0
15376.0,3,3,360.33666666666664,40,1.0
15379.0,7,5,479.8757142857143,169,1.4
15380.0,5,5,59.74400000000001,8,1.0
15381.0,1,1,221.39999999999998,268,1.0
15382.0,6,5,882.2366666666667,14,1.2
15384.0,2,2,307.42999999999995,169,1.0
15385.0,1,1,231.29000000000002,40,1.0
15386.0,1,1,388.29,186,1.0
15388.0,1,1,140.54,270,1.0
15389.0,1,1,33.75,172,1.0
15392.0,4,4,361.5775,4,1.0
15393.0,2,2,115.93,16,1.0
15394.0,4,4,444.36,9,1.0
15395.0,1,1,74.55000000000001,325,1.0
15396.0,1,1,204.28,112,1.0
15397.0,1,1,94.0,289,1.0
15398.0,2,2,641.815,16,1.0
15399.0,3,3,263.3433333333333,1,1.0
15400.0,5,4,106.52000000000001,92,1.25
15402.0,2,2,215.28000000000003,148,1.0
15405.0,1,1,157.46,189,1.0
15406.0,2,2,168.46,31,1.0
15407.0,4,4,167.5725,33,1.0
15408.0,1,1,121.98,264,1.0
15410.0,8,6,343.73625000000004,84,1.3333333333333333
15411.0,4,4,259.27750000000003,26,1.0
15412.0,1,1,61.13,171,1.0
15414.0,3,2,232.44000000000003,9,1.5
15415.0,1,1,511.53000000000003,313,1.0
15416.0,4,4,783.1025,64,1.0
15417.0,1,1,508.8,85,1.0
15419.0,1,1,105.8,24,1.0
15421.0,4,3,216.1925,58,1.3333333333333333
15422.0,2,1,48.85,323,2.0
15423.0,1,1,20.8,38,1.0
15424.0,2,1,160.17000000000002,254,2.0
15426.0,5,3,239.21400000000003,19,1.6666666666666667
15427.0,3,2,424.50666666666666,33,1.5
15428.0,1,1,85.59,15,1.0
15429.0,2,2,173.53,26,1.0
15432.0,1,1,171.19,23,1.0
15433.0,2,2,266.65,213,1.0
15434.0,5,4,183.29000000000002,8,1.25
15435.0,1,1,109.94,22,1.0
15436.0,3,3,303.7166666666667,12,1.0
15437.0,1,1,183.71,262,1.0
15438.0,1,1,137.13,131,1.0
15440.0,3,3,102.39333333333333,54,1.0
15442.0,1,1,267.3,248,1.0
15443.0,7,6,393.65714285714284,1,1.1666666666666667
15444.0,2,2,626.905,9,1.0
15445.0,1,1,68.1,264,1.0
15447.0,1,1,129.67,330,1.0
15448.0,1,1,405.04,312,1.0
15449.0,3,3,310.71666666666664,26,1.0
15450.0,1,1,388.94,30,1.0
15452.0,3,3,164.27666666666667,29,1.0
15453.0,7,6,165.73142857142855,1,1.1666666666666667
15454.0,1,1,157.2,362,1.0
15456.0,3,2,124.39333333333333,283,1.5
15457.0,1,1,217.17,262,1.0
15458.0,1,1,153.45,25,1.0
15460.0,1,1,167.16,354,1.0
15462.0,3,3,70.7,94,1.0
15463.0,1,1,124.43,29,1.0
15464.0,1,1,713.25,338,1.0
15465.0,18,10,126.56777777777779,19,1.8
15466.0,1,1,324.58,85,1.0
15467.0,3,2,166.64333333333335,9,1.5
15468.0,1,1,377.91,51,1.0
15469.0,2,2,141.05,50,1.0
15471.0,1,1,424.98,2,1.0
15472.0,1,1,335.15999999999997,113,1.0
15473.0,7,2,112.82142857142857,14,3.0
15475.0,1,1,406.31,77,1.0
15478.0,2,1,526.0,40,2.0
15480.0,1,1,579.25,116,1.0
15482.0,11,5,418.83181818181816,15,2.2
15483.0,4,2,52.375,161,2.0
15484.0,4,4,750.2225000000001,1,1.0
15485.0,3,3,569.56,30,1.0
15488.0,1,1,28.62,92,1.0
15489.0,3,3,301.3566666666666,22,1.0
15491.0,6,5,415.59833333333336,95,1.2
15492.0,2,2,256.28499999999997,28,1.0
15493.0,5,4,243.372,32,1.25
15494.0,2,2,563.375,21,1.0
15497.0,2,2,322.57500000000005,17,1.0
15498.0,26,11,445.99346153846153,2,2.3636363636363638
15500.0,4,3,214.9525,8,1.3333333333333333
15502.0,9,5,444.81111111111113,15,1.8
15503.0,1,1,122.59,362,1.0
15504.0,1,1,52.83,81,1.0
15505.0,5,4,531.2940000000001,52,1.25
15506.0,3,3,280.0,22,1.0
15507.0,1,1,296.76,171,1.0
15508.0,6,3,137.70166666666668,189,2.0
15511.0,5,3,106.186,11,1.6666666666666667
15512.0,2,2,60.5,155,1.0
15513.0,19,10,536.3568421052632,33,1.9
15514.0,11,4,219.66454545454545,12,2.75
15516.0,3,1,20.8,44,3.0
15517.0,1,1,252.39,233,1.0
15518.0,7,5,246.84,64,1.4
15520.0,1,1,325.83000000000004,1,1.0
15521.0,7,5,298.3014285714285,40,1.4
15522.0,2,2,180.2,32,1.0
15523.0,1,1,258.61,84,1.0
15525.0,3,3,189.49,2,1.0
15526.0,1,1,20.8,33,1.0
15527.0,8,7,194.995,18,1.1428571428571428
15528.0,1,1,192.58,254,1.0
15529.0,11,9,340.5790909090909,22,1.2222222222222223
15530.0,4,4,279.67,21,1.0
15531.0,2,2,841.365,8,1.0
15532.0,4,4,275.48,25,1.0
15533.0,3,2,182.99,19,1.5
15535.0,4,3,62.95,173,1.3333333333333333
15537.0,1,1,86.02,163,1.0
15539.0,1,1,512.21,7,1.0
15540.0,1,1,195.75,11,1.0
15541.0,1,1,85.13000000000001,114,1.0
15543.0,1,1,117.91,288,1.0
15544.0,9,7,389.09888888888895,9,1.2857142857142858
15545.0,2,2,114.685,54,1.0
15547.0,13,10,303.9807692307692,7,1.3
15549.0,3,3,405.92,77,1.0
15550.0,4,4,118.595,4,1.0
15551.0,1,1,276.0,36,1.0
15552.0,1,1,90.12,217,1.0
15553.0,1,1,382.63,60,1.0
15554.0,1,1,130.4,277,1.0
15555.0,16,9,253.37437500000001,12,1.7777777777777777
15556.0,1,1,235.12,24,1.0
15557.0,1,1,310.01,28,1.0
15561.0,4,3,130.0475,11,1.3333333333333333
15562.0,1,1,93.15,351,1.0
15563.0,4,3,299.31,22,1.3333333333333333
15565.0,2,2,61.830000000000005,50,1.0
15567.0,1,1,94.26,18,1.0
15568.0,3,3,241.46333333333334,2,1.0
15569.0,5,3,135.762,103,1.6666666666666667
15570.0,12,8,270.12,7,1.5
15571.0,4,2,146.66750000000002,11,2.0
15572.0,7,5,255.94571428571427,4,1.4
15573.0,2,2,229.29,31,1.0
15574.0,4,2,115.3325,177,2.0
15576.0,1,1,643.56,37,1.0
15577.0,3,2,69.84333333333333,151,1.5
15578.0,1,1,119.15,162,1.0
15579.0,2,2,104.925,68,1.0
15581.0,10,5,60.392999999999994,156,2.0
15582.0,3,3,221.00333333333333,24,1.0
15584.0,4,4,150.3025,23,1.0
15585.0,1,1,439.4,176,1.0
15587.0,4,4,150.435,50,1.0
15589.0,3,2,137.91,255,1.5
15592.0,1,1,356.24,46,1.0
15593.0,1,1,199.8,70,1.0
15594.0,5,3,330.834,15,1.6666666666666667
15596.0,5,5,221.82800000000003,100,1.0
15597.0,1,1,324.57,35,1.0
15598.0,1,1,223.68,53,1.0
15599.0,2,2,335.62,26,1.0
15601.0,14,10,385.25714285714287,11,1.4
15602.0,9,6,105.45555555555556,8,1.5
15603.0,1,1,27.269999999999996,78,1.0
15604.0,1,1,216.39,52,1.0
15605.0,5,5,188.906,36,1.0
15606.0,9,7,295.7977777777778,61,1.2857142857142858
15607.0,1,1,87.76,336,1.0
15608.0,4,3,220.15499999999997,28,1.3333333333333333
15609.0,1,1,268.78000000000003,184,1.0
15610.0,1,1,112.46000000000001,51,1.0
15611.0,11,7,70.85181818181819,9,1.5714285714285714
15612.0,2,2,90.075,36,1.0
15615.0,23,10,388.3469565217391,10,2.3
15618.0,4,3,184.98775,32,1.3333333333333333
15619.0,1,1,138.75,10,1.0
15620.0,3,3,399.53999999999996,56,1.0
15621.0,4,2,185.975,4,2.0
15622.0,9,5,339.84666666666664,43,1.8
15623.0,1,1,229.43,141,1.0
15624.0,4,4,130.44,116,1.0
15625.0,4,3,343.8825,103,1.3333333333333333
15626.0,2,2,305.445,74,1.0
15628.0,9,8,292.03888888888895,4,1.125
15630.0,2,2,497.65,45,1.0
15632.0,8,7,373.05875,15,1.1428571428571428
15634.0,1,1,227.65,17,1.0
15636.0,2,2,294.78,89,1.0
15637.0,1,1,223.36,52,1.0
15639.0,1,1,178.02,134,1.0
15640.0,15,10,625.2813333333332,4,1.5
15641.0,4,3,446.71250000000003,105,1.3333333333333333
15643.0,3,2,144.65,191,1.5
15644.0,4,2,183.0225,166,2.0
15645.0,1,1,550.36,18,1.0
15646.0,3,3,127.19333333333334,157,1.0
15648.0,2,2,252.175,204,1.0
15649.0,2,2,114.75,336,1.0
15651.0,3,2,194.75666666666666,36,1.5
15652.0,1,1,263.09,91,1.0
15653.0,2,2,43.44,92,1.0
15654.0,2,1,368.78999999999996,9,2.0
15655.0,1,1,465.57,243,1.0
15656.0,4,4,142.35,45,1.0
15657.0,1,1,30.0,22,1.0
15658.0,4,4,145.9625,190,1.0
15659.0,1,1,100.8,43,1.0
15660.0,8,6,186.615,25,1.3333333333333333
15661.0,2,1,49.05,317,2.0
15663.0,1,1,134.63,106,1.0
15664.0,1,1,311.43,50,1.0
15665.0,2,2,1008.255,168,1.0
15667.0,1,1,301.32,39,1.0
15668.0,1,1,28.62,217,1.0
15669.0,4,4,133.415,40,1.0
15670.0,1,1,157.15,296,1.0
15671.0,7,5,245.14714285714285,18,1.4
15673.0,4,4,524.9725,88,1.0
15674.0,4,4,465.89250000000004,73,1.0
15675.0,3,3,81.95333333333333,81,1.0
15676.0,3,2,944.4633333333335,18,1.5
15677.0,1,1,580.93,49,1.0
15678.0,1,1,346.46000000000004,52,1.0
15679.0,4,3,186.7325,24,1.3333333333333333
15680.0,3,3,413.98333333333335,9,1.0
15681.0,5,3,271.632,25,1.6666666666666667
15683.0,1,1,175.9,117,1.0
15687.0,9,7,261.34,8,1.2857142857142858
15689.0,2,2,119.4,119,1.0
15690.0,2,2,112.485,4,1.0
15691.0,1,1,102.6,252,1.0
15692.0,1,1,191.04,28,1.0
15694.0,13,9,259.3046153846154,1,1.4444444444444444
15695.0,2,1,182.82,266,2.0
15696.0,8,5,279.48875,33,1.6
15699.0,1,1,201.0,17,1.0
15700.0,2,1,287.19,172,2.0
15701.0,4,4,297.71,2,1.0
15703.0,1,1,211.5,264,1.0
15704.0,4,3,458.83500000000004,140,1.3333333333333333
15705.0,1,1,53.25,201,1.0
15706.0,3,3,228.0533333333333,64,1.0
15707.0,4,3,201.27499999999998,35,1.3333333333333333
15708.0,7,6,383.2,40,1.1666666666666667
15709.0,1,1,112.58,283,1.0
15712.0,5,5,174.304,9,1.0
15713.0,2,2,125.80000000000001,143,1.0
15714.0,2,2,127.26500000000001,11,1.0
15716.0,4,4,230.9325,145,1.0
15717.0,1,1,150.3,234,1.0
15719.0,13,11,352.24,32,1.1818181818181819
15720.0,1,1,433.56,24,1.0
15721.0,1,1,459.98,11,1.0
15722.0,5,4,290.066,35,1.25
15723.0,1,1,137.0,364,1.0
15724.0,2,2,109.125,201,1.0
15725.0,1,1,382.25,15,1.0
15727.0,7,7,595.9314285714287,16,1.0
15729.0,1,1,85.0,212,1.0
15730.0,3,3,317.24666666666667,65,1.0
15732.0,2,2,144.015,212,1.0
15733.0,1,1,112.4,282,1.0
15734.0,2,2,356.25,114,1.0
15737.0,6,5,158.45166666666668,14,1.2
15738.0,16,12,281.4475,18,1.3333333333333333
15739.0,1,1,200.18,66,1.0
15740.0,1,1,137.33,49,1.0
15743.0,4,3,137.69,16,1.3333333333333333
15744.0,1,1,22.619999999999997,77,1.0
15745.0,4,3,232.135,19,1.3333333333333333
15746.0,1,1,190.79,134,1.0
15747.0,3,3,249.51333333333332,12,1.0
15748.0,1,1,134.41,40,1.0
15749.0,3,2,273.96,235,1.5
15750.0,8,6,278.35375,2,1.3333333333333333
15752.0,7,7,372.25857142857143,39,1.0
15753.0,1,1,20.8,304,1.0
15754.0,3,3,152.85666666666668,51,1.0
15755.0,6,5,347.82666666666665,10,1.2
15756.0,4,4,111.7275,61,1.0
15757.0,2,2,338.525,65,1.0
15758.0,1,1,205.25,24,1.0
15759.0,2,2,38.620000000000005,296,1.0
15762.0,2,2,241.475,65,1.0
15763.0,2,2,293.935,31,1.0
15764.0,6,4,449.50666666666666,88,1.5
15766.0,1,1,273.65999999999997,64,1.0
15768.0,3,3,110.34333333333332,115,1.0
15769.0,26,13,274.5069230769231,7,2.0
15773.0,1,1,230.86,5,1.0
15774.0,1,1,189.75,68,1.0
15775.0,1,1,87.9,245,1.0
15776.0,1,1,169.26,133,1.0
15777.0,4,3,146.1525,241,1.3333333333333333
15780.0,3,3,134.02666666666667,183,1.0
15781.0,3,3,84.97000000000001,25,1.0
15782.0,3,3,567.37,9,1.0
15783.0,1,1,187.76,10,1.0
15785.0,5,4,272.382,32,1.25
15786.0,3,2,1148.5139999999965,46,1.5
15787.0,3,2,250.85333333333335,26,1.5
15789.0,1,1,337.89,358,1.0
15790.0,1,1,154.77,10,1.0
15791.0,2,2,675.45,43,1.0
15793.0,3,3,179.1,14,1.0
15795.0,1,1,500.65,149,1.0
15796.0,8,7,255.90125,1,1.1428571428571428
15797.0,3,3,169.65,113,1.0
15799.0,3,3,245.90666666666667,75,1.0
15800.0,2,2,294.345,107,1.0
15801.0,3,2,332.6166666666667,46,1.5
15803.0,1,1,262.86,51,1.0
15804.0,13,8,260.1869230769231,1,1.625
15805.0,17,8,293.79058823529414,23,2.125
15806.0,3,3,247.67999999999998,46,1.0
15807.0,2,2,399.04999999999995,50,1.0
15808.0,4,3,764.3925,306,1.3333333333333333
15809.0,4,4,82.9825,36,1.0
15810.0,4,4,326.8075,78,1.0
15811.0,6,5,321.9483333333333,22,1.2
15812.0,5,5,218.67199999999997,107,1.0
15813.0,2,2,423.155,207,1.0
15814.0,4,2,331.615,16,2.0
15815.0,5,5,258.342,63,1.0
15819.0,4,4,446.4525,49,1.0
15820.0,1,1,150.73,319,1.0
15821.0,2,1,198.43,44,2.0
15822.0,2,2,313.51,3,1.0
15825.0,1,1,238.59,172,1.0
15826.0,3,2,478.5,56,1.5
15827.0,14,10,104.51714285714286,73,1.4
15829.0,2,2,291.30999999999995,99,1.0
15830.0,1,1,459.5,37,1.0
15831.0,3,3,196.1933333333333,58,1.0
15832.0,1,1,821.49,254,1.0
15834.0,3,3,494.08666666666664,70,1.0
15835.0,4,4,200.5225,44,1.0
15836.0,1,1,49.97,50,1.0
15837.0,1,1,300.23,64,1.0
15838.0,19,10,452.58631578947364,11,1.9
15839.0,3,3,347.1266666666667,33,1.0
15840.0,2,2,165.38,58,1.0
15841.0,4,3,259.6875,72,1.3333333333333333
15843.0,1,1,80.70000000000002,303,1.0
15844.0,1,1,108.83999999999999,46,1.0
15845.0,8,7,402.14125,17,1.1428571428571428
15847.0,2,2,141.85500000000002,38,1.0
15850.0,2,2,109.72,19,1.0
15852.0,2,2,54.855000000000004,186,1.0
15853.0,1,1,110.8,51,1.0
15854.0,12,9,220.66333333333333,4,1.3333333333333333
15855.0,5,5,142.448,136,1.0
15856.0,27,11,470.5225925925926,4,2.4545454545454546
15857.0,1,1,266.4,18,1.0
15858.0,5,5,242.01799999999997,15,1.0
15860.0,8,6,96.0325,40,1.3333333333333333
15861.0,7,4,409.22428571428566,12,1.75
15862.0,4,4,171.545,8,1.0
15863.0,2,2,21.22,25,1.0
15864.0,6,5,128.835,22,1.2
15865.0,3,3,159.2433333333333,40,1.0
15866.0,1,1,161.49,101,1.0
15867.0,15,12,154.594,5,1.25
15869.0,2,1,64.56,277,2.0
15870.0,1,1,334.69,32,1.0
15872.0,2,1,134.10000000000002,14,2.0
15874.0,7,6,366.3885714285715,63,1.1666666666666667
15877.0,2,2,190.01,1,1.0
15880.0,1,1,292.18,368,1.0
15881.0,5,2,74.018,312,2.5
15882.0,4,2,120.615,198,2.0
15883.0,2,2,174.14,2,1.0
15885.0,1,1,258.55,93,1.0
15886.0,1,1,146.89000000000001,60,1.0
15888.0,1,1,91.81,80,1.0
15889.0,2,2,166.835,156,1.0
15891.0,1,1,423.21,226,1.0
15894.0,2,2,125.15,253,1.0
15895.0,1,1,136.06,149,1.0
15897.0,2,1,59.574999999999996,194,2.0
15898.0,5,4,169.106,1,1.25
15899.0,1,1,43.5,368,1.0
15900.0,1,1,337.28,23,1.0
15901.0,3,3,95.14999999999999,16,1.0
15903.0,7,4,475.44,9,1.75
15904.0,1,1,128.23,8,1.0
15906.0,7,5,175.04142857142855,19,1.4
15907.0,3,3,252.43999999999997,3,1.0
15909.0,1,1,191.94,173,1.0
15910.0,8,8,144.27875,1,1.0
15912.0,2,2,127.33500000000001,178,1.0
15916.0,7,6,154.24,16,1.1666666666666667
15917.0,1,1,60.550000000000004,247,1.0
15918.0,2,2,167.115,190,1.0
15919.0,2,2,241.87,19,1.0
15920.0,4,1,39.637499999999996,154,3.0
15921.0,1,1,196.69,172,1.0
15922.0,1,1,298.55,368,1.0
15923.0,1,1,101.52,368,1.0
15925.0,1,1,168.9,194,1.0
15930.0,1,1,393.63,67,1.0
15932.0,8,8,265.41375,4,1.0
15933.0,3,2,351.1366666666667,21,1.5
15935.0,1,1,91.04,239,1.0
15937.0,1,1,145.35,64,1.0
15938.0,5,5,73.01599999999999,112,1.0
15939.0,14,9,190.41714285714284,89,1.5555555555555556
15942.0,1,1,289.29,133,1.0
15944.0,1,1,149.9,276,1.0
15945.0,1,1,139.15,365,1.0
15947.0,1,1,722.24,82,1.0
15948.0,2,2,474.695,8,1.0
15949.0,2,2,180.47000000000003,16,1.0
15950.0,4,4,396.7275,31,1.0
15951.0,2,2,291.635,8,1.0
15952.0,4,4,170.1425,33,1.0
15953.0,8,6,182.60375,15,1.3333333333333333
15955.0,14,7,276.3535714285714,24,2.0
15957.0,1,1,399.04,31,1.0
15958.0,1,1,87.85,74,1.0
15963.0,2,2,217.18,19,1.0
15965.0,4,2,190.835,17,2.0
15967.0,2,2,176.14,23,1.0
15969.0,3,3,90.90000000000002,2,1.0
15970.0,1,1,314.1,303,1.0
15971.0,12,8,141.08166666666668,17,1.5
15973.0,1,1,63.019999999999996,366,1.0
15974.0,7,7,422.46000000000004,39,1.0
15975.0,1,1,371.01,84,1.0
15976.0,2,2,190.725,165,1.0
15977.0,2,2,382.0,17,1.0
15978.0,1,1,995.77,77,1.0
15980.0,3,2,598.1966666666666,88,1.5
15981.0,8,8,376.92,24,1.0
15983.0,4,2,328.4425,22,2.0
15984.0,10,8,213.561,2,1.25
15985.0,2,2,417.70000000000005,123,1.0
15986.0,1,1,155.01,30,1.0
15987.0,7,5,82.45428571428572,12,1.4
15988.0,1,1,113.21,19,1.0
15990.0,2,2,322.255,44,1.0
15992.0,1,1,27.04,3,1.0
15993.0,6,3,377.97499999999997,8,2.0
15994.0,1,1,376.12,54,1.0
15996.0,6,6,128.28833333333333,88,1.0
15998.0,5,5,493.95599999999996,36,1.0
16000.0,2,1,226.26,2,2.0
16003.0,5,4,340.294,29,1.25
16005.0,4,3,117.515,12,1.3333333333333333
16006.0,1,1,101.4,211,1.0
16007.0,4,3,392.695,47,1.3333333333333333
16008.0,3,3,146.26333333333332,23,1.0
16009.0,4,3,166.29,22,1.3333333333333333
16010.0,3,2,130.79999999999998,245,1.5
16011.0,16,11,204.46625,8,1.4545454545454546
16012.0,3,3,353.40000000000003,35,1.0
16013.0,47,13,164.0040425531915,3,3.0
16014.0,3,3,182.36,37,1.0
16015.0,3,3,204.16,3,1.0
16016.0,8,6,152.07,3,1.3333333333333333
16017.0,1,1,172.03,47,1.0
16018.0,2,2,171.495,39,1.0
16019.0,9,7,289.85555555555555,46,1.2857142857142858
16020.0,3,2,258.61999999999995,16,1.5
16022.0,1,1,532.28,260,1.0
16023.0,3,3,182.95333333333335,46,1.0
16024.0,1,1,243.29,12,1.0
16025.0,1,1,423.15999999999997,29,1.0
16026.0,1,1,236.09,43,1.0
16027.0,6,5,33.336666666666666,91,1.2
16029.0,62,12,213.83129032258066,38,3.0
16030.0,1,1,320.68,309,1.0
16031.0,2,2,217.025,92,1.0
16033.0,20,13,344.331,5,1.5384615384615385
16034.0,3,2,143.35,196,1.5
16036.0,2,2,349.07,87,1.0
16037.0,3,3,225.14000000000001,269,1.0
16038.0,3,3,143.9933333333333,7,1.0
16040.0,3,3,350.96000000000004,65,1.0
16041.0,3,2,156.51,30,1.5
16042.0,5,4,222.56400000000002,22,1.25
16043.0,4,4,158.46,37,1.0
16045.0,4,4,283.35,119,1.0
16048.0,2,1,128.22000000000003,368,2.0
16049.0,3,2,318.4433333333333,40,1.5
16050.0,1,1,103.94,173,1.0
16052.0,1,1,314.07,54,1.0
16053.0,2,2,561.755,32,1.0
16054.0,1,1,619.9,145,1.0
16055.0,1,1,78.0,220,1.0
16056.0,1,1,508.8,45,1.0
16057.0,7,4,279.35285714285715,16,1.75
16059.0,6,6,217.25166666666667,65,1.0
16062.0,4,4,177.305,9,1.0
16063.0,1,1,335.32,260,1.0
16065.0,1,1,340.79,365,1.0
16066.0,5,3,233.564,16,1.6666666666666667
16070.0,2,1,426.07500000000005,22,2.0
16071.0,1,1,299.29,44,1.0
16072.0,1,1,141.93,288,1.0
16073.0,1,1,68.85,297,1.0
16076.0,10,7,206.425,3,1.4285714285714286
16078.0,1,1,79.2,283,1.0
16079.0,3,2,203.24,16,1.5
16080.0,2,2,108.58,81,1.0
16081.0,5,5,491.76000000000005,56,1.0
16083.0,2,2,488.155,100,1.0
16084.0,1,1,397.58,299,1.0
16085.0,5,5,169.178,23,1.0
16086.0,5,5,190.40200000000002,59,1.0
16091.0,2,2,157.53,154,1.0
16092.0,3,3,250.85333333333332,114,1.0
16093.0,1,1,20.8,106,1.0
16094.0,4,2,211.98250000000002,11,2.0
16096.0,1,1,124.62,264,1.0
16097.0,1,1,110.4,240,1.0
16098.0,7,7,185.56285714285715,87,1.0
16099.0,3,3,243.9666666666667,50,1.0
16101.0,1,1,1148.5139999999965,70,1.0
16102.0,3,3,537.1133333333333,42,1.0
16103.0,4,4,173.3,79,1.0
16104.0,1,1,239.41,61,1.0
16105.0,1,1,233.37,248,1.0
16106.0,1,1,108.38,65,1.0
16107.0,7,6,222.41714285714286,17,1.1666666666666667
16108.0,1,1,819.41,84,1.0
16109.0,2,2,166.52999999999997,218,1.0
16110.0,3,3,410.7166666666667,45,1.0
16112.0,4,2,32.06,143,2.0
16113.0,1,1,127.16000000000001,183,1.0
16114.0,1,1,135.75000000000003,170,1.0
16115.0,8,8,189.0475,9,1.0
16116.0,1,1,446.98,211,1.0
16117.0,1,1,195.31,189,1.0
16119.0,2,2,204.255,8,1.0
16120.0,4,1,238.7575,59,3.0
16121.0,2,2,408.755,57,1.0
16122.0,4,4,118.89,73,1.0
16123.0,1,1,254.88,51,1.0
16124.0,1,1,113.4,317,1.0
16125.0,1,1,273.45,367,1.0
16126.0,4,4,1148.5139999999965,29,1.0
16127.0,1,1,656.25,39,1.0
16128.0,5,4,363.854,17,1.25
16131.0,5,4,529.606,51,1.25
16133.0,33,11,267.52393939393943,3,3.0
16134.0,2,2,293.145,21,1.0
16135.0,1,1,313.7,262,1.0
16136.0,3,3,184.3166666666667,59,1.0
16139.0,3,3,211.8033333333333,18,1.0
16140.0,2,2,276.87,65,1.0
16141.0,1,1,430.70000000000005,88,1.0
16142.0,1,1,378.99,249,1.0
16143.0,6,5,336.17333333333335,3,1.2
16145.0,11,10,312.06545454545454,8,1.1
16146.0,3,3,219.91,157,1.0
16147.0,1,1,250.91,133,1.0
16148.0,1,1,28.62,296,1.0
16149.0,2,2,133.855,4,1.0
16150.0,5,5,368.264,42,1.0
16152.0,1,1,1082.9,268,1.0
16153.0,5,5,325.10600000000005,49,1.0
16156.0,9,8,305.61,8,1.125
16157.0,3,2,158.77666666666667,15,1.5
16159.0,1,1,348.2,281,1.0
16160.0,2,2,311.595,65,1.0
16161.0,19,11,243.03263157894736,1,1.7272727272727273
16162.0,1,1,20.8,252,1.0
16163.0,2,2,131.7,232,1.0
16164.0,3,2,252.19000000000003,17,1.5
16168.0,27,11,98.86222222222223,10,2.4545454545454546
16169.0,4,4,424.97,8,1.0
16170.0,6,5,285.905,50,1.2
16171.0,1,1,73.2,59,1.0
16172.0,5,4,221.77200000000002,95,1.25
16173.0,6,3,202.76999999999998,15,2.0
16174.0,3,2,123.05333333333333,126,1.5
16175.0,4,4,221.27249999999998,94,1.0
16177.0,1,1,164.35,50,1.0
16178.0,1,1,150.1,138,1.0
16179.0,1,1,177.58,60,1.0
16180.0,8,5,575.1324999999999,100,1.6
16181.0,1,1,243.59,73,1.0
16182.0,4,4,284.8925,72,1.0
16183.0,1,1,338.71000000000004,67,1.0
16184.0,6,5,146.89000000000001,64,1.2
16185.0,2,2,236.63,16,1.0
16186.0,12,8,319.8125,22,1.5
16187.0,15,8,414.158,31,1.875
16188.0,4,3,230.35,44,1.3333333333333333
16189.0,2,2,79.66499999999999,15,1.0
16190.0,1,1,112.00000000000001,40,1.0
16191.0,13,7,265.8953846153846,2,1.8571428571428572
16193.0,1,1,288.46,236,1.0
16198.0,1,1,286.281,75,1.0
16200.0,2,2,427.21000000000004,4,1.0
16201.0,4,4,445.27,3,1.0
16202.0,1,1,247.52,360,1.0
16203.0,4,4,148.225,58,1.0
16204.0,1,1,384.18,23,1.0
16205.0,4,3,173.61,30,1.3333333333333333
16206.0,4,4,125.6775,54,1.0
16207.0,1,1,310.38,25,1.0
16208.0,2,2,267.03000000000003,44,1.0
16209.0,5,4,185.09,88,1.25
16210.0,17,8,242.39529411764707,1,2.125
16211.0,1,1,329.22,88,1.0
16212.0,2,2,276.045,19,1.0
16213.0,1,1,82.5,78,1.0
16214.0,3,3,225.46666666666667,170,1.0
16215.0,1,1,186.9,80,1.0
16216.0,1,1,605.88,267,1.0
16217.0,2,2,144.22500000000002,235,1.0
16218.0,7,6,313.1228571428572,29,1.1666666666666667
16221.0,3,3,235.0233333333333,36,1.0
16222.0,1,1,620.7,318,1.0
16224.0,4,3,275.03,57,1.3333333333333333
16225.0,5,4,215.574,44,1.25
16226.0,3,2,74.26,203,1.5
16227.0,1,1,314.22,225,1.0
16229.0,2,2,418.29999999999995,87,1.0
16230.0,2,2,258.265,189,1.0
16232.0,4,3,224.2825,43,1.3333333333333333
16233.0,2,2,186.69,71,1.0
16235.0,4,4,148.9275,40,1.0
16236.0,1,1,416.3,78,1.0
16239.0,2,2,181.6,56,1.0
16240.0,2,2,1148.5139999999965,24,1.0
16241.0,13,10,176.80692307692306,9,1.3
16242.0,7,6,461.7742857142857,8,1.1666666666666667
16243.0,2,2,113.7,33,1.0
16244.0,2,2,737.525,211,1.0
16245.0,3,3,418.25,23,1.0
16247.0,1,1,74.37,170,1.0
16248.0,1,1,152.94,61,1.0
16249.0,5,5,268.11400000000003,52,1.0
16250.0,2,2,186.77,261,1.0
16253.0,2,2,1148.5139999999965,66,1.0
16255.0,8,7,281.115,16,1.1428571428571428
16256.0,1,1,454.26,266,1.0
16258.0,5,5,791.19,45,1.0
16260.0,1,1,544.63,50,1.0
16261.0,4,4,149.2725,17,1.0
16265.0,9,7,460.15111111111105,9,1.2857142857142858
16266.0,7,5,86.85571428571428,73,1.4
16268.0,2,1,247.6,71,2.0
16270.0,1,1,787.24,353,1.0
16271.0,4,4,336.1075,15,1.0
16272.0,1,1,411.7,116,1.0
16274.0,1,1,195.45,368,1.0
16275.0,1,1,330.07,196,1.0
16276.0,1,1,283.65,176,1.0
16278.0,1,1,211.03,100,1.0
16279.0,3,3,476.3933333333334,21,1.0
16281.0,1,1,989.55,72,1.0
16282.0,1,1,152.7,339,1.0
16283.0,5,5,267.446,5,1.0
16284.0,2,2,387.75,31,1.0
16287.0,1,1,127.38000000000001,169,1.0
16292.0,1,1,282.35,121,1.0
16293.0,10,6,187.77400000000003,21,1.6666666666666667
16295.0,4,2,244.845,9,2.0
16297.0,1,1,268.01,268,1.0
16298.0,3,3,128.4,22,1.0
16302.0,1,1,233.22,126,1.0
16303.0,3,3,1148.5139999999965,25,1.0
16305.0,1,1,361.21999999999997,138,1.0
16306.0,6,4,102.29833333333333,213,1.5
16308.0,4,4,20.8,37,1.0
16309.0,2,2,333.385,106,1.0
16311.0,2,2,289.71,17,1.0
16313.0,2,2,115.69,3,1.0
16315.0,1,1,155.52,330,1.0
16316.0,7,6,259.95,64,1.1666666666666667
16317.0,3,3,362.1366666666666,119,1.0
16318.0,1,1,322.3,35,1.0
16319.0,1,1,404.40000000000003,217,1.0
16320.0,2,2,469.69,172,1.0
16321.0,5,3,69.36,72,1.6666666666666667
16322.0,2,2,153.425,1,1.0
16323.0,1,1,112.05000000000001,196,1.0
16324.0,3,2,123.29666666666667,128,1.5
16325.0,3,3,186.91333333333333,46,1.0
16326.0,14,9,92.50142857142858,5,1.5555555555555556
16327.0,6,6,565.7383333333333,14,1.0
16330.0,3,2,52.13666666666666,17,1.5
16332.0,7,6,178.66428571428574,28,1.1666666666666667
16333.0,22,9,58.88454545454545,7,2.4444444444444446
16337.0,1,1,133.15,36,1.0
16338.0,1,1,199.85,157,1.0
16339.0,1,1,30.45,284,1.0
16340.0,1,1,473.27,107,1.0
16341.0,4,3,411.225,24,1.3333333333333333
16342.0,4,4,54.2275,75,1.0
16343.0,2,1,139.41500000000002,16,2.0
16344.0,1,1,101.10000000000001,158,1.0
16345.0,1,1,421.76,44,1.0
16347.0,2,1,327.16499999999996,11,2.0
16348.0,7,5,165.97142857142856,32,1.4
16349.0,1,1,20.8,290,1.0
16350.0,4,4,235.1325,21,1.0
16351.0,1,1,153.9,332,1.0
16352.0,2,1,247.22,17,2.0
16353.0,23,11,195.37521739130435,3,2.090909090909091
16354.0,2,2,180.7,63,1.0
16356.0,3,3,70.58999999999999,197,1.0
16357.0,3,3,174.56000000000003,33,1.0
16358.0,4,4,506.87500000000006,1,1.0
16359.0,9,9,78.39666666666666,7,1.0
16360.0,6,4,499.44,4,1.5
16361.0,4,3,177.84,9,1.3333333333333333
16362.0,5,3,133.966,32,1.6666666666666667
16363.0,1,1,75.36,53,1.0
16364.0,2,2,233.82,11,1.0
16365.0,8,5,118.46875,17,1.6
16366.0,1,1,281.90000000000003,18,1.0
16367.0,2,2,355.67,37,1.0
16368.0,2,2,215.8,2,1.0
16369.0,3,3,466.8566666666666,18,1.0
16370.0,4,4,244.3025,82,1.0
16372.0,2,1,135.73999999999998,33,2.0
16374.0,2,2,198.14,66,1.0
16376.0,2,2,404.66999999999996,8,1.0
16377.0,1,1,72.09,267,1.0
16378.0,3,2,120.98333333333333,247,1.5
16379.0,4,3,522.055,4,1.3333333333333333
16380.0,1,1,536.3,61,1.0
16383.0,2,2,282.11,74,1.0
16384.0,2,2,251.10000000000002,89,1.0
16385.0,3,3,159.33666666666667,60,1.0
16386.0,2,2,136.535,28,1.0
16387.0,1,1,94.36,322,1.0
16389.0,4,4,224.01749999999998,53,1.0
16392.0,1,1,210.24,269,1.0
16393.0,13,10,233.6292307692308,2,1.3
16394.0,5,5,207.56199999999998,56,1.0
16395.0,5,4,271.192,60,1.25
16398.0,2,2,519.145,154,1.0
16399.0,2,2,166.915,19,1.0
16400.0,1,1,271.08,94,1.0
16401.0,12,10,259.6091666666667,1,1.2
16402.0,2,2,123.875,264,1.0
16403.0,1,1,177.5,312,1.0
16404.0,1,1,296.45,70,1.0
16405.0,2,1,44.849999999999994,302,2.0
16406.0,1,1,146.4,18,1.0
16407.0,9,8,193.35888888888888,12,1.125
16409.0,5,5,354.232,36,1.0
16411.0,2,2,101.875,19,1.0
16412.0,1,1,135.99,53,1.0
16413.0,1,1,247.25,56,1.0
16414.0,2,2,20.8,21,1.0
16415.0,1,1,189.45,44,1.0
16416.0,3,2,267.8666666666667,26,1.5
16418.0,3,3,163.37333333333333,44,1.0
16419.0,6,4,97.41000000000001,112,1.5
16422.0,51,12,288.28823529411767,17,3.0
16423.0,1,1,314.40999999999997,24,1.0
16424.0,1,1,93.51,191,1.0
16425.0,1,1,157.4,302,1.0
16426.0,10,5,166.821,2,2.0
16427.0,2,2,116.78,263,1.0
16429.0,1,1,20.8,106,1.0
16430.0,1,1,256.75,57,1.0
16431.0,3,2,201.45999999999995,213,1.5
16432.0,1,1,130.44,64,1.0
16433.0,1,1,120.66,28,1.0
16434.0,7,6,175.16428571428574,29,1.1666666666666667
16438.0,5,4,149.72,5,1.25
16440.0,5,4,709.726,7,1.25
16441.0,2,2,179.375,67,1.0
16442.0,3,3,170.73666666666668,1,1.0
16444.0,4,4,149.51749999999998,46,1.0
16445.0,1,1,208.06,33,1.0
16446.0,2,2,29.53,1,1.0
16447.0,1,1,161.71,135,1.0
16448.0,1,1,157.49,198,1.0
16449.0,2,2,303.27,197,1.0
16450.0,1,1,311.92,149,1.0
16451.0,1,1,266.97,87,1.0
16454.0,2,1,20.8,44,2.0
16455.0,7,5,263.0257142857143,63,1.4
16456.0,5,5,393.53000000000003,99,1.0
16457.0,1,1,179.11,218,1.0
16458.0,18,12,193.36888888888888,2,1.5
16460.0,3,2,243.08,28,1.5
16461.0,1,1,76.67,177,1.0
16463.0,4,3,341.7575,21,1.3333333333333333
16464.0,3,3,370.6066666666666,19,1.0
16466.0,7,6,205.20857142857145,33,1.1666666666666667
16468.0,1,1,56.160000000000004,74,1.0
16469.0,4,3,130.7925,23,1.3333333333333333
16470.0,4,4,172.57,51,1.0
16471.0,1,1,223.95000000000002,274,1.0
16473.0,3,3,96.38666666666667,164,1.0
16474.0,6,5,280.2083333333333,7,1.2
16475.0,3,3,145.08333333333334,143,1.0
16477.0,7,6,352.34000000000003,63,1.1666666666666667
16478.0,2,2,136.97,25,1.0
16479.0,2,1,127.815,10,2.0
16480.0,1,1,474.74,75,1.0
16482.0,1,1,197.31,15,1.0
16483.0,1,1,95.7,192,1.0
16484.0,2,1,188.4,173,2.0
16485.0,1,1,279.35,77,1.0
16488.0,3,3,113.41666666666667,33,1.0
16491.0,1,1,657.8,46,1.0
16493.0,4,4,304.65000000000003,79,1.0
16494.0,1,1,787.38,296,1.0
16495.0,2,2,221.78,3,1.0
16496.0,3,3,430.9466666666667,8,1.0
16497.0,6,4,382.79833333333335,49,1.5
16498.0,2,2,46.51,161,1.0
16499.0,2,1,147.275,360,2.0
16500.0,5,2,47.172000000000004,4,2.5
16503.0,4,4,281.07,106,1.0
16504.0,1,1,462.37,25,1.0
16505.0,1,1,145.8,31,1.0
16506.0,2,2,45.150000000000006,19,1.0
16509.0,1,1,169.50000000000003,296,1.0
16510.0,1,1,178.54999999999998,368,1.0
16511.0,3,3,228.29333333333332,21,1.0
16513.0,4,3,218.6475,4,1.3333333333333333
16515.0,5,5,281.986,52,1.0
16516.0,1,1,101.69999999999999,30,1.0
16517.0,1,1,154.75,277,1.0
16518.0,2,2,204.90999999999997,61,1.0
16519.0,2,2,37.19,25,1.0
16520.0,3,3,304.24,186,1.0
16523.0,19,11,351.9447368421053,1,1.7272727272727273
16525.0,26,12,276.4030769230769,2,2.1666666666666665
16526.0,1,1,237.66,171,1.0
16527.0,1,1,219.81,81,1.0
16528.0,1,1,185.55,3,1.0
16529.0,1,1,391.65000000000003,190,1.0
16531.0,7,6,153.82571428571427,22,1.1666666666666667
16532.0,3,3,125.37,17,1.0
16533.0,3,2,318.07,19,1.5
16535.0,1,1,395.97,5,1.0
16536.0,1,1,356.17,110,1.0
16539.0,4,3,343.22749999999996,2,1.3333333333333333
16542.0,1,1,119.62,53,1.0
16545.0,1,1,235.35000000000002,164,1.0
16546.0,2,2,343.225,290,1.0
16549.0,10,5,362.975,10,2.0
16550.0,5,4,383.25,108,1.25
16551.0,3,3,193.51666666666665,95,1.0
16552.0,2,2,102.42500000000001,242,1.0
16553.0,12,6,249.33166666666668,163,2.0
16554.0,3,3,247.6,42,1.0
16555.0,2,2,134.695,35,1.0
16556.0,7,7,343.40142857142854,66,1.0
16557.0,2,2,103.925,24,1.0
16558.0,20,13,347.619,1,1.5384615384615385
16560.0,2,2,326.33,26,1.0
16561.0,2,2,247.06,5,1.0
16563.0,1,1,580.46,53,1.0
16565.0,1,1,128.85000000000002,364,1.0
16566.0,5,5,79.326,15,1.0
16567.0,2,2,322.415,194,1.0
16569.0,1,1,76.5,3,1.0
16570.0,9,7,311.4566666666667,15,1.2857142857142858
16571.0,3,3,446.8766666666667,26,1.0
16572.0,3,3,285.18333333333334,127,1.0
16573.0,2,2,262.98,84,1.0
16574.0,1,1,423.99,71,1.0
16581.0,1,1,105.84,182,1.0
16582.0,1,1,198.33,113,1.0
16583.0,1,1,233.45,368,1.0
16584.0,2,2,382.51,80,1.0
16586.0,1,1,361.95,248,1.0
16587.0,1,1,127.85000000000001,232,1.0
16589.0,3,3,153.08,71,1.0
16591.0,1,1,213.5,68,1.0
16592.0,16,8,232.77875,4,2.0
16593.0,3,3,47.876666666666665,50,1.0
16594.0,1,1,123.44,75,1.0
16595.0,1,1,341.96,61,1.0
16596.0,2,2,96.92500000000001,15,1.0
16597.0,1,1,70.7,4,1.0
16598.0,1,1,145.04999999999998,285,1.0
16600.0,6,5,119.31333333333333,4,1.2
16601.0,1,1,171.44,40,1.0
16602.0,1,1,505.03999999999996,36,1.0
16603.0,2,1,233.52499999999998,74,2.0
16607.0,13,10,194.09384615384613,17,1.3
16609.0,7,5,694.3314285714285,15,1.4
16610.0,1,1,75.66,219,1.0
16611.0,1,1,129.49,186,1.0
16612.0,4,4,259.19,32,1.0
16613.0,1,1,586.79,70,1.0
16614.0,1,1,305.79,182,1.0
16616.0,2,2,210.26,15,1.0
16617.0,1,1,112.85,235,1.0
16618.0,4,4,450.3825,31,1.0
16619.0,1,1,226.21,263,1.0
16620.0,2,2,72.48,3,1.0
16621.0,4,4,77.83250000000001,51,1.0
16623.0,1,1,129.45,245,1.0
16624.0,2,2,302.905,80,1.0
16625.0,1,1,300.68,274,1.0
16626.0,16,8,166.65875,1,2.0
16627.0,1,1,172.91,79,1.0
16628.0,5,5,392.61,29,1.0
16629.0,2,1,177.165,73,2.0
16633.0,6,6,376.0416666666667,17,1.0
16634.0,2,2,86.25,222,1.0
16637.0,4,4,242.185,32,1.0
16638.0,10,7,123.949,22,1.4285714285714286
16639.0,3,3,324.67,31,1.0
16641.0,1,1,174.41,105,1.0
16642.0,2,2,239.4,4,1.0
16643.0,1,1,424.26,245,1.0
16644.0,2,2,406.94,177,1.0
16647.0,2,2,82.41499999999999,169,1.0
16648.0,1,1,284.81,42,1.0
16650.0,1,1,470.34,71,1.0
16652.0,6,4,710.3033333333333,58,1.5
16653.0,2,2,521.655,16,1.0
16654.0,4,4,106.9425,141,1.0
16655.0,6,5,491.58,17,1.2
16656.0,15,11,179.792,22,1.3636363636363635
16657.0,4,3,200.72500000000002,9,1.3333333333333333
16658.0,1,1,91.44,368,1.0
16659.0,1,1,30.93,189,1.0
16660.0,4,3,157.8725,16,1.3333333333333333
16665.0,1,1,78.4,362,1.0
16666.0,1,1,118.98,19,1.0
16667.0,2,2,234.99,68,1.0
16668.0,6,6,49.65,15,1.0
16669.0,3,2,369.08666666666664,23,1.5
16670.0,11,8,322.91818181818184,16,1.375
16671.0,3,2,129.58,28,1.5
16672.0,20,9,285.3555,2,2.2222222222222223
16674.0,2,2,146.92000000000002,54,1.0
16676.0,4,4,265.695,33,1.0
16678.0,12,8,239.0325,2,1.5
16679.0,1,1,117.0,366,1.0
16680.0,1,1,149.7,43,1.0
16681.0,6,5,238.77666666666667,72,1.2
16682.0,5,5,133.272,4,1.0
16684.0,28,9,462.3525,4,3.0
16685.0,1,1,235.65,61,1.0
16686.0,7,7,336.9042857142857,47,1.0
16688.0,4,3,261.425,1,1.3333333333333333
16689.0,2,1,156.75,75,2.0
16690.0,2,2,97.78999999999999,72,1.0
16692.0,1,1,201.15,256,1.0
16693.0,2,2,180.93,68,1.0
16696.0,4,3,115.57500000000002,135,1.3333333333333333
16697.0,1,1,50.85,241,1.0
16698.0,2,2,159.97499999999997,226,1.0
16700.0,13,12,374.0015384615385,8,1.0833333333333333
16701.0,13,10,256.74615384615385,8,1.3
16705.0,20,9,476.6995,1,2.2222222222222223
16706.0,3,3,132.70000000000002,37,1.0
16708.0,1,1,571.03,45,1.0
16709.0,5,4,344.312,84,1.25
16710.0,10,6,213.762,19,1.6666666666666667
16711.0,5,5,178.32,3,1.0
16712.0,10,6,260.20500000000004,18,1.6666666666666667
16713.0,15,10,336.8806666666667,18,1.5
16714.0,1,1,806.41,317,1.0
16715.0,1,1,163.12,78,1.0
16716.0,1,1,166.8,266,1.0
16717.0,6,4,547.0033333333333,23,1.5
16718.0,1,1,505.61,368,1.0
16719.0,7,7,184.3857142857143,14,1.0
16720.0,1,1,122.11,26,1.0
16721.0,1,1,292.47,262,1.0
16722.0,13,10,329.5015384615384,17,1.3
16723.0,1,1,290.19,107,1.0
16725.0,7,3,84.46714285714286,302,2.3333333333333335
16726.0,5,4,227.996,26,1.25
16727.0,1,1,256.32,364,1.0
16728.0,4,4,202.195,46,1.0
16729.0,20,8,331.35,38,2.5
16730.0,3,3,233.23,52,1.0
16732.0,1,1,548.16,31,1.0
16734.0,3,2,165.30333333333334,52,1.5
16735.0,5,3,420.91400000000004,78,1.6666666666666667
16737.0,1,1,39.15,53,1.0
16738.0,1,1,20.8,297,1.0
16739.0,1,1,279.25,176,1.0
16743.0,7,6,310.5957142857143,29,1.1666666666666667
16744.0,7,5,152.5,11,1.4
16745.0,17,8,322.1135294117647,86,2.125
16746.0,18,11,308.04,4,1.6363636363636365
16747.0,2,2,357.19500000000005,37,1.0
16748.0,5,4,303.18,17,1.25
16750.0,5,5,82.826,44,1.0
16751.0,1,1,496.01,30,1.0
16752.0,1,1,77.7,368,1.0
16753.0,1,1,198.92000000000002,58,1.0
16754.0,1,1,33.480000000000004,368,1.0
16755.0,3,3,414.9433333333333,114,1.0
16756.0,1,1,213.9,214,1.0
16757.0,1,1,106.83000000000001,318,1.0
16758.0,1,1,274.82,65,1.0
16759.0,3,2,220.75666666666666,7,1.5
16761.0,1,1,255.03,96,1.0
16762.0,3,3,370.1133333333334,19,1.0
16763.0,1,1,305.0,198,1.0
16764.0,13,6,195.29615384615383,3,2.1666666666666665
16766.0,2,1,517.45,273,2.0
16767.0,11,8,411.9390909090909,30,1.375
16768.0,3,3,97.06333333333333,47,1.0
16769.0,1,1,206.19,260,1.0
16770.0,5,4,136.60999999999999,57,1.25
16771.0,5,5,368.806,33,1.0
16773.0,1,1,127.95,57,1.0
16774.0,4,4,159.005,67,1.0
16775.0,11,10,115.55545454545455,10,1.1
16776.0,1,1,356.59000000000003,60,1.0
16777.0,2,2,67.16,80,1.0
16778.0,2,2,106.97,74,1.0
16779.0,22,12,411.3245454545455,2,1.8333333333333333
16780.0,2,2,193.39499999999998,100,1.0
16781.0,1,1,216.8,368,1.0
16782.0,13,8,137.41153846153847,10,1.625
16784.0,1,1,107.6,19,1.0
16788.0,2,2,287.97,123,1.0
16789.0,1,1,80.8,8,1.0
16790.0,6,2,251.11833333333334,3,3.0
16791.0,7,6,200.98285714285717,29,1.1666666666666667
16792.0,1,1,87.68,282,1.0
16793.0,1,1,226.84,57,1.0
16794.0,10,7,115.248,1,1.4285714285714286
16795.0,1,1,392.18,365,1.0
16796.0,1,1,305.62,89,1.0
16800.0,1,1,840.66,11,1.0
16801.0,4,3,235.1825,163,1.3333333333333333
16803.0,1,1,332.3,65,1.0
16804.0,3,2,159.86333333333332,23,1.5
16805.0,2,2,200.61,173,1.0
16806.0,4,4,151.79,103,1.0
16807.0,3,3,317.41333333333336,142,1.0
16808.0,2,2,122.96000000000001,99,1.0
16809.0,5,5,176.518,23,1.0
16810.0,1,1,289.64,192,1.0
16811.0,2,2,243.86,4,1.0
16812.0,1,1,204.15,360,1.0
16813.0,10,7,140.15,8,1.4285714285714286
16814.0,21,12,257.9604761904762,14,1.75
16816.0,4,4,100.29,103,1.0
16817.0,9,7,147.7711111111111,2,1.2857142857142858
16818.0,11,6,283.70000000000005,10,1.8333333333333333
16820.0,1,1,423.77000000000004,95,1.0
16823.0,1,1,269.68,227,1.0
16824.0,2,2,201.37,15,1.0
16825.0,2,2,276.94,38,1.0
16826.0,1,1,279.45,51,1.0
16828.0,1,1,113.5,112,1.0
16829.0,1,1,181.32,156,1.0
16830.0,1,1,325.91,38,1.0
16832.0,1,1,39.0,217,1.0
16833.0,4,3,255.3825,1,1.3333333333333333
16834.0,1,1,413.46,227,1.0
16835.0,2,2,66.575,128,1.0
16836.0,2,2,102.08500000000001,39,1.0
16837.0,9,5,234.38222222222223,31,1.8
16838.0,2,2,176.95,197,1.0
16839.0,34,12,217.4420588235294,8,2.8333333333333335
16841.0,6,5,299.71166666666664,36,1.2
16842.0,3,3,311.83,100,1.0
16843.0,16,8,544.549375,42,2.0
16846.0,1,1,197.82,50,1.0
16847.0,1,1,176.94,43,1.0
16848.0,1,1,281.42,52,1.0
16849.0,1,1,84.77,186,1.0
16850.0,1,1,328.63,333,1.0
16851.0,3,2,111.21,4,1.5
16852.0,2,2,35.480000000000004,10,1.0
16855.0,2,2,142.89999999999998,23,1.0
16856.0,1,1,35.400000000000006,14,1.0
16858.0,1,1,320.04,368,1.0
16859.0,2,2,313.93,144,1.0
16861.0,2,2,73.545,59,1.0
16863.0,2,2,240.23,31,1.0
16866.0,3,1,36.080000000000005,140,3.0
16869.0,4,3,182.41750000000002,22,1.3333333333333333
16871.0,6,4,377.8733333333334,22,1.5
16872.0,3,3,45.63,77,1.0
16873.0,6,6,929.8650000000001,4,1.0
16875.0,5,4,328.76599999999996,67,1.25
16877.0,6,4,126.29500000000002,12,1.5
16878.0,1,1,20.8,84,1.0
16880.0,7,5,117.24428571428572,30,1.4
16881.0,1,1,20.8,66,1.0
16882.0,3,3,176.49,66,1.0
16883.0,2,2,104.39,187,1.0
16884.0,2,1,207.435,37,2.0
16885.0,3,3,108.75333333333333,15,1.0
16887.0,1,1,167.58,35,1.0
16889.0,3,3,426.50333333333333,194,1.0
16891.0,5,5,123.186,1,1.0
16892.0,5,3,73.598,1,1.6666666666666667
16893.0,1,1,126.03,366,1.0
16895.0,1,1,160.12,64,1.0
16897.0,2,2,77.11500000000001,299,1.0
16898.0,3,3,148.89000000000001,26,1.0
16899.0,6,6,139.085,7,1.0
16900.0,3,2,270.47,16,1.5
16902.0,1,1,1041.65,116,1.0
16903.0,1,1,326.8,29,1.0
16904.0,14,10,199.4007142857143,4,1.4
16905.0,7,6,323.2142857142857,5,1.1666666666666667
16906.0,4,4,90.30000000000001,81,1.0
16907.0,5,5,146.642,29,1.0
16909.0,1,1,237.06,72,1.0
16910.0,8,4,142.05124999999998,4,2.0
16912.0,11,6,157.28,28,1.8333333333333333
16913.0,1,1,87.19,290,1.0
16914.0,1,1,147.61,36,1.0
16915.0,5,5,61.126,9,1.0
16916.0,2,2,254.21999999999997,23,1.0
16917.0,1,1,219.37,276,1.0
16918.0,6,4,163.37,49,1.5
16919.0,11,5,144.79999999999998,156,2.2
16921.0,1,1,145.93,61,1.0
16923.0,19,10,294.0921052631579,12,1.9
16924.0,3,3,227.13,21,1.0
16926.0,1,1,33.45,368,1.0
16927.0,3,3,54.17666666666667,115,1.0
16928.0,17,9,142.83999999999997,80,1.8888888888888888
16929.0,7,5,180.71428571428572,3,1.4
16930.0,3,2,100.89999999999999,26,1.5
16931.0,21,13,201.67523809523811,5,1.6153846153846154
16932.0,1,1,133.73000000000002,53,1.0
16933.0,2,2,231.85000000000002,1,1.0
16934.0,2,1,393.19,54,2.0
16936.0,1,1,251.24,25,1.0
16938.0,4,3,434.66999999999996,8,1.3333333333333333
16940.0,3,3,969.1433333333334,52,1.0
16942.0,9,5,167.13222222222223,12,1.8
16943.0,3,3,143.72666666666666,211,1.0
16945.0,19,10,221.9773684210526,21,1.9
16947.0,1,1,357.03,235,1.0
16948.0,3,3,93.91666666666667,138,1.0
16949.0,6,6,115.51333333333334,3,1.0
16950.0,3,3,296.64000000000004,56,1.0
16951.0,3,2,391.04,134,1.5
16952.0,2,1,50.879999999999995,109,2.0
16953.0,1,1,20.8,30,1.0
16954.0,7,5,182.12000000000003,1,1.4
16955.0,4,3,99.205,184,1.3333333333333333
16956.0,1,1,225.04,17,1.0
16957.0,2,2,188.42000000000002,239,1.0
16959.0,1,1,117.35000000000001,87,1.0
16960.0,3,3,162.86666666666667,38,1.0
16961.0,1,1,234.17,116,1.0
16963.0,1,1,110.55000000000001,187,1.0
16965.0,1,1,147.91,226,1.0
16966.0,7,6,125.61999999999999,8,1.1666666666666667
16967.0,1,1,312.93,189,1.0
16968.0,2,2,185.365,4,1.0
16969.0,3,3,182.61666666666667,39,1.0
16971.0,1,1,116.21,38,1.0
16976.0,1,1,28.62,267,1.0
16978.0,1,1,294.43,77,1.0
16979.0,6,5,203.91,3,1.2
16980.0,2,2,383.565,255,1.0
16982.0,1,1,384.06,60,1.0
16983.0,7,6,234.44428571428574,12,1.1666666666666667
16984.0,2,2,1148.5139999999965,88,1.0
16985.0,9,7,495.1622222222222,17,1.2857142857142858
16986.0,2,1,62.645,29,2.0
16987.0,6,4,146.6,3,1.5
16988.0,1,1,67.87,5,1.0
16989.0,6,5,77.14999999999999,7,1.2
16990.0,1,1,48.33,218,1.0
16992.0,5,4,266.372,10,1.25
16996.0,6,5,237.75666666666666,30,1.2
16997.0,3,2,161.85,288,1.5
16998.0,4,3,53.0125,149,1.3333333333333333
16999.0,2,2,169.125,23,1.0
17001.0,11,11,322.20272727272726,1,1.0
17002.0,3,3,314.26,85,1.0
17004.0,2,2,446.76,46,1.0
17006.0,4,3,175.98250000000002,4,1.3333333333333333
17007.0,6,4,117.46666666666665,50,1.5
17010.0,1,1,189.51000000000002,18,1.0
17011.0,1,1,270.9,30,1.0
17014.0,3,3,161.66,8,1.0
17015.0,3,3,593.52,28,1.0
17017.0,20,10,350.15999999999997,2,2.0
17018.0,2,2,385.725,40,1.0
17019.0,4,4,278.82000000000005,11,1.0
17022.0,1,1,71.0,31,1.0
17024.0,3,3,31.95,45,1.0
17025.0,3,2,99.60666666666668,60,1.5
17026.0,2,2,33.015,185,1.0
17027.0,6,5,133.87666666666667,78,1.2
17029.0,2,2,48.33,110,1.0
17030.0,1,1,123.78,63,1.0
17031.0,2,2,187.055,11,1.0
17033.0,3,3,221.39999999999998,86,1.0
17034.0,3,3,208.07333333333335,16,1.0
17035.0,2,2,182.315,245,1.0
17037.0,1,1,1148.5139999999965,87,1.0
17038.0,1,1,88.25,30,1.0
17040.0,1,1,159.78,137,1.0
17041.0,3,3,336.64,26,1.0
17042.0,5,5,196.202,2,1.0
17043.0,4,4,299.205,32,1.0
17044.0,1,1,362.34000000000003,25,1.0
17045.0,2,2,105.12,113,1.0
17046.0,1,1,428.69,157,1.0
17047.0,3,2,294.3,85,1.5
17048.0,3,3,276.1366666666667,117,1.0
17049.0,9,8,484.4777777777778,2,1.125
17050.0,6,5,457.24,96,1.2
17051.0,1,1,230.94,194,1.0
17052.0,1,1,372.49,28,1.0
17053.0,1,1,373.08000000000004,130,1.0
17054.0,5,4,163.64600000000002,28,1.25
17058.0,3,3,327.69666666666666,81,1.0
17059.0,5,5,516.6360000000001,29,1.0
17060.0,1,1,96.57000000000001,266,1.0
17061.0,11,6,244.9690909090909,73,1.8333333333333333
17062.0,4,2,124.5425,313,2.0
17063.0,7,4,189.63714285714286,21,1.75
17064.0,3,3,227.1,58,1.0
17068.0,21,11,201.85666666666665,12,1.9090909090909092
17069.0,9,5,269.2166666666667,28,1.8
17070.0,1,1,284.34,114,1.0
17071.0,9,8,212.7088888888889,28,1.125
17073.0,4,4,287.71250000000003,17,1.0
17075.0,4,4,156.13,17,1.0
17076.0,3,3,176.32666666666668,36,1.0
17078.0,2,1,166.915,36,2.0
17079.0,1,1,118.80000000000001,78,1.0
17080.0,2,2,77.00999999999999,22,1.0
17081.0,2,2,105.25500000000001,25,1.0
17082.0,2,2,749.275,33,1.0
17083.0,3,2,444.04333333333335,109,1.5
17084.0,2,1,1148.5139999999965,35,2.0
17085.0,5,4,281.71000000000004,123,1.25
17086.0,6,3,255.33333333333334,7,2.0
17088.0,4,4,412.90250000000003,28,1.0
17090.0,7,6,227.41428571428568,4,1.1666666666666667
17091.0,9,7,388.7922222222222,2,1.2857142857142858
17092.0,4,4,426.2275,50,1.0
17094.0,1,1,254.3,322,1.0
17095.0,3,3,401.72,22,1.0
17096.0,4,4,195.79500000000002,15,1.0
17097.0,8,5,99.965,2,1.6
17100.0,2,1,482.945,18,2.0
17101.0,4,3,320.39000000000004,10,1.3333333333333333
17105.0,2,2,281.84000000000003,159,1.0
17107.0,6,5,1148.5139999999965,33,1.2
17109.0,6,3,137.24666666666667,29,2.0
17110.0,1,1,76.1,165,1.0
17111.0,1,1,205.26,47,1.0
17114.0,8,8,54.33375,5,1.0
17115.0,3,3,194.83,8,1.0
17117.0,1,1,73.35,288,1.0
17118.0,1,1,157.02,317,1.0
17119.0,2,2,244.16000000000003,3,1.0
17120.0,1,1,222.96,233,1.0
17122.0,1,1,138.32,119,1.0
17123.0,1,1,286.65,161,1.0
17124.0,1,1,262.44,185,1.0
17125.0,1,1,163.1,50,1.0
17126.0,5,3,185.106,152,1.6666666666666667
17128.0,1,1,131.59,334,1.0
17131.0,5,4,381.594,5,1.25
17133.0,7,5,205.27714285714288,15,1.4
17134.0,2,2,116.175,106,1.0
17135.0,5,4,155.16199999999998,16,1.25
17138.0,1,1,288.3,275,1.0
17139.0,12,8,743.3133333333334,15,1.5
17140.0,1,1,235.57,247,1.0
17142.0,1,1,119.7,239,1.0
17144.0,2,2,278.715,1,1.0
17146.0,2,2,200.49,263,1.0
17147.0,4,4,328.5875,22,1.0
17148.0,1,1,124.88,51,1.0
17152.0,3,2,240.7566666666667,194,1.5
17153.0,1,1,213.78,24,1.0
17154.0,1,1,312.87,75,1.0
17155.0,2,2,78.25,17,1.0
17157.0,2,2,159.5,7,1.0
17158.0,3,3,340.75666666666666,32,1.0
17159.0,3,3,479.3566666666666,21,1.0
17160.0,6,4,572.1850000000001,31,1.5
17162.0,10,6,129.326,28,1.6666666666666667
17163.0,2,2,146.55,21,1.0
17164.0,7,5,333.74285714285713,32,1.4
17165.0,1,1,122.88,284,1.0
17166.0,2,2,103.17,38,1.0
17169.0,2,2,374.04999999999995,57,1.0
17171.0,1,1,199.41,289,1.0
17172.0,1,1,274.23,78,1.0
17173.0,8,5,411.96875,5,1.6
17174.0,1,1,59.9,217,1.0
17175.0,4,4,263.23,44,1.0
17176.0,1,1,276.88,201,1.0
17179.0,3,3,233.9466666666667,178,1.0
17180.0,4,3,171.8125,56,1.3333333333333333
17181.0,2,2,44.035,57,1.0
17183.0,6,4,459.24,7,1.5
17186.0,2,1,20.8,46,2.0
17187.0,1,1,136.76,226,1.0
17188.0,7,4,254.87714285714287,11,1.75
17189.0,2,2,132.45,106,1.0
17190.0,1,1,240.08,58,1.0
17191.0,7,5,262.7185714285714,28,1.4
17193.0,7,4,186.1,35,1.75
17194.0,1,1,115.27,360,1.0
17197.0,1,1,463.81,29,1.0
17198.0,3,2,133.62333333333333,23,1.5
17201.0,1,1,226.69,53,1.0
17203.0,6,2,313.55,35,3.0
17204.0,4,3,312.665,175,1.3333333333333333
17205.0,1,1,159.82,53,1.0
17206.0,1,1,204.24,53,1.0
17211.0,8,6,229.65875,26,1.3333333333333333
17212.0,1,1,132.2,253,1.0
17213.0,7,4,314.08714285714285,40,1.75
17214.0,6,5,120.01166666666666,60,1.2
17217.0,1,1,97.6,234,1.0
17218.0,10,6,161.023,4,1.6666666666666667
17219.0,1,1,105.98,31,1.0
17220.0,14,9,200.60071428571428,24,1.5555555555555556
17221.0,2,2,137.14,7,1.0
17222.0,1,1,273.0,65,1.0
17223.0,2,2,112.54499999999999,310,1.0
17226.0,1,1,223.24,308,1.0
17227.0,6,6,102.86333333333334,18,1.0
17228.0,8,6,229.52625,15,1.3333333333333333
17229.0,2,2,154.405,96,1.0
17230.0,8,3,265.795,264,2.6666666666666665
17231.0,10,9,264.228,12,1.1111111111111112
17232.0,2,2,208.885,2,1.0
17233.0,1,1,153.48,35,1.0
17234.0,1,1,114.04,182,1.0
17235.0,2,2,201.005,25,1.0
17236.0,6,6,138.91333333333333,12,1.0
17237.0,2,1,153.37,11,2.0
17238.0,17,10,194.06823529411767,2,1.7
17239.0,1,1,295.0,312,1.0
17242.0,2,2,525.02,108,1.0
17243.0,26,12,237.71192307692309,1,2.1666666666666665
17244.0,1,1,802.53,53,1.0
17245.0,1,1,171.45,204,1.0
17247.0,1,1,205.99,15,1.0
17248.0,1,1,300.8,120,1.0
17250.0,2,2,141.31,3,1.0
17251.0,1,1,244.33,362,1.0
17252.0,2,2,147.155,116,1.0
17253.0,1,1,113.01,18,1.0
17254.0,2,2,126.295,4,1.0
17255.0,2,2,130.64000000000001,40,1.0
17256.0,2,2,101.475,107,1.0
17259.0,2,2,248.335,148,1.0
17262.0,5,4,143.918,52,1.25
17263.0,1,1,63.440000000000005,208,1.0
17265.0,2,2,248.60500000000002,138,1.0
17266.0,3,2,75.34333333333333,2,1.5
17267.0,2,1,121.55,127,2.0
17268.0,4,3,32.644999999999996,107,1.3333333333333333
17272.0,4,3,492.9525,42,1.3333333333333333
17274.0,1,1,103.67,35,1.0
17277.0,2,2,434.02500000000003,227,1.0
17278.0,1,1,206.09,241,1.0
17279.0,1,1,94.27999999999999,57,1.0
17282.0,3,3,238.92666666666665,130,1.0
17284.0,6,5,270.1066666666666,60,1.2
17286.0,1,1,142.87,21,1.0
17287.0,7,6,104.03,26,1.1666666666666667
17288.0,7,6,157.87857142857143,9,1.1666666666666667
17289.0,3,2,292.5233333333333,31,1.5
17290.0,2,2,206.865,3,1.0
17293.0,8,8,198.26625,8,1.0
17295.0,3,2,140.84333333333333,28,1.5
17297.0,1,1,91.83,17,1.0
17298.0,2,1,211.21,101,2.0
17299.0,4,4,153.64999999999998,11,1.0
17301.0,1,1,152.84,21,1.0
17302.0,5,4,208.89600000000002,14,1.25
17303.0,1,1,192.24,361,1.0
17306.0,19,10,137.7157894736842,10,1.9
17309.0,1,1,82.75,95,1.0
17311.0,2,2,449.24,78,1.0
17312.0,3,1,81.79666666666667,138,3.0
17313.0,1,1,949.86,31,1.0
17314.0,8,7,272.35,24,1.1428571428571428
17315.0,36,13,131.6861111111111,1,2.769230769230769
17317.0,3,2,186.92999999999998,46,1.5
17320.0,3,3,281.59000000000003,100,1.0
17321.0,1,1,423.08,67,1.0
17323.0,7,6,129.50285714285715,15,1.1666666666666667
17324.0,4,3,149.88,17,1.3333333333333333
17325.0,1,1,96.8,280,1.0
17329.0,2,2,233.28,14,1.0
17330.0,2,2,170.7,22,1.0
17333.0,1,1,490.47,85,1.0
17334.0,2,1,122.355,302,2.0
17337.0,4,4,411.1025,151,1.0
17338.0,8,8,728.205,17,1.0
17339.0,2,2,112.02000000000001,94,1.0
17340.0,11,7,917.6872727272727,29,1.5714285714285714
17341.0,3,2,191.0,156,1.5
17343.0,1,1,168.74,355,1.0
17344.0,1,1,132.62,46,1.0
17345.0,4,3,104.06,15,1.3333333333333333
17346.0,15,9,149.028,3,1.6666666666666667
17347.0,1,1,28.62,86,1.0
17348.0,5,3,214.02200000000002,14,1.6666666666666667
17349.0,1,1,58.0,179,1.0
17350.0,4,2,277.6225,8,2.0
17351.0,3,3,84.5,36,1.0
17353.0,2,2,156.6,129,1.0
17354.0,1,1,507.32,50,1.0
17356.0,1,1,178.22,311,1.0
17357.0,2,1,165.51999999999998,24,2.0
17358.0,2,2,171.18,303,1.0
17359.0,1,1,78.02,11,1.0
17360.0,3,2,159.76333333333332,17,1.5
17361.0,3,3,143.61666666666667,49,1.0
17362.0,2,2,138.14,239,1.0
17364.0,11,7,343.3681818181818,1,1.5714285714285714
17365.0,8,7,524.31375,12,1.1428571428571428
17367.0,1,1,156.44,238,1.0
17368.0,8,5,151.26875,23,1.6
17370.0,4,2,105.225,72,2.0
17371.0,3,2,79.63333333333334,17,1.5
17372.0,8,5,154.695,40,1.6
17373.0,4,4,155.7675,40,1.0
17374.0,2,2,54.535,218,1.0
17375.0,3,3,114.8,199,1.0
17376.0,2,2,92.5,70,1.0
17377.0,20,8,177.6635,23,2.5
17379.0,1,1,372.67,11,1.0
17381.0,29,13,118.28689655172414,8,2.230769230769231
17382.0,1,1,50.400000000000006,65,1.0
17383.0,1,1,193.39000000000001,4,1.0
17384.0,2,2,141.425,19,1.0
17385.0,1,1,246.16,14,1.0
17386.0,6,4,149.71333333333334,7,1.5
17387.0,2,1,321.96500000000003,19,2.0
17388.0,4,4,53.585,77,1.0
17389.0,29,10,264.271724137931,1,2.9
17391.0,2,1,42.93,163,2.0
17392.0,2,2,166.26,306,1.0
17394.0,1,1,57.839999999999996,219,1.0
17396.0,6,3,250.73000000000002,39,2.0
17397.0,2,1,266.18,22,2.0
17398.0,3,3,126.25999999999999,114,1.0
17400.0,5,4,320.95,126,1.25
17402.0,12,9,87.00666666666666,4,1.3333333333333333
17403.0,1,1,238.17000000000002,36,1.0
17404.0,13,10,546.5269230769231,4,1.3
17405.0,3,3,251.42,1,1.0
17406.0,2,2,638.855,333,1.0
17409.0,2,2,55.775000000000006,184,1.0
17410.0,5,4,188.532,16,1.25
17411.0,3,3,214.01333333333332,12,1.0
17412.0,7,6,171.05285714285714,2,1.1666666666666667
17414.0,2,2,29.525,43,1.0
17415.0,1,1,138.44,79,1.0
17416.0,7,6,805.0971428571429,29,1.1666666666666667
17418.0,2,2,174.88,42,1.0
17419.0,12,8,288.385,11,1.5
17420.0,3,3,161.69333333333336,50,1.0
17422.0,6,6,296.5683333333333,16,1.0
17423.0,2,2,291.21500000000003,46,1.0
17425.0,2,2,354.31,19,1.0
17426.0,6,4,679.8149999999999,8,1.5
17427.0,1,1,100.8,71,1.0
17428.0,28,13,313.5521428571429,1,2.1538461538461537
17429.0,3,3,144.61666666666667,128,1.0
17430.0,2,2,129.95499999999998,32,1.0
17431.0,1,1,380.34999999999997,313,1.0
17432.0,2,1,174.68,18,2.0
17433.0,1,1,268.26,88,1.0
17434.0,7,4,297.07142857142856,2,1.75
17436.0,2,2,108.14999999999999,1,1.0
17438.0,1,1,283.05,253,1.0
17440.0,3,2,28.689999999999998,156,1.5
17442.0,6,6,351.43666666666667,36,1.0
17443.0,1,1,28.62,219,1.0
17444.0,2,2,1015.93,151,1.0
17446.0,2,2,60.45,176,1.0
17447.0,2,2,263.265,40,1.0
17449.0,7,6,295.33,2,1.1666666666666667
17450.0,43,12,452.6341860465116,8,3.0
17451.0,7,5,240.59428571428572,1,1.4
17453.0,2,2,228.73499999999996,17,1.0
17454.0,4,4,112.97,192,1.0
17455.0,1,1,111.8,203,1.0
17456.0,1,1,242.3,365,1.0
17457.0,5,5,160.91,126,1.0
17458.0,1,1,300.40000000000003,15,1.0
17459.0,2,1,287.335,43,2.0
17460.0,5,5,106.816,94,1.0
17461.0,3,1,212.91333333333333,22,3.0
17462.0,2,2,306.21999999999997,60,1.0
17463.0,5,5,328.262,16,1.0
17464.0,1,1,256.03000000000003,158,1.0
17466.0,2,2,258.44000000000005,10,1.0
17468.0,2,1,68.5,10,2.0
17469.0,5,5,339.194,16,1.0
17470.0,5,5,183.224,44,1.0
17472.0,3,2,218.71333333333334,191,1.5
17475.0,1,1,194.37,79,1.0
17480.0,1,1,511.82,77,1.0
17481.0,4,3,280.82,3,1.3333333333333333
17483.0,3,3,127.21333333333332,65,1.0
17486.0,1,1,376.97,261,1.0
17489.0,2,2,186.43,58,1.0
17490.0,7,4,203.34285714285716,1,1.75
17491.0,10,8,265.427,1,1.25
17492.0,1,1,288.62,248,1.0
17495.0,2,2,216.13,7,1.0
17496.0,1,1,251.10000000000002,358,1.0
17498.0,1,1,246.0,75,1.0
17499.0,1,1,519.5,289,1.0
17501.0,2,1,129.675,220,2.0
17502.0,4,1,162.5925,9,3.0
17503.0,2,2,243.37,2,1.0
17504.0,9,4,235.60111111111115,206,2.25
17505.0,2,2,503.47,161,1.0
17506.0,1,1,302.2,75,1.0
17507.0,2,2,287.365,261,1.0
17508.0,1,1,387.31,280,1.0
17509.0,8,1,760.455,57,3.0
17510.0,1,1,282.98,24,1.0
17511.0,31,13,1148.5139999999965,2,2.3846153846153846
17512.0,10,7,203.174,28,1.4285714285714286
17513.0,1,1,319.68,72,1.0
17514.0,1,1,200.15,128,1.0
17515.0,4,4,100.7925,31,1.0
17516.0,5,4,131.908,15,1.25
17517.0,1,1,128.44,308,1.0
17519.0,6,6,247.26500000000001,17,1.0
17520.0,1,1,449.12,53,1.0
17521.0,3,3,231.70666666666668,29,1.0
17522.0,5,4,174.34,1,1.25
17523.0,4,1,78.48,11,3.0
17524.0,1,1,145.0,361,1.0
17525.0,1,1,295.5,359,1.0
17526.0,4,3,75.5875,4,1.3333333333333333
17527.0,4,4,166.85500000000002,53,1.0
17528.0,8,4,345.42125,1,2.0
17530.0,10,8,210.98499999999999,1,1.25
17531.0,1,1,233.1,190,1.0
17534.0,1,1,223.36,53,1.0
17535.0,1,1,164.4,280,1.0
17537.0,2,2,420.71000000000004,29,1.0
17538.0,1,1,95.9,25,1.0
17540.0,2,2,272.45000000000005,24,1.0
17542.0,1,1,141.55,269,1.0
17545.0,3,1,140.0666666666667,43,3.0
17548.0,1,1,103.3,233,1.0
17549.0,2,2,29.415,23,1.0
17550.0,3,2,66.13666666666667,197,1.5
17551.0,1,1,281.84,359,1.0
17552.0,4,3,223.11999999999998,60,1.3333333333333333
17553.0,1,1,167.4,129,1.0
17554.0,5,5,287.706,1,1.0
17555.0,2,2,235.905,19,1.0
17556.0,1,1,101.7,205,1.0
17557.0,3,3,175.00333333333333,14,1.0
17560.0,4,4,147.9175,94,1.0
17561.0,1,1,148.84,19,1.0
17562.0,7,6,157.6657142857143,14,1.1666666666666667
17564.0,3,3,136.45333333333335,24,1.0
17566.0,2,2,386.935,8,1.0
17567.0,8,8,410.80125,7,1.0
17569.0,1,1,253.94,332,1.0
17571.0,4,4,271.4625,50,1.0
17572.0,4,3,51.712500000000006,71,1.3333333333333333
17573.0,3,2,120.42666666666666,29,1.5
17574.0,1,1,155.8,242,1.0
17576.0,19,13,148.90052631578948,8,1.4615384615384615
17578.0,1,1,128.16,218,1.0
17579.0,3,3,142.54999999999998,4,1.0
17580.0,2,2,80.035,312,1.0
17581.0,24,10,396.0516666666667,1,2.4
17582.0,1,1,133.12,236,1.0
17584.0,2,2,496.325,7,1.0
17585.0,4,4,236.45749999999998,109,1.0
17588.0,3,3,219.06333333333336,100,1.0
17589.0,4,4,553.24,60,1.0
17590.0,3,3,402.8533333333333,2,1.0
17591.0,7,7,228.31,73,1.0
17593.0,5,5,684.382,3,1.0
17594.0,2,2,496.59,85,1.0
17595.0,2,1,151.42,12,2.0
17596.0,7,6,263.5957142857143,23,1.1666666666666667
17597.0,1,1,1148.5139999999965,213,1.0
17600.0,1,1,126.21000000000001,17,1.0
17601.0,1,1,114.11999999999999,239,1.0
17602.0,6,6,746.3699999999999,2,1.0
17603.0,1,1,144.72,78,1.0
17604.0,2,2,136.925,217,1.0
17608.0,2,1,95.995,33,2.0
17609.0,5,4,192.964,40,1.25
17611.0,15,12,222.20199999999997,7,1.25
17612.0,6,6,268.8566666666666,53,1.0
17613.0,14,9,286.8071428571429,22,1.5555555555555556
17614.0,1,1,339.22,57,1.0
17615.0,3,2,81.66666666666667,130,1.5
17616.0,3,3,68.85,173,1.0
17618.0,3,3,214.87666666666667,5,1.0
17619.0,1,1,198.47,312,1.0
17620.0,1,1,47.44,59,1.0
17621.0,3,3,368.6666666666667,21,1.0
17623.0,1,1,455.45,32,1.0
17624.0,2,2,373.715,14,1.0
17625.0,4,4,471.2875,18,1.0
17628.0,1,1,75.75,81,1.0
17629.0,8,8,207.41125,5,1.0
17630.0,2,2,109.7,169,1.0
17631.0,3,3,150.14000000000001,1,1.0
17633.0,4,3,310.83500000000004,31,1.3333333333333333
17634.0,9,8,176.54333333333335,36,1.125
17636.0,1,1,285.56,19,1.0
17637.0,2,2,232.255,31,1.0
17639.0,1,1,60.2,276,1.0
17640.0,1,1,312.21,86,1.0
17642.0,2,2,334.62,119,1.0
17643.0,1,1,58.8,368,1.0
17644.0,11,8,216.13090909090909,1,1.375
17646.0,3,3,270.2633333333333,219,1.0
17647.0,1,1,82.11,65,1.0
17648.0,3,3,388.2,60,1.0
17649.0,1,1,781.49,138,1.0
17650.0,1,1,166.08,21,1.0
17651.0,10,5,370.868,11,2.0
17652.0,12,7,360.86583333333334,25,1.7142857142857142
17653.0,4,3,146.7775,36,1.3333333333333333
17654.0,1,1,80.65,277,1.0
17655.0,7,6,230.31,10,1.1666666666666667
17656.0,5,2,248.68,73,2.5
17658.0,2,2,188.94,25,1.0
17659.0,12,7,201.22916666666666,17,1.7142857142857142
17660.0,1,1,168.8,141,1.0
17663.0,7,6,220.33714285714288,25,1.1666666666666667
17664.0,2,2,285.44500000000005,18,1.0
17666.0,2,2,209.055,3,1.0
17667.0,5,4,347.392,66,1.25
17668.0,2,2,72.625,1,1.0
17669.0,7,6,278.9171428571429,42,1.1666666666666667
17670.0,1,1,173.9,227,1.0
17671.0,4,4,291.6425,15,1.0
17672.0,2,2,1119.285,50,1.0
17673.0,6,5,252.71833333333333,1,1.2
17674.0,2,2,178.185,74,1.0
17675.0,31,13,533.6403225806451,1,2.3846153846153846
17676.0,6,4,222.73666666666668,4,1.5
17677.0,27,13,271.1255555555556,1,2.076923076923077
17678.0,1,1,298.11,263,1.0
17679.0,2,2,581.025,52,1.0
17680.0,1,1,151.4,23,1.0
17682.0,6,6,390.0833333333333,10,1.0
17684.0,1,1,201.01,43,1.0
17685.0,7,6,390.1357142857143,16,1.1666666666666667
17686.0,7,5,592.2114285714287,7,1.4
17690.0,15,9,220.69466666666668,30,1.6666666666666667
17691.0,2,1,121.35,358,2.0
17692.0,4,4,173.415,127,1.0
17693.0,1,1,166.47,137,1.0
17694.0,1,1,269.47,141,1.0
17695.0,2,2,354.73,131,1.0
17696.0,8,6,245.9875,38,1.3333333333333333
17697.0,1,1,298.25,236,1.0
17698.0,1,1,154.95,260,1.0
17700.0,4,4,589.8725,16,1.0
17701.0,1,1,193.65,252,1.0
17702.0,4,4,313.1075,30,1.0
17703.0,3,3,266.24666666666667,35,1.0
17704.0,2,2,380.44500000000005,168,1.0
17705.0,9,8,166.3022222222222,3,1.125
17706.0,17,7,427.11764705882354,4,2.4285714285714284
17707.0,2,2,48.150000000000006,185,1.0
17708.0,2,2,127.41499999999999,187,1.0
17709.0,1,1,58.25,169,1.0
17711.0,2,2,184.9,10,1.0
17712.0,1,1,403.21,44,1.0
17714.0,1,1,153.0,320,1.0
17715.0,1,1,22.95,200,1.0
17716.0,11,6,466.25363636363636,22,1.8333333333333333
17718.0,1,1,113.85,232,1.0
17719.0,15,8,258.202,37,1.875
17720.0,4,4,232.71499999999997,26,1.0
17722.0,4,4,435.965,96,1.0
17723.0,6,4,139.36666666666667,127,1.5
17724.0,3,2,273.40000000000003,71,1.5
17725.0,11,9,282.08,16,1.2222222222222223
17727.0,1,1,923.35,15,1.0
17728.0,3,3,856.3666666666668,3,1.0
17730.0,13,10,356.35461538461544,3,1.3
17731.0,4,3,217.765,79,1.3333333333333333
17732.0,1,1,222.52,368,1.0
17733.0,2,2,255.39000000000001,38,1.0
17734.0,3,3,191.91333333333333,53,1.0
17735.0,19,13,657.2515789473684,2,1.4615384615384615
17736.0,2,2,107.795,9,1.0
17737.0,2,2,80.295,9,1.0
17738.0,4,3,346.93,19,1.3333333333333333
17739.0,7,6,348.1414285714286,11,1.1666666666666667
17742.0,2,2,100.43,113,1.0
17744.0,6,5,332.7766666666667,3,1.2
17746.0,1,1,74.8,240,1.0
17747.0,1,1,71.4,112,1.0
17749.0,2,2,237.24,178,1.0
17750.0,9,7,156.62555555555554,5,1.2857142857142858
17752.0,1,1,20.8,359,1.0
17754.0,5,5,239.92600000000002,1,1.0
17757.0,30,13,153.42166666666668,1,2.3076923076923075
17758.0,8,6,385.19375,19,1.3333333333333333
17759.0,3,2,239.46,17,1.5
17760.0,2,2,126.27000000000001,21,1.0
17761.0,1,1,419.29,32,1.0
17763.0,1,1,20.8,263,1.0
17764.0,2,2,339.675,50,1.0
17765.0,3,3,86.52666666666666,158,1.0
17767.0,1,1,262.95,15,1.0
17768.0,3,3,525.0966666666667,8,1.0
17769.0,10,6,340.014,12,1.6666666666666667
17770.0,4,2,83.11749999999999,198,2.0
17771.0,2,2,106.855,56,1.0
17772.0,2,1,62.5,10,2.0
17774.0,4,4,251.2275,96,1.0
17775.0,1,1,56.4,254,1.0
17777.0,3,3,209.70333333333335,24,1.0
17779.0,3,3,166.84333333333333,21,1.0
17781.0,1,1,62.17,159,1.0
17783.0,2,2,137.485,72,1.0
17785.0,1,1,123.44,53,1.0
17786.0,2,2,119.06,85,1.0
17787.0,4,4,413.31,152,1.0
17788.0,2,2,41.225,73,1.0
17789.0,1,1,191.65,281,1.0
17790.0,14,8,120.81428571428572,26,1.75
17791.0,1,1,106.1,29,1.0
17793.0,1,1,184.24,25,1.0
17795.0,2,2,161.14,179,1.0
17796.0,4,3,144.5125,40,1.3333333333333333
17797.0,3,2,214.87666666666667,22,1.5
17799.0,10,7,256.492,22,1.4285714285714286
17800.0,9,8,117.21777777777778,37,1.125
17802.0,3,3,396.72,82,1.0
17805.0,1,1,288.78,73,1.0
17806.0,1,1,518.28,11,1.0
17809.0,12,8,225.8925,16,1.5
17811.0,39,12,156.26820512820512,4,3.0
17812.0,4,2,136.815,12,2.0
17813.0,5,3,228.744,14,1.6666666666666667
17816.0,4,4,20.8,36,1.0
17817.0,2,2,57.215,4,1.0
17819.0,6,6,220.44166666666663,71,1.0
17824.0,1,1,261.21999999999997,51,1.0
17827.0,5,3,361.71999999999997,5,1.6666666666666667
17828.0,4,3,237.925,22,1.3333333333333333
17829.0,1,1,805.84,298,1.0
17830.0,3,3,66.91666666666667,1,1.0
17831.0,1,1,35.400000000000006,33,1.0
17832.0,1,1,153.66,49,1.0
17835.0,3,2,100.2,2,1.5
17836.0,1,1,110.21000000000001,47,1.0
17837.0,8,4,134.885,42,2.0
17838.0,5,4,395.298,26,1.25
17839.0,1,1,318.15,42,1.0
17841.0,124,13,268.1462903225806,1,3.0
17843.0,1,1,178.63,303,1.0
17844.0,1,1,51.559999999999995,106,1.0
17848.0,7,7,52.212857142857146,128,1.0
17849.0,4,4,33.025,218,1.0
17850.0,34,1,131.24,368,3.0
17852.0,2,1,57.17,11,2.0
17854.0,2,2,60.005,185,1.0
17855.0,1,1,199.02,368,1.0
17856.0,4,3,135.28250000000003,1,1.3333333333333333
17857.0,23,11,103.42608695652174,4,2.090909090909091
17858.0,11,9,200.32363636363635,5,1.2222222222222223
17859.0,1,1,136.07,304,1.0
17860.0,1,1,194.65,368,1.0
17861.0,8,5,212.58375,3,1.6
17862.0,1,1,260.0,323,1.0
17863.0,6,6,493.51666666666665,59,1.0
17864.0,3,3,174.70000000000002,12,1.0
17865.0,19,10,387.4742105263158,30,1.9
17866.0,1,1,238.3,142,1.0
17867.0,4,3,123.2175,30,1.3333333333333333
17869.0,5,4,55.00600000000001,107,1.25
17870.0,12,7,118.89583333333333,2,1.7142857142857142
17871.0,1,1,145.19,204,1.0
17873.0,5,5,295.86800000000005,80,1.0
17874.0,6,3,89.15000000000002,185,2.0
17877.0,1,1,158.01,170,1.0
17878.0,1,1,313.14,43,1.0
17879.0,1,1,154.67,173,1.0
17880.0,1,1,405.37,364,1.0
17881.0,1,1,133.35000000000002,304,1.0
17883.0,4,4,123.33500000000001,3,1.0
17884.0,4,3,155.635,3,1.3333333333333333
17885.0,1,1,139.59,12,1.0
17886.0,3,3,187.66666666666666,31,1.0
17887.0,1,1,47.05,129,1.0
17888.0,8,7,58.401250000000005,21,1.1428571428571428
17889.0,2,2,79.96000000000001,212,1.0
17890.0,2,2,259.955,322,1.0
17891.0,1,1,203.85999999999999,162,1.0
17892.0,3,2,63.31666666666666,56,1.5
17893.0,1,1,77.65,225,1.0
17894.0,8,4,113.11375000000001,71,2.0
17895.0,1,1,85.49,44,1.0
17896.0,1,1,48.06,23,1.0
17897.0,3,2,126.85333333333334,172,1.5
17898.0,2,2,72.985,85,1.0
17899.0,1,1,114.86,159,1.0
17900.0,2,1,48.599999999999994,190,2.0
17901.0,1,1,41.78,29,1.0
17904.0,1,1,91.62,21,1.0
17905.0,4,3,122.785,71,1.3333333333333333
17906.0,1,1,55.95,247,1.0
17908.0,1,1,223.87,368,1.0
17911.0,1,1,316.76,9,1.0
17912.0,5,2,39.970000000000006,310,2.5
17913.0,2,2,186.57,58,1.0
17914.0,1,1,260.38,3,1.0
17917.0,3,3,106.02666666666666,45,1.0
17919.0,1,1,879.5400000000001,88,1.0
17920.0,17,10,202.2994117647059,4,1.7
17921.0,4,4,192.345,64,1.0
17923.0,1,1,112.05000000000001,282,1.0
17924.0,7,4,221.48142857142858,11,1.75
17925.0,1,1,91.53,368,1.0
17926.0,2,2,173.78500000000003,133,1.0
17928.0,2,2,83.045,45,1.0
17929.0,1,1,196.20000000000002,308,1.0
17930.0,5,5,228.42,35,1.0
17931.0,2,2,147.48000000000002,134,1.0
17932.0,3,3,396.3066666666667,29,1.0
17934.0,2,1,260.355,51,2.0
17935.0,2,1,68.64500000000001,138,2.0
17936.0,1,1,327.53,5,1.0
17937.0,7,6,255.87857142857143,8,1.1666666666666667
17939.0,1,1,99.14,159,1.0
17940.0,9,7,20.8,49,1.2857142857142858
17941.0,1,1,67.77,130,1.0
17942.0,1,1,58.6,7,1.0
17946.0,2,2,39.89,233,1.0
17947.0,1,1,170.43,37,1.0
17948.0,1,1,67.23,147,1.0
17949.0,37,11,87.95189189189189,1,3.0
17950.0,3,2,124.32666666666667,72,1.5
17951.0,3,2,199.33,39,1.5
17954.0,11,9,186.53272727272727,5,1.2222222222222223
17955.0,3,1,26.183333333333334,198,3.0
17957.0,1,1,108.67,66,1.0
17958.0,1,1,136.16,116,1.0
17960.0,1,1,73.78,171,1.0
17961.0,37,11,23.195675675675677,21,3.0
17962.0,1,1,89.85,142,1.0
17964.0,2,2,168.79500000000002,31,1.0
17965.0,14,9,148.56,37,1.5555555555555556
17966.0,5,4,85.518,37,1.25
17967.0,1,1,84.42,368,1.0
17968.0,1,1,257.15,368,1.0
17969.0,2,2,54.27,166,1.0
17970.0,1,1,370.05,211,1.0
17972.0,1,1,96.54,241,1.0
17973.0,1,1,302.72,51,1.0
17974.0,3,3,218.74333333333334,24,1.0
17975.0,13,10,293.18,15,1.3
17976.0,1,1,282.64,368,1.0
17977.0,1,1,147.94,29,1.0
17978.0,1,1,139.22,365,1.0
17979.0,4,3,159.9025,35,1.3333333333333333
17980.0,3,3,162.99,165,1.0
17984.0,1,1,131.68,145,1.0
17985.0,1,1,579.45,22,1.0
17986.0,1,1,20.8,56,1.0
17987.0,1,1,172.26,185,1.0
17988.0,7,4,20.8,11,1.75
17990.0,3,2,206.53,236,1.5
17991.0,2,1,33.925000000000004,225,2.0
17994.0,4,4,147.73,121,1.0
17995.0,1,1,34.94,281,1.0
17997.0,8,3,189.02875,74,2.6666666666666665
17999.0,2,2,167.395,37,1.0
18001.0,2,2,153.47500000000002,12,1.0
18004.0,1,1,112.37,362,1.0
18005.0,2,2,81.51,3,1.0
18006.0,1,1,324.43,23,1.0
18008.0,9,5,33.327777777777776,70,1.8
18009.0,1,1,182.29,235,1.0
18010.0,1,1,61.6,256,1.0
18011.0,1,1,92.84,368,1.0
18013.0,2,1,83.265,155,2.0
18014.0,1,1,146.32,28,1.0
18015.0,1,1,120.03,4,1.0
18016.0,5,5,208.118,32,1.0
18017.0,3,3,47.06999999999999,81,1.0
18018.0,2,2,26.794999999999998,108,1.0
18019.0,1,1,28.5,51,1.0
18022.0,1,1,561.96,35,1.0
18024.0,2,1,127.64,152,2.0
18027.0,1,1,115.31,98,1.0
18030.0,2,2,57.550000000000004,4,1.0
18032.0,1,1,73.5,334,1.0
18033.0,1,1,86.4,65,1.0
18034.0,2,1,192.75,21,2.0
18035.0,3,2,174.99,35,1.5
18036.0,3,3,134.37333333333333,32,1.0
18037.0,6,5,20.8,154,1.2
18040.0,2,2,170.1,19,1.0
18041.0,21,11,160.33380952380952,11,1.9090909090909092
18042.0,1,1,93.35,53,1.0
18043.0,3,3,142.1966666666667,24,1.0
18044.0,10,8,138.87,4,1.25
18045.0,1,1,145.09,45,1.0
18048.0,2,1,62.295,203,2.0
18050.0,1,1,74.4,359,1.0
18053.0,1,1,283.02,70,1.0
18055.0,10,7,554.687,7,1.4285714285714286
18056.0,1,1,293.7,288,1.0
18058.0,1,1,144.66,9,1.0
18059.0,3,2,96.85333333333334,23,1.5
18061.0,10,10,111.63,21,1.0
18062.0,3,3,136.98999999999998,173,1.0
18064.0,2,2,141.18,133,1.0
18065.0,14,6,130.61,5,2.3333333333333335
18066.0,1,1,318.0,75,1.0
18067.0,1,1,319.03,40,1.0
18069.0,5,5,371.252,26,1.0
18071.0,2,2,201.575,257,1.0
18072.0,1,1,247.44,185,1.0
18073.0,12,4,108.12916666666666,114,3.0
18074.0,1,1,310.85,368,1.0
18075.0,10,9,217.362,23,1.1111111111111112
18077.0,11,8,229.45636363636365,8,1.375
18078.0,2,2,127.41499999999999,217,1.0
18079.0,4,3,355.47999999999996,45,1.3333333333333333
18080.0,2,2,51.3,18,1.0
18081.0,3,3,100.64,36,1.0
18082.0,1,1,592.3100000000001,25,1.0
18084.0,1,1,20.8,16,1.0
18085.0,2,2,344.975,330,1.0
18086.0,1,1,101.34,274,1.0
18087.0,1,1,22.139999999999997,290,1.0
18088.0,1,1,132.03,61,1.0
18092.0,11,8,432.99363636363637,2,1.375
18093.0,4,3,342.4475,93,1.3333333333333333
18094.0,7,5,295.94,81,1.4
18095.0,2,1,224.25,312,2.0
18096.0,3,2,250.15333333333334,11,1.5
18097.0,6,5,367.9666666666667,7,1.2
18099.0,1,1,160.35999999999999,127,1.0
18101.0,2,2,81.35,11,1.0
18102.0,56,12,659.4930357142857,1,3.0
18104.0,1,1,424.64,37,1.0
18105.0,1,1,103.53,37,1.0
18106.0,1,1,264.9,329,1.0
18108.0,1,1,201.2,254,1.0
18109.0,25,13,127.56880000000001,1,1.9230769230769231
18110.0,1,1,180.9,19,1.0
18112.0,2,2,106.145,12,1.0
18113.0,1,1,28.62,368,1.0
18114.0,1,1,137.9,290,1.0
18116.0,8,4,136.835,67,2.0
18117.0,1,1,280.34,25,1.0
18118.0,26,11,181.21192307692309,10,2.3636363636363638
18119.0,1,1,151.43,367,1.0
18120.0,1,1,75.35,214,1.0
18121.0,2,1,324.775,149,2.0
18122.0,6,5,273.49,8,1.2
18123.0,2,1,229.73999999999998,24,2.0
18125.0,4,4,265.13,29,1.0
18126.0,1,1,192.67000000000002,60,1.0
18127.0,3,2,87.40666666666665,19,1.5
18129.0,1,1,99.80000000000001,243,1.0
18130.0,3,2,322.45,15,1.5
18133.0,1,1,20.8,212,1.0
18135.0,5,3,93.63000000000001,29,1.6666666666666667
18136.0,3,3,255.77666666666667,63,1.0
18138.0,1,1,67.80000000000001,295,1.0
18139.0,6,1,857.7049999999999,17,3.0
18142.0,2,2,181.275,157,1.0
18143.0,2,2,447.90500000000003,116,1.0
18144.0,12,10,107.68,7,1.2
18145.0,4,4,693.52,12,1.0
18146.0,2,2,80.17500000000001,140,1.0
18147.0,2,2,79.59,45,1.0
18149.0,3,3,153.17,50,1.0
18150.0,3,3,188.86,32,1.0
18151.0,2,2,280.35,134,1.0
18154.0,2,2,180.46999999999997,3,1.0
18155.0,3,3,120.93333333333334,75,1.0
18156.0,2,2,319.595,12,1.0
18158.0,2,2,226.7,9,1.0
18159.0,1,1,257.25,301,1.0
18160.0,2,2,258.305,57,1.0
18161.0,5,5,267.496,15,1.0
18164.0,1,1,337.40000000000003,37,1.0
18165.0,1,1,205.74,177,1.0
18167.0,3,2,419.82,23,1.5
18168.0,6,5,146.16666666666666,176,1.2
18169.0,1,1,151.65,60,1.0
18170.0,3,3,235.50333333333333,33,1.0
18171.0,5,5,148.63600000000002,58,1.0
18172.0,19,8,257.42526315789473,14,2.375
18173.0,4,4,338.83000000000004,86,1.0
18174.0,1,1,56.160000000000004,7,1.0
18176.0,1,1,419.05,358,1.0
18177.0,6,5,222.43833333333336,31,1.2
18178.0,4,4,384.22,128,1.0
18179.0,6,5,222.68500000000003,9,1.2
18180.0,6,4,290.40166666666664,4,1.5
18181.0,1,1,324.40000000000003,24,1.0
18183.0,2,2,265.21000000000004,227,1.0
18184.0,1,1,22.41,15,1.0
18185.0,1,1,214.25,249,1.0
18188.0,3,3,515.9200000000001,15,1.0
18189.0,2,2,445.67,77,1.0
18190.0,2,2,109.58000000000001,192,1.0
18191.0,1,1,83.3,261,1.0
18192.0,1,1,767.67,71,1.0
18193.0,1,1,208.91,165,1.0
18194.0,1,1,312.12,82,1.0
18196.0,2,2,292.965,95,1.0
18198.0,17,11,176.08117647058825,4,1.5454545454545454
18200.0,1,1,150.35,106,1.0
18202.0,3,2,352.99666666666667,199,1.5
18203.0,1,1,126.07,157,1.0
18204.0,3,3,551.7333333333333,71,1.0
18205.0,2,2,204.43,36,1.0
18209.0,1,1,139.10000000000002,28,1.0
18210.0,6,4,340.99333333333334,1,1.5
18211.0,5,5,103.01400000000001,25,1.0
18212.0,1,1,175.47,326,1.0
18213.0,1,1,232.48000000000002,236,1.0
18215.0,1,1,266.34000000000003,89,1.0
18216.0,1,1,360.85,31,1.0
18217.0,2,2,287.67,29,1.0
18218.0,2,2,202.825,211,1.0
18219.0,10,8,161.692,2,1.25
18220.0,1,1,57.24,226,1.0
18221.0,5,5,190.648,22,1.0
18222.0,1,1,350.34000000000003,92,1.0
18223.0,14,10,409.6707142857143,4,1.4
18224.0,1,1,158.95000000000002,263,1.0
18225.0,12,10,400.87833333333333,3,1.2
18226.0,11,9,442.1881818181818,44,1.2222222222222223
18227.0,1,1,30.0,217,1.0
18228.0,2,2,380.0,56,1.0
18229.0,20,12,215.0275,11,1.6666666666666667
18230.0,7,6,361.0,9,1.1666666666666667
18231.0,5,4,310.684,192,1.25
18232.0,4,3,133.3925,81,1.3333333333333333
18235.0,3,3,527.2433333333333,71,1.0
18236.0,6,6,136.44000000000003,29,1.0
18237.0,5,5,170.718,2,1.0
18239.0,5,4,291.562,218,1.25
18240.0,1,1,259.23,46,1.0
18241.0,17,7,105.0964705882353,9,2.4285714285714284
18242.0,4,2,452.03,72,2.0
18245.0,7,5,325.3957142857143,7,1.4
18246.0,2,2,94.94,23,1.0
18248.0,2,2,303.83500000000004,122,1.0
18249.0,1,1,91.92,17,1.0
18250.0,1,1,288.17,310,1.0
18251.0,1,1,333.45,87,1.0
18252.0,2,2,188.635,50,1.0
18255.0,1,1,103.3,89,1.0
18257.0,8,5,257.65625,39,1.6
18259.0,3,3,768.2833333333334,24,1.0
18260.0,6,6,365.5016666666667,172,1.0
18261.0,2,2,157.14499999999998,43,1.0
18262.0,1,1,149.48,140,1.0
18263.0,3,3,385.9866666666667,25,1.0
18265.0,2,2,304.555,72,1.0
18269.0,1,1,168.6,366,1.0
18270.0,2,2,122.45000000000002,38,1.0
18272.0,6,5,486.07666666666665,2,1.2
18273.0,3,3,56.949999999999996,2,1.0
18274.0,1,1,163.17,30,1.0
18276.0,1,1,231.01,43,1.0
18277.0,1,1,110.38,58,1.0
18278.0,1,1,173.9,73,1.0
18280.0,1,1,137.0,277,1.0
18281.0,1,1,46.92,180,1.0
18282.0,2,2,60.480000000000004,7,1.0
18283.0,16,10,125.164375,3,1.6
18287.0,3,2,496.74333333333334,42,1.5
