StockCode,TotalQuantitySold,TotalRevenue,AvgMonthlyQuantity,AvgMonthlyRevenue,ActiveMonthCount,StdMonthlyQuantity,PeakMonthSale,TotalHolidayQuantity,HolidayRatio,AvgUnitPrice,PriceVariance,UniqueCustomersCount
10002,539,458.15,107.8,91.63,5,87.75363240345096,211,6,0.011131725417439703,0.85,0.0,40
10080,270,106.21999999999998,38.57142857142857,15.174285714285713,7,32.689739179428265,91,12,0.044444444444444446,0.41190476190476194,0.010076190476190473,19
10120,186,39.059999999999995,18.6,3.9059999999999997,10,14.923508672933155,49,4,0.021505376344086023,0.21,0.0,25
10123C,5,3.25,2.5,1.625,2,2.1213203435596424,4,0,0.0,0.65,0.0,3
10124A,16,6.72,4.0,1.68,4,0.816496580927726,5,4,0.25,0.42000000000000004,0.0,5
10124G,17,7.14,4.25,1.785,4,0.4999999999999999,5,4,0.23529411764705882,0.42,0.0,4
10125,851,631.33,70.91666666666667,52.61083333333334,12,40.87999807270351,147,0,0.0,0.7817460317460317,0.02508883768561188,49
10133,1826,890.76,182.6,89.076,10,191.678666291038,530,27,0.014786418400876232,0.5292622950819672,0.03533416203766426,101
10135,1357,1318.7,104.38461538461539,101.43846153846154,13,84.61041943474265,287,27,0.01989683124539425,1.1968067226890755,0.27115581825950713,92
11001,817,1390.05,62.84615384615385,106.92692307692307,13,31.280574786508627,107,0,0.0,1.851875,0.2634250000000002,44
15030,110,31.9,13.75,3.9875,8,18.320558319627086,56,0,0.0,0.29,0.0,11
15034,1808,245.56,150.66666666666666,20.463333333333335,12,89.57509123465613,288,0,0.0,0.13692307692307693,0.00020820512820512828,70
15036,6064,4860.4400000000005,466.46153846153845,373.88000000000005,13,279.1545615439039,987,102,0.016820580474934038,0.8050153846153846,0.0021343361823361827,194
15039,729,593.73,60.75,49.4775,12,54.541268778788044,165,0,0.0,0.8362857142857143,0.004261366459627329,58
15044A,399,1171.93,30.692307692307693,90.14846153846155,13,23.38940150076745,68,14,0.03508771929824561,3.017692307692308,0.20693226773226767,53
15044B,261,748.3500000000001,29.0,83.15000000000002,9,25.22399651125888,86,0,0.0,2.9333333333333336,0.006524822695035455,36
15044C,248,720.8000000000001,20.666666666666668,60.06666666666667,12,16.587691676406187,55,13,0.05241935483870968,2.943333333333334,0.0026666666666666674,43
15044D,450,1276.3400000000001,37.5,106.36166666666668,12,25.642649132752542,86,41,0.09111111111111111,2.9615068493150685,0.12299908675799087,53
15056BL,1956,11064.800000000001,150.46153846153845,851.1384615384616,13,67.82774184728963,286,41,0.020961145194274028,5.848269896193772,0.141628940792003,141
15056N,2632,14690.2,202.46153846153845,1130.0153846153846,13,89.05860933922052,363,81,0.030775075987841946,5.846833773087072,0.1339582024542446,183
15056P,604,3414.2500000000005,46.46153846153846,262.6346153846154,13,24.818055875428627,110,19,0.03145695364238411,5.892537313432836,0.06167321288295355,86
15058A,60,405.0,20.0,135.0,3,10.0,30,0,0.0,6.75,0.0,5
15058B,40,270.0,20.0,135.0,2,14.142135623730951,30,0,0.0,6.75,0.0,3
15058C,157,620.15,39.25,155.0375,4,31.34086788842964,80,0,0.0,3.9500000000000006,0.0,10
15060B,375,1360.65,31.25,113.3875,12,21.0847855530518,73,4,0.010666666666666666,3.724193548387097,0.020196353436185123,67
16008,1344,177.62,122.18181818181819,16.14727272727273,11,107.47354854271649,320,0,0.0,0.13614285714285712,0.001963167701863354,54
16010,30,3.5999999999999996,10.0,1.2,3,3.4641016151377544,12,0,0.0,0.12,0.0,3
16011,1014,212.94,78.0,16.38,13,58.3909239522719,248,24,0.023668639053254437,0.21,0.0,38
16012,848,178.07999999999998,77.0909090909091,16.189090909090908,11,53.83206209212972,168,0,0.0,0.21,0.0,33
16014,816,316.42,62.76923076923077,24.34,13,45.402191294682844,169,28,0.03431372549019608,0.4014814814814815,0.0015373864430468203,34
16015,307,146.92,30.7,14.691999999999998,10,11.518584017915474,57,27,0.08794788273615635,0.48833333333333334,0.001562318840579711,19
16016,833,701.94,64.07692307692308,53.99538461538462,13,26.750269588864395,124,27,0.03241296518607443,0.8460000000000001,0.000511875,41
16020C,6,5.1,3.0,2.55,2,1.4142135623730951,4,0,0.0,0.85,0.0,1
16033,108,12.96,36.0,4.32,3,15.588457268119896,54,0,0.0,0.12,0.0,4
16043,51,6.12,51.0,6.12,1,,51,0,0.0,0.12,0.0,2
16045,1863,81.0,207.0,9.0,9,137.01003612874496,432,0,0.0,0.043478260869565216,0.00027007672634271103,61
16046,64,54.4,7.111111111111111,6.044444444444444,9,9.426617161586183,31,7,0.109375,0.85,0.0,13
16048,1001,134.52,100.1,13.452000000000002,10,65.15187385383989,192,24,0.023976023976023976,0.13249999999999998,0.003670212765957446,41
16049,135,32.400000000000006,67.5,16.200000000000003,2,57.27564927611035,108,0,0.0,0.24,0.026999999999999996,5
16052,150,45.06,50.0,15.020000000000001,3,27.055498516937366,78,0,0.0,0.305,0.015869999999999995,5
16054,743,89.76,92.875,11.22,8,71.43915992947126,195,27,0.03633916554508748,0.1290909090909091,0.002727272727272728,29
16151A,33,41.25,33.0,41.25,1,,33,0,0.0,1.25,0.0,3
16156L,452,189.84,45.2,18.984,10,16.239868636578727,77,0,0.0,0.42,0.0,17
16156S,4205,1752.06,323.46153846153845,134.77384615384614,13,131.82792786091483,581,52,0.012366230677764566,0.4168862275449102,0.0002263905923093568,135
16161G,558,55.8,62.0,6.199999999999999,9,40.27716474629266,125,0,0.0,0.1,0.0,22
16161M,25,10.5,25.0,10.5,1,,25,0,0.0,0.42,,1
16161P,6206,2602.74,477.38461538461536,200.21076923076922,13,221.14532871000554,854,129,0.020786335804060585,0.41943548387096774,4.01658613033825e-05,189
16161U,3372,1414.6200000000001,259.38461538461536,108.81692307692309,13,111.17968823900829,475,52,0.01542111506524318,0.41955223880597015,2.6865671641791053e-05,105
16162L,17,11.05,4.25,2.7625,4,2.9860788111948193,8,0,0.0,0.65,0.0,5
16162M,26,10.92,8.666666666666666,3.64,3,4.163331998932265,12,0,0.0,0.42,0.0,6
16168M,328,137.76,32.8,13.776,10,14.695426348206288,67,24,0.07317073170731707,0.42000000000000004,0.0,19
16169E,3743,1568.82,623.8333333333334,261.46999999999997,6,444.57234131991015,1241,52,0.013892599519102324,0.41919999999999996,4.7677852348993236e-05,143
16169K,200,84.0,50.0,21.0,4,35.35533905932738,100,0,0.0,0.42,0.0,8
16169M,637,267.54,57.90909090909091,24.321818181818184,11,30.23393638100916,135,0,0.0,0.42,0.0,24
16169N,25,10.5,25.0,10.5,1,,25,0,0.0,0.42,,1
16169P,50,21.0,50.0,21.0,1,,50,0,0.0,0.42,0.0,2
16202A,7,3.5,3.5,1.75,2,0.7071067811865476,4,0,0.0,0.5,0.0,2
16202B,29,14.5,29.0,14.5,1,,29,0,0.0,0.5,0.0,2
16202E,15,7.5,15.0,7.5,1,,15,0,0.0,0.5,0.0,3
16206B,7,8.75,3.5,4.375,2,2.1213203435596424,5,0,0.0,1.25,0.0,2
16207A,13,38.35000000000001,2.6,7.670000000000002,5,1.9493588689617927,6,0,0.0,2.95,0.0,4
16207B,4,11.310000000000002,2.0,5.655000000000001,2,1.4142135623730951,3,0,0.0,2.7866666666666666,0.08003333333333341,3
16216,712,57.620000000000005,64.72727272727273,5.238181818181818,11,46.60491585464115,159,25,0.0351123595505618,0.09463414634146342,0.004600487804878048,38
16218,1040,71.42,86.66666666666667,5.951666666666667,12,78.88234430101734,221,0,0.0,0.0732,0.0011201632653061225,43
16219,1079,87.69,89.91666666666667,7.3075,12,81.54246894977024,219,27,0.025023169601482854,0.09085106382978722,0.0036470860314523593,41
16225,532,488.27,44.333333333333336,40.689166666666665,12,43.7520562287354,109,0,0.0,1.1866666666666668,0.3671819819819818,57
16235,1172,245.51999999999998,90.15384615384616,18.886153846153846,13,53.72281662051074,180,20,0.017064846416382253,0.21400000000000002,0.0011635443037974684,68
16236,1065,222.3,88.75,18.525000000000002,12,53.03022294366247,189,81,0.07605633802816901,0.20931506849315068,3.424657534246568e-05,59
16237,2870,585.15,220.76923076923077,45.01153846153846,13,97.34402382457269,483,162,0.05644599303135889,0.2060843373493976,0.00018154435925520274,109
16238,1139,244.14,87.61538461538461,18.779999999999998,13,47.38589533735831,163,54,0.04741000877963126,0.2362820512820513,0.005060023310023308,61
16244B,7,7.85,3.5,3.925,2,0.7071067811865476,4,0,0.0,1.225,1.0512499999999998,2
16248B,13,16.25,2.6,3.25,5,2.5099800796022267,7,0,0.0,1.25,0.0,7
16254,31,27.909999999999997,7.75,6.977499999999999,4,6.701989754294367,14,1,0.03225806451612903,1.0233333333333332,0.11829999999999996,7
16258A,364,130.79,33.09090909090909,11.889999999999999,11,35.09830350730515,124,0,0.0,0.45921052631578946,0.03880206258890469,29
16259,757,74.60000000000001,84.11111111111111,8.28888888888889,9,89.9908946011268,270,27,0.035667107001321,0.0967741935483871,0.0019625806451612905,28
17001,27,7.829999999999999,27.0,7.829999999999999,1,,27,0,0.0,0.29,,1
17003,4722,1475.85,363.2307692307692,113.52692307692307,13,164.03310328820515,750,108,0.022871664548919948,0.3202403846153846,0.005812019230769232,136
17007B,24,50.400000000000006,12.0,25.200000000000003,2,0.0,12,0,0.0,2.1,0.0,2
17011F,80,62.15,20.0,15.5375,4,21.33854103103896,48,0,0.0,1.1333333333333333,0.5606666666666668,6
17012A,270,244.89999999999998,22.5,20.40833333333333,12,27.217975343845506,94,0,0.0,1.1079999999999999,0.4174333333333333,21
17012B,386,363.9,32.166666666666664,30.325,12,33.00918145919496,126,1,0.0025906735751295338,1.0763888888888888,0.36364087301587283,33
17012C,293,283.15,24.416666666666668,23.59583333333333,12,29.30547058248009,88,0,0.0,1.1186046511627907,0.4107170542635658,37
17012D,385,362.95,38.5,36.295,10,45.321689681162106,144,2,0.005194805194805195,1.0818181818181818,0.3482663847780126,35
17012E,35,40.05,35.0,40.05,1,,35,0,0.0,1.8666666666666665,1.4008333333333332,3
17012F,365,329.05,36.5,32.905,10,41.50033467067197,144,0,0.0,1.0035714285714286,0.26077961672473854,33
17013D,187,112.98,26.714285714285715,16.14,7,15.95529468770253,54,0,0.0,0.8672727272727272,0.38510181818181816,10
17014A,85,38.85,14.166666666666666,6.4750000000000005,6,10.264826674945207,27,0,0.0,0.6071428571428571,0.2123571428571428,7
17021,894,260.09999999999997,68.76923076923077,20.007692307692306,13,33.946413276795155,117,0,0.0,0.29411764705882354,0.0003247058823529412,30
17028J,6,2.52,6.0,2.52,1,,6,0,0.0,0.42,,1
17038,416,39.17,37.81818181818182,3.560909090909091,11,17.909875386602675,55,0,0.0,0.09526315789473684,0.00012631578947368418,18
17084A,177,37.17,25.285714285714285,5.3100000000000005,7,0.7559289460184544,27,0,0.0,0.21,0.0,7
17084J,202,42.42,28.857142857142858,6.0600000000000005,7,9.352870707766172,50,0,0.0,0.21,0.0,8
17084N,816,170.01000000000002,62.76923076923077,13.07769230769231,13,27.44131266950692,106,0,0.0,0.2084375,7.812500000000002e-05,25
17084P,326,68.46,32.6,6.845999999999999,10,11.796421302901805,50,0,0.0,0.21,0.0,12
17084R,729,147.69,66.27272727272727,13.426363636363636,11,34.92016869687462,135,0,0.0,0.20259259259259257,0.00032763532763532735,16
17090A,91,92.15,11.375,11.51875,8,12.211674741819813,34,0,0.0,1.17,0.028444444444444453,9
17090D,29,36.25,4.833333333333333,6.041666666666667,6,3.2506409624359724,9,0,0.0,1.25,0.0,6
17091A,162,95.49,27.0,15.915,6,26.099808428415717,70,0,0.0,0.7976000000000001,0.19679400000000002,19
17091J,1413,607.05,108.6923076923077,46.69615384615384,13,53.68330686440093,172,27,0.01910828025477707,0.5476923076923077,0.11699128205128202,66
17096,308,61.440000000000005,44.0,8.777142857142858,7,24.372115213907882,86,0,0.0,0.20076923076923076,0.00030769230769230716,12
17107D,170,433.5,14.166666666666666,36.125,12,8.9018214002767,34,0,0.0,2.55,0.0,42
17109D,52,28.93,17.333333333333332,9.643333333333333,3,24.006943440041116,45,0,0.0,0.9039999999999999,0.51483,4
17129F,274,193.33,30.444444444444443,21.48111111111111,9,22.288512237872176,61,2,0.0072992700729927005,0.8436842105263158,0.0871578947368421,11
17136A,283,24.07,28.3,2.407,10,25.93603242166731,86,0,0.0,0.10294117647058823,0.0026095588235294114,16
17164B,27,11.34,13.5,5.67,2,4.949747468305833,17,0,0.0,0.42,0.0,9
17165D,27,28.35,13.5,14.175,2,6.363961030678928,18,0,0.0,1.05,0.0,6
17174,9,3.7800000000000002,4.5,1.8900000000000001,2,4.949747468305833,8,0,0.0,0.42,0.0,3
17191A,4,15.0,2.0,7.5,2,0.0,2,0,0.0,3.75,0.0,1
18007,324,51.84,40.5,6.48,8,19.36122782411133,69,0,0.0,0.16666666666666666,0.0015058823529411761,15
18094C,134,153.1,16.75,19.1375,8,13.91556168980818,38,0,0.0,1.1966666666666665,0.019809523809523836,13
18097A,5,12.75,1.6666666666666667,4.25,3,0.5773502691896257,2,0,0.0,2.55,0.0,4
18097C,366,870.3,30.5,72.52499999999999,12,20.611117917720566,63,0,0.0,2.503846153846154,0.02606334841628959,43
18098C,172,487.00000000000006,21.5,60.87500000000001,8,31.726509870633873,90,0,0.0,2.918421052631579,0.011948790896159335,24
20615,231,233.34,17.76923076923077,17.94923076923077,13,22.461648225934823,70,20,0.08658008658008658,1.4831428571428573,0.8691574789915966,28
20616,113,107.03,9.416666666666666,8.919166666666667,12,10.290846182482523,29,0,0.0,1.3172,0.7483960000000002,19
20617,66,137.74,6.6,13.774000000000001,10,3.9496835316263,12,0,0.0,2.224615384615385,0.3269698461538457,20
20618,68,137.88,5.666666666666667,11.49,12,4.960449637488582,19,1,0.014705882352941176,2.0707142857142857,0.011562433862433849,20
20619,121,190.48,11.0,17.316363636363636,11,10.733126291998989,33,0,0.0,2.309090909090909,0.9287134199134196,16
20622,141,222.33,11.75,18.5275,12,10.838693312723297,35,0,0.0,1.99,0.11593548387096776,24
20652,147,191.01,12.25,15.917499999999999,12,12.218651911952257,42,0,0.0,1.4333333333333333,0.1941041666666667,26
20653,33,43.67,8.25,10.9175,4,5.5,13,0,0.0,1.6533333333333333,0.39042666666666664,5
20654,105,126.69,8.076923076923077,9.745384615384616,13,5.880214543443383,17,0,0.0,1.2341666666666666,0.00287753623188406,21
20655,89,109.11,6.846153846153846,8.393076923076922,13,5.382783571197988,19,1,0.011235955056179775,1.31,0.08721212121212117,20
20657,61,76.39,6.1,7.639,10,5.606543795720616,17,0,0.0,1.3513636363636363,0.13039329004329003,20
20658,314,392.5,31.4,39.25,10,20.017769883558735,65,20,0.06369426751592357,1.25,0.0,44
20659,94,139.56,7.833333333333333,11.63,12,5.166911040164103,15,0,0.0,1.5499999999999998,0.2998333333333331,18
20661,9,35.07,3.0,11.69,3,2.6457513110645907,6,0,0.0,4.654,2.4196799999999996,3
20662,11,40.97,3.6666666666666665,13.656666666666666,3,3.0550504633038935,7,0,0.0,4.086,2.41968,4
20663,3,11.690000000000001,1.0,3.896666666666667,3,0.0,1,1,0.3333333333333333,3.896666666666667,2.6885333333333334,3
20664,6,17.700000000000003,6.0,17.700000000000003,1,,6,0,0.0,2.9500000000000006,0.0,3
20665,340,998.2,30.90909090909091,90.74545454545455,11,11.157549421396666,53,6,0.01764705882352941,2.944520547945206,0.0021917808219178107,58
20666,4,11.8,1.3333333333333333,3.9333333333333336,3,0.5773502691896258,2,0,0.0,2.95,0.0,4
20667,1,2.95,1.0,2.95,1,,1,0,0.0,2.95,,1
20668,4242,501.48,326.3076923076923,38.575384615384614,13,389.02600269034815,1367,123,0.028995756718528994,0.11847826086956523,2.8272748871465856e-05,111
20669,195,243.75,19.5,24.375,10,12.131226923385228,44,0,0.0,1.25,0.0,36
20670,8,29.28,1.3333333333333333,4.88,6,0.5163977794943223,2,0,0.0,3.896666666666667,2.1508266666666667,5
20671,10,12.5,10.0,12.5,1,,10,0,0.0,1.25,0.0,2
20674,1135,1394.31,87.3076923076923,107.25461538461538,13,38.50624325003374,174,28,0.024669603524229075,1.2517333333333334,0.011034559284116325,101
20675,1917,2315.38,147.46153846153845,178.10615384615386,13,65.28733336134887,260,41,0.02138758476786646,1.2418666666666667,0.009048285714285714,149
20676,2914,3497.36,224.15384615384616,269.0276923076923,13,82.94159205312911,342,43,0.014756348661633494,1.2437123745819398,0.018212682094677968,185
20677,2090,2508.11,160.76923076923077,192.93153846153848,13,41.0043775023957,228,35,0.01674641148325359,1.2584234234234235,0.03664682442623618,133
20678,4,6.6,4.0,6.6,1,,4,0,0.0,1.65,,1
20679,1313,7468.700000000001,101.0,574.5153846153846,13,46.05612518076902,187,33,0.02513328255902513,5.871747211895911,0.077687607501526,140
20681,125,406.25,31.25,101.5625,4,19.06786126793808,52,0,0.0,3.25,0.0,29
20682,1041,3357.41,80.07692307692308,258.2623076923077,13,44.97121586537612,176,8,0.007684918347742555,3.312950819672131,0.25259564042514876,138
20684,77,250.25,9.625,31.28125,8,7.6333385319175475,23,2,0.025974025974025976,3.25,0.0,30
20685,1818,12109.89,139.84615384615384,931.53,13,67.41395275194168,251,10,0.005500550055005501,6.7502962962962965,0.20252379215035962,58
20686,252,822.38,19.384615384615383,63.26,13,17.4620467564108,59,0,0.0,3.3028125,0.17850624999999984,51
20694,36,135.0,6.0,22.5,6,4.6475800154489,12,0,0.0,3.75,0.0,9
20695,5,21.25,1.25,5.3125,4,0.5,2,0,0.0,4.25,0.0,4
20696,32,120.0,5.333333333333333,20.0,6,4.589843860815601,11,0,0.0,3.75,0.0,10
20697,17,43.349999999999994,2.8333333333333335,7.224999999999999,6,1.6020819787597222,5,0,0.0,2.55,0.0,8
20698,16,40.8,4.0,10.2,4,1.1547005383792515,5,0,0.0,2.55,0.0,7
20699,29,73.95,3.625,9.24375,8,2.615202805574687,7,0,0.0,2.55,0.0,11
20700,10,37.5,3.3333333333333335,12.5,3,2.0816659994661326,5,0,0.0,3.75,0.0,4
20701,6,22.5,3.0,11.25,2,2.8284271247461903,5,0,0.0,3.75,0.0,3
20702,127,539.75,12.7,53.975,10,6.992853494818836,23,9,0.07086614173228346,4.25,0.0,31
20703,1,4.25,1.0,4.25,1,,1,0,0.0,4.25,,1
20704,211,626.45,16.23076923076923,48.18846153846154,13,25.26246836103526,80,2,0.009478672985781991,4.77051282051282,6.309041835357624,38
20705,143,428.85,11.0,32.98846153846154,13,18.565200420859092,56,0,0.0,4.807142857142857,6.34920634920635,27
20707,155,195.51999999999998,11.923076923076923,15.04,13,9.429223531673031,31,0,0.0,1.5438709677419356,0.3047978494623656,20
20711,2227,4355.37,185.58333333333334,362.9475,12,75.675693627879,325,66,0.029636281993713515,2.01331983805668,0.011893811921924879,152
20712,4721,9340.65,363.15384615384613,718.5115384615384,13,128.3795454591879,560,81,0.017157381910612158,2.0361971830985914,0.03647724329850071,248
20713,4290,8311.48,390.0,755.5890909090908,11,181.77898668438,740,66,0.015384615384615385,2.018870192307692,0.06760715419369784,207
20716,241,296.12,34.42857142857143,42.30285714285714,7,21.345234775449242,66,4,0.016597510373443983,1.2445714285714287,0.0010314285714285699,31
20717,1627,2013.98,125.15384615384616,154.92153846153846,13,61.66420646513145,211,25,0.015365703749231715,1.2760425531914894,0.03778555373704313,150
20718,3281,4053.0,252.3846153846154,311.7692307692308,13,75.28893064005543,363,33,0.010057909174032308,1.2659948320413437,0.027416818626072755,236
20719,5850,4815.9800000000005,450.0,370.46000000000004,13,145.82180906846548,668,96,0.01641025641025641,0.8454089219330855,0.007185772881144736,238
20723,4821,4028.3,370.84615384615387,309.8692307692308,13,152.42913443840396,559,76,0.01576436423978428,0.8602217741935484,0.014337122434017588,230
20724,7980,6614.0,613.8461538461538,508.7692307692308,13,226.24464861216282,925,163,0.020426065162907268,0.8493048128342245,0.007691617808130918,335
20725,12719,20715.95,978.3846153846154,1593.5346153846153,13,336.4764822048089,1468,236,0.018554917839452786,1.6590490797546014,0.0491152884565584,532
20726,7036,11502.56,541.2307692307693,884.8123076923076,13,200.26780147515552,817,169,0.024019329164297897,1.6593862815884475,0.03807082771519288,372
20727,8867,14456.55,682.0769230769231,1112.0423076923075,13,282.06809506998525,1070,135,0.015224991541671366,1.6436920222634508,0.0012229394163337677,458
20728,8395,13715.43,645.7692307692307,1055.033076923077,13,301.6944242789807,1152,95,0.011316259678379988,1.6569600818833161,0.03260724533114084,479
20731,66,82.5,11.0,13.75,6,10.825894882179487,27,0,0.0,1.25,0.0,8
20733,297,241.52,22.846153846153847,18.57846153846154,13,23.849689564178654,88,0,0.0,0.8387234042553192,0.0010331174838112852,30
20735,85,68.74,7.7272727272727275,6.249090909090909,11,8.556762344378965,32,0,0.0,0.8456666666666667,0.0005633333333333331,11
20749,652,4140.2,54.333333333333336,345.01666666666665,12,28.665257188746274,133,12,0.018404907975460124,6.35,0.0,20
20750,733,4654.549999999999,56.38461538461539,358.04230769230765,13,26.088114987283838,89,0,0.0,6.35,0.0,23
20751,851,1764.96,65.46153846153847,135.76615384615386,13,25.84445583555393,99,0,0.0,2.0953409090909094,0.001899311688311689,127
20752,360,756.0,30.0,63.0,12,15.456684343968824,52,0,0.0,2.1,0.0,91
20754,1085,2212.08,90.41666666666667,184.34,12,46.64850837200835,168,8,0.007373271889400922,2.089834710743802,0.004081300366928433,153
20755,285,242.24999999999997,25.90909090909091,22.02272727272727,11,19.88192417978977,77,8,0.028070175438596492,0.85,0.0,44
20756,63,53.55,7.875,6.69375,8,5.409977554746151,16,0,0.0,0.85,0.0,20
20757,149,127.42999999999999,16.555555555555557,14.158888888888889,9,16.904963110807955,54,0,0.0,0.8751612903225806,0.0196258064516129,30
20758,158,134.29999999999998,12.153846153846153,10.33076923076923,13,8.620190967008348,37,0,0.0,0.85,0.0,35
20759,64,54.4,5.818181818181818,4.945454545454545,11,6.925578413651554,26,0,0.0,0.85,0.0,17
20760,69,58.65,8.625,7.33125,8,5.125217765408329,18,0,0.0,0.85,0.0,18
20761,107,408.67,8.23076923076923,31.436153846153847,13,4.206222496766866,15,8,0.07476635514018691,3.821346153846154,0.2646942307692308,46
20762,101,382.46,8.416666666666666,31.871666666666666,12,4.358029857908759,18,1,0.009900990099009901,3.8227450980392157,0.2698843137254903,42
20763,71,189.96,5.916666666666667,15.83,12,7.204270618981157,24,0,0.0,3.6984,1.091564,24
20764,126,483.63,9.692307692307692,37.20230769230769,13,4.714951667914448,21,5,0.03968253968253968,3.9324590163934428,0.6543588524590166,45
20765,94,367.34,7.230769230769231,28.256923076923076,13,3.244324432858253,12,1,0.010638297872340425,3.968235294117647,0.7772668235294117,45
20766,111,414.58,8.538461538461538,31.89076923076923,13,7.054731091206153,26,1,0.009009009009009009,3.887916666666667,0.5798976950354611,41
20767,205,515.42,15.76923076923077,39.6476923076923,13,10.756035872583714,47,2,0.00975609756097561,2.625344827586207,0.20156917725347856,50
20768,121,298.81,9.307692307692308,22.985384615384614,13,8.229870547631307,33,2,0.01652892561983471,2.6044444444444443,0.16868253968253974,31
20769,66,173.12,7.333333333333333,19.235555555555557,9,4.55521678957215,15,0,0.0,2.6426923076923075,0.22338846153846162,21
20770,98,237.75,8.166666666666666,19.8125,12,8.788766935265961,34,27,0.2755102040816326,2.533928571428571,0.007232142857142849,24
20771,70,180.91,7.0,18.091,10,6.4635731432217725,21,3,0.04285714285714286,2.639259259259259,0.21511481481481487,21
20772,192,479.86,17.454545454545453,43.623636363636365,11,21.15827798457916,79,18,0.09375,2.592608695652174,0.1317130434782609,40
20773,56,92.39999999999999,5.6,9.239999999999998,10,4.857983120596447,17,1,0.017857142857142856,1.6499999999999997,0.0,21
20774,52,85.8,5.777777777777778,9.533333333333333,9,4.055175020198813,15,0,0.0,1.65,0.0,21
20775,63,103.94999999999999,6.3,10.395,10,6.1472667819844045,21,3,0.047619047619047616,1.65,0.0,19
20777,95,156.75,8.636363636363637,14.25,11,9.500239231437568,33,5,0.05263157894736842,1.65,0.0,32
20778,15,24.75,3.75,6.1875,4,1.2583057392117916,5,0,0.0,1.65,0.0,8
20780,35,182.07,7.0,36.414,5,10.392304845413264,25,0,0.0,5.440588235294118,0.04150588235294122,12
20781,29,152.13,2.9,15.213,10,2.923088169119167,9,0,0.0,5.136,1.187204210526316,19
20782,38,205.08,4.222222222222222,22.78666666666667,9,4.969350505291858,17,0,0.0,5.26875,0.7832250000000002,11
20793,8,54.0,2.0,13.5,4,2.0,5,0,0.0,6.75,0.0,4
20794,85,213.15,9.444444444444445,23.683333333333334,9,8.338331834232658,28,0,0.0,2.5218749999999996,0.012656249999999985,15
20795,44,92.4,7.333333333333333,15.4,6,3.9327683210006996,12,0,0.0,2.1,0.0,6
20796,61,100.65,10.166666666666666,16.775000000000002,6,9.474527252938094,28,16,0.26229508196721313,1.65,0.0,8
20798,36,75.60000000000001,18.0,37.800000000000004,2,11.313708498984761,26,0,0.0,2.1,0.0,5
20801,739,625.21,123.16666666666667,104.20166666666667,6,100.23455824548073,237,0,0.0,0.9405454545454546,0.2641163636363636,47
20802,495,601.29,41.25,50.107499999999995,12,42.0370507572027,165,0,0.0,1.4686363636363635,0.18023530655391112,40
20803,539,233.07,89.83333333333333,38.845,6,117.3906583449751,304,0,0.0,0.5196774193548387,0.14162322580645156,26
20816,8,15.6,8.0,15.6,1,,8,0,0.0,1.95,0.0,1
20818,12,20.0,6.0,10.0,2,5.656854249492381,10,0,0.0,2.5,3.125,2
20819,48,183.71,6.0,22.96375,8,7.406560798180412,24,2,0.041666666666666664,3.981875,0.8602562500000003,14
20820,5,24.75,2.5,12.375,2,0.7071067811865476,3,0,0.0,4.95,0.0,2
20821,16,79.2,3.2,15.84,5,2.588435821108957,6,0,0.0,4.95,0.0,5
20823,118,93.22,39.333333333333336,31.073333333333334,3,27.300793639257694,58,0,0.0,0.79,0.0,6
20826,159,82.77,39.75,20.6925,4,42.098099719583544,93,0,0.0,0.8225,0.6413357142857145,7
20827,43,16.77,43.0,16.77,1,,43,0,0.0,0.39,0.0,1
20828,926,2312.7,71.23076923076923,177.89999999999998,13,30.17767896463059,119,0,0.0,2.5402173913043478,0.004330007127583752,116
20829,987,2058.21,75.92307692307692,158.32384615384615,13,37.29044010302001,150,0,0.0,2.153095238095238,0.123564014827488,90
20830,75,157.5,7.5,15.75,10,4.06201920231798,13,0,0.0,2.1,0.0,19
20831,148,236.85000000000002,14.8,23.685000000000002,10,16.164432835360756,48,0,0.0,1.8645833333333333,0.24793025362318843,19
20832,809,424.44,73.54545454545455,38.585454545454546,11,58.40267739815297,183,24,0.029666254635352288,0.5778571428571428,0.04893350649350649,47
20835,66,54.78,16.5,13.695,4,5.744562646538029,24,0,0.0,0.83,0.0,7
20836,170,141.10000000000002,28.333333333333332,23.51666666666667,6,11.272385136547928,42,0,0.0,0.83,0.0,14
20837,141,142.47000000000003,23.5,23.745000000000005,6,15.921683328090658,48,0,0.0,0.9713333333333334,0.2996266666666667,14
20838,330,282.94,47.142857142857146,40.42,7,16.066824737416447,66,0,0.0,0.9239393939393938,0.1804121212121212,30
20839,452,411.84,45.2,41.184,10,34.76844035104888,109,0,0.0,0.9855102040816326,0.2890377551020409,44
20840,464,399.28,51.55555555555556,44.364444444444445,9,62.66999104657489,210,0,0.0,0.9609090909090909,0.2643247357293868,35
20845,19,120.64999999999999,3.8,24.13,5,2.2803508501982757,6,0,0.0,6.35,0.0,7
20846,573,706.84,44.07692307692308,54.37230769230769,13,26.376951866043765,106,6,0.010471204188481676,1.2601587301587303,0.025256426011264727,50
20847,46,172.5,5.111111111111111,19.166666666666668,9,4.594682917363407,16,0,0.0,3.75,0.0,12
20848,21,61.95,2.625,7.74375,8,1.1877349391654208,4,0,0.0,2.95,0.0,7
20851,9,53.55,2.25,13.3875,4,1.2583057392117916,4,0,0.0,5.95,0.0,5
20854,102,162.89999999999998,34.0,54.29999999999999,3,20.223748416156685,49,0,0.0,1.638235294117647,0.002352941176470589,16
20856,140,231.0,15.555555555555555,25.666666666666668,9,8.427797919847022,33,0,0.0,1.65,0.0,26
20857,32,52.8,10.666666666666666,17.599999999999998,3,4.509249752822894,15,0,0.0,1.65,0.0,7
20861,2,4.2,2.0,4.2,1,,2,0,0.0,2.1,0.0,2
20866,282,347.51,28.2,34.751,10,26.088737459337167,70,0,0.0,1.305135135135135,0.0802201201201201,34
20867,178,220.22,16.181818181818183,20.02,11,18.438102840683918,65,12,0.06741573033707865,1.2424,0.001443999999999998,23
20868,246,106.61,27.333333333333332,11.845555555555556,9,45.69737410398983,146,27,0.10975609756097561,0.567741935483871,0.20879806451612903,29
20869,106,41.34,17.666666666666668,6.890000000000001,6,16.765042996266565,46,0,0.0,0.39,0.0,17
20878,24,30.0,24.0,30.0,1,,24,0,0.0,1.25,0.0,7
20886,379,730.9499999999999,31.583333333333332,60.912499999999994,12,16.881718640068144,60,0,0.0,1.946153846153846,0.0011538461538461585,56
20893,136,310.35,13.6,31.035000000000004,10,16.814015317915917,54,0,0.0,2.478947368421052,0.028421052631578902,16
20894,25,73.75,5.0,14.75,5,4.743416490252569,13,0,0.0,2.95,0.0,9
20897,61,169.15,8.714285714285714,24.164285714285715,7,8.260635280539582,27,0,0.0,2.9000000000000004,0.020000000000000035,8
20898,25,73.75000000000001,6.25,18.437500000000004,4,4.991659710623979,13,0,0.0,2.95,0.0,4
20901,3,19.049999999999997,1.5,9.524999999999999,2,0.7071067811865476,2,0,0.0,6.35,0.0,2
20902,33,190.34999999999997,6.6,38.06999999999999,5,10.853570840972107,26,0,0.0,6.216666666666666,0.10666666666666666,6
20903,20,127.0,2.5,15.875,8,0.9258200997725515,4,0,0.0,6.35,0.0,10
20906,3,8.850000000000001,1.5,4.425000000000001,2,0.7071067811865476,2,0,0.0,2.95,0.0,2
20910,8,50.8,8.0,50.8,1,,8,0,0.0,6.349999999999999,0.0,2
20914,4923,14002.53,378.6923076923077,1077.1176923076923,13,135.43718385004456,694,130,0.02640666260410319,2.9525322997416024,0.1061131134443811,356
20931,242,732.5000000000001,20.166666666666668,61.04166666666668,12,22.327452866709883,82,0,0.0,3.114864864864865,0.46178678678678664,35
20932,180,489.70000000000005,18.0,48.970000000000006,10,21.437246921084704,65,0,0.0,3.0090909090909093,0.653008658008658,22
20933,23,71.05000000000001,3.8333333333333335,11.841666666666669,6,4.262237284181474,12,1,0.043478260869565216,3.127777777777778,0.12444444444444437,9
20934,54,294.3,5.4,29.43,10,3.596294389136314,13,0,0.0,5.45,0.0,20
20935,6,17.7,3.0,8.85,2,2.8284271247461903,5,0,0.0,2.95,0.0,4
20936,92,272.98,9.2,27.298000000000002,10,10.496560283148845,32,0,0.0,3.0876923076923077,0.7475304615384616,21
20941,61,76.25,7.625,9.53125,8,6.209152231067574,20,0,0.0,1.25,0.0,13
20956,662,831.13,60.18181818181818,75.55727272727273,11,65.45810596376614,206,0,0.0,1.2903333333333333,0.047976158192090404,51
20961,878,1116.86,67.53846153846153,85.91230769230768,13,58.61116984644847,207,0,0.0,1.316171875,0.07628523006889758,82
20963,952,1212.99,79.33333333333333,101.0825,12,60.99528049303686,205,0,0.0,1.32744,0.08841274838709676,83
20964,2,5.1,2.0,5.1,1,,2,0,0.0,2.55,,1
20966,344,424.87,86.0,106.2175,4,101.26532805786324,233,0,0.0,1.2453658536585366,0.000880487804878048,28
20967,256,960.0,42.666666666666664,160.0,6,32.8552380400244,105,0,0.0,3.75,0.0,63
20969,1226,4530.09,94.3076923076923,348.46846153846155,13,82.68956465337148,319,0,0.0,3.8198054474708174,0.32377925887645925,157
20970,1044,3857.84,80.3076923076923,296.7569230769231,13,63.819255996113235,219,0,0.0,3.781038961038961,0.18476239412761145,141
20971,4364,5383.86,335.6923076923077,414.1430769230769,13,173.2514476203997,728,73,0.016727772685609533,1.2698047722342733,0.036344527020654445,277
20972,5351,6695.38,411.61538461538464,515.0292307692308,13,171.4514209436298,779,37,0.006914595402728462,1.2748613678373384,0.03542984185664411,312
20973,2942,1933.6,245.16666666666666,161.13333333333333,12,243.09737418025173,916,138,0.0469068660774983,0.6657342657342658,0.009962090541037893,191
20974,3889,2515.45,299.15384615384613,193.49615384615385,13,164.29944519780855,693,34,0.008742607354075598,0.6483277591973244,0.00016497946174047782,195
20975,4251,2755.0499999999997,425.1,275.505,10,235.0255068899733,832,38,0.008939073159256645,0.6490353697749196,9.584068042734116e-05,231
20977,1479,1843.62,134.45454545454547,167.60181818181817,11,75.83582746481196,301,0,0.0,1.2486713286713287,0.000252447552447553,111
20978,1511,1883.62,116.23076923076923,144.89384615384614,13,70.46648594208202,261,4,0.0026472534745201853,1.2489560439560439,0.00019835164835164547,133
20979,2661,3290.34,204.69230769230768,253.10307692307694,13,124.00966670343662,446,70,0.026305900037579856,1.244217391304348,0.0010699088665274325,164
20980,27,33.75,5.4,6.75,5,3.2093613071762426,11,0,0.0,1.25,0.0,10
20981,1819,1546.1499999999999,139.92307692307693,118.93461538461537,13,99.90116911099484,360,12,0.006597031335898846,0.85,0.0,157
20982,1858,1575.79,142.92307692307693,121.21461538461539,13,135.05150964135964,548,28,0.015069967707212056,0.8494036697247705,7.75229357798166e-05,158
20983,2310,1959.9899999999998,177.69230769230768,150.7684615384615,13,115.65637654663679,491,28,0.012121212121212121,0.8494650205761316,6.954732510288079e-05,185
20984,2603,819.2699999999999,236.63636363636363,74.4790909090909,11,274.6420480288016,638,0,0.0,0.3644508670520231,0.036359725769592684,135
20985,548,662.98,42.15384615384615,50.99846153846154,13,32.064638242790544,129,0,0.0,1.2791304347826087,0.049392642140468235,65
20986,290,359.5,22.307692307692307,27.653846153846153,13,37.180605641885876,131,1,0.0034482758620689655,1.3231147540983605,0.09337513661202188,40
20992,2822,1230.09,217.07692307692307,94.62230769230769,13,202.46376693886967,697,27,0.00956768249468462,0.45910852713178296,0.026969241094320244,162
20996,2505,543.8100000000001,192.69230769230768,41.831538461538464,13,161.95698225937684,437,46,0.018363273453093812,0.2532972972972973,0.01773961222091656,124
20997,15,74.25,5.0,24.75,3,4.0,9,0,0.0,4.95,0.0,4
20998,119,348.25000000000006,11.9,34.825,10,11.100050049937215,35,6,0.05042016806722689,2.935714285714286,0.005714285714285734,27
21000,45,191.25,5.0,21.25,9,2.958039891549808,10,0,0.0,4.25,0.0,16
21001,24,142.8,2.6666666666666665,15.866666666666667,9,2.23606797749979,8,0,0.0,5.95,0.0,12
21002,13,55.25,3.25,13.8125,4,1.8929694486000912,6,0,0.0,4.25,0.0,5
21003,13,82.55,2.6,16.509999999999998,5,3.0495901363953815,8,0,0.0,6.349999999999999,0.0,6
21011,18,26.099999999999998,18.0,26.099999999999998,1,,18,0,0.0,1.45,0.0,2
21012,488,997.74,44.36363636363637,90.70363636363636,11,34.12117444424423,124,12,0.02459016393442623,2.085,0.005998148148148158,66
21014,1116,403.15999999999997,223.2,80.63199999999999,5,172.0209289592403,463,0,0.0,0.41,0.053565217391304334,64
21015,1117,339.04999999999995,186.16666666666666,56.508333333333326,6,206.40195412511645,539,0,0.0,0.3234328358208955,0.017871370420624155,59
21018,22,18.7,22.0,18.7,1,,22,0,0.0,0.85,0.0,4
21025,100,127.25,11.11111111111111,14.13888888888889,9,10.740628990478681,32,0,0.0,1.465,0.24591999999999992,14
21026,140,173.62,17.5,21.7025,8,12.750350135248388,45,10,0.07142857142857142,1.3513636363636363,0.13039329004329003,20
21027,99,119.95,8.25,9.995833333333334,12,5.462683323322805,20,0,0.0,1.2394444444444443,0.002005555555555551,16
21028,116,148.29,10.545454545454545,13.48090909090909,11,11.613471801004524,32,0,0.0,1.52,0.29308999999999996,15
21030,111,141.17000000000002,13.875,17.646250000000002,8,9.264949309860562,32,0,0.0,1.305,0.06654999999999997,19
21031,39,49.96,6.5,8.326666666666666,6,4.679743582719036,12,0,0.0,1.371,0.14640999999999996,9
21032,64,83.63,10.666666666666666,13.938333333333333,6,9.330952077181978,22,10,0.15625,1.492,0.2509885714285714,13
21033,666,1481.26,66.6,148.126,10,46.387737843337675,144,32,0.04804804804804805,2.3205555555555555,0.1739267912772586,75
21034,1829,1737.55,140.69230769230768,133.65769230769232,13,77.18633797007583,347,14,0.007654455986878075,0.95,0.0,480
21035,1239,3848.01,95.3076923076923,296.00076923076927,13,33.81662464770993,160,8,0.00645682001614205,3.2909049773755656,0.44375190456602226,151
21038,77,86.75000000000001,15.4,17.35,5,21.99545407578575,54,0,0.0,1.1656521739130437,0.7007620553359684,20
21039,416,1077.81,32.0,82.90846153846154,13,21.594752448994022,71,7,0.016826923076923076,2.7124675324675325,0.5284267259056739,57
21040,22,29.7,7.333333333333333,9.9,3,6.6583281184793925,15,0,0.0,1.67,0.8850285714285713,8
21041,548,1616.6000000000001,45.666666666666664,134.71666666666667,12,30.496895023274188,109,1,0.0018248175182481751,2.95,0.0,100
21042,302,1796.9,23.23076923076923,138.22307692307692,13,15.80165522001755,56,5,0.016556291390728478,5.95,0.0,71
21043,408,863.6,58.285714285714285,123.37142857142858,7,68.49991310387259,154,0,0.0,2.300877192982456,1.3032581453634091,52
21051,108,228.83,13.5,28.60375,8,8.602325267042628,30,24,0.2222222222222222,2.1845833333333333,0.17170416666666663,23
21058,749,631.1899999999999,57.61538461538461,48.553076923076915,13,42.5471081303584,139,17,0.022696929238985315,0.8646067415730337,0.013995582226762004,68
21059,573,487.04999999999995,44.07692307692308,37.465384615384615,13,22.058488685241407,86,17,0.029668411867364748,0.8500000000000001,0.0,67
21060,356,302.59999999999997,27.384615384615383,23.276923076923076,13,10.935709560414614,44,5,0.014044943820224719,0.85,0.0,47
21061,391,332.34999999999997,30.076923076923077,25.565384615384612,13,18.117494024935944,59,5,0.01278772378516624,0.8499999999999999,0.0,49
21062,491,417.34999999999997,37.76923076923077,32.10384615384615,13,18.276368376284196,70,0,0.0,0.85,0.0,55
21063,483,412.10999999999996,37.15384615384615,31.70076923076923,13,14.83153259020655,63,5,0.010351966873706004,0.8692592592592592,0.014834444444444437,64
21064,171,740.1500000000001,13.153846153846153,56.93461538461539,13,18.04090793098726,60,0,0.0,5.026785714285714,3.5501785714285723,40
21065,326,628.4,25.076923076923077,48.33846153846154,13,39.96135954156536,125,0,0.0,4.271428571428571,5.195383275261325,31
21066,267,316.47,20.53846153846154,24.343846153846155,13,15.745980358043681,64,6,0.02247191011235955,1.234390243902439,0.0057152439024390255,32
21067,201,246.88,20.1,24.688,10,19.46192864714766,58,43,0.21393034825870647,1.2454761904761906,0.0008595238095238088,30
21068,857,1020.34,65.92307692307692,78.48769230769231,13,67.48884048302793,206,31,0.03617269544924154,1.2177777777777778,0.0060606222222222535,81
21069,470,566.98,52.22222222222222,62.99777777777778,9,37.275252439714535,98,9,0.019148936170212766,1.2350980392156863,0.002661490196078432,35
21070,489,588.26,37.61538461538461,45.25076923076923,13,49.06549782610054,144,0,0.0,1.3275641025641025,0.11249658674658668,51
21071,803,976.46,73.0,88.7690909090909,11,60.516113556638786,223,6,0.007471980074719801,1.2314678899082567,0.018892269792728542,72
21078,1721,1425.77,156.45454545454547,129.61545454545455,11,98.95086016439032,343,39,0.02266124346310285,0.8504950495049504,0.0071649278360671875,148
21080,7803,6415.849999999999,600.2307692307693,493.526923076923,13,205.8381863852258,1017,128,0.01640394719979495,0.8390080428954423,0.0014833100023390938,427
21084,1722,373.22,143.5,31.10166666666667,12,127.243145912926,395,3,0.0017421602787456446,0.25754716981132075,0.031150116801437547,90
21086,3744,2409.7200000000003,288.0,185.36307692307693,13,116.9038066103923,538,106,0.028311965811965812,0.6589041095890411,0.013666148849032615,167
21087,126,62.12,42.0,20.706666666666667,3,25.514701644346147,67,0,0.0,0.466,0.05642666666666666,10
21088,1111,257.07,92.58333333333333,21.4225,12,85.86613083307307,242,24,0.021602160216021602,0.257027027027027,0.029856793780081447,67
21089,231,45.73,33.0,6.532857142857142,7,35.7118094379623,99,0,0.0,0.22833333333333336,0.016866666666666672,23
21090,1274,552.16,98.0,42.473846153846154,13,98.6272443766596,287,3,0.002354788069073783,0.4594017094017094,0.026734983790156194,98
21094,4230,3413.2,325.38461538461536,262.55384615384617,13,144.78060324823582,651,100,0.02364066193853428,0.8289634146341462,0.0038827142537480384,179
21095,95,80.75,15.833333333333334,13.458333333333334,6,13.496913227351898,36,0,0.0,0.85,0.0,9
21096,750,325.97999999999996,75.0,32.598,10,71.41739595115776,209,12,0.016,0.4482857142857143,0.023370931677018637,63
21098,1135,1502.23,141.875,187.77875,8,101.91654499077735,285,0,0.0,1.3046285714285715,0.07418017733990138,115
21100,43,70.95,14.333333333333334,23.650000000000002,3,12.503332889007368,27,0,0.0,1.65,0.0,7
21106,193,530.95,19.3,53.095000000000006,10,25.051280739049385,87,0,0.0,2.9042857142857144,0.01667226890756306,30
21107,492,1330.2,41.0,110.85000000000001,12,36.88803698663393,120,6,0.012195121951219513,2.8674603174603175,0.026625704045058898,48
21108,2897,3513.38,222.84615384615384,270.26,13,397.34385741526324,1432,27,0.009319986192613048,1.3961139896373056,0.6846072161053538,160
21109,656,1778.4,54.666666666666664,148.20000000000002,12,71.99915824423775,201,0,0.0,4.172222222222222,5.628794992175274,54
21110,654,2018.3,59.45454545454545,183.48181818181817,11,87.58466034228098,250,0,0.0,5.461392405063291,4.398714703018499,62
21111,668,1101.3,60.72727272727273,100.11818181818181,11,76.41608588391702,200,0,0.0,2.1598039215686278,0.702101960784314,46
21112,559,1044.93,55.9,104.49300000000001,10,71.16873533293175,225,0,0.0,2.5917391304347825,1.316281352657005,37
21114,1291,1609.95,99.3076923076923,123.8423076923077,13,40.407063358165104,157,5,0.0038729666924864447,1.248515625,0.0002820312499999996,104
21115,424,2041.8,32.61538461538461,157.06153846153845,13,39.39445490069735,155,7,0.01650943396226415,5.7453125,3.7300565944881887,103
21116,458,2203.4,38.166666666666664,183.61666666666667,12,28.663671443240844,121,11,0.024017467248908297,4.9200854700854695,0.020218096080165063,80
21117,109,141.75,13.625,17.71875,8,11.746580049407694,41,0,0.0,1.6428571428571428,2.1607142857142856,11
21121,4653,5785.47,357.9230769230769,445.03615384615387,13,114.55090683364429,486,154,0.03309692671394799,1.2466470588235294,0.0006276626756897434,238
21122,4081,5081.94,313.9230769230769,390.9184615384615,13,107.37121086714502,528,126,0.030874785591766724,1.2514516129032258,0.005203387618749341,214
21123,907,1130.81,69.76923076923077,86.98538461538462,13,40.36944770110569,144,76,0.08379272326350606,1.2374,0.00518509090909092,66
21124,3099,3858.36,238.3846153846154,296.79692307692306,13,123.0626794642595,525,153,0.049370764762826716,1.2475,0.0004708149779735681,180
21125,553,691.25,42.53846153846154,53.17307692307692,13,30.639341226097383,110,3,0.0054249547920434,1.25,0.0,59
21126,487,604.19,37.46153846153846,46.47615384615385,13,20.67452290709262,93,0,0.0,1.2472058823529413,0.0005308823529411752,57
21128,46,271.7,4.6,27.169999999999998,10,4.273952113286562,13,0,0.0,6.55,1.6857142857142857,11
21129,40,270.0,4.444444444444445,30.0,9,3.9405301391789633,11,1,0.025,6.883333333333334,0.06666666666666664,12
21131,90,279.0,11.25,34.875,8,11.145146285010606,30,0,0.0,3.8676470588235294,0.9852941176470589,11
21132,35,142.75,3.5,14.275,10,2.0138409955990952,7,0,0.0,3.875,1.05,13
21135,1549,2507.92,119.15384615384616,192.91692307692307,13,52.32247151694027,238,39,0.025177533892834086,1.6656287425149698,0.032825957723107986,122
21136,3919,6621.59,301.46153846153845,509.3530769230769,13,138.29474284091893,553,40,0.010206685378923195,1.6926536312849163,0.006043638796300639,259
21137,4131,14400.5,317.7692307692308,1107.7307692307693,13,152.13653618058234,693,57,0.013798111837327523,3.659681528662421,0.2174024541625122,140
21143,238,464.09999999999997,39.666666666666664,77.35,6,73.24115418715537,189,0,0.0,1.95,0.0,26
21145,122,152.5,24.4,30.5,5,11.696153213770756,36,0,0.0,1.25,0.0,8
21147,89,200.94,14.833333333333334,33.49,6,16.191561588267717,39,0,0.0,2.2800000000000002,0.03394285714285713,11
21154,1891,2361.7200000000003,145.46153846153845,181.67076923076925,13,53.32544012103945,285,17,0.008989952406134321,1.2948689138576779,0.0594747007969361,175
21155,1939,4775.6,149.15384615384616,367.3538461538462,13,56.14986814149871,269,36,0.018566271273852502,2.520891364902507,0.10855115855651175,205
21156,2255,4289.7699999999995,173.46153846153845,329.98230769230764,13,86.08872882537662,366,54,0.02394678492239468,2.000853242320819,0.16724755715554734,202
21157,48,100.80000000000001,8.0,16.8,6,7.127411872482185,19,0,0.0,2.1,0.0,12
21158,1125,569.13,86.53846153846153,43.77923076923077,13,90.69694535890333,226,7,0.006222222222222222,0.6216556291390729,0.19316990728476824,103
21159,832,434.71999999999997,64.0,33.44,13,69.75313613021281,190,5,0.006009615384615385,0.6942592592592592,0.23209010038075473,73
21161,130,188.49999999999997,18.571428571428573,26.928571428571423,7,16.318263212907013,48,0,0.0,1.45,0.0,25
21162,1137,587.5899999999999,87.46153846153847,45.199230769230766,13,88.7652478775857,263,3,0.002638522427440633,0.6111510791366906,0.18685663642998643,98
21163,1014,538.56,92.18181818181819,48.959999999999994,11,107.21363549644063,265,0,0.0,0.6968421052631579,0.2331456916627853,86
21164,1361,3946.0700000000006,104.6923076923077,303.5438461538462,13,37.176122747862,168,19,0.013960323291697281,2.938145161290323,0.005314764267990075,166
21165,3023,4944.71,232.53846153846155,380.3623076923077,13,73.86092266845776,353,49,0.01620906384386371,1.6722465753424658,0.0039564774951076345,178
21166,5496,11012.51,458.0,917.7091666666666,12,209.48985655634976,954,109,0.019832605531295486,2.0385831960461287,0.01168379793498295,287
21167,653,137.13,54.416666666666664,11.4275,12,33.89410872202728,106,50,0.07656967840735068,0.21,0.0,20
21169,2953,4829.29,227.15384615384616,371.4838461538462,13,110.44745821267696,435,57,0.01930240433457501,1.6720689655172414,0.003993401570108308,191
21171,286,394.3,31.77777777777778,43.81111111111111,9,26.593127767234233,89,10,0.03496503496503497,1.4333333333333333,0.003107344632768359,43
21172,2740,3946.72,249.0909090909091,358.79272727272723,11,112.77007984873873,415,33,0.012043795620437956,1.487248677248677,0.113978617040686,236
21174,2932,6100.81,225.53846153846155,469.29307692307697,13,87.82521978776501,432,124,0.04229195088676671,2.07,0.005667021276595747,225
21175,6022,14581.380000000001,463.2307692307692,1121.6446153846155,13,163.20751302465308,793,197,0.03271338425772169,2.466460431654676,0.03485661766840127,343
21179,1582,941.2,158.2,94.12,10,183.21074689487452,510,25,0.01580278128950695,0.7450000000000001,0.18032339181286555,122
21181,7436,15096.870000000003,619.6666666666666,1258.0725000000002,12,400.3935185501505,1429,175,0.023534158149542767,2.072354609929078,0.009648709300451355,361
21187,286,461.1,47.666666666666664,76.85000000000001,6,34.28507935920037,97,0,0.0,1.638235294117647,0.002281639928698751,30
21188,273,784.95,30.333333333333332,87.21666666666667,9,18.48648154733615,56,1,0.003663003663003663,2.926470588235294,0.009126559714795028,27
21189,165,272.25,13.75,22.6875,12,9.323723407620916,31,0,0.0,1.65,0.0,27
21190,62,91.49999999999999,15.5,22.874999999999996,4,14.479871085982314,29,0,0.0,1.5928571428571427,0.00952380952380952,6
21191,346,704.46,31.454545454545453,64.04181818181819,11,26.38698026058926,88,2,0.005780346820809248,2.0813636363636365,0.007463213530655393,38
21192,411,645.75,41.1,64.575,10,41.08108513118361,127,2,0.004866180048661801,1.6214285714285712,0.005017421602787455,32
21194,397,339.25,33.083333333333336,28.270833333333332,12,24.370094689014138,85,0,0.0,0.9261904761904761,0.3321022067363531,37
21195,291,460.44000000000005,48.5,76.74000000000001,6,36.84969470701216,104,0,0.0,1.8675,0.23975869565217395,21
21196,89,146.85000000000002,12.714285714285714,20.97857142857143,7,11.71486641998513,36,0,0.0,1.65,0.0,9
21197,180,252.98999999999998,25.714285714285715,36.14142857142857,7,17.20188251049175,51,0,0.0,1.5246153846153847,0.1157102564102564,13
21198,711,802.44,59.25,66.87,12,59.334376054848526,243,27,0.0379746835443038,1.3754,0.2635028979591837,47
21199,585,627.75,48.75,52.3125,12,67.58849417951657,257,28,0.04786324786324787,1.3948979591836734,0.2495880102040816,45
21200,437,564.45,39.72727272727273,51.31363636363637,11,38.59038975986355,120,0,0.0,1.5012820512820513,0.11309041835357626,33
21201,671,1613.8500000000001,51.61538461538461,124.1423076923077,13,23.92884751904578,104,0,0.0,2.502,0.019556756756756756,44
21202,220,255.0,24.444444444444443,28.333333333333332,9,27.996031464794747,93,0,0.0,1.45,0.16842105263157886,20
21204,419,691.35,34.916666666666664,57.612500000000004,12,25.603473959364944,91,0,0.0,1.65,0.0,44
21205,209,532.95,16.076923076923077,40.99615384615385,13,10.193638036062318,36,0,0.0,2.55,0.0,43
21206,797,1104.45,66.41666666666667,92.03750000000001,12,46.32191378785743,184,12,0.015056461731493099,1.5487012987012987,0.08381408065618594,55
21207,792,1258.2,60.92307692307692,96.78461538461539,13,45.585929003113705,144,18,0.022727272727272728,1.6288235294117646,0.0038319327731092447,74
21208,714,425.15999999999997,59.5,35.43,12,40.79549886044693,124,0,0.0,0.626140350877193,0.23852055137844594,50
21209,767,467.43,59.0,35.956153846153846,13,38.540022487452354,133,12,0.01564537157757497,0.6794736842105262,0.2691015037593984,48
21210,3760,5397.969999999999,313.3333333333333,449.83083333333326,12,185.97865631856953,726,103,0.027393617021276597,1.463013698630137,0.030941442119524296,244
21211,467,666.35,38.916666666666664,55.52916666666667,12,18.797767436747925,69,12,0.02569593147751606,1.4440298507462686,0.001175938489371322,58
21212,17821,9580.97,1370.8461538461538,736.9976923076922,13,407.16209838217304,1916,290,0.0162729364233208,0.5481809523809524,0.006343017749330433,635
21213,7216,3840.2799999999997,555.0769230769231,295.4061538461538,13,217.39267909264314,950,109,0.015105321507760533,0.5405742574257426,0.0011625663994971002,295
21215,731,398.53999999999996,56.23076923076923,30.656923076923075,13,38.542517315630036,125,0,0.0,0.54796875,0.00026406250000000035,51
21216,1518,6959.0,116.76923076923077,535.3076923076923,13,42.20614853737514,168,39,0.025691699604743084,4.849176954732511,0.06066047682209307,149
21218,1447,5060.25,111.3076923076923,389.25,13,57.12907113922621,200,30,0.02073255010366275,3.6658415841584158,0.03517068124722922,129
21219,323,408.59,24.846153846153847,31.43,13,15.268956272156446,50,20,0.06191950464396285,1.3625581395348838,0.1264671096345515,35
21220,229,299.56,19.083333333333332,24.963333333333335,12,9.633826138176154,37,20,0.08733624454148471,1.397560975609756,0.16069390243902443,34
21221,201,262.14,18.272727272727273,23.83090909090909,11,11.507309929700417,39,0,0.0,1.3004166666666668,0.06100416666666666,24
21222,194,252.18,17.636363636363637,22.925454545454546,11,8.663402648760211,27,10,0.05154639175257732,1.4852777777777777,0.23588277777777772,26
21224,734,913.7,56.46153846153846,70.28461538461539,13,24.13716147566992,100,10,0.013623978201634877,1.247710843373494,0.0004349397590361428,58
21226,8,10.0,2.6666666666666665,3.3333333333333335,3,2.8867513459481287,6,0,0.0,1.25,0.0,4
21228,5,6.25,2.5,3.125,2,2.1213203435596424,4,0,0.0,1.25,0.0,2
21231,4177,5189.85,321.3076923076923,399.2192307692308,13,127.09732793898844,557,94,0.022504189609767775,1.2735248041775458,0.04817838092764482,215
21232,6820,8377.58,524.6153846153846,644.4292307692308,13,171.32743429932563,809,102,0.014956011730205278,1.2564906303236796,0.030521110406939958,312
21238,2605,2161.34,200.3846153846154,166.2569230769231,13,81.28913258808385,306,110,0.04222648752399232,0.8476785714285714,0.005385631080389137,160
21239,1825,1509.91,140.3846153846154,116.14692307692309,13,59.05299662384976,217,62,0.03397260273972603,0.8461576354679802,0.00400100473101497,141
21240,2006,1655.7,154.30769230769232,127.36153846153846,13,77.18849721664557,278,58,0.028913260219341975,0.8410138248847926,0.0010924859190988216,149
21242,2066,3394.3399999999997,158.92307692307693,261.1030769230769,13,66.02835443764738,317,61,0.02952565343659245,1.6737837837837837,0.003645346704170233,148
21243,1387,2272.75,106.6923076923077,174.82692307692307,13,45.376911558237445,178,30,0.021629416005767843,1.6722818791946308,0.003965028115363689,103
21244,1400,2294.72,127.27272727272727,208.61090909090908,11,72.57422532702766,251,32,0.022857142857142857,1.672162162162162,0.003989851075565361,107
21245,735,1217.83,56.53846153846154,93.67923076923077,13,24.33315770923626,117,33,0.044897959183673466,1.6963366336633663,0.027863445544554454,72
21246,175,849.45,19.444444444444443,94.38333333333334,9,10.678378986427566,40,0,0.0,4.932051282051282,0.01256410256410254,33
21248,187,271.15,14.384615384615385,20.857692307692307,13,13.943567582332612,49,4,0.0213903743315508,1.4499999999999997,0.0,45
21249,591,1667.8500000000001,45.46153846153846,128.29615384615386,13,33.67396468246496,130,9,0.015228426395939087,2.9145569620253164,0.013086660175267797,68
21250,83,234.05,9.222222222222221,26.005555555555556,9,9.107384061542835,27,0,0.0,2.926470588235294,0.009411764705882368,15
21251,165,486.75000000000006,13.75,40.56250000000001,12,11.763773358763915,42,3,0.01818181818181818,2.95,0.0,32
21253,65,189.59000000000003,7.222222222222222,21.06555555555556,9,6.098724821177329,18,0,0.0,2.8150000000000004,0.29159999999999997,14
21257,81,562.95,27.0,187.65,3,0.0,27,0,0.0,6.95,0.0,3
21259,915,5169.95,70.38461538461539,397.6884615384615,13,43.078491271821605,196,30,0.03278688524590164,5.89957627118644,0.0485317345834833,132
21260,783,2494.8,60.23076923076923,191.90769230769232,13,27.252381688437946,105,43,0.05491698595146871,3.2376666666666667,0.006709284116331097,104
21261,150,442.50000000000006,25.0,73.75000000000001,6,24.38852189043034,69,0,0.0,2.95,0.0,23
21262,265,781.7500000000001,29.444444444444443,86.86111111111113,9,24.960524389078405,83,0,0.0,2.95,0.0,43
21263,161,313.95,26.833333333333332,52.324999999999996,6,17.24432273725665,47,0,0.0,1.9499999999999997,0.0,32
21264,254,495.29999999999995,36.285714285714285,70.75714285714285,7,43.42316695695315,119,0,0.0,1.9499999999999997,0.0,37
21265,128,249.59999999999997,18.285714285714285,35.65714285714285,7,11.279986491042232,38,0,0.0,1.95,0.0,15
21268,2,0.84,2.0,0.84,1,,2,0,0.0,0.42,,1
21272,381,480.65999999999997,42.333333333333336,53.406666666666666,9,27.331300737432898,87,9,0.023622047244094488,1.251290322580645,0.0029163405605499714,49
21278,31,79.05000000000001,7.75,19.762500000000003,4,2.8722813232690143,12,0,0.0,2.55,0.0,7
21279,65,165.75,7.222222222222222,18.416666666666668,9,4.176654695380556,12,0,0.0,2.55,0.0,12
21280,65,165.75,8.125,20.71875,8,4.911720676097125,18,0,0.0,2.55,0.0,12
21281,35,89.25,8.75,22.3125,4,8.920949127381757,22,0,0.0,2.55,0.0,6
21284,294,274.67,26.727272727272727,24.970000000000002,11,42.107222442452574,147,0,0.0,1.1832,0.6104893333333333,24
21285,329,349.43,36.55555555555556,38.82555555555555,9,64.98867422695879,208,0,0.0,1.6400000000000001,2.01650625,26
21286,237,266.40999999999997,47.4,53.282,5,59.46679745875004,149,0,0.0,1.2577777777777777,0.8876771241830063,17
21287,876,408.57,79.63636363636364,37.14272727272727,11,102.14428297978573,375,51,0.05821917808219178,0.508888888888889,0.0973232704402516,47
21288,253,707.95,21.083333333333332,58.99583333333334,12,22.504376678703405,77,2,0.007905138339920948,2.91,0.014769230769230805,33
21289,289,361.25,36.125,45.15625,8,15.056441431209056,59,16,0.05536332179930796,1.25,0.0,19
21291,699,594.15,58.25,49.512499999999996,12,43.382285869611884,136,32,0.045779685264663805,0.85,0.0,32
21292,434,345.40999999999997,48.22222222222222,38.37888888888889,9,23.920586206120543,96,32,0.07373271889400922,0.8165384615384615,0.018023538461538466,25
21293,101,214.13,12.625,26.76625,8,10.582161539928544,34,0,0.0,2.2068421052631577,0.21688947368421047,14
21294,870,427.02,79.0909090909091,38.82,11,77.66396145633385,222,16,0.01839080459770115,0.519,0.09589728813559326,46
21306,420,147.14,42.0,14.713999999999999,10,42.29788542127267,107,0,0.0,0.5413888888888888,0.4030123015873017,35
21307,79,39.2,13.166666666666666,6.533333333333334,6,27.852588150235995,70,0,0.0,1.2646153846153847,0.882026923076923,11
21311,431,152.14,43.1,15.213999999999999,10,66.07647085006886,176,0,0.0,0.5313333333333333,0.38717545454545466,40
21313,1784,1427.6599999999999,137.23076923076923,109.82,13,65.05914468921573,246,12,0.006726457399103139,0.8344186046511628,0.015118604651162798,96
21314,3083,6321.360000000001,237.15384615384616,486.2584615384616,13,54.561656490381225,322,56,0.018164125851443398,2.093615160349854,0.028626658482942054,215
21316,82,101.5,20.5,25.375,4,29.8496231131986,65,0,0.0,1.51,1.1664,9
21317,95,510.75,11.875,63.84375,8,8.236460751699465,27,2,0.021052631578947368,5.412962962962963,0.017806267806267814,23
21318,534,312.84,106.8,62.568,5,169.21790685385517,409,0,0.0,0.8817073170731707,0.38721951219512196,38
21319,93,98.91,18.6,19.782,5,14.724129855444769,39,0,0.0,1.2133333333333332,0.3729333333333332,12
21320,120,198.57000000000005,40.0,66.19000000000001,3,30.789608636681304,66,0,0.0,1.595,0.731481818181818,10
21324,69,203.55,13.8,40.71,5,9.602083107326242,26,4,0.057971014492753624,2.95,0.0,20
21326,4778,3024.7,367.53846153846155,232.66923076923075,13,172.9632019557028,741,89,0.018627040602762664,0.6393992932862191,0.0009510563115555211,168
21327,538,887.6999999999999,41.38461538461539,68.28461538461538,13,38.15656007717516,156,0,0.0,1.65,0.0,99
21328,755,1253.95,58.07692307692308,96.45769230769231,13,51.002388078830094,192,3,0.003973509933774834,1.6847089947089946,0.05601440954632445,135
21329,586,975.0999999999999,45.07692307692308,75.0076923076923,13,49.878956047718724,185,0,0.0,1.688816568047337,0.06252240067624684,120
21332,4,15.8,2.0,7.9,2,1.4142135623730951,3,0,0.0,3.95,0.0,2
21333,55,162.25,11.0,32.45,5,9.38083151964686,24,0,0.0,2.95,0.0,15
21336,8,23.6,4.0,11.8,2,4.242640687119285,7,0,0.0,2.9500000000000006,0.0,3
21348,54,138.9,27.0,69.45,2,2.8284271247461903,29,0,0.0,2.79,0.048000000000000084,5
21349,12,81.0,4.0,27.0,3,2.6457513110645907,6,0,0.0,6.75,0.0,7
21351,101,654.55,14.428571428571429,93.50714285714285,7,12.231886511043488,38,0,0.0,6.701515151515152,0.037575757575757616,27
21352,290,1056.7,41.42857142857143,150.95714285714286,7,46.468115028325755,121,0,0.0,4.366216216216216,3.4030630630630623,35
21354,667,795.95,55.583333333333336,66.32916666666667,12,49.46892198566937,144,18,0.026986506746626688,1.223529411764706,0.004661984196663731,55
21355,772,955.4000000000001,64.33333333333333,79.61666666666667,12,124.9584173259491,420,16,0.02072538860103627,1.2445454545454546,0.0010708924103419526,95
21356,303,361.9,23.307692307692307,27.838461538461537,13,17.987887662649623,52,1,0.0033003300330033004,1.1868518518518518,0.060172921034241794,37
21357,19,23.75,6.333333333333333,7.916666666666667,3,5.507570547286102,12,0,0.0,1.25,0.0,9
21358,327,408.75,25.153846153846153,31.442307692307693,13,17.453968764754496,61,16,0.04892966360856269,1.25,0.0,54
21359,100,395.0,50.0,197.5,2,28.284271247461902,70,14,0.14,3.95,0.0,14
21360,29,114.55,9.666666666666666,38.18333333333333,3,6.027713773341707,16,0,0.0,3.9500000000000006,0.0,6
21363,207,1024.65,20.7,102.465,10,16.131749233524967,45,0,0.0,4.95,0.0,67
21364,25,168.75,2.5,16.875,10,1.8408935028645435,6,0,0.0,6.75,0.0,19
21365,327,344.25,32.7,34.425,10,20.18828042867115,54,3,0.009174311926605505,1.0999999999999999,0.6625581395348837,35
21366,24,102.0,3.0,12.75,8,2.070196678027062,6,0,0.0,4.25,0.0,9
21367,142,141.66,12.909090909090908,12.878181818181817,11,10.671968379399797,31,0,0.0,1.56,2.3125588235294114,29
21368,139,110.55,13.9,11.055,10,11.32793989312365,31,0,0.0,0.8733333333333333,0.20805747126436777,25
21369,98,142.5,10.88888888888889,15.833333333333334,9,9.373425793759244,26,0,0.0,1.6346153846153846,0.8814102564102563,12
21370,10,25.9,3.3333333333333335,8.633333333333333,3,2.3094010767585034,6,0,0.0,2.433333333333333,3.681666666666666,6
21371,254,258.9,23.09090909090909,23.536363636363635,11,20.31971724928546,53,0,0.0,1.0875,0.509516129032258,27
21372,67,75.73,8.375,9.46625,8,4.565006649971686,15,0,0.0,1.3292000000000002,2.170682666666667,18
21373,489,366.75,69.85714285714286,52.392857142857146,7,23.089886468816974,112,0,0.0,0.75,0.0,41
21374,264,362.5,24.0,32.95454545454545,11,21.945386758952324,57,0,0.0,1.6875,0.925480769230769,37
21375,22,107.30000000000001,2.4444444444444446,11.922222222222224,9,1.0137937550497031,4,0,0.0,4.6863636363636365,2.8865454545454545,9
21376,29,149.65,3.2222222222222223,16.62777777777778,9,1.6414763002993509,6,0,0.0,5.126923076923077,1.3569230769230771,13
21377,93,123.21000000000001,7.75,10.2675,12,5.863988713867348,24,0,0.0,1.4510526315789474,0.22282105263157892,18
21378,129,175.05,11.727272727272727,15.913636363636364,11,8.161996190772316,30,0,0.0,1.478181818181818,0.19587272727272728,21
21379,141,155.61,12.818181818181818,14.146363636363638,11,9.907756373853585,32,0,0.0,1.1378260869565218,0.08769960474308301,22
21380,1553,4522.35,119.46153846153847,347.87307692307695,13,53.09365213879995,205,24,0.015453960077269801,2.9746551724137933,0.10898602776533807,138
21381,1065,1793.3700000000001,81.92307692307692,137.95153846153846,13,44.57477152392658,186,27,0.02535211267605634,1.6882857142857142,0.00041142857142856915,88
21382,797,969.5500000000001,61.30769230769231,74.58076923076923,13,53.474892263230444,162,2,0.002509410288582183,1.6627659574468086,1.1875772134522997,64
21383,693,450.45,63.0,40.949999999999996,11,75.05864373941219,204,12,0.017316017316017316,0.65,0.0,75
21385,2859,2426.25,219.92307692307693,186.6346153846154,13,118.80548636213558,453,72,0.025183630640083946,0.8597196261682243,0.008632784871221093,153
21386,644,244.45999999999998,53.666666666666664,20.371666666666666,12,34.73623555605962,118,0,0.0,0.45399999999999996,0.10667755102040816,42
21389,994,844.9,76.46153846153847,64.99230769230769,13,89.18577557044935,308,36,0.03621730382293763,0.85,0.0,81
21390,2614,3242.7,201.07692307692307,249.43846153846152,13,72.09191070947968,313,53,0.020275439938791124,1.2637569060773481,0.025414696132596695,120
21391,849,759.6,70.75,63.300000000000004,12,110.27249306727734,352,0,0.0,0.9954545454545455,0.2746830143540671,69
21392,32,38.13,16.0,19.065,2,1.4142135623730951,17,4,0.125,1.3671428571428572,0.8354571428571429,5
21393,29,38.669999999999995,14.5,19.334999999999997,2,2.1213203435596424,16,0,0.0,1.4587500000000002,0.7832410714285715,7
21394,2106,869.38,210.6,86.938,10,141.3397797271997,363,54,0.02564102564102564,0.4419298245614035,0.07549535786368564,88
21395,1501,585.39,187.625,73.17375,8,126.58699718826914,382,54,0.03597601598934044,0.39,0.0,63
21397,680,314.21999999999997,136.0,62.843999999999994,5,190.30633200185432,456,0,0.0,0.5268181818181819,0.10124545454545457,43
21398,845,387.69,169.0,77.538,5,218.40901996025713,452,27,0.03195266272189349,0.6691836734693878,0.4077826530612245,43
21399,1144,478.65,190.66666666666666,79.77499999999999,6,211.38653378743564,449,27,0.0236013986013986,0.5554838709677419,0.25978254891591757,50
21400,816,107.22,62.76923076923077,8.247692307692308,13,51.173160032309006,150,0,0.0,0.1575,0.0100531914893617,42
21401,947,124.74,78.91666666666667,10.395,12,63.774401153003716,220,0,0.0,0.15050847457627117,0.008363530099357102,48
21402,1116,134.51999999999998,124.0,14.946666666666665,9,55.85248427778303,222,48,0.043010752688172046,0.12491803278688525,0.001475409836065574,54
21403,1358,181.14000000000001,104.46153846153847,13.933846153846154,13,74.59514660777802,225,0,0.0,0.13183098591549294,0.003252313883299799,58
21407,233,965.0,21.181818181818183,87.72727272727273,11,12.375929717141917,46,5,0.02145922746781116,4.220744680851064,0.024000514756348658,79
21408,207,668.15,15.923076923076923,51.396153846153844,13,23.506954781020088,92,0,0.0,3.7975409836065577,0.8498688524590164,49
21411,641,2203.55,49.30769230769231,169.50384615384615,13,53.473333876778575,219,15,0.0234009360374415,3.801912568306011,0.81954302528073,146
21413,36,45.0,5.142857142857143,6.428571428571429,7,6.25642526870234,19,0,0.0,1.25,0.0,8
21414,1,2.1,1.0,2.1,1,,1,0,0.0,2.1,,1
21415,202,375.73,18.363636363636363,34.157272727272726,11,11.910270586957521,37,0,0.0,1.969,0.1597748275862069,25
21416,5,18.75,1.6666666666666667,6.25,3,1.1547005383792517,3,0,0.0,3.75,0.0,4
21417,229,369.55,19.083333333333332,30.795833333333334,12,22.873002479435062,85,0,0.0,1.7725,0.33214838709677424,24
21418,59,115.25,9.833333333333334,19.208333333333332,6,8.109665015687558,20,0,0.0,2.0084615384615385,0.7148307692307688,11
21420,47,83.87,5.222222222222222,9.318888888888889,9,8.628119403696523,28,0,0.0,2.8985714285714286,0.7980131868131868,12
21421,148,179.87,24.666666666666668,29.978333333333335,6,18.927933502278233,57,0,0.0,1.2353846153846153,0.0027769230769230653,11
21422,629,528.8,57.18181818181818,48.07272727272727,11,31.134605126187747,110,0,0.0,0.9093478260869565,0.05160623188405794,32
21424,185,504.95000000000005,20.555555555555557,56.10555555555556,9,16.187272091917702,51,2,0.010810810810810811,2.8772727272727274,0.024935064935064973,19
21425,67,188.05,6.7,18.805,10,7.118832613411961,24,0,0.0,2.9250000000000003,0.010000000000000028,12
21426,171,333.6,17.1,33.36,10,16.38732572582984,51,8,0.04678362573099415,2.0444444444444447,0.01143790849673203,15
21427,77,161.70000000000002,9.625,20.212500000000002,8,5.804862493757158,17,6,0.07792207792207792,2.1,0.0,21
21428,925,3668.3199999999997,71.15384615384616,282.17846153846153,13,39.18300259433537,137,12,0.012972972972972972,4.180824175824176,0.0395424109040131,117
21429,1361,2516.85,136.1,251.685,10,84.75907031108824,302,34,0.024981631153563555,1.88018018018018,0.016596347478700424,147
21430,2078,7355.1,159.84615384615384,565.7769230769231,13,64.45004028166075,256,20,0.009624639076034648,3.694423676012461,0.02301911993769472,186
21439,668,829.87,51.38461538461539,63.83615384615385,13,43.2021188939047,120,12,0.017964071856287425,1.2475641025641027,0.00046282051282051095,51
21441,376,223.3,31.333333333333332,18.608333333333334,12,37.67404057614915,140,0,0.0,0.7626315789473684,0.10837126600284494,34
21442,386,229.45999999999998,35.09090909090909,20.86,11,36.84957135559258,140,0,0.0,0.7144444444444444,0.06918539682539682,31
21445,145,181.25,24.166666666666668,30.208333333333332,6,24.161263763856944,58,0,0.0,1.25,0.0,17
21446,359,448.75,27.615384615384617,34.51923076923077,13,18.781810622418977,52,7,0.019498607242339833,1.25,0.0,47
21447,740,925.0,74.0,92.5,10,49.939963956735085,161,0,0.0,1.25,0.0,56
21448,322,531.3,29.272727272727273,48.3,11,31.151535785867473,90,0,0.0,1.65,0.0,46
21452,655,1910.65,50.38461538461539,146.97307692307692,13,21.542742248602977,94,6,0.00916030534351145,2.9440740740740745,0.0023526810392482064,109
21454,296,251.6,32.888888888888886,27.955555555555556,9,40.21642837337885,113,0,0.0,0.85,0.0,41
21455,262,222.7,23.818181818181817,20.245454545454546,11,39.08149992469118,129,0,0.0,0.85,0.0,32
21456,161,201.25,32.2,40.25,5,31.641744578957717,74,0,0.0,1.25,0.0,17
21457,115,143.75,23.0,28.75,5,14.370107863199914,43,0,0.0,1.25,0.0,15
21458,158,197.5,31.6,39.5,5,24.006249186409775,72,0,0.0,1.25,0.0,18
21459,75,146.25,18.75,36.5625,4,12.338962679253067,37,0,0.0,1.9500000000000002,0.0,16
21460,26,50.699999999999996,8.666666666666666,16.9,3,2.0816659994661326,11,0,0.0,1.9500000000000002,0.0,9
21461,8,15.6,4.0,7.8,2,1.4142135623730951,5,0,0.0,1.95,0.0,4
21462,192,859.2,16.0,71.60000000000001,12,24.33478617497631,91,2,0.010416666666666666,5.890298507462687,3.4388059701492546,57
21463,585,3111.25,45.0,239.32692307692307,13,35.98610843089316,118,42,0.07179487179487179,5.791472868217054,0.20047359496124031,77
21464,244,1034.0,18.76923076923077,79.53846153846153,13,13.845299118917861,47,22,0.09016393442622951,4.245098039215686,0.002450980392156869,57
21465,193,727.46,14.846153846153847,55.95846153846154,13,7.139632971964244,26,0,0.0,3.808888888888889,0.21847777777777785,55
21466,258,955.94,19.846153846153847,73.53384615384616,13,12.219152683704886,46,7,0.027131782945736434,3.8954945054945056,0.6045561416361414,71
21467,215,813.67,16.53846153846154,62.589999999999996,13,14.22799695796627,51,0,0.0,3.8451282051282054,0.3483421911421913,58
21468,123,468.67,11.181818181818182,42.60636363636364,11,8.669696440108867,29,0,0.0,3.8983999999999996,0.5393280000000004,43
21469,250,941.21,19.23076923076923,72.40076923076923,13,15.748829830360128,45,6,0.024,3.8022535211267603,0.19386056338028176,57
21470,336,1271.13,25.846153846153847,97.77923076923078,13,13.67994976748912,54,1,0.002976190476190476,3.8476315789473685,0.35580230554261766,77
21471,382,1367.7,31.833333333333332,113.97500000000001,12,21.152405121504323,70,0,0.0,3.723913043478261,0.020410893454371717,77
21472,119,446.25,19.833333333333332,74.375,6,14.30268040147254,37,0,0.0,3.75,0.0,29
21479,1880,7321.34,144.6153846153846,563.1800000000001,13,186.32343673548712,562,4,0.002127659574468085,4.0185051546391755,0.07191817309997615,252
21481,2362,7585.02,181.69230769230768,583.463076923077,13,174.70087989445685,586,37,0.015664690939881456,3.3612041884816755,0.204627942449602,253
21484,1437,5408.47,110.53846153846153,416.03615384615387,13,141.505368204776,413,0,0.0,3.9038888888888885,0.26075903987611315,205
21485,2589,12250.5,199.15384615384616,942.3461538461538,13,205.13607116328345,627,13,0.005021243723445346,4.9045708955223875,0.030030469730785395,370
21486,8,30.0,8.0,30.0,1,,8,0,0.0,3.75,0.0,4
21488,3,11.850000000000001,3.0,11.850000000000001,1,,3,0,0.0,3.95,0.0,2
21494,1042,1409.9,80.15384615384616,108.45384615384616,13,98.06957237411115,316,1,0.0009596928982725527,1.3704651162790698,0.1343544694767441,79
21495,4169,1740.72,320.6923076923077,133.90153846153845,13,120.64506110583547,558,50,0.011993283761093787,0.41769696969696973,0.0001434441980783444,102
21497,5778,2415.96,444.46153846153845,185.84307692307692,13,185.76356629894505,706,102,0.017653167185877467,0.4182608695652174,0.00011573951015758505,177
21498,8419,3518.32,647.6153846153846,270.64,13,235.3977267171239,1083,150,0.017816842855446016,0.41802985074626864,0.00014341227991777582,238
21499,5409,2253.96,416.0769230769231,173.38153846153847,13,146.77446504669535,604,125,0.023109632094657055,0.41693023255813955,0.00022043903499239265,175
21500,5357,2232.12,412.0769230769231,171.70153846153846,13,150.97762612302392,606,75,0.014000373343289154,0.4169014084507042,0.000222428913101249,162
21503,553,230.1,55.3,23.009999999999998,10,39.33912386755286,128,50,0.09041591320072333,0.4165217391304348,0.00027826086956521704,22
21504,1491,618.12,114.6923076923077,47.54769230769231,13,51.87707363788718,186,24,0.01609657947686117,0.41687499999999994,0.00017960526315789486,74
21506,3507,1463.22,269.7692307692308,112.55538461538461,13,80.87454672325717,408,24,0.006843455945252352,0.41856,8.466506024096382e-05,171
21507,2741,1143.18,210.84615384615384,87.93692307692308,13,69.8508484246328,353,36,0.013133892739875957,0.43207070707070705,0.005972847767010207,139
21508,2021,836.47,155.46153846153845,64.34384615384616,13,42.886702260365404,207,48,0.02375061850569025,0.42758620689655175,0.0048364942528735634,108
21509,2840,1175.65,218.46153846153845,90.4346153846154,13,72.8281257306262,317,12,0.004225352112676056,0.4317241379310345,0.006786616592693747,142
21518,220,90.78000000000002,44.0,18.156000000000002,5,23.632604596192948,85,0,0.0,0.41647058823529415,0.00021176470588235224,16
21519,2782,1157.1,214.0,89.0076923076923,13,78.2144487930459,300,24,0.008626887131560028,0.4178010471204188,0.0001277707357398731,100
21520,412,171.42000000000002,34.333333333333336,14.285000000000002,12,20.628018603713528,85,12,0.02912621359223301,0.41818181818181815,0.00010909090909090897,29
21523,1084,7051.26,83.38461538461539,542.4046153846155,13,36.02438632727017,141,0,0.0,6.670909090909091,0.39550837320574245,33
21524,780,5259.87,60.0,404.6053846153846,13,29.2175746198528,121,10,0.01282051282051282,6.787121212121212,0.0945008158508159,34
21527,159,1105.0500000000002,39.75,276.26250000000005,4,11.324751652906125,48,0,0.0,6.95,0.0,10
21528,176,1209.2,14.666666666666666,100.76666666666667,12,5.646130345536479,25,0,0.0,6.926744186046512,0.022982216142270872,62
21530,738,675.9,56.76923076923077,51.99230769230769,13,53.127447153290184,157,0,0.0,1.072857142857143,0.5373604130808947,64
21531,1181,2844.15,90.84615384615384,218.78076923076924,13,29.11427528964143,125,26,0.02201524132091448,2.506730769230769,0.017683946488294265,143
21533,1178,5579.1,90.61538461538461,429.1615384615385,13,29.494458410404437,127,34,0.028862478777589132,4.882475884244373,0.04284514054558638,209
21534,321,1563.75,24.692307692307693,120.28846153846153,13,12.539169399556306,49,0,0.0,4.9332,0.011570322580645179,94
21535,1763,4362.0,135.6153846153846,335.53846153846155,13,54.15800719736411,237,20,0.011344299489506523,2.5341853035143767,0.00688851683460308,204
21537,284,1180.0,21.846153846153847,90.76923076923077,13,16.68255652793337,53,7,0.02464788732394366,4.232456140350878,0.008615288220551362,50
21538,5,18.75,5.0,18.75,1,,5,0,0.0,3.75,0.0,2
21539,864,4108.8,72.0,342.40000000000003,12,32.59670925945523,128,45,0.052083333333333336,4.903990610328639,0.03023164142085212,123
21544,1431,1200.1499999999999,110.07692307692308,92.31923076923076,13,40.75835607263362,185,85,0.0593990216631726,0.8447368421052631,0.0010340009315323695,80
21547,72,212.40000000000003,24.0,70.80000000000001,3,14.798648586948742,41,0,0.0,2.95,0.0,13
21555,55,140.25,6.111111111111111,15.583333333333334,9,3.982601048449507,12,0,0.0,2.55,0.0,11
21556,270,657.9,24.545454545454547,59.809090909090905,11,22.23674273073121,66,0,0.0,2.524468085106383,0.007160037002775198,38
21557,207,616.8900000000001,15.923076923076923,47.45307692307693,13,11.397818054796998,42,6,0.028985507246376812,3.2153846153846155,0.722072398190045,26
21558,1511,3707.25,116.23076923076923,285.1730769230769,13,52.05630580783633,207,25,0.01654533421575116,2.5299256505576206,0.0086626810186983,167
21559,2664,6523.1900000000005,204.92307692307693,501.7838461538462,13,84.0847405284906,359,53,0.019894894894894894,2.5574133949191684,0.0923317199127533,233
21561,921,2226.1800000000003,70.84615384615384,171.2446153846154,13,51.08953929760011,157,6,0.006514657980456026,2.563571428571428,0.11749016253207871,116
21562,240,284.61,21.818181818181817,25.873636363636365,11,22.70602643272566,81,0,0.0,1.2272,0.0039709999999999876,20
21563,851,1938.7300000000002,65.46153846153847,149.13307692307694,13,62.12033400937166,247,4,0.004700352526439483,2.7335820895522387,0.5093825608798116,95
21564,599,1260.13,46.07692307692308,96.93307692307692,13,58.95685080132975,231,5,0.008347245409015025,2.743009708737864,0.5405310489244245,63
21576,177,403.67,14.75,33.63916666666667,12,7.25039183894097,29,0,0.0,2.367826086956522,0.3122129468599034,40
21577,549,1235.25,42.23076923076923,95.01923076923077,13,19.69413553215714,73,24,0.04371584699453552,2.25,0.0,94
21578,514,1156.5,42.833333333333336,96.375,12,31.15017388929528,95,7,0.013618677042801557,2.25,0.0,68
21579,152,342.0,13.818181818181818,31.09090909090909,11,7.665744345048062,26,0,0.0,2.25,0.0,30
21580,90,202.5,9.0,20.25,10,3.915780041490243,14,0,0.0,2.25,0.0,21
21581,165,371.25,13.75,30.9375,12,9.621235981836318,41,0,0.0,2.25,0.0,33
21584,986,1622.9,75.84615384615384,124.83846153846154,13,39.86821238749437,159,7,0.007099391480730223,1.6487012987012986,0.00025974025974025974,119
21586,476,1155.75,43.27272727272727,105.06818181818181,11,25.13997179429965,83,0,0.0,2.502272727272727,0.019494755244755243,54
21587,174,431.55,87.0,215.775,2,59.39696961966999,129,0,0.0,2.5344827586206895,0.0069827586206896485,25
21588,828,2039.85,63.69230769230769,156.91153846153844,13,51.6468531074008,207,6,0.007246376811594203,2.5266666666666664,0.010029850746268639,99
21591,1045,1301.12,87.08333333333333,108.42666666666666,12,109.48429387843996,316,0,0.0,1.2487333333333333,0.00024066666666666713,114
21592,1577,1721.05,121.3076923076923,132.38846153846154,13,82.5271517091846,297,65,0.04121750158528852,1.1293548387096775,0.08843384109916366,156
21609,463,1311.8500000000001,51.44444444444444,145.76111111111112,9,21.5064589781251,82,27,0.058315334773218146,2.922972972972973,0.010218437615697911,59
21613,200,579.2,20.0,57.92,10,16.21384867602041,50,0,0.0,2.9394736842105265,0.0042105263157894805,37
21614,48,141.60000000000002,24.0,70.80000000000001,2,14.142135623730951,34,0,0.0,2.95,0.0,7
21615,725,1051.25,65.9090909090909,95.56818181818181,11,108.89302507089656,365,38,0.05241379310344828,1.6868932038834952,0.9101941747572813,86
21616,716,1045.0,65.0909090909091,95.0,11,127.63655788641007,430,38,0.05307262569832402,1.6898148148148149,0.9145681896850122,84
21617,461,836.75,38.416666666666664,69.72916666666667,12,50.96247877040758,155,12,0.026030368763557483,2.2884615384615383,1.4985014985014986,62
21618,301,471.25,30.1,47.125,10,37.76962330291956,90,25,0.08305647840531562,1.9956140350877194,1.3314536340852128,48
21619,770,1090.0,64.16666666666667,90.83333333333333,12,113.00187716327656,394,27,0.03506493506493506,1.6188524590163935,0.792575531770763,99
21620,795,1188.75,72.27272727272727,108.06818181818181,11,97.93374383642332,329,13,0.016352201257861635,1.746031746031746,1.0019841269841268,97
21621,109,799.36,27.25,199.84,4,21.639085008382402,54,0,0.0,7.356,0.044179999999999914,5
21622,358,1755.3,27.53846153846154,135.02307692307693,13,29.250684848436695,101,16,0.0446927374301676,4.942391304347826,0.005326086956521737,76
21623,189,1206.36,37.8,241.272,5,14.788509052639485,54,0,0.0,6.382857142857143,5.714285714286063e-05,1
21624,203,1184.8500000000001,15.615384615384615,91.1423076923077,13,10.34841744373233,36,0,0.0,5.9261904761904765,0.02352266207687896,72
21625,300,2070.0,23.076923076923077,159.23076923076923,13,15.991985172066341,60,0,0.0,6.932300884955753,0.01754108723135275,96
21626,714,1392.3,59.5,116.02499999999999,12,84.04490141909535,279,0,0.0,1.95,0.0,64
21629,10,69.5,10.0,69.5,1,,10,0,0.0,6.95,0.0,2
21631,135,533.2500000000001,67.5,266.62500000000006,2,44.54772721475249,99,12,0.08888888888888889,3.95,0.0,9
21632,60,237.00000000000003,30.0,118.50000000000001,2,8.48528137423857,36,12,0.2,3.95,0.0,5
21633,63,248.85000000000002,31.5,124.42500000000001,2,27.577164466275352,51,0,0.0,3.95,0.0,3
21634,555,309.33,69.375,38.66625,8,89.0295897841996,273,0,0.0,0.5769565217391304,0.13154940711462448,22
21635,153,221.25,30.6,44.25,5,52.0413297293603,123,0,0.0,1.9166666666666667,1.309523809523809,15
21636,770,593.7,85.55555555555556,65.96666666666667,9,57.67389164758849,160,6,0.007792207792207792,0.7993150684931507,0.08753424657534245,60
21637,100,125.0,20.0,25.0,5,12.98075498574717,36,0,0.0,1.25,0.0,6
21638,212,445.20000000000005,21.2,44.52,10,17.554992958636518,58,0,0.0,2.1,0.0,25
21640,439,369.64,36.583333333333336,30.80333333333333,12,30.799817984507442,94,25,0.05694760820045558,0.8475,0.0003250000000000002,38
21641,458,181.21999999999997,57.25,22.652499999999996,8,71.82866518916485,201,0,0.0,0.4791304347826087,0.07079011857707508,19
21642,1575,523.39,143.1818181818182,47.58090909090909,11,163.63912623930634,426,0,0.0,0.3752173913043478,0.04090434782608696,79
21643,390,477.81,32.5,39.8175,12,16.401219466856727,60,0,0.0,1.2377419354838708,0.0022513978494623633,27
21644,215,268.75,19.545454545454547,24.431818181818183,11,17.901752072708618,60,0,0.0,1.25,0.0,29
21647,106,222.60000000000002,13.25,27.825000000000003,8,11.498447100121204,32,0,0.0,2.1,0.0,21
21648,511,629.06,46.45454545454545,57.18727272727272,11,45.29539410660566,148,0,0.0,1.2377419354838708,0.0022513978494623655,26
21650,1224,256.02000000000004,122.4,25.602000000000004,10,81.17087600310293,236,24,0.0196078431372549,0.24411764705882355,0.022293239683933277,48
21651,107,165.75,35.666666666666664,55.25,3,52.27172594561359,96,0,0.0,1.6099999999999999,0.007111111111111108,9
21654,643,314.37,64.3,31.437,10,65.67267316015086,151,1,0.0015552099533437014,0.6549999999999999,0.21515744680851062,40
21655,36,60.84,18.0,30.42,2,8.48528137423857,24,0,0.0,1.69,0.0,1
21656,117,169.65,23.4,33.93,5,16.087262041752165,48,0,0.0,1.45,0.0,15
21657,28,194.6,9.333333333333334,64.86666666666666,3,6.110100926607787,16,1,0.03571428571428571,6.95,0.0,11
21658,707,2648.65,88.375,331.08125,8,24.558603380485625,130,12,0.016973125884016973,3.89992125984252,0.02516745406824146,82
21661,3,17.85,1.5,8.925,2,0.7071067811865476,2,1,0.3333333333333333,5.95,0.0,3
21662,53,301.85,6.625,37.73125,8,9.840695387739919,28,0,0.0,5.91875,0.015625000000000003,14
21664,75,271.53,9.375,33.94125,8,13.804114293520298,43,0,0.0,3.73,0.007199999999999995,15
21666,363,235.95000000000002,33.0,21.450000000000003,11,22.154006409676786,80,0,0.0,0.65,0.0,21
21668,3795,4864.37,291.9230769230769,374.1823076923077,13,123.65439845153207,478,64,0.01686429512516469,1.305029761904762,0.03419999911158492,169
21669,4000,5193.3,307.6923076923077,399.4846153846154,13,130.06433319411886,567,79,0.01975,1.3255710306406685,0.05408675401876718,167
21670,3197,4115.5,245.92307692307693,316.5769230769231,13,101.74515675488895,393,57,0.0178292148889584,1.2992758620689655,0.009598435747524154,158
21671,3185,4068.31,245.0,312.9469230769231,13,82.94375604387992,364,72,0.02260596546310832,1.2883214285714286,0.009502907066052231,164
21672,3463,4423.38,266.38461538461536,340.26,13,109.95494415254704,413,39,0.011261911637308691,1.2922508038585208,0.009882014313867853,159
21673,3161,4062.1099999999997,243.15384615384616,312.46999999999997,13,126.83575084457729,537,49,0.015501423600126542,1.2998924731182797,0.010546391274077504,154
21675,510,436.22999999999996,46.36363636363637,39.657272727272726,11,19.556445112917263,72,24,0.047058823529411764,0.9392156862745098,0.06522737254901959,45
21676,211,191.04999999999998,19.181818181818183,17.368181818181817,11,14.14791985995243,48,12,0.05687203791469194,1.09375,0.1349274193548387,21
21677,757,648.52,58.23076923076923,49.886153846153846,13,34.433883134092035,115,24,0.031704095112285335,0.916625,0.049627705696202534,62
21678,104,88.39999999999999,10.4,8.84,10,8.329332372872257,30,0,0.0,0.85,0.0,16
21679,991,838.8399999999999,76.23076923076923,64.52615384615385,13,42.84108978958138,144,24,0.024217961654894045,0.8485057471264367,0.00019425287356321838,67
21680,657,558.4499999999999,50.53846153846154,42.957692307692305,13,31.08487141310433,111,13,0.0197869101978691,0.85,0.0,43
21682,176,871.2,13.538461538461538,67.01538461538462,13,13.080617879235067,49,2,0.011363636363636364,4.95,0.0,41
21683,294,867.3000000000002,22.615384615384617,66.71538461538464,13,16.235447132424273,62,0,0.0,2.9500000000000006,0.0,39
21684,329,275.59,25.307692307692307,21.199230769230766,13,18.80330031042696,72,0,0.0,0.8888888888888888,0.07376444444444445,27
21688,295,870.2500000000002,24.583333333333332,72.52083333333336,12,15.394558267206769,57,6,0.020338983050847456,2.95,0.0,36
21689,92,345.0,8.363636363636363,31.363636363636363,11,5.869799439039246,20,0,0.0,3.75,0.0,22
21690,22,82.5,11.0,41.25,2,11.313708498984761,19,0,0.0,3.75,0.0,6
21692,17,63.75,5.666666666666667,21.25,3,3.5118845842842465,9,0,0.0,3.75,0.0,7
21693,337,994.1500000000002,28.083333333333332,82.84583333333335,12,18.613085979948885,70,6,0.017804154302670624,2.95,0.0,40
21694,165,465.15,16.5,46.515,10,18.458662525281245,60,0,0.0,2.91,0.015157894736842134,18
21695,268,790.6000000000001,22.333333333333332,65.88333333333334,12,18.36168606505174,57,24,0.08955223880597014,2.95,0.0,35
21696,220,649.0000000000001,18.333333333333332,54.08333333333334,12,10.915654591068515,36,6,0.02727272727272727,2.95,0.0,27
21698,257,113.10999999999999,28.555555555555557,12.567777777777776,9,19.35917812764214,48,1,0.0038910505836575876,0.49454545454545457,0.03893073593073591,22
21700,1080,917.9999999999999,83.07692307692308,70.61538461538461,13,67.09875997172817,206,12,0.011111111111111112,0.85,0.0,58
21703,3228,1337.65,248.30769230769232,102.89615384615385,13,114.10330452078985,484,15,0.004646840148698885,0.4274898785425101,0.005195299693887626,175
21704,2370,1934.55,182.30769230769232,148.81153846153845,13,120.89967232888091,507,39,0.016455696202531647,0.8637878787878788,0.026831772035071543,137
21705,1074,1158.78,82.61538461538461,89.13692307692307,13,133.63042222334607,514,12,0.0111731843575419,1.5144642857142858,0.45179610682110666,89
21706,225,1099.75,17.307692307692307,84.59615384615384,13,11.227827152396966,38,0,0.0,4.928787878787879,0.01462004662004664,52
21707,118,581.3,9.833333333333334,48.44166666666666,12,6.8068592855540455,24,4,0.03389830508474576,4.934444444444445,0.01088888888888886,43
21708,129,632.95,12.9,63.295,10,10.50343859039611,33,0,0.0,4.90625,0.029637096774193534,28
21709,86,420.1,7.818181818181818,38.190909090909095,11,4.261881786680195,13,0,0.0,4.926666666666667,0.016333333333333318,29
21710,83,402.45000000000005,7.545454545454546,36.58636363636364,11,6.4863493023986365,22,0,0.0,4.903333333333333,0.03154022988505747,28
21711,77,375.55,7.0,34.14090909090909,11,8.831760866327848,31,0,0.0,4.889130434782609,0.04067193675889325,22
21713,618,1291.0500000000002,51.5,107.58750000000002,12,52.51579848873185,159,0,0.0,2.098031496062992,0.00049212598425197,103
21714,1031,1288.75,79.3076923076923,99.13461538461539,13,80.87272368294168,246,0,0.0,1.25,0.0,106
21715,990,2403.0,76.15384615384616,184.84615384615384,13,59.75344641921802,207,8,0.00808080808080808,2.5176258992805756,0.0136182358461057,116
21716,1071,2614.37,82.38461538461539,201.1053846153846,13,69.09599416939024,247,8,0.007469654528478058,2.5523357664233575,0.1002974452554745,112
21717,289,688.35,72.25,172.0875,4,52.620496640251,121,0,0.0,2.5026315789473683,0.019587482219061148,34
21718,1146,1434.92,88.15384615384616,110.37846153846155,13,94.55320032821572,298,0,0.0,1.2668055555555555,0.020192521367521393,106
21719,278,236.29999999999998,25.272727272727273,21.48181818181818,11,12.000757551845709,43,0,0.0,0.85,0.0,29
21720,57,48.449999999999996,9.5,8.075,6,5.319774431308154,17,0,0.0,0.85,0.0,8
21721,175,148.75,19.444444444444443,16.52777777777778,9,19.46221410266,53,0,0.0,0.85,0.0,19
21722,65,55.24999999999999,6.5,5.5249999999999995,10,7.720823214600313,26,0,0.0,0.85,0.0,13
21723,321,272.84999999999997,29.181818181818183,24.80454545454545,11,24.927166633286593,79,2,0.006230529595015576,0.85,0.0,29
21724,370,314.5,28.46153846153846,24.192307692307693,13,22.273359964373675,89,12,0.032432432432432434,0.85,0.0,43
21725,253,215.04999999999998,21.083333333333332,17.92083333333333,12,17.47444020866078,52,0,0.0,0.85,0.0,26
21726,231,196.35,19.25,16.3625,12,24.424745276423696,91,0,0.0,0.85,0.0,29
21730,493,2279.35,37.92307692307692,175.33461538461538,13,55.04310665054789,208,7,0.014198782961460446,4.799137931034483,0.08356446776611673,78
21731,6734,10977.66,518.0,844.4353846153846,13,231.31255910563956,1128,56,0.008316008316008316,1.6596212121212122,0.0385167442930251,266
21733,4866,13747.5,374.3076923076923,1057.5,13,232.07304332019572,927,198,0.040690505548705305,2.9483744557329463,0.10975200492793732,385
21735,1,6.0,1.0,6.0,1,,1,0,0.0,6.0,,1
21736,71,118.32000000000001,14.2,23.664,5,10.10940156488009,27,0,0.0,1.8150000000000002,0.4873499999999999,5
21738,43,126.85000000000001,5.375,15.856250000000001,8,8.863045268335904,27,0,0.0,2.95,0.0,17
21739,141,411.54,15.666666666666666,45.72666666666667,9,9.643650760992955,27,0,0.0,2.878541666666667,0.0305446365248227,38
21741,131,386.45000000000005,16.375,48.306250000000006,8,21.273306546669502,67,0,0.0,2.95,0.0,27
21742,192,1142.4,14.76923076923077,87.87692307692308,13,17.088757737929374,68,2,0.010416666666666666,5.95,0.0,75
21743,184,521.2,23.0,65.15,8,36.30426972134269,104,0,0.0,2.924193548387097,0.009978494623655937,28
21744,365,1122.19,52.142857142857146,160.31285714285715,7,59.21269168972862,160,0,0.0,3.1924390243902443,0.6375248419150852,66
21745,919,3367.4100000000003,70.6923076923077,259.0315384615385,13,30.586992375258188,130,2,0.002176278563656148,3.7341176470588233,0.005492321066357612,114
21746,2185,2674.53,182.08333333333334,222.87750000000003,12,153.2588175326795,509,36,0.016475972540045767,1.2572192513368983,0.02589115059513538,122
21747,386,471.97,35.09090909090909,42.906363636363636,11,33.02863771170269,117,1,0.0025906735751295338,1.2407142857142857,0.0017677700348432037,31
21749,802,1613.7,66.83333333333333,134.475,12,71.09255597565412,199,6,0.007481296758104738,2.074299065420561,0.005819079527420219,80
21750,77,161.70000000000002,11.0,23.1,7,9.539392014169456,31,0,0.0,2.1,0.0,15
21754,2622,15432.2,201.69230769230768,1187.0923076923077,13,72.0247464595614,299,60,0.02288329519450801,6.001948051948053,0.03197958111252906,359
21755,1922,11386.25,147.84615384615384,875.8653846153846,13,69.7290543865398,315,57,0.029656607700312174,6.006708407871199,0.028256887939933674,336
21756,777,4632.9,59.76923076923077,356.37692307692305,13,26.439093044687464,109,0,0.0,6.0157024793388425,0.025644525222043142,167
21757,6,29.700000000000003,3.0,14.850000000000001,2,1.4142135623730951,4,0,0.0,4.95,0.0,3
21758,32,202.40000000000003,4.0,25.300000000000004,8,3.3806170189140663,11,0,0.0,6.414285714285714,0.017857142857142853,13
21770,1108,5310.3,110.8,531.03,10,45.59678351229029,191,17,0.015342960288808664,4.9294721407624635,0.013989132309815407,262
21773,623,524.62,51.916666666666664,43.718333333333334,12,56.999933545947435,206,4,0.006420545746388443,1.0779661016949154,0.11304751607247226,50
21774,451,434.12,37.583333333333336,36.17666666666667,12,31.011605843130678,86,1,0.0022172949002217295,1.150576923076923,0.07167613122171945,39
21775,262,305.09000000000003,26.2,30.509000000000004,10,15.554920621962541,45,3,0.011450381679389313,1.2297560975609756,0.01680243902439024,34
21785,30,20.1,10.0,6.7,3,14.730919862656235,27,0,0.0,0.8,0.01,3
21786,1193,499.93,91.76923076923077,38.456153846153846,13,57.71070646791322,204,0,0.0,0.4564516129032258,0.015427489481065924,55
21787,2707,2255.23,208.23076923076923,173.47923076923078,13,128.42517526180623,455,53,0.019578869597340228,0.8634054054054053,0.022049753231492348,115
21788,806,669.68,62.0,51.51384615384615,13,31.817186131607134,122,0,0.0,0.852686567164179,0.011029036635006784,59
21789,754,636.88,58.0,48.99076923076923,13,39.85180882553095,137,2,0.002652519893899204,0.8585294117647058,0.009603775241439851,55
21790,8386,7017.429999999999,645.0769230769231,539.8023076923076,13,401.8931162922263,1557,136,0.016217505366086335,0.8515458276333789,0.009726785225718194,449
21791,4874,6058.82,374.9230769230769,466.0630769230769,13,196.2164882378906,874,68,0.013951579811243332,1.271002044989775,0.03374387089744885,342
21792,331,1388.65,36.77777777777778,154.29444444444445,9,54.89940295162093,154,0,0.0,4.59,1.4024347826086956,58
21793,283,1189.0900000000001,23.583333333333332,99.09083333333335,12,19.965690268026997,57,3,0.01060070671378092,4.293582089552239,0.9080445499773854,57
21794,481,1985.47,43.72727272727273,180.49727272727273,11,40.67453972472438,126,3,0.006237006237006237,4.395913978494623,1.2159852968676952,79
21801,358,150.36,89.5,37.59,4,56.15158056546583,145,0,0.0,0.42,0.0,22
21802,790,331.8,131.66666666666666,55.300000000000004,6,99.11138515158925,261,0,0.0,0.42,0.0,45
21803,822,345.24,137.0,57.54,6,92.58941624181459,252,0,0.0,0.42,0.0,46
21804,178,656.7,35.6,131.34,5,44.45559582324817,112,0,0.0,3.7236585365853654,0.009008780487804841,37
21807,342,143.64,68.4,28.727999999999998,5,70.79406754806507,193,0,0.0,0.42,0.0,24
21808,99,366.25,14.142857142857142,52.32142857142857,7,13.158375931050806,30,0,0.0,3.630952380952381,0.2976190476190476,21
21809,1071,614.88,119.0,68.32,9,159.0801684686058,402,2,0.0018674136321195146,0.7421348314606742,0.35164425434116453,72
21810,2854,1373.6599999999999,317.1111111111111,152.62888888888887,9,487.7077619959632,1477,59,0.020672740014015416,0.5715760869565217,0.219666901282965,129
21811,2514,1360.76,209.5,113.39666666666666,12,314.13792570085576,924,41,0.016308671439936355,0.6293865030674847,0.17883418919942443,119
21812,214,1019.4000000000001,17.833333333333332,84.95,12,22.441168877891826,73,6,0.028037383177570093,4.9,0.03329268292682927,36
21813,235,1123.3500000000001,29.375,140.41875000000002,8,26.0051505887364,76,0,0.0,4.898780487804878,0.034060975609756065,38
21814,71,102.94999999999999,14.2,20.589999999999996,5,15.368799562750501,32,0,0.0,1.4499999999999997,0.0,11
21815,131,189.95,18.714285714285715,27.135714285714283,7,17.71735764454626,57,0,0.0,1.45,0.0,15
21816,33,47.849999999999994,8.25,11.962499999999999,4,5.188127472091127,13,0,0.0,1.45,0.0,6
21817,740,337.82,148.0,67.564,5,149.49247472699085,399,0,0.0,0.5029824561403509,0.03990701754385966,48
21818,1949,938.03,177.1818181818182,85.27545454545454,11,259.4840334902393,826,30,0.01539250897896357,0.5132098765432099,0.05376851468445669,117
21819,1621,711.67,231.57142857142858,101.66714285714285,7,286.4797009346719,813,57,0.0351634793337446,0.49283464566929136,0.05237285339332581,95
21820,288,1068.5900000000001,32.0,118.73222222222223,9,44.612218057388716,143,0,0.0,3.793833333333333,0.23792573446327683,49
21821,223,825.45,37.166666666666664,137.57500000000002,6,41.10190587632971,117,0,0.0,3.732439024390244,0.006163902439024397,35
21822,510,474.4,102.0,94.88,5,129.3580302880343,333,2,0.00392156862745098,1.028709677419355,0.46225404547858245,45
21823,1021,597.4699999999999,113.44444444444444,66.38555555555554,9,196.79120350711253,485,0,0.0,0.7526315789473683,0.256259649122807,61
21824,1302,640.28,217.0,106.71333333333332,6,237.53820745303267,629,0,0.0,0.5992105263157894,0.18036736842105253,63
21826,92,115.0,23.0,28.75,4,21.007935008784973,54,0,0.0,1.25,0.0,16
21827,6,7.5,3.0,3.75,2,2.8284271247461903,5,0,0.0,1.25,0.0,3
21828,311,388.75,23.923076923076923,29.903846153846153,13,22.42566066831157,81,3,0.00964630225080386,1.25,0.0,53
21829,3430,721.05,311.8181818181818,65.55,11,115.49529703136677,487,27,0.007871720116618075,0.21227272727272728,0.0006955586398334489,104
21830,2071,871.87,172.58333333333334,72.65583333333333,12,101.63075620136163,370,0,0.0,0.4382222222222222,0.0072192759051186,63
21832,779,1296.83,59.92307692307692,99.75615384615384,13,35.75020172078646,142,21,0.026957637997432605,1.7348275862068965,0.13306866566716635,83
21833,1677,2807.13,129.0,215.93307692307692,13,91.69696468985947,324,0,0.0,1.6816666666666664,0.0016106442577030798,87
21836,3,11.25,1.5,5.625,2,0.7071067811865476,2,0,0.0,3.75,0.0,2
21839,1,5.45,1.0,5.45,1,,1,0,0.0,5.45,,1
21841,71,301.75,10.142857142857142,43.107142857142854,7,13.557637102737473,38,0,0.0,4.25,0.0,19
21843,54,216.0,54.0,216.0,1,,54,0,0.0,4.0,0.0,2
21844,1174,3332.5000000000005,90.3076923076923,256.34615384615387,13,32.49970414066518,126,42,0.03577512776831346,2.9025925925925926,0.01684024322830301,99
21845,1354,1268.38,112.83333333333333,105.69833333333334,12,90.90737877175602,301,0,0.0,1.101219512195122,0.5737886178861787,63
21846,64,299.3,6.4,29.93,10,9.559172442098625,31,0,0.0,4.913157894736843,0.025789473684210543,11
21847,9,44.55,1.8,8.91,5,1.0954451150103321,3,0,0.0,4.95,0.0,5
21849,49,242.55,4.9,24.255000000000003,10,6.063552314169201,19,0,0.0,4.95,0.0,15
21850,51,233.54999999999998,6.375,29.193749999999998,8,8.975164144937485,28,0,0.0,4.916666666666667,0.023333333333333334,12
21851,23,113.85,2.5555555555555554,12.649999999999999,9,2.0069324297987157,7,0,0.0,4.95,0.0,11
21864,486,964.02,37.38461538461539,74.15538461538462,13,23.994924677031396,79,2,0.00411522633744856,2.0748979591836734,0.00976132968651376,65
21865,220,457.08000000000004,16.923076923076923,35.160000000000004,13,11.996260100975489,41,1,0.004545454545454545,2.0881159420289856,0.004800809889173052,52
21866,534,666.71,41.07692307692308,51.285384615384615,13,21.14419360195425,95,2,0.003745318352059925,1.3029906542056073,0.06690795274202088,79
21867,261,330.02,20.076923076923077,25.386153846153846,13,12.072430979036069,38,1,0.0038314176245210726,1.276547619047619,0.03500119047619047,56
21868,2056,2615.78,171.33333333333334,217.98166666666668,12,109.60784090510491,289,38,0.01848249027237354,1.335579399141631,0.1308678740565339,153
21870,1250,1552.24,178.57142857142858,221.74857142857144,7,112.41271746390196,361,12,0.0096,1.2472661870503599,0.0005156605150662073,97
21871,2442,3243.1400000000003,187.84615384615384,249.4723076923077,13,65.86077000492043,304,46,0.018837018837018837,1.3753284671532846,0.09368285874709228,133
21872,728,901.81,56.0,69.36999999999999,13,33.163735213834606,118,6,0.008241758241758242,1.3589166666666666,0.2357525980392158,81
21873,707,690.25,54.38461538461539,53.09615384615385,13,60.70905816753991,232,30,0.042432814710042434,1.2793181818181818,0.3110064263322884,62
21874,1615,2148.2,124.23076923076923,165.24615384615385,13,50.164984212353154,224,17,0.010526315789473684,1.3487113402061854,0.031527346295603845,110
21875,785,961.66,60.38461538461539,73.97384615384615,13,26.694376628603703,95,8,0.01019108280254777,1.3656249999999999,0.2512302364864865,83
21876,1828,2134.7400000000002,140.6153846153846,164.21076923076924,13,78.7300646317725,326,51,0.027899343544857767,1.3846464646464645,0.242088960672717,141
21877,2598,3484.66,199.84615384615384,268.0507692307692,13,61.14851613605211,305,55,0.021170130869899922,1.4184353741496598,0.15622143437579794,174
21878,1778,1501.55,136.76923076923077,115.50384615384615,13,137.4312881928965,375,12,0.006749156355455568,0.8525,0.0042459677419354825,120
21879,821,263.17,63.15384615384615,20.243846153846157,13,126.24106975270645,418,0,0.0,0.4596551724137931,0.052227949183303056,52
21880,1278,614.0400000000001,98.3076923076923,47.23384615384616,13,102.9825103398506,379,0,0.0,0.5488000000000001,0.033471272727272725,84
21881,576,239.74,48.0,19.978333333333335,12,62.928530890209096,233,0,0.0,0.5708888888888889,0.09496282828282826,37
21882,433,158.63,43.3,15.863,10,62.94803853620505,204,0,0.0,0.5202564102564102,0.04397624831309042,35
21883,1209,550.85,93.0,42.37307692307692,13,116.19523799766208,415,12,0.009925558312655087,0.5566666666666668,0.049933333333333337,82
21884,609,237.15000000000003,46.84615384615385,18.242307692307694,13,62.042789204771346,209,0,0.0,0.5036363636363637,0.046972515856236796,43
21888,1224,4566.48,94.15384615384616,351.2676923076923,13,73.683836031437,257,36,0.029411764705882353,3.83375,0.3415482526881728,210
21889,4222,5329.09,324.7692307692308,409.93,13,268.95264572230116,1000,74,0.01752723827569872,1.2802603036876357,0.03751167122512495,336
21890,855,2692.95,65.76923076923077,207.14999999999998,13,34.50882458674845,130,9,0.010526315789473684,3.241818181818182,0.25753153246753235,143
21891,3236,4457.139999999999,248.92307692307693,342.856923076923,13,132.33572302951154,545,60,0.018541409147095178,1.3939884393063584,0.009448973779006452,264
21892,2496,3178.71,192.0,244.51615384615386,13,113.82735465021871,434,24,0.009615384615384616,1.2969767441860465,0.05659049612403096,235
21894,471,604.48,36.23076923076923,46.49846153846154,13,20.12110768220712,72,0,0.0,1.3172222222222223,0.07790203442879498,57
21895,1,4.25,1.0,4.25,1,,1,0,0.0,4.25,,1
21896,415,886.35,34.583333333333336,73.8625,12,33.93699599212778,103,0,0.0,2.1061111111111113,0.001675717852684143,79
21897,54,155.51999999999998,27.0,77.75999999999999,2,0.0,27,0,0.0,2.88,0.2178000000000001,1
21898,61,192.37,20.333333333333332,64.12333333333333,3,16.072751268321593,32,0,0.0,3.0157142857142856,0.012895238095238064,6
21899,1808,1183.42,139.07692307692307,91.0323076923077,13,46.63235918412152,203,32,0.017699115044247787,0.6799547511312217,0.02978772521596047,148
21900,2247,1485.43,172.84615384615384,114.26384615384616,13,69.25177031894341,315,32,0.014241210502892745,0.6859398496240602,0.035053641651298054,166
21901,1658,1088.18,127.53846153846153,83.70615384615385,13,45.44706698386484,211,27,0.016284680337756333,0.6779668049792532,0.02728626556016598,143
21902,1297,843.43,99.76923076923077,64.87923076923076,13,34.27621586988526,153,1,0.0007710100231303007,0.6784146341463415,0.0288244650606015,114
21903,926,1984.5300000000002,71.23076923076923,152.65615384615387,13,27.707260920060424,132,20,0.02159827213822894,2.2381045751633986,0.2820838837289302,113
21904,50,105.0,8.333333333333334,17.5,6,5.428320796219275,15,2,0.04,2.1,0.0,21
21905,585,627.1,45.0,48.23846153846154,13,38.95938055633499,115,6,0.010256410256410256,1.2827272727272727,0.38946772310258543,84
21906,349,2316.85,26.846153846153847,178.21923076923076,13,23.129512726695282,77,28,0.08022922636103152,6.732736842105263,0.023196685330347144,71
21907,2187,4563.1,168.23076923076923,351.0076923076923,13,86.40809553716002,293,38,0.017375400091449476,2.1131515151515154,0.03873289490651194,208
21908,2670,5580.93,205.3846153846154,429.3023076923077,13,45.078706099329686,289,43,0.01610486891385768,2.140395778364116,0.11332444611969676,220
21910,36,59.400000000000006,12.0,19.8,3,16.46207763315433,31,0,0.0,1.65,0.0,8
21911,105,173.25,26.25,43.3125,4,13.375973484822204,42,12,0.11428571428571428,1.65,0.0,18
21912,1199,4405.76,92.23076923076923,338.9046153846154,13,31.976954842912125,145,14,0.011676396997497914,3.8400373134328363,0.4215299611493101,201
21913,305,1142.53,23.46153846153846,87.88692307692307,13,18.617265215454285,73,4,0.013114754098360656,3.8293258426966292,0.3079290858018388,72
21914,5697,7213.26,438.2307692307692,554.8661538461539,13,291.2550868929599,1220,155,0.027207302088818677,1.2808778625954198,0.03851280340957188,306
21915,7160,8902.42,550.7692307692307,684.8015384615385,13,297.4365909585195,1179,75,0.01047486033519553,1.2612056737588653,0.0278685260068276,349
21916,3031,1276.3600000000001,233.15384615384616,98.18153846153847,13,96.20624213449472,387,30,0.009897723523589575,0.43220472440944885,0.005208558712769593,156
21917,2500,1045.98,192.30769230769232,80.46000000000001,13,96.90664288838735,381,8,0.0032,0.4275268817204301,0.0036554722464399877,132
21918,3832,1607.2,294.7692307692308,123.63076923076923,13,117.23918133894334,476,87,0.022703549060542796,0.42715789473684207,0.0035887249814677536,193
21922,345,2397.75,49.285714285714285,342.5357142857143,7,33.12961558140131,111,12,0.034782608695652174,6.950000000000001,0.0,16
21925,403,503.75,31.0,38.75,13,23.191233976080994,69,18,0.04466501240694789,1.25,0.0,38
21926,401,496.12,33.416666666666664,41.343333333333334,12,23.015640268515167,84,6,0.014962593516209476,1.2468333333333335,0.0006016666666666657,35
21927,609,756.12,46.84615384615385,58.16307692307692,13,27.260613082633075,85,12,0.019704433497536946,1.2480808080808081,0.0003646464646464629,41
21928,5386,10594.03,414.3076923076923,814.9253846153847,13,121.22457438942583,579,151,0.028035647976234684,2.034697247706422,0.05245289530491095,264
21929,5563,10921.75,427.9230769230769,840.1346153846154,13,144.6878603168798,656,152,0.02732338666187309,2.0408760330578515,0.06267886705708482,308
21930,3851,7636.740000000001,296.2307692307692,587.4415384615385,13,136.3684676688822,655,97,0.025188262788886005,2.027384937238494,0.008965683797794778,220
21931,7266,14380.33,558.9230769230769,1106.1792307692308,13,165.414359281201,835,101,0.013900357830993668,2.0288589743589744,0.02143938958559627,333
21932,2110,3753.91,162.30769230769232,288.7623076923077,13,152.09228811009487,454,26,0.012322274881516588,1.854953560371517,0.2116865661596447,218
21933,1999,3576.31,153.76923076923077,275.10076923076923,13,159.0100383865506,518,5,0.0025012506253126563,1.8455172413793102,0.2004677246152011,198
21934,1124,1839.8,86.46153846153847,141.52307692307693,13,45.79413242002259,201,40,0.03558718861209965,1.6458041958041958,0.000827341672412096,85
21935,1449,2364.67,111.46153846153847,181.89769230769232,13,46.54140698456122,212,22,0.01518288474810214,1.6440487804878048,0.0009663701578192269,121
21936,2686,7636.06,206.6153846153846,587.3892307692308,13,186.84687958394278,650,15,0.005584512285927029,2.949378238341969,0.0958500020187067,223
21937,1261,3590.35,140.11111111111111,398.92777777777775,9,139.46096626336384,395,8,0.006344171292624901,2.9268115942028987,0.008780075981426773,146
21942,161,134.54999999999998,14.636363636363637,12.23181818181818,11,17.019240448813967,64,1,0.006211180124223602,0.83,0.009199999999999998,14
21943,57,48.449999999999996,7.125,6.0562499999999995,8,6.057757718118856,14,0,0.0,0.85,0.0,7
21944,232,177.88,23.2,17.788,10,19.842714868014742,60,0,0.0,0.7688235294117647,0.031683422459893064,24
21945,225,190.79,20.454545454545453,17.344545454545454,11,19.729995622724484,58,0,0.0,0.8346666666666667,0.007053333333333331,27
21946,72,58.89999999999999,8.0,6.544444444444443,9,5.07444578254611,13,0,0.0,0.8081818181818182,0.01923636363636363,8
21947,492,631.65,37.84615384615385,48.58846153846154,13,39.12127757339168,141,3,0.006097560975609756,1.3603488372093022,0.1259022298221614,62
21948,345,451.82,28.75,37.651666666666664,12,19.24070023295788,68,27,0.0782608695652174,1.404,0.1656355555555555,37
21949,418,517.08,38.0,47.00727272727273,11,25.381095327034252,74,12,0.028708133971291867,1.305084745762712,0.07388749269433076,46
21955,310,1872.0,25.833333333333332,156.0,12,13.023289162345302,54,0,0.0,6.4433333333333325,0.739744927536232,12
21967,2600,830.8199999999999,200.0,63.90923076923077,13,84.7653624227884,290,24,0.009230769230769232,0.32386363636363635,0.002284415584415587,129
21972,283,410.3499999999999,25.727272727272727,37.30454545454545,11,17.024047163297624,55,38,0.13427561837455831,1.45,0.0,35
21973,138,200.1,12.545454545454545,18.19090909090909,11,12.524884321730372,37,2,0.014492753623188406,1.45,0.0,25
21974,1919,2796.2599999999998,147.6153846153846,215.09692307692305,13,83.92808276687295,329,62,0.03230849400729546,1.494061135371179,0.0645689611583544,177
21975,6928,3750.31,532.9230769230769,288.4853846153846,13,218.08846123322738,819,58,0.008371824480369515,0.5587661141804788,0.01059496918173602,287
21976,3262,1758.6799999999998,250.92307692307693,135.28307692307692,13,83.54585720674757,343,83,0.025444512568976087,0.5523843416370107,0.00590822318251144,181
21977,10523,5647.599999999999,809.4615384615385,434.4307692307692,13,266.1010507885477,1320,168,0.015965028984130002,0.5514201183431954,0.008433832127985966,410
21980,4451,1414.28,342.38461538461536,108.79076923076923,13,143.8294930705211,556,62,0.013929454055268478,0.32844,0.006229283534136551,192
21981,3094,966.3499999999999,238.0,74.33461538461538,13,118.26735249707193,437,48,0.015513897866839044,0.3369270833333333,0.01143710460296685,143
21982,3877,1243.04,298.2307692307692,95.61846153846153,13,106.51224800162176,458,60,0.015475883415011608,0.3419924812030075,0.012511864094197769,182
21983,1779,569.27,136.84615384615384,43.79,13,52.89115577272215,209,24,0.013490725126475547,0.352258064516129,0.017822501966955156,98
21984,2262,730.6199999999999,174.0,56.201538461538455,13,95.63472172804185,415,12,0.005305039787798408,0.3552830188679245,0.01588583711487939,123
21985,5615,1785.9499999999998,431.9230769230769,137.3807692307692,13,252.02495297703547,1179,96,0.017097061442564558,0.334438202247191,0.010582500395632223,262
21986,2227,704.66,171.30769230769232,54.20461538461538,13,70.80887964017957,290,48,0.02155365963179165,0.33987261146496817,0.011766650334803203,118
21987,1372,882.08,105.53846153846153,67.85230769230769,13,53.692978101758314,191,29,0.021137026239067054,0.6476315789473684,0.00028044614848379216,106
21988,1393,1144.36,107.15384615384616,88.0276923076923,13,55.247693999910005,180,17,0.012203876525484566,0.8401342281879194,0.001987819698893522,101
21989,1624,1360.6899999999998,124.92307692307692,104.66846153846153,13,50.64494304874137,195,41,0.025246305418719212,0.8464903846153846,0.0005272366220735784,130
21990,1137,1640.85,87.46153846153847,126.21923076923076,13,99.03081623465782,277,2,0.001759014951627089,1.5006666666666666,0.32558167597765375,127
21991,471,675.53,39.25,56.29416666666666,12,38.84029070202979,118,11,0.02335456475583864,1.5112621359223302,0.3156327051208834,80
21992,1130,1614.04,94.16666666666667,134.50333333333333,12,95.69633158479942,278,15,0.01327433628318584,1.5270243902439025,0.3699739454806312,160
21993,1306,1859.85,100.46153846153847,143.0653846153846,13,111.65170202062558,378,21,0.016079632465543645,1.5254589371980676,0.359769569907603,151
22021,350,577.5,87.5,144.375,4,38.33623177448022,127,0,0.0,1.65,0.0,60
22023,1122,472.46999999999997,86.3076923076923,36.34384615384615,13,36.8473984051896,144,24,0.0213903743315508,0.4296470588235294,0.003908207282913166,71
22024,1764,730.8100000000001,135.69230769230768,56.21615384615385,13,60.10460966152349,258,36,0.02040816326530612,0.42852713178294577,0.005432969961240312,90
22025,1278,525.42,98.3076923076923,40.41692307692308,13,44.985895225401144,162,36,0.028169014084507043,0.4152272727272727,0.0002666144200626953,73
22026,1398,582.3,107.53846153846153,44.79230769230769,13,50.59910306289264,183,12,0.008583690987124463,0.4182,0.00010581818181818186,71
22027,3463,1446.8300000000002,266.38461538461536,111.2946153846154,13,98.9718297139296,399,72,0.020791221484262202,0.42441064638783266,0.0026568078251531066,180
22028,2495,1045.99,191.92307692307693,80.46076923076923,13,103.57723490103213,366,24,0.009619238476953907,0.4309677419354839,0.005467166521360068,124
22029,5545,2292.5,426.53846153846155,176.34615384615384,13,117.07235325829878,611,72,0.012984670874661857,0.4234683544303797,0.0032029146051532533,234
22030,3369,1407.39,280.75,117.28250000000001,12,97.86923093412129,426,60,0.017809439002671415,0.41921810699588474,0.0008427745468149503,179
22031,363,158.61,27.923076923076923,12.200769230769232,13,15.09117589002228,60,12,0.03305785123966942,0.47125,0.01897903225806452,28
22032,361,151.62,32.81818181818182,13.783636363636363,11,12.040084566299207,48,12,0.0332409972299169,0.42,0.0,28
22033,315,132.3,45.0,18.900000000000002,7,27.331300737432898,84,0,0.0,0.42000000000000004,0.0,20
22034,3,1.26,3.0,1.26,1,,3,0,0.0,0.42,,1
22035,1205,500.44,109.54545454545455,45.49454545454545,11,49.9747208823894,174,24,0.01991701244813278,0.42666666666666664,0.004031782945736431,65
22037,3414,1428.22,262.61538461538464,109.86307692307693,13,124.55958310619759,498,48,0.014059753954305799,0.42065891472868217,0.0007096808735257744,173
22038,475,199.5,52.77777777777778,22.166666666666668,9,26.352313834736496,100,0,0.0,0.42,0.0,19
22039,177,74.34,35.4,14.868,5,23.25510696599781,77,0,0.0,0.42,0.0,6
22040,702,294.84000000000003,63.81818181818182,26.803636363636368,11,36.336808285313616,127,0,0.0,0.42,0.0,27
22041,2276,5221.17,175.07692307692307,401.6284615384615,13,75.91932290098214,303,66,0.02899824253075571,2.492964824120603,0.19658156946347913,73
22042,360,151.2,51.42857142857143,21.599999999999998,7,19.242809417694556,72,0,0.0,0.42,0.0,24
22043,927,211.76999999999998,115.875,26.471249999999998,8,138.2414425147952,369,0,0.0,0.23674418604651162,0.008527242524916942,40
22044,702,174.78,117.0,29.13,6,124.34629065637624,360,0,0.0,0.2602777777777778,0.01154563492063492,35
22045,5163,2160.9,397.15384615384613,166.22307692307692,13,159.21675275854096,656,100,0.01936858415649816,0.4186407766990291,9.570447549135684e-05,148
22046,1889,791.22,145.30769230769232,60.863076923076925,13,53.72830510290427,206,50,0.026469031233456855,0.4189333333333333,8.533333333333323e-05,62
22047,2641,1103.28,203.15384615384616,84.86769230769231,13,92.50481622943221,352,50,0.01893222264293828,0.41790476190476183,0.00015326007326007314,93
22048,802,334.68,66.83333333333333,27.89,12,30.827476921300796,125,25,0.03117206982543641,0.4175,0.00019999999999999955,32
22049,789,208.79,197.25,52.1975,4,145.04338431425728,379,0,0.0,0.26419354838709674,0.011945161290322578,26
22050,1006,420.36,77.38461538461539,32.33538461538462,13,41.59635092476755,150,52,0.05168986083499006,0.418,0.00015999999999999982,37
22051,975,409.5,81.25,34.125,12,33.920026264998405,150,25,0.02564102564102564,0.42,0.0,36
22052,571,239.82,95.16666666666667,39.97,6,83.48752401806313,250,25,0.043782837127845885,0.42,0.0,22
22053,251,297.01,25.1,29.701,10,31.893747210246577,93,0,0.0,1.2261538461538461,0.008248615384615389,23
22055,1051,1389.6299999999999,80.84615384615384,106.89461538461538,13,64.92155029193073,260,2,0.0019029495718363464,1.4532876712328766,0.20329394426074632,102
22057,531,591.5699999999999,40.84615384615385,45.505384615384614,13,43.29712491195028,171,4,0.007532956685499058,1.2457142857142858,0.20533402597402595,46
22059,1475,1707.87,113.46153846153847,131.37461538461537,13,99.9805109213919,410,26,0.017627118644067796,1.2993150684931507,0.1660478034955125,85
22060,195,770.25,65.0,256.75,3,30.4138126514911,100,0,0.0,3.95,0.0,23
22061,200,693.6800000000001,100.0,346.84000000000003,2,103.23759005323593,173,0,0.0,3.1758823529411764,0.8673882352941176,16
22062,472,531.6800000000001,42.90909090909091,48.33454545454546,11,27.75771800942774,81,29,0.0614406779661017,1.164736842105263,0.6082646616541353,43
22063,459,986.8500000000001,35.30769230769231,75.91153846153847,13,39.96119912987391,155,4,0.008714596949891068,2.7042857142857146,0.4505886402753872,56
22064,1365,1995.75,105.0,153.51923076923077,13,55.180008457169826,217,2,0.0014652014652014652,1.6364705882352941,0.1807981204316046,85
22065,2508,1322.42,313.5,165.3025,8,383.27386702312117,1082,0,0.0,0.6191954022988505,0.1895288286492591,132
22066,1451,724.55,111.61538461538461,55.73461538461538,13,79.09650061953695,296,0,0.0,0.6193333333333333,0.31138388059701505,99
22067,367,545.97,28.23076923076923,41.99769230769231,13,16.037216332403442,57,2,0.005449591280653951,1.51734693877551,0.1482448979591836,32
22068,375,461.25,31.25,38.4375,12,33.60499151235504,125,0,0.0,1.4195121951219511,0.24021951219512191,56
22069,197,229.29000000000002,17.90909090909091,20.844545454545457,11,22.64267892920158,76,0,0.0,1.417894736842105,0.245027880512091,26
22070,546,1758.6399999999999,42.0,135.28,13,51.32575701666107,192,36,0.06593406593406594,3.895882352941176,1.4855054621848736,62
22071,375,1066.52,31.25,88.87666666666667,12,49.14010581999188,181,0,0.0,3.628243243243243,0.6736475564605704,64
22072,798,2507.94,61.38461538461539,192.91846153846154,13,48.88854409357824,196,7,0.008771929824561403,3.4602097902097904,0.6233062937062934,90
22073,287,1029.81,47.833333333333336,171.635,6,35.35769600336915,86,12,0.041811846689895474,3.7040425531914893,0.014746345975948174,38
22074,820,697.34,68.33333333333333,58.11166666666667,12,76.01355540994388,218,12,0.014634146341463415,1.2107894736842104,0.3622047017543859,61
22075,1028,1389.44,114.22222222222223,154.38222222222223,9,123.35191301493644,345,37,0.03599221789883268,1.5267213114754097,0.5238370952445467,96
22076,1013,1294.53,77.92307692307692,99.57923076923076,13,75.86771550804899,305,24,0.023692003948667325,1.4291150442477873,0.19471706700379268,96
22077,7190,12695.54,553.0769230769231,976.58,13,222.68567591205831,995,104,0.014464534075104311,1.7792577597840753,0.0584120159025422,413
22078,916,1896.6,83.27272727272727,172.4181818181818,11,50.08610767286855,140,11,0.012008733624454149,2.0932432432432435,0.0016547159404302215,105
22079,1532,2548.64,117.84615384615384,196.04923076923075,13,71.54118412244115,298,25,0.016318537859007835,1.6994736842105262,0.0806569904938558,190
22080,905,1482.45,113.125,185.30625,8,77.55815790194386,211,35,0.03867403314917127,1.6468749999999999,0.0006200787401574806,116
22081,585,978.37,45.0,75.25923076923077,13,23.409399821439248,96,10,0.017094017094017096,1.741111111111111,0.14270661672908866,74
22082,2300,3820.28,176.92307692307693,293.8676923076923,13,79.64029710565451,376,50,0.021739130434782608,1.6825882352941175,0.05470832552490018,250
22083,3599,10232.210000000001,276.84615384615387,787.093076923077,13,99.27977819764888,541,20,0.005557099194220617,2.9541348314606743,0.1226711529507035,294
22084,3452,9740.6,313.8181818181818,885.5090909090909,11,481.4135058724086,1415,93,0.02694090382387022,2.9068421052631583,0.015441188723788373,277
22085,415,1181.0500000000002,31.923076923076923,90.85000000000001,13,20.266810053473876,64,6,0.014457831325301205,2.9283783783783788,0.008293224731580907,62
22086,9492,27018.84,791.0,2251.57,12,1021.6905776034329,3272,170,0.017909818794774546,2.9369990029910267,0.1336016636716597,613
22087,2804,7775.000000000001,350.5,971.8750000000001,8,243.9818494420084,795,6,0.0021398002853067048,2.8797709923664123,0.023248223216635985,155
22088,1384,3882.4,173.0,485.3,8,125.95804290091431,394,6,0.004335260115606936,2.905555555555556,0.015895424836601352,115
22089,1098,3163.5000000000005,84.46153846153847,243.34615384615387,13,58.65096672209162,211,6,0.00546448087431694,2.934615384615385,0.005949851253718679,142
22090,5055,14137.49,388.84615384615387,1087.4992307692307,13,213.55672398445887,861,38,0.00751730959446093,2.9045359019264447,0.03229009125265004,325
22091,1244,618.98,95.6923076923077,47.613846153846154,13,108.01881365097519,296,0,0.0,0.5529230769230769,0.15210301729278475,97
22092,549,265.65999999999997,49.90909090909091,24.15090909090909,11,45.50923982106171,127,0,0.0,0.5076136363636364,0.08803217084639503,75
22093,1193,552.81,99.41666666666667,46.067499999999995,12,97.26856759726773,264,5,0.004191114836546521,0.5210967741935484,0.12771762044407198,114
22094,1298,623.32,99.84615384615384,47.947692307692314,13,106.61132378398815,322,3,0.0023112480739599386,0.5692567567567568,0.1567661104982533,117
22095,758,527.8,58.30769230769231,40.599999999999994,13,53.7918590733217,169,0,0.0,0.6488990825688074,0.15565618416581714,72
22096,637,280.95,53.083333333333336,23.412499999999998,12,63.396957674830446,196,0,0.0,0.5224778761061947,0.11960451959544884,89
22097,803,383.69,61.76923076923077,29.514615384615386,13,65.77759730859974,170,0,0.0,0.5312857142857143,0.10227459403905446,103
22098,1091,573.12,83.92307692307692,44.08615384615385,13,81.0817093415253,224,2,0.0018331805682859762,0.6672483221476511,0.24727683656811167,98
22099,886,489.72999999999996,68.15384615384616,37.67153846153846,13,68.44443750693716,212,2,0.002257336343115124,0.6066929133858268,0.19913183352080985,96
22100,394,174.29999999999998,35.81818181818182,15.845454545454544,11,40.70090461357876,135,0,0.0,0.6389473684210527,0.15623129445234707,34
22101,225,366.66,20.454545454545453,33.332727272727276,11,20.75747400992537,76,0,0.0,1.9366666666666668,0.2318666666666667,21
22102,147,174.51,14.7,17.451,10,16.96434168745987,54,0,0.0,1.51,0.16602352941176468,13
22103,181,219.81,22.625,27.47625,8,21.48712238926908,66,0,0.0,1.4553333333333331,0.1919123809523809,12
22104,82,91.08999999999999,16.4,18.217999999999996,5,15.372052563011877,41,0,0.0,1.3641666666666667,0.0884083333333333,9
22105,80,161.8,11.428571428571429,23.114285714285717,7,18.89318345203849,54,0,0.0,3.59,1.936,9
22106,100,352.40000000000003,14.285714285714286,50.34285714285715,7,20.83838034104607,60,0,0.0,5.566666666666666,4.205151515151516,9
22107,291,962.48,22.384615384615383,74.03692307692307,13,21.5775286719713,62,0,0.0,3.5616666666666665,0.9186647887323944,44
22108,101,246.53,11.222222222222221,27.392222222222223,9,9.175753072333869,31,0,0.0,2.855,1.1073666666666666,16
22109,1117,4061.07,85.92307692307692,312.39,13,61.99524382087917,197,0,0.0,3.837515527950311,0.6212025388198756,100
22110,608,1543.1599999999999,50.666666666666664,128.59666666666666,12,63.62865754207031,223,33,0.054276315789473686,2.5775308641975307,0.1502348592899318,116
22111,3359,15866.7,258.38461538461536,1220.5153846153846,13,278.60232664185776,795,26,0.007740398928252456,4.902571860816944,0.031190345206986922,425
22112,4479,20717.85,344.53846153846155,1593.680769230769,13,393.35090682167737,1282,62,0.013842375530252289,4.864609929078014,0.05255613313990966,381
22113,2721,10683.949999999999,209.30769230769232,821.8423076923076,13,211.88455371396023,617,29,0.01065784638000735,4.03241054613936,0.1349873858508334,337
22114,3103,12570.25,387.875,1571.28125,8,371.5140595301495,1041,49,0.015791169835642927,4.165098039215686,0.03723722023190415,324
22115,1330,1576.46,102.3076923076923,121.26615384615386,13,89.60690506817785,268,11,0.008270676691729323,1.5037297297297296,1.1112039482961227,152
22116,484,476.8,40.333333333333336,39.733333333333334,12,34.022274343658324,90,14,0.028925619834710745,1.2240000000000002,0.6881298876404496,65
22117,354,856.65,27.23076923076923,65.89615384615385,13,25.93309933320044,88,4,0.011299435028248588,2.785416666666667,0.3478477112676057,58
22118,216,731.0,19.636363636363637,66.45454545454545,11,25.338795264466413,88,8,0.037037037037037035,4.172077922077922,2.2754272043745725,66
22119,340,1671.4,26.153846153846153,128.56923076923078,13,34.43313848084466,134,3,0.008823529411764706,6.010194174757282,3.775556824671617,81
22121,308,1775.6000000000001,28.0,161.41818181818184,11,24.831431694527804,82,0,0.0,5.914285714285714,0.01673101673101676,93
22123,442,793.5999999999999,36.833333333333336,66.13333333333333,12,27.272474746305637,106,3,0.006787330316742082,2.1576712328767123,1.4654625570776256,59
22124,78,127.42000000000002,11.142857142857142,18.202857142857145,7,16.52703413026237,48,0,0.0,2.2886956521739132,0.7013845849802371,14
22125,4,23.8,4.0,23.8,1,,4,0,0.0,5.95,,1
22127,300,369.87,75.0,92.4675,4,24.73863375370596,108,0,0.0,1.2409523809523808,0.0017190476190476172,20
22128,1081,1326.17,90.08333333333333,110.51416666666667,12,54.323037693435595,228,6,0.005550416281221091,1.2368055555555555,0.002365708137715178,62
22129,539,457.38,44.916666666666664,38.115,12,35.755376794224524,123,0,0.0,0.9697222222222222,0.20936849206349206,33
22130,1262,1069.19,126.2,106.91900000000001,10,117.16825508643542,294,12,0.009508716323296355,0.8485714285714285,0.0001857142857142857,78
22131,1002,1903.4199999999998,77.07692307692308,146.41692307692307,13,40.88084624544347,158,11,0.010978043912175649,2.0398378378378377,0.22923095182138678,115
22132,722,609.8,55.53846153846154,46.9076923076923,13,53.66813981096448,211,0,0.0,0.8562650602409638,0.007791977666764608,60
22133,546,462.15,45.5,38.512499999999996,12,30.470552102883623,112,6,0.01098901098901099,0.8738333333333334,0.020332514124293783,41
22134,354,151.98,27.23076923076923,11.69076923076923,13,23.19178678668322,84,0,0.0,0.4628571428571428,0.016533506493506496,29
22135,261,114.54,20.076923076923077,8.810769230769232,13,12.154982095568457,46,0,0.0,0.46270833333333333,0.016020168439716306,22
22136,264,430.2,24.0,39.10909090909091,11,22.512218904408336,78,0,0.0,1.646153846153846,0.0007692307692307683,37
22137,68,191.00000000000003,11.333333333333334,31.83333333333334,6,9.352361555600098,25,0,0.0,2.913636363636364,0.014545454545454584,9
22138,3858,18351.45,296.7692307692308,1411.65,13,239.20045772188433,991,43,0.011145671332296526,4.913813459268004,0.02420021575244012,580
22139,3939,18763.75,303.0,1443.3653846153845,13,175.40286960784496,748,29,0.007362274689007363,4.912976629766297,0.024575857827543925,487
22141,2119,4413.43,264.875,551.67875,8,282.39406989929114,756,35,0.01651722510618216,2.1466197183098594,0.11687837192647418,256
22142,2640,3794.64,377.14285714285717,542.0914285714285,7,354.8710698133566,888,26,0.009848484848484848,1.4966666666666666,0.10254508611955418,259
22144,2914,6098.7,323.77777777777777,677.6333333333333,9,360.7491433731263,988,35,0.012010981468771447,2.148,0.1259172027972029,319
22145,27,56.7,27.0,56.7,1,,27,0,0.0,2.1,,1
22146,1,1.95,1.0,1.95,1,,1,0,0.0,1.95,,1
22147,3729,5313.25,286.84615384615387,408.71153846153845,13,172.3870867910578,620,17,0.004558862965942612,1.464311111111111,0.04708560455332834,287
22148,1402,2677.2,127.45454545454545,243.38181818181818,11,190.9902424923135,557,4,0.0028530670470756064,1.9370370370370371,0.0037439613526570074,148
22149,3238,6650.6900000000005,269.8333333333333,554.2241666666667,12,101.1127483494929,408,37,0.011426806670784434,2.103468950749465,0.038847597209840906,337
22150,2537,4835.75,195.15384615384616,371.9807692307692,13,81.70153625018946,371,26,0.010248324793062672,1.9642857142857142,0.06224479717813043,288
22151,5763,2411.91,443.3076923076923,185.53153846153845,13,107.30981984840638,594,106,0.018393197987159465,0.42983108108108103,0.014938615437471346,174
22152,1603,677.69,123.3076923076923,52.13,13,105.44223111526094,359,30,0.018714909544603867,0.4318556701030928,0.015146520618556696,70
22153,1280,534.36,142.22222222222223,59.373333333333335,9,129.76881152435837,364,1,0.00078125,0.4186813186813187,7.824175824175818e-05,61
22154,1833,768.24,229.125,96.03,8,202.3670198285425,633,0,0.0,0.4194782608695652,3.1304347826086954e-05,87
22155,1220,512.4,152.5,64.05,8,128.75336334025832,341,0,0.0,0.42,0.0,67
22156,1600,1354.4099999999999,123.07692307692308,104.1853846153846,13,51.79681704902586,201,21,0.013125,0.86656050955414,0.015757324840764322,106
22157,170,144.5,85.0,72.25,2,38.18376618407357,112,25,0.14705882352941177,0.85,0.0,11
22158,2106,6109.660000000001,175.5,509.1383333333334,12,221.75026903745083,661,16,0.007597340930674264,2.9765648854961833,0.12964562604194105,196
22161,2902,614.64,241.83333333333334,51.22,12,241.03520426894013,715,0,0.0,0.23141176470588237,0.017934089801601123,118
22162,106,312.70000000000005,9.636363636363637,28.427272727272733,11,6.265344799334308,25,0,0.0,2.95,0.0,21
22163,605,564.35,55.0,51.304545454545455,11,94.74597616785631,254,24,0.03966942148760331,1.3829411764705883,0.9477571764705881,41
22164,71,209.45000000000005,14.2,41.89000000000001,5,14.463747785411636,37,0,0.0,2.9500000000000006,0.0,11
22165,95,375.25000000000006,47.5,187.62500000000003,2,33.23401871576773,71,0,0.0,3.95,0.0,10
22166,27,79.65,27.0,79.65,1,,27,0,0.0,2.95,,1
22167,24,94.8,24.0,94.8,1,,24,0,0.0,3.95,,1
22169,43,242.51999999999998,43.0,242.51999999999998,1,,43,0,0.0,5.64,0.0,1
22170,915,5853.18,70.38461538461539,450.24461538461543,13,18.68394346998897,98,19,0.020765027322404372,6.658738738738739,0.09061016672781382,141
22171,211,1266.36,42.2,253.272,5,23.910248848558645,79,0,0.0,6.01375,0.14311250000000011,2
22173,1968,5787.04,164.0,482.25333333333333,12,55.179047406848845,249,64,0.032520325203252036,3.067294117647059,0.14243513447857029,210
22174,1521,2507.45,117.0,192.8807692307692,13,98.27342808036498,327,0,0.0,1.728081395348837,0.17469395824833406,104
22175,680,1973.6000000000004,52.30769230769231,151.81538461538463,13,45.29051522372835,167,20,0.029411764705882353,2.9413669064748205,0.0034031904910854145,84
22176,467,1366.8500000000001,42.45454545454545,124.25909090909092,11,29.354262506026743,117,2,0.004282655246252677,2.946,0.0016000000000000046,62
22178,11867,16495.68,912.8461538461538,1268.8984615384616,13,266.55326114238596,1458,246,0.02072975478216904,1.4308302808302806,0.11448659585456654,403
22179,728,4698.0,56.0,361.38461538461536,13,29.017236257093817,98,8,0.01098901098901099,6.696666666666667,0.04004469273743023,97
22181,475,400.24,43.18181818181818,36.38545454545454,11,27.25369032559878,104,45,0.09473684210526316,0.8471739130434782,0.00036739130434782587,40
22182,204,713.8000000000001,25.5,89.22500000000001,8,26.49528259898354,80,2,0.00980392156862745,4.436111111111112,1.684087301587302,30
22183,74,466.95,9.25,58.36875,8,8.396427811873332,21,0,0.0,6.435294117647059,0.8536764705882354,16
22185,1210,1772.6,93.07692307692308,136.35384615384615,13,54.64653319052902,209,29,0.023966942148760332,1.5909375,0.19870147637795282,111
22186,771,1652.69,85.66666666666667,183.63222222222223,9,113.84638773364749,271,3,0.0038910505836575876,2.3194117647058823,0.6025682951146561,111
22187,1073,2297.05,119.22222222222223,255.2277777777778,9,185.8774984887747,504,5,0.004659832246039142,2.4003496503496504,0.8388555106864969,122
22188,1009,3267.1800000000003,77.61538461538461,251.3215384615385,13,41.28869591372934,200,7,0.006937561942517344,3.770666666666667,0.24131723577235745,122
22189,2625,9345.01,201.92307692307693,718.8469230769231,13,47.38224269783906,264,33,0.012571428571428572,3.8565265486725666,0.12599699929360522,273
22190,437,612.1800000000001,36.416666666666664,51.01500000000001,12,31.34110960886917,94,0,0.0,1.8186538461538464,0.44172168174962295,38
22195,1559,2632.07,119.92307692307692,202.46692307692308,13,67.32441550490374,233,5,0.003207184092366902,1.7356888888888888,0.13706749206349206,148
22196,2069,1779.7099999999998,159.15384615384616,136.9007692307692,13,62.17696003323385,244,9,0.0043499275012083135,0.8705533596837944,0.01661001003827091,146
22197,15615,12830.88,1201.1538461538462,986.9907692307692,13,650.023184990844,3138,231,0.014793467819404419,0.8392075471698113,0.008660561227216833,407
22198,652,1043.3999999999999,217.33333333333334,347.79999999999995,3,271.3712094775961,527,2,0.003067484662576687,1.6273584905660377,0.004092888243831638,42
22199,383,1327.25,29.46153846153846,102.09615384615384,13,21.99475461943667,88,8,0.020887728459530026,3.8010204081632653,1.105617504733852,71
22200,304,1122.5,23.384615384615383,86.34615384615384,13,16.013215695889347,62,0,0.0,3.8289473684210527,1.033684210526316,50
22201,108,366.0,8.307692307692308,28.153846153846153,13,8.854232654354409,27,0,0.0,3.7875,1.1716346153846153,29
22202,39,146.25,7.8,29.25,5,8.555699854482976,19,0,0.0,3.75,0.0,16
22203,310,996.13,23.846153846153847,76.62538461538462,13,17.577666482623883,71,0,0.0,3.556813186813187,0.9625775091575095,75
22204,96,302.5,8.0,25.208333333333332,12,6.105139414683933,23,8,0.08333333333333333,3.346774193548387,0.8736559139784946,23
22207,852,3360.0,65.53846153846153,258.46153846153845,13,26.288829644975902,114,24,0.028169014084507043,4.145238095238096,0.041804029304029384,67
22208,1220,1163.8100000000002,93.84615384615384,89.52384615384616,13,90.00911634740686,334,18,0.014754098360655738,0.9914146341463413,0.16740828311812533,148
22209,787,771.2800000000001,60.53846153846154,59.329230769230776,13,43.86269368650194,143,20,0.025412960609911054,0.9953278688524589,0.14560856929955293,100
22210,784,714.6700000000001,65.33333333333333,59.55583333333334,12,68.10597802266876,237,23,0.029336734693877552,0.9662837837837838,0.17872963320463311,117
22211,740,741.6300000000001,56.92307692307692,57.048461538461545,13,51.53229010122608,192,14,0.01891891891891892,0.9824427480916029,0.13554629477392843,101
22212,1296,2700.84,99.6923076923077,207.7569230769231,13,40.76637629097583,191,26,0.020061728395061727,2.1098449612403103,0.03464433384610749,145
22214,114,246.7,9.5,20.558333333333334,12,10.613028014490665,35,0,0.0,2.3823809523809523,0.2802590476190475,18
22215,90,265.50000000000006,90.0,265.50000000000006,1,,90,0,0.0,2.95,0.0,17
22216,306,176.22,34.0,19.58,9,46.33573135281238,149,0,0.0,0.7144999999999999,0.11261552631578946,17
22217,612,541.4,47.07692307692308,41.646153846153844,13,68.54130328794643,266,6,0.00980392156862745,0.9946875000000001,0.15683482142857144,63
22218,1,4.25,1.0,4.25,1,,1,0,0.0,4.25,,1
22219,2775,2347.44,213.46153846153845,180.5723076923077,13,83.47216640355371,357,12,0.004324324324324324,0.86096875,0.010210030368338556,190
22220,85,250.75000000000003,85.0,250.75000000000003,1,,85,0,0.0,2.95,0.0,16
22221,36,106.20000000000002,36.0,106.20000000000002,1,,36,0,0.0,2.95,0.0,5
22222,779,2407.95,59.92307692307692,185.22692307692307,13,74.38577545299631,224,12,0.01540436456996149,4.307046979865772,1.4821966261563575,104
22223,315,902.85,26.25,75.2375,12,36.41958763682483,111,0,0.0,4.096511627906977,1.8373089700996676,34
22224,682,1957.9,52.46153846153846,150.6076923076923,13,26.927728535889617,108,0,0.0,2.9051724137931036,0.016059970014992535,89
22227,1864,1210.7,143.3846153846154,93.13076923076923,13,58.55131433414975,267,32,0.017167381974248927,0.6648351648351648,0.009889199198591466,83
22228,821,581.47,68.41666666666667,48.45583333333334,12,66.62030584975689,196,24,0.029232643118148598,0.6966666666666665,0.04753333333333333,81
22229,495,334.27,41.25,27.855833333333333,12,40.60032467402648,135,0,0.0,0.6703125,0.051168154761904776,54
22230,531,241.91,40.84615384615385,18.608461538461537,13,40.36055449290011,108,0,0.0,0.5484615384615384,0.07915384615384619,50
22231,813,781.53,62.53846153846154,60.11769230769231,13,37.295253014772506,123,0,0.0,0.9371559633027522,0.17968535507985042,93
22232,588,475.18,45.23076923076923,36.55230769230769,13,31.98737731812828,101,0,0.0,0.9027868852459016,0.2376137704918032,54
22233,519,502.31000000000006,39.92307692307692,38.63923076923077,13,35.61942713946407,123,12,0.023121387283236993,1.02725,0.2757442405063291,70
22241,1501,1865.99,125.08333333333333,155.49916666666667,12,203.87717261908338,643,18,0.011992005329780146,1.2477245508982036,0.00042973089964649014,125
22242,319,510.15,106.33333333333333,170.04999999999998,3,55.536774603260255,167,0,0.0,1.6277777777777775,0.004102564102564101,23
22243,1026,1641.8999999999999,85.5,136.825,12,72.1280427119338,225,16,0.015594541910331383,1.6318181818181818,0.0033361134278565474,71
22244,899,1697.25,89.9,169.725,10,38.001315766694184,149,0,0.0,1.924736842105263,0.007014557670772667,66
22245,713,595.91,79.22222222222223,66.21222222222222,9,74.79936125692815,209,12,0.016830294530154277,0.8431578947368421,0.000857706766917295,44
22246,278,555.18,34.75,69.3975,8,13.84351317920625,53,0,0.0,2.192222222222222,0.48278349206349214,31
22247,478,402.79,79.66666666666667,67.13166666666667,6,75.42325017305119,205,16,0.03347280334728033,0.8477966101694915,0.0002864406779661017,54
22248,377,316.94,53.857142857142854,45.277142857142856,7,56.75217637949688,166,0,0.0,0.8471739130434782,0.000367391304347826,43
22249,624,526.89,78.0,65.86125,8,92.1101824679862,272,6,0.009615384615384616,0.8483333333333334,0.00021666666666666674,73
22250,437,367.94,62.42857142857143,52.56285714285714,7,61.78148898296626,144,16,0.036613272311212815,0.8477586206896552,0.0002913793103448276,57
22251,518,642.94,47.09090909090909,58.44909090909091,11,60.58622705773078,165,3,0.005791505791505791,1.2474324324324324,0.00048783783783783603,66
22252,535,647.09,41.15384615384615,49.776153846153846,13,24.224113860112453,82,0,0.0,1.236231884057971,0.002462063086104007,48
22254,429,531.12,35.75,44.26,12,30.009468202855274,79,0,0.0,1.2453658536585366,0.0008804878048780492,33
22255,482,409.7,37.07692307692308,31.515384615384615,13,30.890833425849646,96,27,0.056016597510373446,0.85,0.0,33
22256,257,321.25,51.4,64.25,5,51.3741179972951,133,12,0.04669260700389105,1.25,0.0,32
22257,145,136.43,24.166666666666668,22.738333333333333,6,13.347908700117284,39,0,0.0,1.1577777777777778,0.07204183006535947,16
22258,425,419.2,60.714285714285715,59.885714285714286,7,47.21833784210779,135,0,0.0,1.1347222222222222,0.08474563492063492,35
22259,204,165.36,40.8,33.072,5,37.85762802923606,83,0,0.0,1.0547058823529412,0.1317014705882353,16
22260,389,333.77,43.22222222222222,37.08555555555555,9,51.273233216215694,159,35,0.08997429305912596,0.9124,0.045692081632653016,37
22261,505,434.71,50.5,43.471,10,69.56411910364902,190,26,0.05148514851485148,0.8927397260273973,0.03194794520547943,61
22262,839,716.2699999999999,69.91666666666667,59.68916666666666,12,80.22520385348567,278,6,0.007151370679380214,0.866421052631579,0.012672161254199319,62
22263,171,95.00999999999999,28.5,15.834999999999999,6,23.424346308915432,70,0,0.0,0.868,0.1645010526315789,14
22264,665,351.40999999999997,133.0,70.282,5,108.96100219803415,319,0,0.0,0.6614285714285714,0.0910662020905923,38
22265,489,317.85,48.9,31.785000000000004,10,49.210319604281736,155,0,0.0,0.65,0.0,42
22266,843,342.78999999999996,70.25,28.56583333333333,12,45.30929063869592,189,1,0.0011862396204033216,0.46058823529411763,0.05186274509803922,69
22267,645,537.1,53.75,44.75833333333333,12,39.20140303611594,128,0,0.0,0.9683116883116883,0.1633721120984279,67
22268,1059,455.1,96.27272727272727,41.372727272727275,11,59.381968490596385,207,12,0.0113314447592068,0.5686868686868687,0.10691356421356421,73
22269,767,492.01,59.0,37.846923076923076,13,54.1894823743501,205,4,0.005215123859191656,0.9270454545454545,0.34604864158829685,62
22270,189,699.03,21.0,77.67,9,23.189437250610464,65,4,0.021164021164021163,3.7418181818181817,0.002945454545454546,35
22271,1453,4204.870000000001,121.08333333333333,350.4058333333334,12,59.61918290027942,259,6,0.0041293874741913286,2.967519379844961,0.10006853075136489,181
22272,173,499.55,28.833333333333332,83.25833333333334,6,13.58553151947566,44,0,0.0,2.9414893617021276,0.003404255319148948,43
22273,1695,4860.540000000001,130.3846153846154,373.88769230769236,13,87.54383517371784,325,28,0.016519174041297935,2.9673220338983053,0.11849110342442042,211
22274,1141,3321.3500000000004,87.76923076923077,255.48846153846156,13,58.99456732919545,242,21,0.018404907975460124,2.988787878787879,0.14293417654808963,168
22276,244,622.1999999999999,18.76923076923077,47.86153846153846,13,17.205395695119627,65,5,0.020491803278688523,2.55,0.0,53
22277,273,574.67,21.0,44.20538461538461,13,15.695009822658072,53,0,0.0,2.224920634920635,0.25101571940604195,54
22278,243,1202.8500000000001,20.25,100.23750000000001,12,12.728814841638922,46,7,0.02880658436213992,4.95,0.0,59
22279,384,476.08000000000004,34.90909090909091,43.28,11,34.538252837845015,112,3,0.0078125,1.27125,0.03145797872340424,43
22280,176,223.63,16.0,20.33,11,15.264337522473747,48,3,0.017045454545454544,1.3670967741935485,0.1322412903225806,26
22281,108,642.6,18.0,107.10000000000001,6,16.334013591276335,42,0,0.0,5.95,0.0,35
22284,841,1387.65,64.6923076923077,106.7423076923077,13,74.7277108523389,273,14,0.016646848989298454,1.65,0.0,78
22285,812,1339.8,62.46153846153846,103.06153846153846,13,69.76820596878326,255,16,0.019704433497536946,1.65,0.0,74
22286,821,744.8100000000001,68.41666666666667,62.0675,12,42.85802849012779,125,0,0.0,1.0917721518987342,0.39677117818889973,64
22287,613,578.01,55.72727272727273,52.54636363636364,11,41.49961664664123,123,0,0.0,1.141578947368421,0.38894210526315787,51
22288,431,538.75,61.57142857142857,76.96428571428571,7,71.39761233836218,210,0,0.0,1.25,0.0,37
22289,122,152.5,20.333333333333332,25.416666666666668,6,37.23797345005051,96,0,0.0,1.25,0.0,19
22291,1173,1700.85,106.63636363636364,154.62272727272727,11,110.62574088092946,387,18,0.015345268542199489,1.45,0.0,72
22292,803,1158.9499999999998,66.91666666666667,96.57916666666665,12,87.8060448668058,273,4,0.0049813200498132005,1.4478260869565216,0.00043478260869565165,76
22293,796,1154.1999999999998,72.36363636363636,104.92727272727271,11,74.79207541882057,274,4,0.005025125628140704,1.45,0.0,63
22294,4096,5091.5,315.0769230769231,391.65384615384613,13,123.61193411807072,522,77,0.018798828125,1.245511811023622,0.0008359030220036698,162
22295,2224,3653.52,171.07692307692307,281.04,13,76.55113926700844,296,15,0.006744604316546762,1.6691627906976745,0.03808340795479254,155
22296,2634,4331.9800000000005,202.6153846153846,333.2292307692308,13,61.445827715067395,285,50,0.018982536066818528,1.6588888888888889,0.01984588329336532,189
22297,3010,3747.96,231.53846153846155,288.3046153846154,13,99.84622792459027,453,72,0.023920265780730896,1.257345132743363,0.01360180924287118,157
22299,953,981.41,86.63636363636364,89.21909090909091,11,84.64900794134888,271,54,0.05666316894018888,1.0452380952380953,0.1374401858304297,38
22300,1013,2520.2400000000002,77.92307692307692,193.8646153846154,13,26.515597731843105,121,12,0.011846001974333662,2.5337062937062935,0.01698546242489902,100
22301,1372,3350.64,105.53846153846153,257.7415384615384,13,31.074146232882473,146,40,0.029154518950437316,2.5197237569060773,0.020563812154696114,123
22302,1711,4144.6,131.6153846153846,318.81538461538463,13,51.582520394571745,243,24,0.014026884862653419,2.5197905759162302,0.056401008542298056,134
22303,2116,5140.900000000001,162.76923076923077,395.4538461538462,13,67.47858159711846,253,42,0.01984877126654064,2.5190434782608695,0.04924711600531604,155
22304,324,780.26,27.0,65.02166666666666,12,15.297058540778355,60,2,0.006172839506172839,2.6125531914893614,0.2973846438482887,38
22305,306,765.64,23.53846153846154,58.895384615384614,13,14.321402309221122,54,2,0.006535947712418301,2.693863636363636,0.39345681818181844,35
22306,1039,1193.0400000000002,115.44444444444444,132.56000000000003,9,141.00453105406854,355,0,0.0,1.1482178217821781,0.05503879207920793,85
22307,693,792.14,115.5,132.02333333333334,6,99.9614925858953,280,0,0.0,1.162741935483871,0.0640464569011105,53
22308,122,308.59,10.166666666666666,25.715833333333332,12,10.302985739654071,34,0,0.0,2.8052777777777775,0.6025399206349205,27
22309,246,610.23,20.5,50.8525,12,21.466676077543582,78,0,0.0,2.647384615384615,0.26895086538461566,48
22310,353,581.89,35.3,58.189,10,31.24117653212041,92,1,0.0028328611898017,1.7896226415094338,0.2418229317851959,29
22311,485,1471.3500000000001,37.30769230769231,113.18076923076924,13,31.116406753202874,114,0,0.0,3.159684210526316,0.6539137290033598,61
22312,499,1443.19,38.38461538461539,111.01461538461538,13,37.46896151380603,119,3,0.006012024048096192,3.016595744680851,0.43565065202470826,61
22313,325,901.4900000000001,25.0,69.34538461538463,13,24.556058315617353,71,1,0.003076923076923077,2.8417857142857144,0.40036038961038967,41
22314,507,1404.5900000000001,39.0,108.04538461538462,13,38.550832243502434,133,1,0.0019723865877712033,3.0390526315789477,1.1466703695408735,58
22315,543,668.49,41.76923076923077,51.42230769230769,13,18.868641737699114,72,13,0.02394106813996317,1.2468333333333335,0.0005966106442577027,90
22316,238,282.11,19.833333333333332,23.50916666666667,12,16.58495119259041,53,1,0.004201680672268907,1.2360975609756097,0.0025093902439024423,28
22317,171,503.37000000000006,15.545454545454545,45.760909090909095,11,8.95950485644867,30,6,0.03508771929824561,3.0751282051282054,0.4168572199730094,35
22318,396,1161.0000000000002,30.46153846153846,89.30769230769232,13,16.671409581553007,57,9,0.022727272727272728,2.941111111111111,0.0035156054931335806,67
22319,980,503.14000000000004,75.38461538461539,38.70307692307693,13,70.74783678852951,291,12,0.012244897959183673,0.5670491803278689,0.03179781420765028,53
22320,181,1076.95,13.923076923076923,82.8423076923077,13,10.428019454507636,40,6,0.03314917127071823,5.95,0.0,55
22321,736,625.6,61.333333333333336,52.13333333333333,12,48.11035294618052,186,36,0.04891304347826087,0.85,0.0,45
22322,390,331.5,43.333333333333336,36.833333333333336,9,56.049085630365106,170,36,0.09230769230769231,0.85,0.0,30
22323,1,1.95,1.0,1.95,1,,1,0,0.0,1.95,,1
22324,207,421.71,17.25,35.1425,12,17.669310837000562,58,0,0.0,2.4486666666666665,0.892991264367816,20
22325,152,750.3,12.666666666666666,62.525,12,8.326663997864532,31,12,0.07894736842105263,4.93793103448276,0.008448275862068956,49
22326,4892,13975.520000000002,376.3076923076923,1075.0400000000002,13,117.27772210681833,597,63,0.012878168438266557,2.9354362416107382,0.05201745643223734,281
22327,689,1989.3500000000001,53.0,153.02692307692308,13,26.92582403567252,103,2,0.002902757619738752,2.9403030303030304,0.0038078344419807727,106
22328,3484,9939.84,268.0,764.603076923077,13,84.25655266308175,400,6,0.001722158438576349,2.927527114967462,0.028506045458832386,227
22329,1074,1728.8999999999999,82.61538461538461,132.9923076923077,13,63.28446157567494,193,16,0.0148975791433892,1.6394736842105262,0.0020076681770651796,103
22331,1227,1966.31,94.38461538461539,151.2546153846154,13,50.5363540129586,187,35,0.02852485737571312,1.656153846153846,0.041223835319609964,101
22332,801,1300.05,61.61538461538461,100.00384615384615,13,32.971044017284974,120,24,0.0299625468164794,1.6438461538461537,0.0012021466905187859,92
22333,2883,4555.03,221.76923076923077,350.38692307692304,13,101.51777664211808,359,77,0.026708289975719737,1.634,0.025390631970260206,167
22334,594,970.9399999999999,45.69230769230769,74.6876923076923,13,26.781164448745862,90,19,0.03198653198653199,1.663478260869565,0.03025150501672241,77
22335,1316,844.3,101.23076923076923,64.94615384615385,13,39.17302185210685,141,14,0.010638297872340425,0.66015625,0.008793676181102356,88
22336,801,282.89,72.81818181818181,25.717272727272725,11,108.06832855357594,317,0,0.0,0.44461538461538463,0.052613574660633496,47
22337,369,237.15,61.5,39.525,6,48.73089369178447,126,0,0.0,0.6870370370370371,0.02703703703703704,24
22338,1799,473.51,257.0,67.64428571428572,7,254.8300086986094,656,0,0.0,0.3158333333333333,0.07446988795518208,94
22339,849,202.87,169.8,40.574,5,158.46040514904664,415,0,0.0,0.26854545454545453,0.05340525252525253,44
22340,971,421.65,194.2,84.33,5,195.9609655007854,509,24,0.024716786817713696,0.44868852459016395,0.06814491803278687,53
22341,384,642.1999999999999,29.53846153846154,49.39999999999999,13,21.250942663857618,79,0,0.0,1.8002439024390244,0.24782243902439025,37
22342,791,736.05,65.91666666666667,61.3375,12,40.1507575686105,146,36,0.045512010113780026,0.9826923076923078,0.1461651583710407,49
22343,1120,537.79,86.15384615384616,41.36846153846154,13,72.46015704491923,267,24,0.02142857142857143,0.5561904761904761,0.10227557603686634,48
22344,698,302.0,63.45454545454545,27.454545454545453,11,64.61635030913405,216,8,0.011461318051575931,0.5860869565217391,0.12783323671497587,34
22345,621,247.17,47.76923076923077,19.013076923076923,13,61.150298236059115,192,2,0.00322061191626409,0.5490697674418604,0.106665780730897,29
22346,507,209.76,50.7,20.976,10,47.7936536930724,138,2,0.0039447731755424065,0.5551515151515152,0.14037575757575754,23
22348,2727,2322.24,209.76923076923077,178.63384615384615,13,86.28456200865622,400,71,0.026035936927026035,0.866692607003891,0.01417769029669261,144
22349,562,2054.44,43.23076923076923,158.03384615384616,13,31.31600721184467,102,8,0.014234875444839857,3.762434782608696,0.14779401983218912,85
22350,492,1262.16,37.84615384615385,97.08923076923078,13,23.511862799610164,77,6,0.012195121951219513,2.5531460674157302,0.0004354443309499486,63
22351,12,19.8,12.0,19.8,1,,12,0,0.0,1.65,,1
22352,2074,5079.64,159.53846153846155,390.7415384615385,13,64.52340064479887,263,70,0.033751205400192864,2.554723926380368,0.0826773081642284,185
22353,60,153.0,15.0,38.25,4,11.633285577743433,26,1,0.016666666666666666,2.55,0.0,23
22354,610,2197.7200000000003,50.833333333333336,183.14333333333335,12,23.713568549109883,89,10,0.01639344262295082,3.8087692307692307,0.44687033653846153,43
22355,6080,5032.28,467.6923076923077,387.0984615384615,13,115.8011115486265,618,118,0.019407894736842107,0.8513220338983051,0.009466840090932628,249
22356,4774,4005.5099999999998,367.2307692307692,308.11615384615385,13,142.47289440811414,610,29,0.006074570590699623,0.8615789473684211,0.017074175296252818,220
22357,324,1332.6,24.923076923076923,102.5076923076923,13,19.080799854223173,71,1,0.0030864197530864196,4.2058620689655175,0.016643143544506817,69
22358,433,1273.43,33.30769230769231,97.95615384615385,13,26.275415047101273,89,5,0.011547344110854504,2.9975675675675677,0.14581857493857492,87
22359,161,477.7900000000001,12.384615384615385,36.75307692307693,13,7.7732282176118375,35,2,0.012422360248447204,2.9958064516129035,0.1300903225806452,47
22360,736,2071.0,56.61538461538461,159.30769230769232,13,26.256867233603423,98,9,0.012228260869565218,3.015277777777778,0.29114957264957253,102
22361,444,1270.2,34.15384615384615,97.70769230769231,13,21.078607456558707,61,8,0.018018018018018018,2.9370967741935488,0.005035405192761608,92
22362,256,750.08,19.692307692307693,57.698461538461544,13,10.20934715007621,34,2,0.0078125,3.015185185185185,0.1993377777777777,62
22363,267,749.69,20.53846153846154,57.66846153846154,13,14.563741418418696,42,2,0.00749063670411985,2.971016949152543,0.14964722384570422,46
22364,474,1314.02,36.46153846153846,101.07846153846154,13,23.063735548169497,73,3,0.006329113924050633,2.9970833333333338,0.2693050877192983,69
22365,253,1638.76,25.3,163.876,10,23.86093972257682,70,0,0.0,6.6847619047619045,0.51542619047619,13
22366,337,2216.98,30.636363636363637,201.54363636363635,11,20.9679408968679,74,0,0.0,6.7246428571428565,0.3925072751322751,17
22367,2852,5430.54,219.3846153846154,417.7338461538462,13,99.97127792649452,482,74,0.025946704067321177,1.9843680709534366,0.10862509977827046,298
22371,778,3209.2000000000003,59.84615384615385,246.8615384615385,13,30.479080677972537,126,0,0.0,4.2195833333333335,0.010326185495118585,143
22372,219,918.75,16.846153846153847,70.67307692307692,13,12.448869787027212,41,0,0.0,4.237878787878788,0.0035250463821892178,80
22374,444,1861.8000000000002,34.15384615384615,143.21538461538464,13,21.485833138163986,79,1,0.0022522522522522522,4.236538461538461,0.003882133995037216,107
22375,250,1043.3,19.23076923076923,80.25384615384615,13,13.460769208789953,52,1,0.004,4.234375,0.004490131578947336,67
22376,190,803.9,14.615384615384615,61.83846153846154,13,9.971112120675253,38,0,0.0,4.242771084337349,0.002142227446370841,65
22377,810,1240.34,62.30769230769231,95.41076923076922,13,59.13316133296755,219,5,0.006172839506172839,1.9532380952380952,0.353135567765568,83
22378,1004,1403.96,77.23076923076923,107.99692307692308,13,99.48128286781208,331,6,0.00597609561752988,1.83375,0.3889013349514562,69
22379,3215,6590.88,247.30769230769232,506.9907692307692,13,71.9205401993346,368,68,0.021150855365474338,2.125110024449878,0.09517210796298965,187
22380,1083,2138.7000000000003,83.3076923076923,164.51538461538465,13,25.555118911171252,136,36,0.0332409972299169,2.1285714285714286,0.20087384615384649,114
22381,1954,3980.58,150.30769230769232,306.1984615384615,13,39.78354897731937,201,35,0.01791197543500512,2.124505119453925,0.08835429192575607,133
22382,7844,12841.6,603.3846153846154,987.8153846153847,13,259.5285913798126,1060,150,0.01912289648138705,1.6557603222557904,0.025613559432154105,490
22383,9098,14862.1,699.8461538461538,1143.2384615384615,13,284.87156350241014,1169,86,0.009452626950978238,1.651354656632173,0.01850211797970781,434
22384,7938,12953.5,610.6153846153846,996.4230769230769,13,296.2551092278237,1091,166,0.02091206853111615,1.6517428267800212,0.020859938046894407,444
22385,4301,8498.29,330.84615384615387,653.7146153846154,13,128.7153488347098,558,98,0.02278539874447803,2.036376811594203,0.03801236394251008,247
22386,9322,18296.44,717.0769230769231,1407.4184615384615,13,303.9165075966483,1126,195,0.020918257884574125,2.018337104072398,0.016980583853891736,372
22389,256,443.61,23.272727272727273,40.32818181818182,11,16.019306533623165,50,18,0.0703125,1.9886111111111109,0.8117265873015871,36
22390,226,377.57,17.384615384615383,29.043846153846154,13,14.688649027613474,49,6,0.02654867256637168,2.356666666666667,1.8046022988505748,24
22391,146,186.06,14.6,18.606,10,17.721299174847324,54,12,0.0821917808219178,1.5977777777777777,0.9877241830065359,18
22393,407,581.86,33.916666666666664,48.48833333333334,12,43.752315956017135,165,12,0.029484029484029485,1.9755102040816326,1.0941210884353743,43
22394,139,172.95,13.9,17.294999999999998,10,14.169215456992198,39,6,0.04316546762589928,1.61375,0.9614516666666666,16
22395,125,126.75,17.857142857142858,18.107142857142858,7,23.169150260843054,70,6,0.048,1.3153333333333335,1.1123695238095235,15
22396,912,458.78,70.15384615384616,35.29076923076923,13,49.24741305193292,132,5,0.005482456140350877,0.631588785046729,0.1964248104390759,87
22398,2322,1395.27,178.6153846153846,107.32846153846154,13,132.87308384415712,386,25,0.010766580534022395,0.6372294372294373,0.16304359495576892,167
22399,716,869.35,55.07692307692308,66.87307692307692,13,35.99643857027511,116,26,0.036312849162011177,1.2390804597701148,0.001978214381181502,71
22400,1203,640.5,92.53846153846153,49.26923076923077,13,95.64745630405388,313,16,0.013300083125519535,0.5846206896551723,0.16518336206896553,112
22402,1326,813.03,102.0,62.54076923076923,13,79.5340597899206,280,16,0.012066365007541479,0.6233793103448276,0.1807655842911877,107
22403,958,462.98,73.6923076923077,35.613846153846154,13,67.24505510368354,217,25,0.026096033402922755,0.5850588235294117,0.128875294117647,72
22405,345,348.69,26.53846153846154,26.822307692307692,13,22.907842123806223,97,12,0.034782608695652174,1.1225925925925926,0.09509881201956673,46
22406,319,336.89,24.53846153846154,25.914615384615384,13,23.817414443411586,88,14,0.0438871473354232,1.215625,0.26737420634920644,49
22407,93,96.82,9.3,9.681999999999999,10,7.43938468184328,24,0,0.0,1.2278260869565218,0.13327233201581024,17
22408,136,140.25,12.363636363636363,12.75,11,12.08530286978963,36,14,0.10294117647058823,1.1877272727272727,0.1713136363636363,20
22409,216,270.0,18.0,22.5,12,14.116399231841216,38,2,0.009259259259259259,1.25,0.0,36
22410,223,212.88,17.153846153846153,16.375384615384615,13,21.2283071779411,78,2,0.008968609865470852,1.1454347826086957,0.13640758454106283,34
22411,7023,13984.73,540.2307692307693,1075.7484615384615,13,210.82581825057775,898,152,0.021643172433433007,2.037440100882724,0.03770720126867657,375
22412,712,1478.7,59.333333333333336,123.22500000000001,12,26.523860041765253,116,14,0.019662921348314606,2.093421052631579,0.001615626455519327,73
22413,1770,5217.81,136.15384615384616,401.37,13,45.020080989572776,215,15,0.00847457627118644,2.9645070422535214,0.04818979867908019,228
22414,81,455.56,16.2,91.112,5,11.755849607748475,37,0,0.0,5.199,2.2300766666666663,9
22416,490,699.6999999999999,37.69230769230769,53.82307692307692,13,30.450464187443337,112,4,0.00816326530612245,1.4436507936507936,0.0012493599590373754,54
22417,5307,2861.8199999999997,408.2307692307692,220.14,13,116.1673748276984,554,210,0.0395703787450537,0.5528019323671498,0.006660895298920357,270
22418,4710,3995.7,362.3076923076923,307.36153846153843,13,171.856715810674,711,48,0.01019108280254777,0.8724691358024691,0.020024456688093044,179
22419,1763,829.61,135.6153846153846,63.816153846153846,13,94.71407714936788,402,6,0.003403289846851957,0.44703703703703707,0.011994893029675633,94
22420,768,341.21,59.07692307692308,26.246923076923075,13,54.84897680367662,220,18,0.0234375,0.47779069767441856,0.0225844733242134,55
22421,1245,540.26,95.76923076923077,41.558461538461536,13,63.28132142287834,263,0,0.0,0.4568852459016393,0.015507573499525787,80
22422,661,350.49,60.09090909090909,31.862727272727273,11,59.45326659731077,216,0,0.0,0.6606578947368421,0.11110756140350884,53
22423,50,220.0,16.666666666666668,73.33333333333333,3,5.773502691896258,20,20,0.4,4.333333333333333,0.33333333333333326,1
22425,428,2054.9,32.92307692307692,158.06923076923078,13,15.03031125460336,59,3,0.007009345794392523,4.925,0.016996402877697856,109
22426,644,2183.8,49.53846153846154,167.9846153846154,13,21.892218498115508,79,11,0.017080745341614908,3.661724137931035,0.06326436781609195,104
22427,1873,10771.85,156.08333333333334,897.6541666666667,12,94.76713885129489,350,21,0.011211959423384944,5.8980812641083515,0.023316445869891546,310
22428,220,1514.6,16.923076923076923,116.5076923076923,13,8.519209064045974,32,3,0.013636363636363636,6.936813186813187,0.007824175824175831,74
22429,997,4210.25,76.6923076923077,323.86538461538464,13,27.89081275075067,114,9,0.009027081243731194,4.246835443037975,0.0015772553747237417,226
22430,539,2621.85,41.46153846153846,201.68076923076922,13,27.986947507172527,104,6,0.011131725417439703,4.928395061728395,0.014747718733225982,131
22431,1625,3098.6499999999996,125.0,238.35769230769228,13,97.968532362863,327,39,0.024,1.970649819494585,0.07170827185685132,159
22432,1476,2815.58,113.53846153846153,216.58307692307693,13,87.33519277722984,265,0,0.0,1.9490677966101693,0.02328593580959249,158
22433,1089,2069.0299999999997,83.76923076923077,159.1561538461538,13,77.35971587994388,267,0,0.0,1.950418848167539,0.028328244695508414,121
22434,679,1326.23,52.23076923076923,102.01769230769231,13,28.598233762926238,105,8,0.011782032400589101,1.9694642857142857,0.04243214285714286,94
22435,2145,2655.74,165.0,204.28769230769228,13,99.42501361998063,422,38,0.017715617715617717,1.2559534883720929,0.014659717452727658,153
22436,1890,1230.3,145.3846153846154,94.63846153846154,13,71.90913069230552,301,50,0.026455026455026454,0.6626760563380282,0.0074977524722804985,105
22437,2314,1957.28,178.0,150.56,13,70.83784299369935,269,72,0.03111495246326707,0.8477586206896551,0.0002880107634044249,140
22438,553,671.1899999999999,42.53846153846154,51.629999999999995,13,67.91246250948764,261,0,0.0,1.5042857142857142,0.5038509316770184,66
22439,1677,1117.65,129.0,85.97307692307693,13,64.68255818482548,253,24,0.014311270125223614,0.690625,0.02330778301886791,116
22440,1996,828.6,153.53846153846155,63.73846153846154,13,103.44130008900005,371,60,0.03006012024048096,0.4174468085106383,0.00014772036474164146,100
22441,948,1982.0500000000002,72.92307692307692,152.46538461538464,13,35.098579122384095,147,24,0.02531645569620253,2.0970414201183436,0.0007352423217807846,130
22442,197,422.54999999999995,65.66666666666667,140.85,3,106.82852303263083,189,0,0.0,2.3863636363636362,1.9948051948051948,21
22444,651,808.62,130.2,161.724,5,110.6986901458188,316,24,0.03686635944700461,1.2442424242424244,0.001093939393939386,29
22445,427,1252.25,35.583333333333336,104.35416666666667,12,23.91066073887748,94,7,0.01639344262295082,3.0577551020408165,0.3241701662108142,72
22446,161,432.99,14.636363636363637,39.36272727272728,11,15.42253369114639,53,3,0.018633540372670808,3.2551219512195124,2.1046506097560984,25
22447,75,223.95000000000002,8.333333333333334,24.883333333333336,9,7.176350047203662,19,3,0.04,3.0875,0.5145000000000001,16
22448,187,576.3100000000001,15.583333333333334,48.02583333333334,12,16.042320923297243,50,3,0.016042780748663103,3.199411764705882,0.8371935828877005,29
22449,364,1214.3300000000002,30.333333333333332,101.19416666666667,12,22.72896963362089,91,12,0.03296703296703297,3.3252272727272727,0.01942753396029259,65
22450,183,610.6500000000001,18.3,61.06500000000001,10,20.992326640412628,58,0,0.0,3.3424528301886793,0.0030188679245283056,41
22451,180,592.2,30.0,98.7,6,40.708721424284505,91,0,0.0,3.3394736842105264,0.004210526315789481,35
22452,346,987.7,26.615384615384617,75.97692307692309,13,26.456059361195067,96,6,0.017341040462427744,2.8935294117647063,0.05593959613696226,53
22453,312,895.2000000000002,26.0,74.60000000000001,12,29.424788560296943,112,0,0.0,2.9239130434782608,0.009971014492753632,38
22454,207,585.45,20.7,58.545,10,42.248076879308954,140,0,0.0,2.918421052631579,0.011948790896159328,31
22456,1439,6775.150000000001,110.6923076923077,521.1653846153847,13,43.807123879160365,177,43,0.029881862404447533,4.887828947368422,0.0397853699843668,220
22457,6919,20240.170000000002,532.2307692307693,1556.936153846154,13,117.10191703964102,720,140,0.020234137881196705,2.975267489711934,0.12191331663509247,587
22458,115,300.81,23.0,60.162,5,12.020815280171307,37,8,0.06956521739130435,2.57,0.002584615384615392,12
22459,113,279.78,22.6,55.955999999999996,5,12.798437404620925,37,0,0.0,2.529333333333333,0.015406666666666636,12
22460,1804,2247.49,138.76923076923077,172.88384615384615,13,67.93029987439803,294,9,0.004988913525498891,1.286604938271605,0.05478405413695265,118
22461,188,742.6000000000001,62.666666666666664,247.5333333333334,3,32.57811126098831,100,0,0.0,3.95,0.0,22
22464,2795,4355.67,215.0,335.0515384615385,13,50.888767588404676,285,18,0.0064400715563506265,1.5950179211469533,0.08344235579278506,191
22465,1706,2541.88,131.23076923076923,195.52923076923076,13,93.398923839405,321,0,0.0,1.530496894409938,0.1584947515527949,119
22466,1611,3054.1499999999996,123.92307692307692,234.93461538461537,13,75.6697446567005,277,24,0.0148975791433892,1.9274834437086092,0.007622958057395149,114
22467,5372,12636.35,413.2307692307692,972.0269230769231,13,143.28186314984987,677,47,0.008749069247952346,2.498700173310225,0.0805113283506642,262
22468,445,2894.15,34.23076923076923,222.62692307692308,13,20.636350800443726,80,2,0.0044943820224719105,6.7013043478260865,0.03690617848970248,81
22469,9741,15681.7,749.3076923076923,1206.2846153846153,13,395.85569437514823,1116,137,0.01406426444923519,1.6394279877425946,0.01317881357171353,573
22470,5045,14624.430000000002,388.0769230769231,1124.956153846154,13,216.8799443388214,628,67,0.013280475718533202,2.956905055487053,0.06931374282626238,485
22471,313,973.65,28.454545454545453,88.51363636363637,11,29.857540542930312,86,20,0.06389776357827476,4.25,1.6054838709677417,52
22472,283,1182.0500000000002,23.583333333333332,98.50416666666668,12,20.50923664788107,62,2,0.007067137809187279,4.5240259740259745,1.0261585782638414,57
22473,365,1045.95,30.416666666666668,87.16250000000001,12,37.15681347853698,106,29,0.07945205479452055,3.7959459459459466,2.115394298407998,57
22474,238,988.5,19.833333333333332,82.375,12,17.113701758497132,56,4,0.01680672268907563,4.521951219512196,1.0548825654923217,69
22475,272,1185.6000000000001,20.923076923076923,91.20000000000002,13,19.905868223807516,64,4,0.014705882352941176,4.637272727272728,0.8185521267723105,49
22476,229,942.15,17.615384615384617,72.47307692307692,13,16.610932451944922,54,6,0.026200873362445413,4.560958904109589,0.9851560121765601,60
22477,568,722.4200000000001,47.333333333333336,60.201666666666675,12,38.70243904302141,118,0,0.0,1.2565714285714285,0.0014895238095238097,63
22478,699,886.1700000000001,53.76923076923077,68.16692307692308,13,33.32955106746825,116,0,0.0,1.2560526315789473,0.0013735438596491224,59
22479,412,527.4200000000001,31.692307692307693,40.57076923076924,13,33.94452487855396,129,0,0.0,1.2585185185185184,0.001922292103424179,48
22480,465,570.99,51.666666666666664,63.443333333333335,9,29.33001875212493,102,4,0.008602150537634409,1.2443283582089553,0.0010612844866576185,57
22481,683,604.23,52.53846153846154,46.47923076923077,13,38.608322472008076,132,2,0.0029282576866764276,1.0524418604651162,0.1303598495212038,68
22482,310,377.24,38.75,47.155,8,26.29367115594821,90,0,0.0,1.2420833333333332,0.001472163120567374,40
22483,563,1624.5300000000002,43.30769230769231,124.96384615384616,13,24.17086612496063,96,26,0.046181172291296625,2.9813846153846155,0.12901667262969585,91
22486,42,165.90000000000003,14.0,55.30000000000001,3,6.928203230275509,18,0,0.0,3.95,0.0,4
22488,2499,4039.31,192.23076923076923,310.7161538461538,13,75.51506896656879,262,14,0.0056022408963585435,1.6542443729903538,0.028332894927912047,211
22489,5164,2179.65,397.2307692307692,167.66538461538462,13,199.42089235506972,799,51,0.009876065065840434,0.4321495327102804,0.006346927570093451,232
22491,2158,1807.0,166.0,139.0,13,74.64694680070087,289,25,0.011584800741427247,0.8557920792079208,0.009803598344909119,162
22492,8608,5556.14,662.1538461538462,427.3953846153846,13,231.8479552615773,1029,324,0.03763940520446097,0.656523076923077,0.012369663817663815,213
22493,1626,2680.98,125.07692307692308,206.22923076923078,13,39.61367932600543,193,48,0.02952029520295203,1.7007865168539327,0.08948299371548277,125
22494,730,928.86,56.15384615384615,71.45076923076923,13,33.451074107932,116,6,0.00821917808219178,1.3484873949579832,0.1149061672126478,79
22495,241,512.23,18.53846153846154,39.402307692307694,13,23.358136999824367,92,0,0.0,2.5844615384615386,0.6661938461538462,60
22496,242,474.14000000000004,18.615384615384617,36.472307692307695,13,28.605181528114976,111,1,0.004132231404958678,2.6682608695652177,0.5369616368286445,63
22497,177,752.25,13.615384615384615,57.86538461538461,13,9.060339043862738,33,0,0.0,4.25,0.0,50
22498,228,1356.6000000000001,17.53846153846154,104.35384615384616,13,11.94860790089083,43,4,0.017543859649122806,5.95,0.0,68
22499,1539,8941.050000000001,118.38461538461539,687.773076923077,13,171.45093489661429,511,38,0.024691358024691357,5.923154362416108,0.02621291211895241,216
22500,235,826.55,19.583333333333332,68.87916666666666,12,23.074812452043236,91,1,0.00425531914893617,4.122941176470588,2.4043781512605045,78
22501,1,3.0,1.0,3.0,1,,1,0,0.0,3.0,,1
22502,1244,6837.85,124.4,683.7850000000001,10,106.64291402203482,319,20,0.01607717041800643,5.809188034188034,0.171513930156634,175
22505,1161,5429.85,89.3076923076923,417.6807692307693,13,46.57679074278772,165,14,0.012058570198105082,4.902091254752852,0.031360113778190715,185
22507,1381,6457.5,106.23076923076923,496.7307692307692,13,33.84561479757224,153,31,0.022447501810282405,4.90349710982659,0.039959039122057484,229
22508,794,2994.1,61.07692307692308,230.3153846153846,13,32.412604385900906,131,30,0.037783375314861464,3.838093220338983,0.346851242336819,177
22509,111,438.45000000000005,111.0,438.45000000000005,1,,111,0,0.0,3.95,0.0,29
22510,196,384.62,19.6,38.462,10,27.236413534498666,92,0,0.0,2.4070731707317075,1.967151219512195,34
22511,232,439.62,25.77777777777778,48.846666666666664,9,36.789189233312065,116,8,0.034482758620689655,2.3329166666666667,1.9148764184397158,44
22512,117,232.25,14.625,29.03125,8,14.262212811682284,44,0,0.0,2.6490625,2.5909184475806453,28
22513,134,404.98,12.181818181818182,36.81636363636364,11,15.282788893511432,57,4,0.029850746268656716,3.780980392156863,4.854625019607843,37
22514,251,520.35,20.916666666666668,43.362500000000004,12,18.68133893066619,62,6,0.02390438247011952,2.0966666666666667,0.0008333333333333328,61
22515,228,472.05,19.0,39.3375,12,17.414727309743533,50,6,0.02631578947368421,2.096031746031746,0.0009920634920634903,53
22516,161,331.34999999999997,16.1,33.135,10,15.842628850316759,46,6,0.037267080745341616,2.094186046511628,0.00145348837209302,35
22517,170,350.25,13.076923076923077,26.942307692307693,13,12.499743587113686,39,6,0.03529411764705882,2.0953703703703703,0.0011574074074074052,48
22518,297,596.7,49.5,99.45,6,24.13917977065501,75,6,0.020202020202020204,2.0824561403508772,0.004151002506265665,44
22519,334,674.4000000000001,47.714285714285715,96.34285714285716,7,22.669467614056618,77,7,0.020958083832335328,2.0846153846153848,0.003665865384615379,53
22520,699,594.15,116.5,99.02499999999999,6,67.69268793599498,200,24,0.034334763948497854,0.85,0.0,88
22521,598,508.29999999999995,99.66666666666667,84.71666666666665,6,86.69409822281253,217,24,0.04013377926421405,0.85,0.0,81
22522,756,639.0899999999999,58.15384615384615,49.160769230769226,13,55.659449862304236,159,24,0.031746031746031744,0.8489344262295081,0.00013852459016393446,100
22523,774,657.9,59.53846153846154,50.607692307692304,13,52.56680731002436,142,36,0.046511627906976744,0.85,0.0,98
22524,519,643.62,86.5,107.27,6,34.332200628564436,126,20,0.038535645472061654,1.247121212121212,0.0005469696969696909,55
22525,385,476.12,77.0,95.224,5,44.85532298401161,144,30,0.07792207792207792,1.246346153846154,0.0006942307692307631,42
22529,607,251.88,50.583333333333336,20.99,12,33.638339417811316,136,24,0.039538714991762765,0.4180327868852459,0.00011606557377049167,52
22530,2476,1021.2,190.46153846153845,78.55384615384615,13,144.58135851751163,527,2,0.0008077544426494346,0.4160655737704918,0.0002217978742568909,143
22531,2241,939.5999999999999,172.3846153846154,72.27692307692307,13,98.59136072829308,379,51,0.022757697456492636,0.4196341463414634,2.1951219512195097e-05,127
22532,526,208.77,40.46153846153846,16.05923076923077,13,34.01131033596369,102,2,0.0038022813688212928,0.4133823529411765,0.0009630158033362594,54
22533,675,265.41,51.92307692307692,20.416153846153847,13,47.110617236566284,160,2,0.002962962962962963,0.41115384615384615,0.0009843656343656345,68
22534,2894,1201.26,222.6153846153846,92.40461538461538,13,130.01957446319284,507,24,0.0082930200414651,0.41739130434782606,0.00015044322498944672,172
22535,1134,461.25,87.23076923076923,35.48076923076923,13,62.91813973483568,223,26,0.02292768959435626,0.41481818181818175,0.0006582235195996655,88
22536,1830,740.61,140.76923076923077,56.97,13,73.30206209713549,290,4,0.002185792349726776,0.41275862068965513,0.0006659482758620688,109
22537,1690,709.8,130.0,54.599999999999994,13,90.02036806560317,317,51,0.03017751479289941,0.42,0.0,115
22538,296,118.11,24.666666666666668,9.8425,12,25.442746183015178,75,2,0.006756756756756757,0.41115384615384615,0.0020346153846153843,25
22539,1468,578.24,112.92307692307692,44.480000000000004,13,55.693299325355014,202,32,0.021798365122615803,0.403448275862069,0.006150761828388133,74
22540,1161,463.29,89.3076923076923,35.63769230769231,13,45.99526174035868,193,63,0.05426356589147287,0.41215384615384615,0.009492163461538465,50
22541,231,95.12,21.0,8.647272727272728,11,20.02997753368685,51,0,0.0,0.4257142857142857,0.011195714285714288,19
22543,513,191.35000000000002,42.75,15.945833333333335,12,27.89631777590988,83,26,0.050682261208576995,0.3758974358974359,0.0069985155195681475,32
22544,2134,833.54,164.15384615384616,64.11846153846153,13,78.53114685041233,302,62,0.029053420805998126,0.41056,0.014219845161290321,101
22545,572,220.23000000000002,44.0,16.94076923076923,13,23.703023717098485,76,0,0.0,0.4004255319148936,0.009247641073080482,40
22546,696,268.03000000000003,53.53846153846154,20.61769230769231,13,37.0486513128692,122,0,0.0,0.39864406779661016,0.01287744009351256,50
22547,654,258.72,50.30769230769231,19.901538461538465,13,31.77626109583645,114,26,0.039755351681957186,0.43764705882352944,0.021782352941176458,41
22548,1271,1544.3,105.91666666666667,128.69166666666666,12,72.39093154323247,312,13,0.010228166797797011,1.2591758241758242,0.027631913666444068,149
22549,2433,3536.29,187.15384615384616,272.02230769230766,13,131.10927131839694,530,14,0.005754212905877518,1.5166666666666666,0.13350537634408602,195
22550,757,2744.03,58.23076923076923,211.07923076923078,13,32.13293701213198,115,10,0.013210039630118891,3.83,0.4109348571428571,136
22551,5235,8554.35,402.6923076923077,658.0269230769231,13,170.63185742771122,766,144,0.027507163323782235,1.6571672354948803,0.02430409848020774,339
22553,3325,5443.05,255.76923076923077,418.69615384615383,13,131.67646831416883,527,53,0.01593984962406015,1.6464365256124722,0.0007015590200445426,281
22554,5272,8615.68,405.53846153846155,662.7446153846154,13,167.68006012672635,704,103,0.019537177541729893,1.6501344537815126,0.010133315225079933,351
22555,4083,6679.19,314.0769230769231,513.7838461538461,13,135.24204322772653,548,87,0.0213078618662748,1.6487719298245613,0.006876730287256602,294
22556,4906,8042.0599999999995,377.38461538461536,618.62,13,103.2186501732596,560,141,0.028740317977986138,1.6582732447817836,0.021221157134508405,305
22557,3598,5922.74,276.7692307692308,455.5953846153846,13,108.73756928660386,499,28,0.007782101167315175,1.6786298568507156,0.05527701230346298,315
22558,6203,9506.31,477.15384615384613,731.2546153846154,13,157.06890534297688,722,58,0.00935031436401741,1.5957165109034268,0.05250970421994455,363
22559,336,417.0,28.0,34.75,12,27.502066038093144,77,0,0.0,1.3643589743589744,0.14259365721997305,33
22560,4934,6042.11,379.53846153846155,464.7776923076923,13,180.25658350650025,753,54,0.010944466963923795,1.272857142857143,0.055800767590618326,229
22561,4031,6594.27,310.0769230769231,507.2515384615385,13,151.86477622019615,591,84,0.020838501612503103,1.6562376237623762,0.021173898729823403,288
22562,1213,1506.27,93.3076923076923,115.86692307692307,13,57.23400011558488,206,15,0.01236603462489695,1.2651052631578947,0.023774327485380085,149
22563,1715,2094.37,131.92307692307693,161.1053846153846,13,64.03184303982607,264,31,0.018075801749271137,1.2560392156862745,0.018819289794658,171
22564,1075,1304.34,82.6923076923077,100.33384615384615,13,46.259025453390564,168,13,0.012093023255813953,1.2604848484848483,0.028872934220251226,120
22565,817,711.6099999999999,62.84615384615385,54.73923076923076,13,40.975289614282886,166,24,0.02937576499388005,0.921559633027523,0.05116513761467889,85
22566,807,698.43,62.07692307692308,53.72538461538461,13,52.98342750090438,216,24,0.02973977695167286,0.8951239669421488,0.033436859504132214,94
22567,1535,2028.83,127.91666666666667,169.06916666666666,12,73.3316976401602,263,12,0.007817589576547232,1.3523913043478262,0.01166856735566642,135
22568,2424,8865.13,186.46153846153845,681.9330769230769,13,129.23274571138137,462,24,0.009900990099009901,3.786205250596659,0.23848676159915952,244
22569,1703,6203.59,154.8181818181818,563.9627272727273,11,61.703838100750566,259,24,0.014092777451556078,3.7369932432432433,0.055713979615208395,192
22570,1830,6665.33,152.5,555.4441666666667,12,64.70703207534712,258,0,0.0,3.7371253822629966,0.05080091367891788,202
22571,1719,1443.6,191.0,160.39999999999998,9,208.06429294811736,613,6,0.0034904013961605585,0.8463888888888889,0.0004589540657976405,152
22572,1084,914.38,180.66666666666666,152.39666666666668,6,157.86280963756684,430,0,0.0,0.847984496124031,0.00025996850775193795,114
22573,1579,1376.08,197.375,172.01,8,206.33532866948127,597,12,0.007599746675110829,0.9087096774193548,0.044158064516129,127
22574,1706,1499.24,213.25,187.405,8,231.67387792818965,703,18,0.010550996483001172,0.8982389937106918,0.0362715627736645,131
22575,500,956.4,71.42857142857143,136.62857142857143,7,50.36154995912769,129,8,0.016,1.9383116883116882,0.003414217361585787,61
22576,1250,1074.98,156.25,134.3725,8,141.52511135080283,424,0,0.0,0.8913178294573643,0.03168340600775193,102
22577,7432,2673.9199999999996,571.6923076923077,205.68615384615381,13,1037.5280224822352,3344,76,0.01022604951560818,0.4231941544885177,0.0788330814720346,343
22578,7265,2420.5699999999997,1037.857142857143,345.79571428571427,7,1342.593563291019,3621,70,0.009635237439779766,0.37855875831485586,0.06739236265089923,332
22579,4314,1510.1399999999999,719.0,251.68999999999997,6,841.8653098922654,2027,24,0.005563282336578581,0.40540069686411145,0.08072282839112103,226
22580,724,4157.8,80.44444444444444,461.9777777777778,9,104.19226352171152,279,12,0.016574585635359115,5.912732919254658,0.036102484472049605,125
22581,1010,649.48,144.28571428571428,92.78285714285714,7,110.74251560220564,299,6,0.005940594059405941,0.7408823529411764,0.11122396622015142,83
22582,492,1232.71,37.84615384615385,94.82384615384616,13,28.536077030798964,90,0,0.0,2.5691139240506327,0.07928510223953256,73
22583,435,1109.25,33.46153846153846,85.32692307692308,13,18.035221949541704,63,6,0.013793103448275862,2.55,0.0,73
22584,1245,3183.89,95.76923076923077,244.9146153846154,13,55.71378322305568,198,0,0.0,2.582337662337662,0.11944940157881344,127
22585,3797,4679.26,292.0769230769231,359.94307692307694,13,189.60769215165539,629,27,0.0071108770081643406,1.259093655589124,0.02385069120205073,241
22586,776,659.5999999999999,59.69230769230769,50.73846153846153,13,34.96995047033147,125,0,0.0,0.85,0.0,100
22587,812,690.1999999999999,62.46153846153846,53.092307692307685,13,54.58420923157078,220,0,0.0,0.85,0.0,103
22588,602,1724.42,60.2,172.442,10,45.27398075421834,120,2,0.0033222591362126247,2.9497037037037037,0.4667939414040911,110
22589,314,918.08,39.25,114.76,8,40.68256909994044,98,2,0.006369426751592357,3.1558620689655172,0.7125720508166973,46
22591,344,1157.84,49.142857142857146,165.40571428571428,7,53.0736236167225,140,6,0.01744186046511628,3.7039682539682537,1.688717869943676,53
22592,485,1814.8899999999999,69.28571428571429,259.27,7,61.0865895968291,169,0,0.0,3.926153846153846,0.7433772649572654,79
22593,1687,1459.6899999999998,187.44444444444446,162.18777777777777,9,203.45030788322188,582,18,0.01066982809721399,0.9094285714285714,0.04483276464542647,106
22594,1432,1245.28,159.11111111111111,138.36444444444444,9,178.25364263069383,538,18,0.012569832402234637,0.9222222222222223,0.05341902222222219,93
22595,4340,3680.8099999999995,333.84615384615387,283.1392307692307,13,263.307439492901,850,42,0.00967741935483871,0.8588315217391305,0.008440865270702523,274
22596,2754,3048.69,393.42857142857144,435.52714285714285,7,302.42952740699616,723,0,0.0,1.1650210970464137,0.17111408853607926,196
22597,1450,628.2099999999999,120.83333333333333,52.35083333333333,12,172.89136543628845,592,25,0.017241379310344827,0.5016393442622951,0.10796423248882263,95
22598,496,198.82,82.66666666666667,33.13666666666666,6,82.8918974729537,185,7,0.014112903225806451,0.475,0.13221764705882347,42
22599,859,345.51,143.16666666666666,57.585,6,149.4622583352288,398,6,0.006984866123399301,0.47901408450704225,0.14578044265593557,58
22600,1391,1192.1,198.71428571428572,170.29999999999998,7,160.94897150516815,421,8,0.005751258087706686,0.8924305555555555,0.03234160353535354,120
22601,1515,1299.4499999999998,216.42857142857142,185.63571428571427,7,158.02621843949095,428,22,0.014521452145214522,0.8987499999999999,0.0382348509933775,121
22602,1785,1512.1799999999998,148.75,126.01499999999999,12,117.32947006381026,378,33,0.018487394957983194,0.8608333333333332,0.010361871508379887,141
22603,1167,996.2399999999999,166.71428571428572,142.32,7,152.75548466499686,411,9,0.007712082262210797,0.89,0.03166356589147287,111
22604,646,1540.36,49.69230769230769,118.48923076923076,13,30.21695058347388,90,6,0.009287925696594427,2.535357142857143,0.06852779922779922,77
22608,2242,450.4,186.83333333333334,37.53333333333333,12,140.20817855365405,432,54,0.02408563782337199,0.20833333333333334,0.010209236947791163,63
22609,3098,695.72,258.1666666666667,57.97666666666667,12,225.9234920109554,811,81,0.026145900581020013,0.27487394957983197,0.0954099416037601,89
22610,4619,1060.67,355.3076923076923,81.59,13,303.3162223970732,1080,108,0.023381684347261313,0.2294186046511628,0.022152876376988984,123
22611,198,927.6,22.0,103.06666666666666,9,20.285462775100793,69,0,0.0,4.898780487804878,0.03406097560975613,36
22613,900,736.89,69.23076923076923,56.683846153846154,13,44.338008236263555,176,36,0.04,0.8474782608695651,0.006845339435545382,82
22614,2718,884.9799999999999,209.07692307692307,68.0753846153846,13,120.02462354204764,530,24,0.008830022075055188,0.34630057803468206,0.010762978895012772,132
22615,1200,379.46,92.3076923076923,29.189230769230768,13,41.21161772968195,144,0,0.0,0.33347826086956517,0.00607007672634271,61
22616,6558,2063.3999999999996,504.46153846153845,158.7230769230769,13,142.32393531694717,708,68,0.01036901494358036,0.32581632653061227,0.005636672060128396,195
22617,1791,8535.05,137.76923076923077,656.5423076923076,13,94.90974119846169,418,7,0.003908431044109436,4.914832535885168,0.023436542631923147,295
22619,1813,6945.94,139.46153846153845,534.3030769230769,13,66.75779028774517,303,16,0.00882515168229454,3.869649122807018,0.47380984719864117,250
22620,3263,4564.03,251.0,351.0792307692308,13,124.18802948217942,578,66,0.02022678516702421,1.4299191374663074,0.03765377722736213,260
22621,4942,7968.42,380.15384615384613,612.9553846153847,13,259.94706068539097,1089,100,0.020234722784297856,1.6412909441233139,0.07265605225374021,366
22623,833,4569.45,64.07692307692308,351.49615384615385,13,45.53837491329252,153,3,0.003601440576230492,5.642957746478873,0.22499734254584106,164
22625,64,397.5,21.333333333333332,132.5,3,9.814954576223638,27,0,0.0,6.166666666666667,0.02083333333333337,1
22627,1,0.76,1.0,0.76,1,,1,0,0.0,0.76,,1
22628,535,2591.55,41.15384615384615,199.35000000000002,13,21.4003354874254,72,11,0.020560747663551402,4.932352941176471,0.012143569292123612,85
22629,7402,13903.14,569.3846153846154,1069.4723076923076,13,142.9152070643863,719,88,0.011888678735476898,1.9308744710860366,0.028287934785207133,322
22630,5969,11262.789999999999,459.15384615384613,866.3684615384615,13,130.1799051017771,655,39,0.006533757748366561,1.9508988764044946,0.06057282416272258,287
22631,2228,4217.179999999999,171.3846153846154,324.3984615384615,13,68.65558785408325,295,41,0.018402154398563735,1.93988416988417,0.0238988237406842,168
22632,3035,6228.51,379.375,778.56375,8,325.8733046972177,859,12,0.003953871499176277,2.076448087431694,0.005449815105921093,260
22633,3472,7164.84,385.77777777777777,796.0933333333334,9,368.93691119816737,875,21,0.006048387096774193,2.0825714285714287,0.004185223410950303,300
22637,1535,3739.52,127.91666666666667,311.62666666666667,12,39.3941812346889,192,48,0.031270358306188926,2.528091603053435,0.035746535638033344,188
22638,208,354.77,18.90909090909091,32.25181818181818,11,15.122529850885039,49,0,0.0,2.246052631578947,0.7206245376955901,37
22639,720,1654.82,55.38461538461539,127.29384615384615,13,27.57274760078165,110,6,0.008333333333333333,2.4765384615384614,0.331151490757305,101
22640,175,333.46999999999997,14.583333333333334,27.789166666666663,12,13.760670790555983,38,0,0.0,2.3797560975609753,0.27486243902439006,33
22641,107,221.67,9.727272727272727,20.151818181818182,11,10.469870191085553,30,0,0.0,2.4058333333333333,0.23864275362318835,23
22642,229,472.95,25.444444444444443,52.55,9,19.57109546698339,56,0,0.0,2.231555555555555,0.6710952525252526,39
22643,173,323.09000000000003,14.416666666666666,26.924166666666668,12,12.809501681694465,41,0,0.0,2.0826666666666664,0.6214202298850574,29
22644,1635,2006.31,125.76923076923077,154.33153846153846,13,79.53631649143453,332,59,0.036085626911314984,1.3367021276595743,0.1621430765729889,146
22645,1505,1984.83,115.76923076923077,152.67923076923077,13,58.778048405497216,225,26,0.01727574750830565,1.4098290598290597,0.22140082902314662,161
22646,2605,3284.1099999999997,200.3846153846154,252.62384615384613,13,87.74635648802222,448,69,0.026487523992322456,1.3881560283687941,0.12688911435854724,185
22647,550,358.8399999999999,55.0,35.88399999999999,10,73.9474287735701,245,29,0.05272727272727273,0.9299999999999999,0.27822857142857144,34
22649,748,3638.9,57.53846153846154,279.9153846153846,13,21.704897237779406,88,17,0.022727272727272728,4.928658536585366,0.014572422564716496,86
22650,764,1089.1999999999998,58.76923076923077,83.78461538461536,13,30.210797865867555,139,44,0.05759162303664921,1.4424528301886792,0.0014663072776280317,78
22651,1008,852.1199999999999,77.53846153846153,65.5476923076923,13,36.63699265454564,165,1,0.000992063492063492,0.8942553191489362,0.037998901853122866,73
22652,3429,5632.61,285.75,469.38416666666666,12,93.5017014915674,432,25,0.007290755322251386,1.6593702770780856,0.020893794366842227,263
22653,812,1567.56,62.46153846153846,120.58153846153846,13,47.77310154018923,154,0,0.0,1.939090909090909,0.04876666666666667,73
22654,832,4761.400000000001,64.0,366.2615384615385,13,45.3578365151308,161,6,0.007211538461538462,5.917741935483871,0.031362007168458814,156
22659,4621,8525.119999999999,355.46153846153845,655.7784615384614,13,132.41702772215223,543,53,0.011469378922311188,1.9266216216216216,0.03782705577918347,213
22660,128,826.86,16.0,103.3575,8,14.995237339140147,47,0,0.0,6.732727272727273,0.5359018181818184,7
22661,3407,2815.87,262.0769230769231,216.6053846153846,13,96.24574582673038,390,116,0.034047549163486936,0.8455043227665706,0.004668747813629615,172
22662,4762,7762.139999999999,366.3076923076923,597.0876923076922,13,157.38984752062026,579,85,0.017849643007139857,1.656006600660066,0.031717910700160945,310
22663,2373,4760.99,182.53846153846155,366.22999999999996,13,97.83030834444523,385,63,0.02654867256637168,2.0553312302839117,0.04851104500259555,171
22664,593,1086.78,45.61538461538461,83.59846153846154,13,25.581694176169744,120,11,0.01854974704890388,2.1175490196078433,0.306878091632693,62
22665,1035,2955.4100000000003,86.25,246.2841666666667,12,45.30929063869592,144,7,0.00676328502415459,2.9801298701298706,0.14701172219085262,163
22666,4899,13997.460000000001,376.84615384615387,1076.7276923076925,13,118.09730885576673,550,98,0.02000408246580935,2.962523923444976,0.12901146649285197,471
22667,2356,6634.6,196.33333333333334,552.8833333333333,12,84.80923334523229,307,51,0.02164685908319185,2.9214285714285717,0.010635985937999373,233
22668,1473,4183.91,113.3076923076923,321.83923076923077,13,64.76931451361905,220,27,0.018329938900203666,2.974313725490196,0.17094484690427916,162
22669,955,2784.85,73.46153846153847,214.21923076923076,13,28.47986243124366,127,8,0.008376963350785341,2.9428143712574855,0.002839621960897484,143
22670,1723,2155.24,132.53846153846155,165.78769230769228,13,32.58224307966786,215,29,0.016831108531630876,1.2654761904761904,0.021120585554796092,141
22671,684,1124.3600000000001,52.61538461538461,86.48923076923077,13,36.21817789807226,133,16,0.023391812865497075,1.7098058252427184,0.10264702075004759,75
22672,1148,1888.32,88.3076923076923,145.2553846153846,13,46.094801976261586,187,19,0.016550522648083623,1.65775,0.017358427672955982,125
22673,769,956.83,59.15384615384615,73.60230769230769,13,31.897873894263853,133,19,0.0247074122236671,1.2683783783783784,0.02693552825552827,85
22674,1036,1283.67,79.6923076923077,98.74384615384616,13,38.00961416840178,143,31,0.029922779922779922,1.2543537414965986,0.010750778119466963,106
22675,939,1172.1,72.23076923076923,90.16153846153846,13,37.82008691633289,148,17,0.01810436634717785,1.30352,0.06882944516129033,94
22676,956,1198.64,73.53846153846153,92.20307692307694,13,32.358964200087804,150,13,0.013598326359832637,1.2758695652173913,0.03141274198667093,61
22677,828,1035.01,63.69230769230769,79.61615384615385,13,30.785236221779574,134,7,0.008454106280193236,1.2601769911504426,0.012999968394437426,59
22678,727,911.1800000000001,55.92307692307692,70.09076923076924,13,27.06923696271451,120,8,0.011004126547455296,1.2731372549019608,0.028487089885459147,59
22679,643,805.57,49.46153846153846,61.96692307692308,13,30.096000245368668,111,6,0.00933125972006221,1.2759340659340659,0.031895506715506707,54
22680,730,913.72,56.15384615384615,70.28615384615385,13,27.760421928368192,97,5,0.00684931506849315,1.2731372549019608,0.02848708988545914,61
22681,627,785.57,48.23076923076923,60.42846153846154,13,26.913917855989943,92,10,0.01594896331738437,1.278433734939759,0.03493532177490448,45
22682,618,773.11,47.53846153846154,59.47,13,21.708736277573383,82,9,0.014563106796116505,1.264375,0.01836922468354431,52
22683,575,720.57,44.23076923076923,55.42846153846154,13,23.707079976784176,78,5,0.008695652173913044,1.2795,0.036230126582278456,54
22684,462,576.9,35.53846153846154,44.37692307692308,13,21.469417724658893,81,9,0.01948051948051948,1.2489999999999999,6.000000000000008e-05,41
22685,530,661.9,40.76923076923077,50.91538461538461,13,19.875251973890574,76,6,0.011320754716981131,1.249142857142857,5.142857142857154e-05,49
22686,583,708.09,44.84615384615385,54.46846153846154,13,31.900486291607304,112,4,0.00686106346483705,1.2554794520547945,0.022608447488584493,39
22687,73,392.74,36.5,196.37,2,23.33452377915607,53,0,0.0,5.7475000000000005,1.8355583333333334,3
22688,89,502.06,29.666666666666668,167.35333333333332,3,24.419937209856485,57,0,0.0,6.081666666666667,1.3693366666666673,5
22689,147,913.36,36.75,228.34,4,26.373913879690544,67,0,0.0,6.535454545454545,0.9564872727272725,9
22690,439,2711.89,33.76923076923077,208.60692307692307,13,22.357526123410313,75,0,0.0,6.515428571428571,0.6614667226890757,26
22691,123,738.16,24.6,147.632,5,18.568791021496256,57,0,0.0,6.415000000000001,0.9580277777777777,8
22692,497,3322.56,45.18181818181818,302.0509090909091,11,27.19124190550399,100,20,0.04024144869215292,6.753333333333333,0.1334325203252033,27
22693,5812,7170.77,447.0769230769231,551.5976923076923,13,201.0598839228674,735,72,0.012388162422573986,1.2353974895397488,0.0035400724306459018,167
22694,1496,3118.35,115.07692307692308,239.87307692307692,13,144.8369551935679,498,10,0.0066844919786096255,2.096753246753247,0.0008037565040822368,228
22695,644,793.06,53.666666666666664,66.08833333333332,12,63.55574980545296,197,3,0.004658385093167702,1.333469387755102,0.2370971176099306,82
22696,608,1164.86,46.76923076923077,89.60461538461537,13,48.911746793167936,133,1,0.001644736842105263,1.989375,0.11424212598425185,108
22697,5518,15471.140000000001,424.46153846153845,1190.0876923076924,13,134.11041184077607,717,17,0.0030808263863718738,2.942057142857143,0.14792194236664596,387
22698,4476,12544.240000000002,373.0,1045.3533333333335,12,167.3385246085964,653,10,0.002234137622877569,2.9347584973166367,0.12130706522784573,319
22699,6714,18694.5,516.4615384615385,1438.0384615384614,13,167.19430581642396,822,41,0.006106642835865356,2.92314791403287,0.11486083758741517,423
22700,463,667.03,46.3,66.703,10,59.48678658137265,153,0,0.0,2.3668750000000003,0.910413430851064,41
22701,349,502.84000000000003,26.846153846153847,38.68,13,25.970644177115805,73,0,0.0,2.240754716981132,0.9451648040638607,39
22702,409,525.75,34.083333333333336,43.8125,12,42.41453081483308,150,1,0.0024449877750611247,1.7930232558139536,0.3848311184939093,35
22703,165,242.22,13.75,20.185,12,21.230873745562146,71,0,0.0,1.61,0.43880512820512835,30
22704,4353,1823.94,334.84615384615387,140.30307692307693,13,102.94322557753712,477,125,0.028715828164484265,0.4190751445086705,7.355827396155379e-05,129
22705,1852,777.84,142.46153846153845,59.83384615384615,13,76.02917793476328,275,25,0.013498920086393088,0.42,0.0,61
22706,1737,727.38,133.6153846153846,55.95230769230769,13,75.01393033023761,279,25,0.014392630972941854,0.41884057971014493,9.275362318840574e-05,64
22707,1181,496.02,90.84615384615384,38.15538461538461,13,60.86028556435107,200,0,0.0,0.42,0.0,41
22708,2487,1042.38,191.30769230769232,80.18307692307692,13,70.43955401073156,325,75,0.030156815440289506,0.41919191919191917,6.464646464646443e-05,79
22709,979,407.4,89.0,37.03636363636363,11,28.376046236218322,125,0,0.0,0.41641025641025636,0.0002499325236167342,38
22710,2534,1054.02,194.92307692307693,81.07846153846154,13,65.06594288164064,279,0,0.0,0.41619999999999996,0.0002803636363636359,79
22711,2489,1043.22,191.46153846153845,80.2476923076923,13,95.66139536982807,375,75,0.030132583366813983,0.4192,6.399999999999998e-05,89
22712,2822,1175.25,235.16666666666666,97.9375,12,137.17727968073308,441,68,0.024096385542168676,0.4355868544600939,0.007905903977323053,141
22713,2130,881.02,163.84615384615384,67.77076923076923,13,64.46038338112041,297,12,0.005633802816901409,0.42146666666666666,0.0024958210290827723,109
22714,2174,894.87,167.23076923076923,68.83615384615385,13,77.93924326695533,327,24,0.011039558417663294,0.4206451612903226,0.002463217427733553,125
22715,1299,540.72,118.0909090909091,49.156363636363636,11,52.67153794119657,180,24,0.018475750577367205,0.4181632653061224,0.00010793183252682522,78
22716,2761,1152.75,212.3846153846154,88.67307692307692,13,61.20939260922088,279,60,0.02173125679101775,0.4243457943925234,0.002433138080821378,167
22717,1125,470.88,93.75,39.24,12,36.32210696732025,144,24,0.021333333333333333,0.41931034482758617,4.137931034482758e-05,69
22718,1437,600.3,110.53846153846153,46.176923076923075,13,52.832463796128515,204,36,0.025052192066805846,0.4188461538461538,6.855862584017926e-05,70
22719,346,384.05000000000007,69.2,76.81000000000002,5,26.743223440714846,102,2,0.005780346820809248,1.1941176470588235,0.007721925133689834,25
22720,5100,24263.53,392.3076923076923,1866.4253846153845,13,228.0100087771677,688,134,0.02627450980392157,4.912823426573427,0.027386509476962216,639
22721,831,3563.25,63.92307692307692,274.09615384615387,13,44.00087411719139,165,9,0.010830324909747292,4.6575,0.7548389121338914,182
22722,3419,12979.75,284.9166666666667,1081.6458333333333,12,169.3530246842287,490,34,0.009944428195378765,3.9169683257918555,0.016173121351724565,393
22723,963,3367.3500000000004,74.07692307692308,259.0269230769231,13,51.2794005725196,200,45,0.04672897196261682,3.728059071729958,0.5150250303940502,169
22725,1604,5988.66,123.38461538461539,460.66615384615386,13,56.37454872182787,260,30,0.018703241895261846,3.8015384615384615,0.21174453941120622,171
22726,4530,17016.55,377.5,1418.0458333333333,12,170.38272426297428,700,68,0.015011037527593819,3.7915809284818067,0.17297563822878495,322
22727,4898,18242.07,376.7692307692308,1403.236153846154,13,147.97756240173365,714,82,0.016741527153940384,3.7669525959367944,0.09631680452997682,388
22728,3245,12125.54,249.6153846153846,932.7338461538462,13,119.94688995658208,484,67,0.020647149460708784,3.7872697899838452,0.1578570969984996,291
22729,1737,6486.0,157.9090909090909,589.6363636363636,11,60.87110077114516,239,6,0.0034542314335060447,3.7664285714285715,0.07699271940181035,179
22730,2179,8157.35,167.6153846153846,627.4884615384616,13,83.36719824721078,335,42,0.019274896741624598,3.7555531914893616,0.0323420174204963,241
22731,976,1253.5900000000001,139.42857142857142,179.08428571428573,7,126.3722769477245,397,0,0.0,1.350943396226415,0.11555148247978425,85
22732,1396,1788.27,199.42857142857142,255.46714285714285,7,180.08780926986435,493,0,0.0,1.3437795275590552,0.1076205224346957,102
22733,1444,1848.56,206.28571428571428,264.08,7,184.12288856966723,450,0,0.0,1.3340277777777778,0.09527457264957273,119
22734,2488,7144.679999999999,311.0,893.0849999999999,8,360.48221672008816,820,15,0.006028938906752411,2.89165191740413,0.027587795639803788,278
22735,572,958.08,81.71428571428571,136.86857142857144,7,81.40375561711774,209,0,0.0,1.7409090909090907,0.14667502612330194,73
22736,989,1657.61,109.88888888888889,184.17888888888888,9,120.42574936910756,309,20,0.020222446916076844,1.7242105263157894,0.11940467061693974,130
22737,1220,2063.84,122.0,206.38400000000001,10,148.60013458944107,381,25,0.020491803278688523,1.7367724867724867,0.13549431498367673,148
22738,1498,2472.58,187.25,309.0725,8,170.31294724711918,488,30,0.020026702269692925,1.6999435028248586,0.09031874678993333,147
22739,1466,2521.74,146.6,252.17399999999998,10,167.58758903928415,476,25,0.017053206002728513,1.7441062801932365,0.14797092068852302,168
22740,2843,2402.5099999999998,315.8888888888889,266.94555555555553,9,145.03055233677873,463,54,0.018994020400984874,0.8451401869158878,0.000613895256568507,89
22741,4101,3489.3599999999997,315.46153846153845,268.41230769230765,13,142.20912733518867,549,27,0.006583760058522311,0.8541935483870968,0.004042689568496018,107
22742,486,1090.2600000000002,37.38461538461539,83.86615384615386,13,38.1237862354079,155,2,0.00411522633744856,2.6263636363636365,0.5930532915360501,77
22743,704,1819.2800000000002,54.15384615384615,139.9446153846154,13,29.616566742973863,127,2,0.002840909090909091,2.8079865771812083,0.7587337565753673,115
22744,692,1746.16,53.23076923076923,134.32,13,29.73256869201921,134,8,0.011560693641618497,2.689189189189189,0.590508181651039,123
22745,1609,3355.3,123.76923076923077,258.1,13,56.15922875502275,221,12,0.0074580484773151025,2.1152201257861636,0.039752475051088226,216
22746,1210,2528.87,93.07692307692308,194.52846153846153,13,42.01083498825341,165,12,0.009917355371900827,2.129130434782609,0.06530320910973077,179
22747,764,1584.15,58.76923076923077,121.85769230769232,13,29.510319794251206,106,6,0.007853403141361256,2.0956140350877193,0.0010835913312693469,123
22748,1719,3597.11,132.23076923076923,276.70076923076925,13,56.58497127647035,211,13,0.0075625363583478765,2.12621776504298,0.059237377729473344,233
22749,1841,6771.849999999999,141.6153846153846,520.9115384615384,13,84.53356183743281,349,36,0.01955458989679522,3.7540686274509807,0.07271510092980683,275
22750,1639,6058.35,126.07692307692308,466.0269230769231,13,78.57105228015122,273,23,0.014032946918852958,3.7669291338582678,0.11281028180687944,247
22751,1082,3980.54,83.23076923076923,306.1953846153846,13,54.99871793377528,197,18,0.0166358595194085,3.7944268774703556,0.22163905514775079,184
22752,170,671.5,170.0,671.5,1,,170,0,0.0,3.95,0.0,11
22753,872,581.38,67.07692307692308,44.72153846153846,13,61.432159789561815,245,6,0.006880733944954129,0.7711976047904191,0.06414674987374647,98
22754,1287,854.7199999999999,99.0,65.7476923076923,13,87.27924533740348,366,3,0.002331002331002331,0.7683505154639175,0.06778379360076915,120
22755,1253,838.78,96.38461538461539,64.52153846153846,13,81.94565115727463,349,26,0.020750199521149242,0.7906666666666667,0.0789712027491409,110
22756,500,481.09000000000003,38.46153846153846,37.00692307692308,13,43.05154930354885,169,0,0.0,1.1112903225806452,0.1814287517531557,68
22757,792,790.09,60.92307692307692,60.776153846153846,13,58.99923945620194,239,8,0.010101010101010102,1.1206194690265487,0.22727907711757248,81
22758,775,722.05,59.61538461538461,55.54230769230769,13,72.37004267597938,294,4,0.005161290322580645,1.115625,0.2146011811023623,85
22759,3205,5357.85,267.0833333333333,446.4875,12,124.96869304919628,548,20,0.0062402496099844,1.688532110091743,0.08334507795350933,253
22766,2523,7359.280000000001,194.07692307692307,566.0984615384616,13,74.70214358644775,313,16,0.006341656757827983,2.955098468271335,0.03864434335291183,278
22767,43,288.96,43.0,288.96,1,,43,0,0.0,6.72,0.0,1
22768,43,288.96,43.0,288.96,1,,43,0,0.0,6.72,0.0,1
22771,4556,5652.97,350.46153846153845,434.8438461538462,13,123.88409595573289,487,87,0.019095697980684813,1.2447400611620794,0.0018194874392600537,168
22772,2227,2755.27,171.30769230769232,211.94384615384615,13,65.56851965105487,284,12,0.005388414907947912,1.2471345029239767,0.01209938768489852,84
22773,1645,2049.77,126.53846153846153,157.67461538461538,13,48.50019825494768,217,12,0.00729483282674772,1.2489261744966442,0.0014691093778342107,82
22774,1302,1601.07,100.15384615384616,123.15923076923076,13,55.530541377164916,200,0,0.0,1.238673469387755,0.003974510835261938,56
22775,1806,2253.92,138.92307692307693,173.37846153846155,13,56.997750742845895,229,12,0.006644518272425249,1.25751677852349,0.011345818973335763,79
22778,710,2584.42,59.166666666666664,215.36833333333334,12,25.67571662568397,94,0,0.0,3.87,0.03874594594594595,80
22779,942,3732.42,72.46153846153847,287.10923076923075,13,35.50027085487139,150,20,0.021231422505307854,4.18261744966443,0.047423508071830274,88
22780,792,3132.1800000000003,60.92307692307692,240.9369230769231,13,35.59134149963428,136,13,0.016414141414141416,4.1843939393939396,0.046585126069858915,82
22781,211,1424.25,26.375,178.03125,8,19.123190857475343,69,0,0.0,6.75,0.0,8
22784,1167,5463.05,89.76923076923077,420.2346153846154,13,39.53511908450057,184,18,0.015424164524421594,4.868604651162792,0.050547461768165686,191
22785,188,721.3,15.666666666666666,60.10833333333333,12,27.32409304269879,100,0,0.0,5.994230769230769,3.5821229260935143,47
22786,107,560.85,9.727272727272727,50.98636363636364,11,7.10057616100143,21,0,0.0,5.661111111111111,1.2050158730158735,30
22788,27,183.06,27.0,183.06,1,,27,0,0.0,6.78,,1
22789,803,1543.29,61.76923076923077,118.71461538461539,13,38.60732626103031,147,4,0.0049813200498132005,1.9896850393700787,0.11513640794900633,101
22791,4114,4916.83,342.8333333333333,409.73583333333335,12,168.41822042076376,802,120,0.02916869227029655,1.23360153256705,0.028919286766872988,184
22792,1745,1464.1399999999999,134.23076923076923,112.62615384615384,13,119.24495366412356,462,36,0.020630372492836675,0.865234375,0.020125928887795283,100
22794,10,67.5,10.0,67.5,1,,10,0,0.0,6.75,,1
22795,1035,6703.05,94.0909090909091,609.3681818181818,11,36.32479744046633,153,26,0.025120772946859903,6.686551724137931,0.04689464264407591,170
22798,1411,4091.4100000000003,108.53846153846153,314.7238461538462,13,47.018817836789886,195,39,0.027639971651311126,2.9761702127659575,0.13640664466947322,126
22799,30,88.50000000000001,30.0,88.50000000000001,1,,30,0,0.0,2.95,0.0,5
22800,653,2435.29,50.23076923076923,187.32999999999998,13,30.48538952283494,129,8,0.01225114854517611,3.7959420289855075,0.20164764624986764,109
22801,791,2886.66,60.84615384615385,222.05076923076922,13,26.378166962616874,119,48,0.0606826801517067,3.764601226993865,0.18091264864046058,123
22804,2141,6047.410000000001,164.69230769230768,465.1853846153847,13,69.11871986587596,278,21,0.009808500700607193,2.980096618357488,0.20218013592074052,252
22805,1377,1709.28,105.92307692307692,131.4830769230769,13,41.40946256284413,156,1,0.0007262164124909223,1.2453278688524592,0.0008730321094702604,77
22806,222,542.1,20.181818181818183,49.28181818181818,11,18.60009775145379,60,2,0.009009009009009009,2.632142857142857,0.43633597883597885,28
22807,606,1625.5400000000002,46.61538461538461,125.04153846153848,13,24.243688049808146,95,18,0.0297029702970297,2.79348623853211,0.34875440027183147,74
22808,320,899.8000000000001,40.0,112.47500000000001,8,29.73213749463701,81,12,0.0375,2.855555555555556,0.15449685534591193,51
22809,1055,3147.4100000000003,131.875,393.42625000000004,8,131.34081891889403,384,12,0.011374407582938388,3.128742857142857,0.5305524334975363,141
22810,807,2527.73,89.66666666666667,280.8588888888889,9,103.1624931842964,298,0,0.0,3.1647826086956523,0.6058061567756269,106
22811,388,1010.0500000000001,32.333333333333336,84.17083333333333,12,32.31755316270466,99,2,0.005154639175257732,3.0098214285714286,1.465812694805195,37
22812,1126,2221.22,140.75,277.6525,8,165.50507113508206,396,0,0.0,2.1433333333333335,0.42287360000000035,98
22813,1572,3046.3799999999997,120.92307692307692,234.33692307692306,13,70.66288693326639,263,0,0.0,2.0618181818181816,0.27167379679144393,116
22814,1200,495.9,92.3076923076923,38.146153846153844,13,29.856279672749515,144,12,0.01,0.4168421052631579,0.00018141097424412094,75
22815,1615,673.44,124.23076923076923,51.80307692307693,13,54.29265427009724,222,36,0.022291021671826627,0.4184070796460177,9.386852085967125e-05,79
22816,2844,1186.3799999999999,355.5,148.29749999999999,8,356.7243834030493,1002,0,0.0,0.41830508474576267,9.938366718027731e-05,158
22817,1642,683.16,126.3076923076923,52.55076923076923,13,58.33007316897036,259,24,0.014616321559074299,0.4180952380952381,0.00011154285714285756,79
22818,2691,1126.98,336.375,140.8725,8,336.59426083724514,939,24,0.008918617614269788,0.4192592592592593,4.416839199447892e-05,151
22819,1614,673.02,124.15384615384616,51.77076923076923,13,51.265397937020104,220,12,0.007434944237918215,0.41857142857142854,8.434285714285718e-05,94
22820,566,368.08000000000004,43.53846153846154,28.313846153846157,13,20.394506550438958,85,0,0.0,0.653913043478261,0.0007043478260869564,42
22821,792,515.1600000000001,60.92307692307692,39.627692307692314,13,32.08182647144002,126,12,0.015151515151515152,0.6554545454545454,0.000966713286713286,52
22822,415,2384.25,31.923076923076923,183.40384615384616,13,25.463901044621117,71,2,0.004819277108433735,5.901048951048951,0.04688269477001863,120
22825,10,67.5,10.0,67.5,1,,10,0,0.0,6.75,,1
22831,567,1661.8500000000001,43.61538461538461,127.83461538461539,13,28.418123505779608,99,23,0.04056437389770723,2.9462264150943396,0.001509433962264153,91
22834,2834,4286.93,218.0,329.7638461538462,13,507.6376660571987,1871,51,0.01799576570218772,1.8825255972696247,0.24555113376034424,199
22835,2627,12329.85,202.07692307692307,948.45,13,246.98294864843794,863,58,0.022078416444613627,4.80748502994012,0.039288862275449095,316
22837,910,4130.3,130.0,590.0428571428572,7,315.48322723508875,845,0,0.0,4.62037037037037,0.011055831951354308,108
22840,284,1928.5400000000002,28.4,192.854,10,15.770577386738607,55,0,0.0,6.804,0.20194105263157888,15
22841,146,969.44,20.857142857142858,138.49142857142857,7,10.237652260627131,36,0,0.0,6.684545454545455,0.34880727272727274,9
22842,542,3431.3,45.166666666666664,285.94166666666666,12,26.7711966429775,108,0,0.0,6.640410958904109,0.07618327822390161,120
22843,402,2504.86,33.5,208.73833333333334,12,27.40769633117344,109,4,0.009950248756218905,6.635309734513274,0.12684298356510734,91
22844,27,173.34,27.0,173.34,1,,27,0,0.0,6.42,,1
22845,647,3912.45,49.76923076923077,300.9576923076923,13,21.198088931763976,88,7,0.010819165378670788,6.302274678111587,0.050815924226727704,154
22846,1,5.0,1.0,5.0,1,,1,0,0.0,5.0,,1
22851,2157,1817.85,165.92307692307693,139.83461538461538,13,99.3927072596891,398,39,0.01808066759388039,0.863448275862069,0.01280052499701706,198
22852,354,1507.92,27.23076923076923,115.99384615384616,13,9.175636636893795,45,0,0.0,4.248796296296296,0.0036144254067151434,83
22853,431,1396.95,33.15384615384615,107.45769230769231,13,15.873700229447417,68,0,0.0,3.247029702970297,0.0028910891089108837,76
22854,672,3215.8,67.2,321.58000000000004,10,47.71861970621811,133,9,0.013392857142857142,4.917114093959731,0.02208688554326141,123
22855,2071,2517.5,230.11111111111111,279.72222222222223,9,138.7762988089505,398,38,0.01834862385321101,1.2351396648044692,0.002617255665055551,152
22856,303,373.62,37.875,46.7025,8,24.91377989329256,72,0,0.0,1.2413636363636362,0.001640909090909086,21
22857,794,667.88,113.42857142857143,95.41142857142857,7,121.68245168313733,296,12,0.015113350125944584,0.8455172413793103,0.0005725347852389601,56
22858,745,1213.05,106.42857142857143,173.29285714285714,7,90.91544999404142,241,0,0.0,1.6445945945945943,0.0010614250614250636,103
22859,847,1381.3500000000001,77.0,125.57727272727274,11,78.98987276860242,213,6,0.0070838252656434475,1.6453488372093024,0.0009156976744186061,111
22860,497,820.0500000000001,71.0,117.15,7,78.59601346972589,189,6,0.012072434607645875,1.65,0.0,82
22861,265,437.25,53.0,87.45,5,36.53080891521566,112,0,0.0,1.65,0.0,36
22862,139,590.75,69.5,295.375,2,33.23401871576773,93,15,0.1079136690647482,4.25,0.0,42
22863,586,1674.7,45.07692307692308,128.82307692307694,13,32.712030250000126,92,14,0.023890784982935155,2.928494623655914,0.008228143992519893,77
22865,5353,11083.27,446.0833333333333,923.6058333333334,12,562.0788457039446,1644,57,0.010648234634784233,2.1128938356164384,0.05227274342677229,375
22866,4108,8481.810000000001,410.8,848.1810000000002,10,474.9153842762121,1367,43,0.010467380720545278,2.088904958677686,0.002733166931882342,329
22867,4268,8843.380000000001,474.22222222222223,982.5977777777779,9,464.02741777231705,1189,28,0.006560449859418931,2.1101871101871104,0.045556423250173235,333
22868,53,103.35,6.625,12.91875,8,4.955156044825574,16,0,0.0,1.95,0.0,10
22869,69,134.54999999999998,5.75,11.212499999999999,12,5.658862719021134,16,0,0.0,1.95,0.0,18
22870,66,128.7,6.0,11.7,11,5.744562646538029,16,0,0.0,1.95,0.0,14
22871,52,101.39999999999999,7.428571428571429,14.485714285714284,7,4.894116973712515,17,0,0.0,1.95,0.0,10
22872,55,107.25,6.875,13.40625,8,6.875162335745764,18,0,0.0,1.9499999999999997,0.0,13
22873,47,91.64999999999999,6.714285714285714,13.092857142857142,7,5.498917642417936,17,0,0.0,1.9499999999999997,0.0,12
22874,54,105.3,7.714285714285714,15.042857142857143,7,4.785891965429423,17,0,0.0,1.95,0.0,10
22875,51,99.45,6.375,12.43125,8,5.262739645035518,16,0,0.0,1.95,0.0,14
22876,52,101.39999999999999,7.428571428571429,14.485714285714284,7,5.061526214398936,17,0,0.0,1.95,0.0,11
22877,56,109.2,8.0,15.6,7,5.627314338711376,19,2,0.03571428571428571,1.9499999999999997,0.0,12
22878,52,109.2,7.428571428571429,15.6,7,2.9358214555806383,12,1,0.019230769230769232,2.1,0.0,10
22879,62,69.33999999999999,8.857142857142858,9.905714285714284,7,11.767590682726455,28,0,0.0,1.595,0.5317142857142857,6
22880,70,84.94,8.75,10.6175,8,11.093756287724577,29,0,0.0,1.6918181818181817,0.39969636363636357,8
22881,79,102.49,9.875,12.81125,8,10.696294418428948,29,0,0.0,1.7315384615384615,0.3424807692307692,9
22882,83,110.28999999999999,7.545454545454546,10.026363636363635,11,10.21140182701314,31,0,0.0,1.8079999999999998,0.22773263157894738,13
22883,78,100.53999999999999,8.666666666666666,11.17111111111111,9,10.380269746013347,28,0,0.0,1.6918181818181817,0.39969636363636357,9
22884,75,94.69,7.5,9.469,10,10.102254973794492,28,2,0.02666666666666667,1.7725,0.28173999999999993,12
22885,79,102.49,9.875,12.81125,8,10.642737295585997,28,0,0.0,1.7133333333333332,0.36891515151515136,10
22886,74,92.74,8.222222222222221,10.304444444444444,9,10.365541203644142,28,0,0.0,1.7315384615384615,0.3424807692307692,8
22887,66,77.14,8.25,9.6425,8,11.323174718880113,28,0,0.0,1.6918181818181817,0.39969636363636357,8
22888,63,71.28999999999999,9.0,10.184285714285712,7,11.704699910719626,28,0,0.0,1.595,0.5317142857142857,7
22889,74,104.42999999999999,14.8,20.886,5,15.706686474237651,36,0,0.0,1.7242857142857144,0.4436285714285715,6
22891,322,1344.5,24.76923076923077,103.42307692307692,13,17.17145813141605,72,2,0.006211180124223602,4.23936170212766,0.005261953786318919,68
22892,2188,2709.35,182.33333333333334,225.77916666666667,12,64.00189391137128,305,18,0.008226691042047532,1.2451530612244899,0.0009020277341705929,117
22893,984,408.42,82.0,34.035000000000004,12,47.591061039958866,174,0,0.0,0.41727272727272724,0.00015860139860139838,45
22895,1389,4271.49,106.84615384615384,328.57615384615383,13,46.16789316152903,169,25,0.017998560115190784,3.1868333333333334,0.17709453277545317,163
22896,1187,2910.07,91.3076923076923,223.85153846153847,13,48.22237484713332,180,12,0.010109519797809604,2.5926457399103136,0.1651826081687069,144
22897,1158,1674.06,89.07692307692308,128.77384615384614,13,42.51756801304126,175,9,0.007772020725388601,1.549421965317919,0.18829036160774287,135
22898,1850,3533.42,142.30769230769232,271.8015384615385,13,59.73187956106384,282,63,0.03405405405405405,1.946774193548387,0.020819772569041526,201
22899,1573,3227.73,121.0,248.28692307692307,13,48.73910134583935,250,41,0.026064844246662427,2.1264367816091956,0.08167148541114065,190
22900,2588,7909.79,199.07692307692307,608.4453846153846,13,59.30213815490627,293,11,0.004250386398763524,3.122936507936508,0.031437773146393795,194
22902,916,1803.0600000000002,70.46153846153847,138.6969230769231,13,31.89465834225585,117,0,0.0,2.052021276595745,0.0175560855639442,71
22903,140,389.08000000000004,14.0,38.908,10,10.728984626287387,37,0,0.0,2.7590625,0.12529909274193557,21
22904,1473,4308.39,122.75,359.0325,12,43.63302544049529,200,6,0.004073319755600814,2.977510548523207,0.10515860687978246,162
22905,367,958.49,28.23076923076923,73.73,13,21.146921943685037,78,0,0.0,2.7483823529411766,0.21144361281826168,50
22906,1354,2190.9,104.15384615384616,168.53076923076924,13,36.02047138745354,180,18,0.013293943870014771,1.6417525773195876,0.0015896586720794818,150
22907,4705,3948.1299999999997,361.9230769230769,303.70230769230767,13,139.6116408341735,598,135,0.028692879914984058,0.8506498194945848,0.0038263400813416805,357
22908,2834,2357.75,218.0,181.3653846153846,13,87.57568155601189,388,53,0.0187014820042343,0.84778125,0.004945218456112843,212
22909,5366,4498.19,536.6,449.81899999999996,10,555.3507800380664,1381,69,0.012858740216175923,0.8453585657370518,0.0006301106949447726,368
22910,6388,17899.32,491.38461538461536,1376.8707692307692,13,662.893095763002,2137,38,0.005948653725735754,2.9364022662889515,0.1357807968175516,470
22911,371,1075.69,30.916666666666668,89.64083333333333,12,15.796767985505095,56,0,0.0,2.975185185185185,0.10417777777777767,68
22912,225,1071.0900000000001,18.75,89.25750000000001,12,10.955488454319472,40,3,0.013333333333333334,4.9326373626373625,0.02743296703296704,74
22913,273,1289.79,21.0,99.21461538461539,13,20.79663434308542,82,7,0.02564102564102564,4.926,0.031188085106383028,78
22914,373,1784.79,28.692307692307693,137.29153846153847,13,22.20504678139865,81,7,0.01876675603217158,4.933111111111112,0.02199920398009953,106
22915,2022,783.42,155.53846153846155,60.26307692307692,13,72.18450362856673,321,3,0.001483679525222552,0.39932835820895524,0.004052928964201548,110
22916,1508,977.5000000000001,116.0,75.19230769230771,13,72.5718035235908,239,63,0.04177718832891247,0.649476439790576,5.235602094240872e-05,130
22917,1552,1006.1,119.38461538461539,77.3923076923077,13,73.68574993572192,240,63,0.04059278350515464,0.649476439790576,5.235602094240872e-05,132
22918,1472,951.4000000000001,113.23076923076923,73.1846153846154,13,67.20882115485765,217,63,0.042798913043478264,0.6489473684210527,0.00010470620996936799,130
22919,1530,991.8000000000001,117.6923076923077,76.2923076923077,13,80.94379183048838,256,36,0.023529411764705882,0.6494845360824743,5.154639175257766e-05,132
22920,1538,994.3000000000001,118.3076923076923,76.4846153846154,13,78.65895225103604,254,63,0.04096228868660598,0.6489473684210527,0.00010470620996936794,133
22921,1335,865.0500000000001,102.6923076923077,66.5423076923077,13,66.63005404893576,228,63,0.04719101123595506,0.6494011976047904,5.9880239520958375e-05,116
22922,1191,1007.52,91.61538461538461,77.50153846153846,13,31.124851971638517,132,24,0.020151133501259445,0.8563636363636363,0.010915360501567396,73
22923,972,815.67,74.76923076923077,62.74384615384615,13,38.79680795751511,165,51,0.05246913580246913,0.8448,0.0006577297297297297,64
22924,942,793.68,72.46153846153847,61.052307692307686,13,34.982413163891806,132,12,0.012738853503184714,0.8464864864864865,0.00045049981488337674,63
22925,415,2442.25,37.72727272727273,222.02272727272728,11,27.148078786871487,115,3,0.007228915662650603,5.943827160493827,0.006172839506172804,124
22926,548,3206.6,91.33333333333333,534.4333333333333,6,27.94756995995657,118,8,0.014598540145985401,5.939071038251367,0.010868912508256752,140
22927,377,2189.15,37.7,218.91500000000002,10,15.33369564789331,60,30,0.07957559681697612,5.934496124031008,0.015382751937984496,94
22928,230,1341.5,17.692307692307693,103.1923076923077,13,17.641733736534206,67,0,0.0,5.937804878048781,0.012195121951219476,61
22930,814,2027.52,62.61538461538461,155.96307692307693,13,48.73318250353733,176,6,0.007371007371007371,2.5655479452054792,0.08829935285781775,120
22931,540,1334.8600000000001,41.53846153846154,102.68153846153847,13,51.04836821521231,188,6,0.011111111111111112,2.5514414414414412,0.06200335790335783,95
22932,413,977.55,31.76923076923077,75.19615384615385,13,28.55740956434321,76,1,0.002421307506053269,2.5007812499999997,0.020039062499999972,51
22933,528,1490.1000000000001,52.8,149.01000000000002,10,70.55935247876232,182,0,0.0,2.922826086956522,0.01864906832298137,82
22934,410,1144.7,45.55555555555556,127.1888888888889,9,50.725021220082084,157,0,0.0,2.9152173913043478,0.012890025575447592,65
22935,403,1221.75,31.0,93.98076923076923,13,25.28174572031502,81,0,0.0,3.1634615384615383,0.03648190045248869,46
22936,168,519.38,15.272727272727273,47.21636363636364,11,15.053842759182182,43,0,0.0,3.3037142857142854,0.35510050420168077,30
22937,901,2323.19,69.3076923076923,178.7069230769231,13,72.0698557134958,263,6,0.006659267480577136,2.6128776978417267,0.1673032530497341,122
22938,1937,3682.1299999999997,149.0,283.2407692307692,13,75.94296105191931,291,40,0.020650490449148167,1.9417441860465117,0.034039045287637716,160
22939,393,1907.5500000000002,30.23076923076923,146.7346153846154,13,15.796380630563476,53,9,0.022900763358778626,4.935416666666667,0.010100877192982466,76
22940,1403,5789.25,116.91666666666667,482.4375,12,143.8537504382542,399,8,0.005702066999287242,4.221476510067114,0.013493435473301276,239
22941,54,351.0,54.0,351.0,1,,54,0,0.0,6.5,0.0,1
22942,125,368.75000000000006,125.0,368.75000000000006,1,,125,0,0.0,2.9500000000000006,0.0,23
22943,920,4339.8,102.22222222222223,482.20000000000005,9,123.42789167949213,325,0,0.0,4.896496815286624,0.034811366976972055,127
22944,1135,514.03,141.875,64.25375,8,200.01959725415477,473,6,0.0052863436123348016,0.519,0.09589728813559328,50
22945,1990,1750.24,199.0,175.024,10,235.53202188520638,634,12,0.006030150753768844,0.8922302158273381,0.044717453862996547,118
22948,1316,1167.56,101.23076923076923,89.81230769230768,13,37.579147245411356,155,41,0.03115501519756839,0.9241346153846154,0.05864196228528749,69
22949,692,1003.4,57.666666666666664,83.61666666666666,12,32.750665040668416,111,16,0.023121387283236993,1.45,0.0,81
22950,2305,3283.45,384.1666666666667,547.2416666666667,6,415.03128396142216,999,27,0.011713665943600867,1.4367469879518073,0.002489959839357425,156
22951,4826,2622.7599999999998,371.2307692307692,201.7507692307692,13,155.37650715072397,676,81,0.016784086199751348,0.5632033426183845,0.012710100994382263,237
22952,8025,4315.47,802.5,431.547,10,853.9662041192132,2264,231,0.028785046728971964,0.5424166666666667,0.0009302644398051504,343
22953,451,567.38,34.69230769230769,43.644615384615385,13,30.009400236660888,114,0,0.0,1.2791566265060241,0.03484928004701735,61
22954,160,200.0,14.545454545454545,18.181818181818183,11,6.75816005083686,25,0,0.0,1.25,0.0,20
22955,754,1462.79,58.0,112.52230769230769,13,35.10935297989222,123,12,0.015915119363395226,2.0110185185185183,0.09232699030806504,91
22956,1176,2286.6800000000003,90.46153846153847,175.89846153846156,13,38.4482669410369,193,1,0.0008503401360544217,2.0497109826589597,0.16348886947170316,144
22957,1311,3759.4500000000003,218.5,626.575,6,178.43850481328295,393,5,0.0038138825324180014,2.92979797979798,0.007711634107573216,179
22959,3508,1467.42,584.6666666666666,244.57000000000002,6,491.8303230451196,1364,25,0.007126567844925884,0.4184285714285714,0.00011549845837615615,133
22960,6459,25847.67,496.84615384615387,1988.2823076923075,13,157.6630617032443,798,63,0.009753831862517418,4.1358573072497125,0.04783673537568997,572
22961,10318,14971.81,793.6923076923077,1151.6776923076923,13,319.91857938528267,1257,183,0.017735995347935646,1.4717126436781607,0.05564228787217444,537
22962,2781,2302.23,213.92307692307693,177.0946153846154,13,107.13112023626431,404,75,0.02696871628910464,0.8457723577235773,0.006328176538908241,180
22963,2323,1912.1499999999999,178.69230769230768,147.08846153846153,13,87.89139568750423,352,12,0.005165733964700818,0.845047619047619,0.007414591023012079,165
22964,1649,3425.1400000000003,126.84615384615384,263.4723076923077,13,62.04010282852825,258,45,0.0272892662219527,2.134046822742475,0.08348591726336119,216
22965,1178,2466.92,90.61538461538461,189.76307692307694,13,38.76755185619898,174,36,0.030560271646859084,2.1257971014492756,0.060254579991557665,171
22966,5352,6616.03,446.0,551.3358333333333,12,183.6473894079729,792,78,0.014573991031390135,1.2614159292035398,0.021724941944392173,388
22967,832,2387.2000000000003,118.85714285714286,341.02857142857147,7,127.05698009348478,305,7,0.008413461538461538,2.9286259541984734,0.008155020551967129,122
22969,7427,10690.449999999999,571.3076923076923,822.3423076923076,13,212.92658539795067,867,120,0.016157264036623133,1.4507335907335908,0.014808358289209353,429
22970,2584,6151.8,198.76923076923077,473.2153846153846,13,72.90993741842722,280,13,0.005030959752321981,2.4917266187050355,0.022909643404409985,180
22971,1924,4677.47,148.0,359.80538461538464,13,59.844242273867366,221,25,0.012993762993762994,2.5219574468085106,0.04133888707037643,164
22972,1619,2650.91,124.53846153846153,203.91615384615383,13,66.5226971098529,242,60,0.03705991352686844,1.6535359116022097,0.01604076120319214,139
22973,1066,1740.58,82.0,133.89076923076922,13,46.40222695805307,178,24,0.0225140712945591,1.6723423423423422,0.04985264537264537,81
22974,1298,2129.94,99.84615384615384,163.84153846153848,13,55.59503298234197,212,36,0.02773497688751926,1.6864556962025314,0.06820646617753776,126
22975,1097,1379.72,84.38461538461539,106.13230769230769,13,49.96922129594453,180,42,0.03828623518687329,1.2752083333333333,0.030075480769230792,110
22976,1004,1259.84,77.23076923076923,96.91076923076922,13,47.27958306033349,175,24,0.02390438247011952,1.26070796460177,0.012956637168141577,77
22977,874,1093.71,67.23076923076923,84.13153846153847,13,56.94464248454202,200,12,0.013729977116704805,1.2608035714285715,0.01307232142857142,98
22978,1251,4614.5,113.72727272727273,419.5,11,80.50725546072343,325,8,0.006394884092725819,3.752284263959391,0.07880853102662377,153
22979,2509,3640.08,250.9,364.008,10,148.78280217223434,615,55,0.0219210840972499,1.4965686274509804,0.08889867888138865,225
22980,1959,3182.79,178.0909090909091,289.3445454545454,11,143.42067810846143,575,48,0.02450229709035222,1.674590163934426,0.056545098832894915,198
22981,318,455.7,31.8,45.57,10,18.90208689242775,71,12,0.03773584905660377,1.4473333333333334,0.0005333333333333343,58
22982,999,1259.35,99.9,125.93499999999999,10,84.56483377333105,321,25,0.025025025025025027,1.3150000000000002,0.07677275862068958,120
22983,4389,1835.73,337.61538461538464,141.21,13,102.24931822228976,537,48,0.010936431989063569,0.42737951807228913,0.0035764960142685553,223
22984,2024,834.7,155.69230769230768,64.20769230769231,13,76.56085228472905,282,96,0.04743083003952569,0.42157142857142854,0.0026752106885919837,91
22985,2418,1011.24,186.0,77.78769230769231,13,78.2240372264178,300,50,0.0206782464846981,0.4183333333333333,0.00013192982456140345,77
22986,3836,1609.5,295.0769230769231,123.8076923076923,13,107.54104761939472,452,0,0.0,0.41961038961038966,2.3376623376623373e-05,124
22987,100,42.0,25.0,10.5,4,0.0,25,0,0.0,0.42,0.0,4
22988,4083,4989.81,340.25,415.81750000000005,12,184.7229497973064,696,57,0.013960323291697281,1.2576060606060606,0.02938604494795984,197
22989,1728,5484.03,157.0909090909091,498.5481818181818,11,87.82078859296874,355,54,0.03125,3.2294637223974765,0.008952559597492324,241
22990,482,2154.0,43.81818181818182,195.8181818181818,11,23.71842398566221,84,10,0.02074688796680498,4.717375886524822,0.6023566362715299,116
22991,2019,3984.99,183.54545454545453,362.27181818181816,11,92.8981847361547,312,12,0.005943536404160475,2.0506694560669456,0.2320869449034842,185
22992,2754,5295.84,250.36363636363637,481.44,11,138.2289931434594,513,12,0.004357298474945534,1.9620819112627985,0.051761746692225004,217
22993,8730,10736.76,793.6363636363636,976.069090909091,11,251.35802065073344,1130,121,0.0138602520045819,1.2570034052213395,0.022055555670209465,431
22994,1810,758.76,164.54545454545453,68.97818181818182,11,57.95578251799149,253,54,0.02983425414364641,0.4196273291925466,2.2360248447204974e-05,89
22995,1898,794.28,172.54545454545453,72.20727272727272,11,60.21023772808681,242,28,0.014752370916754479,0.4193513513513513,3.870740305522919e-05,90
22996,3547,1485.24,322.45454545454544,135.0218181818182,11,101.5375434372564,422,54,0.01522413307020017,0.4193959731543624,3.599755948749232e-05,155
22997,2282,957.0,207.45454545454547,87.0,11,70.77338996595209,340,27,0.011831726555652936,0.41967032967032963,1.978021978021976e-05,101
22998,6413,2689.76,583.0,244.52363636363637,11,194.55950246646913,854,118,0.018400124746608452,0.42781818181818176,0.0038580989852971654,217
22999,2323,974.22,211.1818181818182,88.56545454545454,11,58.367487836668424,295,26,0.011192423590185106,0.41968085106382974,1.9148936170212776e-05,108
23000,2553,1070.64,232.0909090909091,97.3309090909091,11,80.62190092704904,382,33,0.012925969447708578,0.41970873786407764,1.7475728155339825e-05,125
23002,1689,707.9399999999999,153.54545454545453,64.35818181818182,11,56.53028150710668,260,2,0.0011841326228537595,0.41957746478873237,2.5352112676056294e-05,85
23003,376,156.48,75.2,31.296,5,17.59829537199555,97,34,0.09042553191489362,0.41886792452830185,6.792452830188673e-05,38
23004,1616,680.36,146.9090909090909,61.85090909090909,11,37.54851407300839,198,4,0.0024752475247524753,0.42976190476190473,0.003938342857142856,73
23005,2612,1093.8,326.5,136.725,8,182.74728843014725,586,48,0.018376722817764167,0.4193258426966292,4.022091030279945e-05,105
23006,1606,673.08,146.0,61.189090909090915,11,69.17658563415803,259,4,0.0024906600249066002,0.4195384615384615,2.7692307692307646e-05,88
23012,1004,3724.3,143.42857142857142,532.0428571428572,7,73.51838124545712,263,6,0.00597609561752988,3.859547738693468,0.037231612608497,150
23013,864,3202.8,123.42857142857143,457.54285714285714,7,61.17967293924005,202,8,0.009259259259259259,3.861111111111111,0.03674736188702665,134
23014,796,2935.2000000000003,113.71428571428571,419.31428571428575,7,63.36853658221428,207,10,0.01256281407035176,3.853125,0.039298349056603746,121
23016,24,159.60000000000002,12.0,79.80000000000001,2,0.0,12,0,0.0,6.65,0.0,2
23019,49,365.05,9.8,73.01,5,3.492849839314596,13,0,0.0,7.45,0.0,6
23021,117,475.95,16.714285714285715,67.99285714285715,7,13.901010583338724,37,4,0.03418803418803419,4.134,0.006400000000000013,24
23022,284,559.4000000000001,40.57142857142857,79.91428571428573,7,22.456306781964713,77,6,0.02112676056338028,2.0295652173913044,0.012631620553359695,19
23023,218,350.54,31.142857142857142,50.07714285714286,7,19.692880028312867,55,12,0.05504587155963303,1.7039130434782608,0.12285217391304347,23
23024,182,482.78,30.333333333333332,80.46333333333332,6,23.44923595059478,60,0,0.0,2.73,0.04266666666666663,8
23025,317,669.61,45.285714285714285,95.65857142857143,7,29.730535849606913,101,12,0.03785488958990536,2.1245652173913046,0.09135869565217389,40
23026,434,893.46,62.0,127.63714285714286,7,37.134889255254286,125,6,0.013824884792626729,2.106727272727273,0.08021131313131312,43
23027,254,528.32,36.285714285714285,75.47428571428573,7,21.437617138372183,69,8,0.031496062992125984,2.08,0.0,26
23028,968,1590.84,161.33333333333334,265.14,6,111.69004730353849,290,32,0.03305785123966942,1.6590434782608694,0.024563112128146443,88
23029,1137,1865.25,162.42857142857142,266.4642857142857,7,57.022969473879975,235,12,0.010554089709762533,1.6471014492753622,0.0005754786840156559,97
23031,1081,1772.8500000000001,154.42857142857142,253.26428571428573,7,55.298755690814424,217,0,0.0,1.6471014492753622,0.0005754786840156563,93
23032,1797,2938.05,299.5,489.675,6,117.53765354132267,403,20,0.011129660545353366,1.6446236559139784,0.0010520197616971808,117
23033,520,740.8,74.28571428571429,105.82857142857142,7,50.77963596336063,150,0,0.0,1.4398305084745764,0.0019637638807714747,42
23034,764,1094.6,109.14285714285714,156.37142857142857,7,58.67261874568231,204,0,0.0,1.4425,0.0014620253164556944,57
23035,1690,2432.14,241.42857142857142,347.4485714285714,7,91.55482354461569,410,18,0.010650887573964497,1.4538323353293412,0.021826188586682067,110
23036,182,227.5,26.0,32.5,7,20.19075696121041,60,12,0.06593406593406594,1.25,0.0,14
23037,193,315.29,27.571428571428573,45.041428571428575,7,13.950593092017543,54,12,0.06217616580310881,1.7299999999999998,0.15378823529411773,17
23038,41,38.03,10.25,9.5075,4,10.21028892833107,24,0,0.0,1.23,0.19199999999999998,4
23039,192,370.79999999999995,32.0,61.79999999999999,6,26.32109420217936,66,12,0.0625,1.9369565217391302,0.0039130434782608725,22
23040,153,858.15,17.0,95.35,9,14.430869689661812,45,0,0.0,5.728947368421053,0.016842105263157874,33
23041,260,1079.0,28.88888888888889,119.88888888888889,9,30.997759775685584,99,0,0.0,4.15,0.0,46
23042,99,658.3500000000001,11.0,73.15000000000002,9,12.439855304624729,34,0,0.0,6.65,0.0,25
23043,75,468.75,15.0,93.75,5,11.180339887498949,32,0,0.0,6.25,0.0,18
23044,100,415.0,12.5,51.875,8,8.799350625391138,25,0,0.0,4.15,0.0,24
23045,116,481.40000000000003,19.333333333333332,80.23333333333333,6,19.572088970436106,47,0,0.0,4.15,0.0,22
23046,134,866.8000000000001,19.142857142857142,123.82857142857144,7,16.737468659951457,51,0,0.0,6.623529411764706,0.023823529411764785,31
23047,58,333.5,8.285714285714286,47.642857142857146,7,3.6839419880650364,14,0,0.0,5.75,0.0,25
23048,386,1591.1000000000001,42.888888888888886,176.7888888888889,9,39.64985638197333,115,4,0.010362694300518135,4.145402298850575,0.0018390804597701149,80
23049,20,149.0,20.0,149.0,1,,20,0,0.0,7.45,,1
23050,29,216.05,14.5,108.025,2,7.7781745930520225,20,0,0.0,7.45,0.0,2
23051,28,208.6,14.0,104.3,2,8.48528137423857,20,0,0.0,7.45,0.0,2
23052,20,149.0,20.0,149.0,1,,20,0,0.0,7.45,,1
23053,42,312.9,14.0,104.3,3,10.392304845413264,20,0,0.0,7.45,0.0,3
23054,6,44.7,6.0,44.7,1,,6,0,0.0,7.45,,1
23055,242,807.53,30.25,100.94125,8,48.017110045720756,147,0,0.0,5.562894736842105,2.9895076102418203,33
23056,256,1000.06,32.0,125.0075,8,46.980239006872424,143,0,0.0,5.615142857142857,2.7241963025210088,32
23057,334,1095.05,41.75,136.88125,8,42.55332788731939,139,0,0.0,4.42125,1.5730624999999998,37
23058,477,413.91,119.25,103.4775,4,121.92176453228794,302,60,0.12578616352201258,1.1129545454545455,1.1736631606765326,39
23060,244,507.52000000000004,27.11111111111111,56.391111111111115,9,20.176994600562075,60,0,0.0,2.08,0.0,34
23061,928,1154.96,103.11111111111111,128.32888888888888,9,57.444417580049596,204,6,0.00646551724137931,1.2476136363636365,0.0005011363636363641,76
23066,51,379.95000000000005,25.5,189.97500000000002,2,2.1213203435596424,27,0,0.0,7.45,0.0,2
23067,274,1137.1000000000001,30.444444444444443,126.34444444444446,9,23.707125042437724,74,0,0.0,4.15,0.0,63
23068,726,1771.2500000000002,80.66666666666667,196.80555555555557,9,49.66135318333563,188,32,0.0440771349862259,2.4775757575757575,0.004977284293314837,106
23069,87,543.75,9.666666666666666,60.416666666666664,9,6.123724356957945,18,0,0.0,6.25,0.0,27
23070,147,610.0500000000001,18.375,76.25625000000001,8,10.979689040613646,38,0,0.0,4.15,0.0,29
23071,105,315.0,105.0,315.0,1,,105,0,0.0,3.0,6.166666666666667,3
23072,105,315.0,105.0,315.0,1,,105,0,0.0,3.0,6.166666666666667,3
23074,200,406.43,50.0,101.6075,4,34.30257521916783,91,10,0.05,2.0634285714285716,0.004664369747899155,32
23075,441,1819.3500000000001,49.0,202.15,9,27.98660393831306,91,8,0.018140589569160998,4.144805194805195,0.0020779220779220914,61
23076,6036,7510.98,603.6,751.098,10,240.88272849851415,898,177,0.029324055666003976,1.2449193548387096,0.0010453375995820825,202
23077,6604,8186.96,660.4,818.696,10,312.13608143457776,1344,127,0.019230769230769232,1.241818181818182,0.0016566183002665103,217
23078,5141,6397.9,514.1,639.79,10,237.19258466955122,845,72,0.014005057381832327,1.2450704225352112,0.0010156789795376017,159
23082,1870,6827.58,233.75,853.4475,8,117.07964322264932,469,12,0.006417112299465241,3.722639405204461,0.011881440381734448,205
23083,1544,5685.73,193.0,710.71625,8,163.25615280463833,520,0,0.0,3.761132075471698,0.14137217204685684,161
23084,10367,20017.8,1295.875,2502.225,8,1766.542825286562,5496,357,0.03443619176232275,2.0127703523693805,0.06757674403479053,450
23086,602,735.49,75.25,91.93625,8,44.32590342323227,132,16,0.026578073089700997,1.2325,0.0034650000000000015,31
23087,687,844.05,98.14285714285714,120.57857142857142,7,39.5955745482942,153,0,0.0,1.237142857142857,0.002587499999999999,43
23088,755,941.98,94.375,117.7475,8,68.02927416088711,211,0,0.0,1.306315789473684,0.0767808270676692,52
23089,1370,2369.82,171.25,296.2275,8,70.61920014111905,272,3,0.0021897810218978104,1.7758394160583941,0.04264800343495065,101
23090,1634,1350.5500000000002,204.25,168.81875000000002,8,131.5661159156979,470,84,0.051407588739290085,0.8575999999999999,0.02552645161290322,96
23091,556,3382.12,79.42857142857143,483.15999999999997,7,58.22329757882476,159,7,0.012589928057553957,6.222984293193717,0.022622099751997835,159
23092,111,692.9100000000001,22.2,138.58200000000002,5,22.807893370497855,63,0,0.0,6.36,0.2883428571428573,6
23093,777,1887.1100000000001,97.125,235.88875000000002,8,56.308937377395324,189,2,0.002574002574002574,2.472845528455285,0.012925443156070911,105
23096,849,1396.13,106.125,174.51625,8,85.7878404637194,260,28,0.03297997644287397,1.728974358974359,0.13386100795755973,89
23099,132,858.9000000000001,16.5,107.36250000000001,8,10.281745265969475,36,0,0.0,6.584545454545455,0.05563636363636368,46
23100,1925,2384.2,240.625,298.025,8,214.44275792987605,599,63,0.03272727272727273,1.246164383561644,0.0007943948724393636,180
23101,1696,1390.19,212.0,173.77375,8,192.30481756093073,480,48,0.02830188679245283,0.8265445026178011,0.0003701019564618341,175
23102,1091,893.98,136.375,111.7475,8,88.73063168940025,249,1,0.0009165902841429881,0.8268794326241135,0.00033590678824721307,128
23103,3643,5991.150000000001,455.375,748.8937500000001,8,342.54673820829595,1038,54,0.014822948119681581,1.6475535168195719,0.00048479390630569484,231
23106,283,769.27,35.375,96.15875,8,12.861209674276921,61,0,0.0,2.772,0.5206897959183676,49
23107,340,919.8000000000001,42.5,114.97500000000001,8,28.923544536785748,94,0,0.0,2.7391803278688527,0.2762076502732242,60
23108,1633,9520.86,204.125,1190.1075,8,75.8126214520285,316,16,0.009797917942437232,6.12985754985755,0.10627797964997975,270
23109,1893,5417.7699999999995,236.625,677.2212499999999,8,147.59784890031426,546,15,0.00792393026941363,2.904655172413793,0.07675399313330337,178
23110,657,3648.95,82.125,456.11875,8,33.727638094425934,128,8,0.0121765601217656,5.713636363636364,0.027895392278953907,157
23112,112,744.8000000000001,18.666666666666668,124.13333333333334,6,6.022181221672648,24,0,0.0,6.65,0.0,8
23113,232,1113.57,58.0,278.3925,4,43.197222132910355,96,0,0.0,4.92,0.03079523809523808,39
23114,135,646.65,33.75,161.6625,4,34.267331381360876,77,0,0.0,4.930487804878049,0.015609756097561009,40
23115,135,646.65,33.75,161.6625,4,32.27357019812548,64,0,0.0,4.928947368421053,0.016842105263157877,38
23116,61,280.35,15.25,70.0875,4,19.36276495407272,42,0,0.0,4.902941176470589,0.037647058823529485,17
23117,85,420.75000000000006,21.25,105.18750000000001,4,21.669871557841162,41,0,0.0,4.95,0.0,39
23118,166,1067.9900000000002,33.2,213.59800000000004,5,12.755391017134675,48,0,0.0,6.502222222222223,0.19654444444444447,6
23119,1483,916.8499999999999,211.85714285714286,130.97857142857143,7,131.4957902639581,402,12,0.008091706001348618,0.6479310344827586,0.02034350824587706,97
23120,1032,430.2,147.42857142857142,61.457142857142856,7,111.19181196301753,299,0,0.0,0.41857142857142854,8.468158347676403e-05,69
23121,1374,567.36,196.28571428571428,81.05142857142857,7,148.95604976604596,442,0,0.0,0.41608695652173916,0.0002218824653607262,81
23122,988,794.3900000000001,141.14285714285714,113.48428571428573,7,81.63215986245571,265,0,0.0,0.8202061855670103,0.001122873711340206,89
23123,612,496.08000000000004,87.42857142857143,70.86857142857143,7,35.60363812335823,134,0,0.0,0.8235294117647058,0.0006798946444249339,64
23124,312,384.33,62.4,76.866,5,64.63203540041116,144,0,0.0,1.24125,0.001837499999999999,23
23125,132,159.32999999999998,26.4,31.865999999999996,5,34.31909089705029,84,0,0.0,1.236875,0.0027562499999999987,15
23126,1050,5084.7,105.0,508.46999999999997,10,56.22375931144334,201,4,0.0038095238095238095,4.929182156133829,0.016281418187871027,197
23127,703,3451.05,70.3,345.105,10,38.560342322131945,144,12,0.017069701280227598,4.93688524590164,0.010376508737164461,145
23128,417,2020.39,41.7,202.03900000000002,10,21.797298507434864,80,3,0.007194244604316547,4.9252343750000005,0.01916844857283462,111
23129,827,3400.8500000000004,103.375,425.10625000000005,8,119.19963746349471,265,1,0.0012091898428053204,4.142207792207793,0.0030761395467277775,137
23130,821,3348.35,102.625,418.54375,8,102.26287903521701,275,1,0.001218026796589525,4.135276073619632,0.005707793683253839,138
23131,594,2417.1,66.0,268.56666666666666,9,58.762232769015846,178,24,0.04040404040404041,4.131308411214953,0.007194498324810443,90
23132,601,3152.85,66.77777777777777,350.31666666666666,9,47.5835522470154,152,6,0.009983361064891847,5.638776978417266,0.1266977687415284,114
23133,273,1773.1399999999999,30.333333333333332,197.01555555555555,9,26.46696053573209,94,0,0.0,6.747826086956521,0.3436541501976284,16
23134,202,1236.9,50.5,309.225,4,39.382737335030434,101,0,0.0,6.465,0.3733363636363633,6
23135,360,1467.84,40.0,163.09333333333333,9,31.614869919074472,82,1,0.002777777777777778,5.191190476190476,1.0075326945412317,31
23136,127,467.04999999999995,14.11111111111111,51.89444444444444,9,6.372684764768387,25,3,0.023622047244094488,3.7290909090909095,0.009394503171247362,39
23137,80,253.24,8.88888888888889,28.137777777777778,9,8.403041777303686,29,1,0.0125,3.4539999999999997,0.5879410526315789,18
23138,626,896.9,78.25,112.1125,8,39.05947845456794,150,14,0.022364217252396165,1.4448051948051948,0.0010252904989747063,60
23139,183,223.63,20.333333333333332,24.84777777777778,9,16.635804759614125,53,2,0.01092896174863388,1.2482608695652175,0.16537865612648217,20
23140,159,650.25,19.875,81.28125,8,14.875075029822778,39,3,0.018867924528301886,4.1382352941176475,0.004705882352941194,28
23141,68,215.0,9.714285714285714,30.714285714285715,7,6.77530529974568,20,1,0.014705882352941176,3.5900000000000003,1.6602352941176475,18
23143,16,63.2,16.0,63.2,1,,16,0,0.0,3.9500000000000006,0.0,6
23144,3319,2725.52,368.77777777777777,302.8355555555556,9,199.19825411997076,783,36,0.01084664055438385,0.8369747899159663,0.011467602737297446,180
23145,1835,1733.3700000000001,203.88888888888889,192.5966666666667,9,111.94467879765931,363,24,0.013079019073569483,0.960728476821192,0.017592132450331137,128
23146,778,2526.02,86.44444444444444,280.6688888888889,9,46.41419801933216,181,14,0.017994858611825194,3.2825233644859817,0.002948532315387653,151
23147,1843,2669.95,204.77777777777777,296.6611111111111,9,123.12268046320484,437,37,0.020075963103635377,1.4492125984251967,0.00015748031496063094,170
23148,2095,1737.41,232.77777777777777,193.04555555555555,9,135.51824395425305,493,42,0.020047732696897375,0.8299585062240663,5.874827109266955e-05,143
23149,97,241.53,16.166666666666668,40.255,6,17.656915547928147,52,0,0.0,2.49,0.0,17
23150,139,346.11,15.444444444444445,38.45666666666667,9,7.81202776350531,25,4,0.02877697841726619,2.49,0.0,33
23151,59,104.41000000000001,8.428571428571429,14.915714285714287,7,8.162049229148744,25,4,0.06779661016949153,1.953157894736842,0.659122807017544,18
23152,520,1927.32,57.77777777777778,214.14666666666665,9,35.19509119812654,127,8,0.015384615384615385,3.7428,0.0025572080536912733,108
23153,248,923.63,27.555555555555557,102.62555555555555,9,13.848385385227326,45,6,0.024193548387096774,3.7883333333333336,0.18063225108225112,67
23154,1853,3807.9900000000002,185.3,380.79900000000004,10,74.0781119269833,306,15,0.008094981111710739,2.0809589041095893,0.021217883624481574,141
23155,1632,1331.46,163.2,133.14600000000002,10,98.41951026092336,352,12,0.007352941176470588,0.8220720720720721,0.0008165765765765751,84
23156,1334,2745.7000000000003,133.4,274.57000000000005,10,50.25534797412112,202,17,0.012743628185907047,2.0946236559139786,0.04693310084277831,117
23157,1524,3142.85,217.71428571428572,448.9785714285714,7,241.4868625037494,582,0,0.0,2.150794701986755,0.16552336423841066,111
23158,1873,3866.62,187.3,386.662,10,53.915674900718805,265,60,0.03203416978109984,2.167593582887701,0.19819256511988959,96
23159,1754,3608.28,194.88888888888889,400.92,9,62.6028043390319,263,15,0.00855188141391106,2.0822448979591837,0.023445190999476704,121
23160,970,1182.8899999999999,138.57142857142858,168.9842857142857,7,60.62963286176473,210,1,0.0010309278350515464,1.2289999999999999,0.0040362711864406755,50
23161,1096,1334.72,156.57142857142858,190.67428571428573,7,63.81446320612368,267,0,0.0,1.2283823529411766,0.0041331650570676,58
23162,1068,3821.9799999999996,118.66666666666667,424.66444444444437,9,78.14409766578663,233,0,0.0,3.7471830985915493,0.220739526520827,96
23163,1354,3193.5200000000004,150.44444444444446,354.83555555555563,9,83.57498296606335,239,0,0.0,2.4349253731343286,0.019694355291213092,95
23164,473,2195.75,59.125,274.46875,8,38.35338502475554,132,4,0.008456659619450317,4.8588607594936715,0.06543330087633902,69
23165,2230,3573.9,278.75,446.7375,8,92.82818229703427,406,78,0.03497757847533632,1.6319819819819819,0.003293791529085651,167
23166,2282,2693.74,253.55555555555554,299.3044444444444,9,123.64981915788546,394,68,0.029798422436459245,1.2203030303030302,0.005381633594831563,138
23167,2343,1871.71,292.875,233.96375,8,106.61069029752264,426,62,0.026461801109688432,0.8270652173913042,0.012732323592302214,129
23168,2308,2721.7799999999997,288.5,340.22249999999997,8,117.9987893400364,434,64,0.02772963604852686,1.228018018018018,0.011926370714605991,140
23169,1421,5717.15,177.625,714.64375,8,89.94909274536506,294,21,0.014778325123152709,4.113498098859316,0.013319014309348983,203
23170,4295,6876.99,536.875,859.62375,8,347.5327065800529,1234,12,0.0027939464493597207,1.657560975609756,0.06302277914522263,224
23171,3471,5561.75,433.875,695.21875,8,283.14430318933034,1034,0,0.0,1.6725830258302583,0.08436515511821792,195
23172,2917,4671.7300000000005,364.625,583.9662500000001,8,259.8730115707615,958,0,0.0,1.6405357142857142,0.028875048046124244,160
23174,1777,7140.55,222.125,892.56875,8,144.71196761646416,468,0,0.0,4.111048689138577,0.014116189349778974,189
23175,1864,5700.5,233.0,712.5625,8,167.05345594406944,541,0,0.0,3.1948529411764706,0.024622856522682868,206
23176,1174,2589.46,117.4,258.946,10,59.34681494776653,224,24,0.020442930153321975,2.2636898395721925,0.06157394629406025,159
23177,1146,2529.9,114.6,252.99,10,48.66940631558095,195,8,0.006980802792321117,2.241705069124424,0.0024308755760368583,174
23178,264,726.42,26.4,72.642,10,22.331840746143413,85,8,0.030303030303030304,2.8387272727272728,0.3084113131313131,50
23179,250,703.42,25.0,70.342,10,31.555946789436977,100,6,0.024,2.9330000000000003,0.5755189743589744,36
23180,104,471.90000000000003,10.4,47.190000000000005,10,7.834397090892047,30,0,0.0,4.766666666666667,0.5877142857142857,29
23182,3135,2621.1800000000003,313.5,262.11800000000005,10,152.14631116132918,530,52,0.016586921850079744,0.8792635658914728,0.080409961391126,140
23183,178,690.71,19.77777777777778,76.74555555555555,9,15.817535978920498,56,2,0.011235955056179775,4.056610169491526,1.094577966101695,45
23184,723,3454.85,72.3,345.485,10,38.807358981398245,143,16,0.022130013831258646,4.920984455958549,0.02248704663212438,128
23185,302,110.49999999999999,37.75,13.812499999999998,8,29.020928408896324,95,0,0.0,0.35161290322580646,0.057520645161290324,27
23186,1088,364.45,136.0,45.55625,8,116.40201274646661,323,6,0.0055147058823529415,0.3409859154929577,0.04489758551307846,57
23187,1351,408.8299999999999,193.0,58.404285714285706,7,159.04087524910065,405,27,0.01998519615099926,0.3154666666666667,0.024252144144144148,66
23188,2713,4491.61,387.57142857142856,641.6585714285713,7,183.63174847400177,632,90,0.03317360855141909,1.705944055944056,0.09151191264875484,207
23189,957,2668.53,191.4,533.706,5,92.41644875237307,268,0,0.0,2.858421052631579,0.011737307871448532,89
23190,1456,2369.2400000000002,182.0,296.15500000000003,8,84.11726508698607,301,36,0.024725274725274724,1.6513333333333333,0.01658815642458101,145
23191,1940,3168.8,242.5,396.1,8,97.81615408509987,369,13,0.006701030927835051,1.6754980079681272,0.054579250996015974,182
23192,2582,4168.02,322.75,521.0025,8,99.23960902784734,420,38,0.01471727343144849,1.6541509433962263,0.0277076364502113,224
23193,661,1437.87,66.1,143.78699999999998,10,36.186093092973344,135,0,0.0,2.265912408759124,0.0844022863890082,109
23194,856,1879.67,85.6,187.967,10,56.02618435457954,214,24,0.028037383177570093,2.249884393063584,0.03501975399919344,142
23196,1591,2269.1499999999996,227.28571428571428,324.16428571428565,7,133.6509312671312,409,51,0.03205531112507857,1.444142259414226,0.0011420132906719168,170
23197,1171,1720.1899999999998,167.28571428571428,245.74142857142854,7,79.81585950531029,269,0,0.0,1.5423913043478261,0.177952720361131,116
23198,2697,3884.5,385.2857142857143,554.9285714285714,7,166.87991119935546,563,65,0.024100852799406748,1.4806544502617802,0.07195258894339782,259
23199,7378,14824.72,819.7777777777778,1647.191111111111,9,303.1372534751287,1218,183,0.024803469775006776,2.0620027624309394,0.03139197232984115,344
23200,4363,8831.41,545.375,1103.92625,8,200.51643146065183,746,119,0.027274810909924365,2.0720718816067656,0.0329164609237826,262
23201,7556,15256.45,839.5555555555555,1695.1611111111113,9,291.1297438905509,1201,139,0.018395976707252515,2.0582430647291945,0.01774254401599182,396
23202,7373,14998.18,921.625,1874.7725,8,276.4984823001488,1099,219,0.0297029702970297,2.078562259306804,0.04322466546326952,377
23203,11635,23564.42,1454.375,2945.5525,8,504.93024624340785,1957,208,0.017877094972067038,2.055449541284404,0.0059710098482742505,505
23204,4813,4011.23,534.7777777777778,445.6922222222222,9,193.9843922702145,853,157,0.032619987533762725,0.8429976580796252,0.0008632934217325787,199
23205,3444,2863.83,382.6666666666667,318.2033333333333,9,121.2940641581442,547,41,0.011904761904761904,0.8518731988472622,0.007958041678466116,201
23206,8373,13611.65,930.3333333333334,1512.4055555555556,9,405.4198441122486,1586,181,0.021617102591663682,1.6413439635535307,0.0016581688973852141,401
23207,5609,9178.81,623.2222222222222,1019.8677777777777,9,259.5037464940428,1015,79,0.014084507042253521,1.652969696969697,0.0195674952867062,377
23208,5150,8418.5,572.2222222222222,935.3888888888889,9,205.9774124617659,895,123,0.023883495145631067,1.6450331125827813,0.0009703139929491605,305
23209,10142,16573.26,1267.75,2071.6575,8,399.0516436323928,1586,211,0.02080457503450996,1.6463529411764706,0.007239286497719782,469
23210,2216,2742.2799999999997,316.57142857142856,391.7542857142857,7,221.97061152538274,695,53,0.02391696750902527,1.2435975609756096,0.001311518030824477,115
23211,1609,1983.53,229.85714285714286,283.3614285714286,7,143.65865627872734,437,5,0.003107520198881293,1.2411016949152542,0.00180475880052151,82
23212,1587,1940.9099999999999,226.71428571428572,277.2728571428571,7,108.53373405799428,384,61,0.03843730308758664,1.2388,0.002241503355704704,104
23213,1279,1577.33,182.71428571428572,225.33285714285714,7,126.41164804678706,347,45,0.035183737294761534,1.2432258064516128,0.0013878835562549175,95
23214,751,1581.1499999999999,107.28571428571429,225.8785714285714,7,93.56586679217709,225,4,0.005326231691078562,2.1870967741935483,0.21771647966339436,79
23215,2003,4182.62,286.14285714285717,597.5171428571429,7,276.15661532991777,730,54,0.02695956065901148,2.14015,0.14757133417085433,162
23216,392,480.58,56.0,68.6542857142857,7,41.916583830269374,129,2,0.00510204081632653,1.348048780487805,0.14076609756097555,32
23217,885,1134.46,126.42857142857143,162.06571428571428,7,91.63488626583427,245,66,0.07457627118644068,1.4022093023255815,0.18804564979480165,64
23218,306,383.31000000000006,61.2,76.662,5,49.38319552236368,127,2,0.006535947712418301,1.383939393939394,0.16726837121212115,27
23219,395,493.35,56.42857142857143,70.47857142857143,7,51.051794427676235,133,1,0.002531645569620253,1.3117307692307691,0.08396753393665161,41
23220,761,647.86,126.83333333333333,107.97666666666667,6,98.8947251710963,252,0,0.0,0.9106410256410257,0.060063220113220156,55
23221,1258,1085.97,179.71428571428572,155.13857142857142,7,155.24680811073517,427,49,0.038950715421303655,0.9132456140350877,0.06108052321068155,85
23222,630,566.33,105.0,94.38833333333334,6,84.89522954795517,201,0,0.0,0.9616666666666667,0.09089102564102558,49
23223,687,609.1700000000001,114.5,101.52833333333335,6,91.19374978582688,203,0,0.0,0.9460294117647059,0.08203922300263389,51
23224,565,492.70000000000005,80.71428571428571,70.38571428571429,7,72.50221671488002,178,1,0.0017699115044247787,0.9328813559322033,0.07813465809468147,44
23225,846,733.11,120.85714285714286,104.73,7,103.97183684605585,273,0,0.0,0.9579710144927536,0.09756935208866149,46
23226,1136,1404.25,142.0,175.53125,8,102.50714260828016,302,52,0.045774647887323945,1.24125,0.0017857394366197175,56
23227,1406,1739.13,175.75,217.39125,8,94.95675707544837,291,48,0.034139402560455195,1.26816091954023,0.03576634589681902,61
23228,1190,1492.12,148.75,186.515,8,82.9436125156293,248,29,0.024369747899159664,1.3925316455696204,0.16939094449853942,58
23229,1396,5055.1,199.42857142857142,722.157142857143,7,86.14301508316879,352,32,0.022922636103151862,3.7842009132420094,0.27548869339365756,186
23230,5854,2441.94,487.8333333333333,203.495,12,193.22047385086165,725,25,0.004270584215920738,0.41732758620689653,0.0002023510971786834,178
23231,6451,2702.94,537.5833333333334,225.245,12,182.55333384238617,850,100,0.01550147263990079,0.4190661478599222,7.4124513618677e-05,190
23232,6005,2505.9,500.4166666666667,208.82500000000002,12,174.30404904978977,756,102,0.016985845129059117,0.417489539748954,0.00018526774726627056,188
23233,3999,1673.64,333.25,139.47,12,160.74040336121865,652,75,0.018754688672168042,0.41861635220125787,0.00010187087015365012,130
23234,1389,3962.31,198.42857142857142,566.0442857142857,7,161.14988586494783,401,6,0.004319654427645789,2.926051502145923,0.14921192837057856,201
23235,594,1566.98,84.85714285714286,223.8542857142857,7,59.03792163072978,198,24,0.04040404040404041,2.7495833333333337,0.18667771929824564,88
23236,1792,5078.28,256.0,725.4685714285714,7,122.86171087853205,382,57,0.03180803571428571,2.9339024390243904,0.18121268974927504,203
23237,890,3634.2999999999997,127.14285714285714,519.1857142857142,7,58.33931942074908,219,36,0.04044943820224719,4.133431952662722,0.006390532544378718,131
23238,1421,5789.15,203.0,827.0214285714285,7,49.87651417918724,255,12,0.00844475721323012,4.133122362869199,0.0064935993706643665,150
23239,722,2804.9,103.14285714285714,400.7,7,37.737817334112705,168,24,0.0332409972299169,3.9050632911392404,0.5398149641215836,125
23240,3173,12941.15,453.2857142857143,1848.7357142857143,7,150.4623034580581,582,79,0.024897573274503624,4.132995951417005,0.006525691667145741,323
23241,1549,3184.6600000000003,221.28571428571428,454.9514285714286,7,84.85225254467179,344,61,0.039380245319561004,2.0751916376306623,0.0010865890207353613,183
23242,1043,2138.39,149.0,305.4842857142857,7,49.20704556598916,232,35,0.03355704697986577,2.0739473684210528,0.0013626427179058765,132
23243,2099,9859.1,299.85714285714283,1408.4428571428573,7,123.36183711806036,437,69,0.03287279656979514,4.887694300518135,0.07459544916223657,275
23244,703,1326.61,100.42857142857143,189.51571428571427,7,57.31741196430378,200,30,0.04267425320056899,1.9743809523809523,0.09598446886446887,87
23245,4058,18919.9,579.7142857142857,2702.842857142857,7,188.68467018256877,748,104,0.025628388368654508,4.8669705469845725,0.05961328143467207,471
23247,1661,4721.29,237.28571428571428,674.47,7,204.48448538191047,575,26,0.015653220951234198,2.9715498154981552,0.27958425584255886,231
23249,691,1129.3500000000001,98.71428571428571,161.33571428571432,7,57.90715063995202,172,0,0.0,1.6441176470588235,0.001158911325724319,57
23250,1009,1255.58,144.14285714285714,179.3685714285714,7,60.457777474389985,232,0,0.0,1.2476404494382023,0.0004955056179775279,64
23251,1198,1469.1499999999999,171.14285714285714,209.8785714285714,7,85.65323222433693,270,12,0.01001669449081803,1.2397058823529412,0.00207615026208503,80
23252,544,2015.16,77.71428571428571,287.88,7,42.40170706356953,141,9,0.016544117647058824,3.7426399999999997,0.003358296774193553,104
23254,1279,5253.85,142.11111111111111,583.7611111111112,9,65.52946750211778,231,48,0.03752931978107897,4.142805755395684,0.0028361426382359804,204
23255,690,2809.5,76.66666666666667,312.1666666666667,9,32.29938079901842,127,20,0.028985507246376812,4.135915492957747,0.005473978623514136,115
23256,1572,6426.6,174.66666666666666,714.0666666666667,9,71.32846556599966,264,32,0.020356234096692113,4.138990825688073,0.004295604210052346,231
23263,3444,4483.72,492.0,640.5314285714286,7,287.6062122648489,925,15,0.004355400696864111,1.3180143540669855,0.08275216286301093,269
23264,1803,2349.84,257.57142857142856,335.6914285714286,7,237.2655735266968,603,0,0.0,1.3229924242424242,0.08501268435303613,177
23265,1647,2133.1,235.28571428571428,304.7285714285714,7,226.0174877346989,606,0,0.0,1.31984496124031,0.08149336108346156,180
23266,1925,2482.78,275.0,354.6828571428572,7,236.40360967351296,612,0,0.0,1.3111301369863015,0.07303686273125255,201
23267,1047,1303.08,149.57142857142858,186.1542857142857,7,133.86791642368627,361,0,0.0,1.2477659574468085,0.00046914893617021336,79
23268,822,1210.98,137.0,201.83,6,144.9482666333061,409,0,0.0,1.5176923076923077,0.10917122877122877,68
23269,631,909.55,90.14285714285714,129.93571428571428,7,99.82389254987768,243,0,0.0,1.4474025974025975,0.0005194805194805186,63
23270,902,1289.8999999999999,128.85714285714286,184.27142857142854,7,64.44229607803808,205,0,0.0,1.4433884297520663,0.0012892561983471043,96
23271,1305,1081.99,217.5,180.33166666666668,6,194.58237330241403,478,6,0.004597701149425287,0.8367532467532467,0.008890635680109362,69
23272,352,522.74,50.285714285714285,74.67714285714285,7,29.0844419218379,86,0,0.0,1.5637142857142856,0.38401815126050415,34
23273,928,1533.84,132.57142857142858,219.11999999999998,7,84.31460360431271,253,0,0.0,1.6793877551020406,0.05540786871449611,88
23274,995,1646.31,142.14285714285714,235.18714285714285,7,123.25100212091391,326,0,0.0,1.7453535353535352,0.15630063904349625,85
23275,2432,3022.8199999999997,347.42857142857144,431.83142857142855,7,263.48931486422566,902,50,0.02055921052631579,1.2882374100719425,0.05250265823442329,171
23280,1211,979.0200000000001,151.375,122.37750000000001,8,63.55635856691063,277,0,0.0,0.8339552238805971,0.02087070474694198,87
23281,724,583.1,90.5,72.8875,8,43.091265273337505,182,12,0.016574585635359115,0.8229787234042553,0.0007308167467398755,56
23282,675,556.5600000000001,84.375,69.57000000000001,8,46.54625195897702,147,12,0.017777777777777778,0.8738461538461538,0.07579671396564597,67
23283,464,3017.62,66.28571428571429,431.0885714285714,7,48.85595932846639,167,0,0.0,6.70275,0.3990255769230771,23
23284,2259,15434.64,282.375,1929.33,8,212.17980077552824,683,37,0.01637892872952634,6.874409937888198,0.16136230590062137,86
23285,1200,1007.85,171.42857142857142,143.97857142857143,7,118.25376265029533,317,51,0.0425,0.8465909090909091,0.0016989764052741166,108
23286,1503,1261.8899999999999,214.71428571428572,180.26999999999998,7,135.8696854657853,382,46,0.030605455755156354,0.8464634146341463,0.0014659434385754903,125
23287,1309,1095.1,187.0,156.44285714285712,7,127.3682325647438,366,27,0.020626432391138275,0.845608108108108,0.0005554100018385739,114
23288,1155,976.62,165.0,139.51714285714286,7,102.13226718329521,296,46,0.03982683982683983,0.8485925925925926,0.0014181536760641239,107
23289,1163,1437.5500000000002,166.14285714285714,205.36428571428573,7,80.97207043466402,250,33,0.028374892519346516,1.245774647887324,0.0008330836080311674,111
23290,1488,1822.2,212.57142857142858,260.31428571428575,7,89.7493865213149,324,32,0.021505376344086023,1.2419540229885058,0.001553385157132415,125
23291,1152,1455.9099999999999,164.57142857142858,207.98714285714283,7,76.31045612683569,250,36,0.03125,1.2695172413793103,0.03122962643678162,104
23292,1457,1818.54,208.14285714285714,259.7914285714286,7,83.19741296344209,314,51,0.035003431708991076,1.2635151515151515,0.02830586104951959,113
23293,4768,3882.42,794.6666666666666,647.07,6,288.781347504763,1117,134,0.028104026845637585,0.8238758029978587,0.0006375210226907203,323
23294,2603,2122.76,433.8333333333333,353.79333333333335,6,208.7806664101508,695,72,0.027660391855551286,0.8247796610169491,0.0005488458434221144,214
23295,3552,2897.45,592.0,482.9083333333333,6,226.7562568045257,844,127,0.03575450450450451,0.8245753424657534,0.0005688438958301955,250
23296,2966,3622.0299999999997,494.3333333333333,603.6716666666666,6,243.40720339929683,699,98,0.033041132838840186,1.2395975232198142,0.00208275676403285,243
23297,1851,3004.5499999999997,370.2,600.91,5,380.8368417052111,777,140,0.075634792004322,1.6359154929577464,0.0026370991908900156,123
23298,5949,28537.75,743.625,3567.21875,8,374.1500606135764,1296,57,0.009581442259203227,4.916460784313726,0.02591631347534109,573
23299,792,2919.1,113.14285714285714,417.0142857142857,7,115.85253352348202,348,24,0.030303030303030304,3.7931147540983607,0.23205798672266634,110
23300,4409,7221.24,551.125,902.655,8,204.09972177485062,994,41,0.009299160807439328,1.665467289719626,0.04393652076924197,351
23301,6046,10021.89,755.75,1252.73625,8,385.6340789623537,1614,121,0.020013231888852134,1.6639238845144355,0.044767894330225856,405
23302,1035,1530.02,129.375,191.2525,8,28.530372287391256,165,9,0.008695652173913044,1.5788947368421054,0.051929459760512386,140
23303,65,126.75,21.666666666666668,42.25,3,8.386497083606084,27,0,0.0,1.95,0.0,6
23304,71,138.45,23.666666666666668,46.15,3,15.50268793897798,39,0,0.0,1.9500000000000002,0.0,9
23305,82,159.89999999999998,27.333333333333332,53.29999999999999,3,3.5118845842842457,31,0,0.0,1.9500000000000002,0.0,9
23306,2041,2946.19,291.57142857142856,420.88428571428574,7,227.8609642909883,591,63,0.030867221950024497,1.4610900473933648,0.021027853757616753,182
23307,7872,4273.8099999999995,1124.5714285714287,610.5442857142856,7,479.88049107489854,1594,219,0.027820121951219513,0.5563178294573643,0.008162337623240758,366
23308,4086,2222.78,583.7142857142857,317.54,7,291.4199228408577,909,199,0.04870288790993637,0.5637820512820513,0.0129573542748784,209
23309,3647,1960.85,521.0,280.12142857142857,7,144.9528659024489,703,79,0.02166163970386619,0.5688925081433225,0.019962168146303024,178
23310,5585,2341.35,797.8571428571429,334.4785714285714,7,302.0350027019101,1192,135,0.024171888988361683,0.4292523364485981,0.004784414900618655,146
23311,2127,5394.150000000001,354.5,899.0250000000001,6,303.2297808593345,748,18,0.00846262341325811,2.545246478873239,0.002123967302045491,246
23312,1135,4660.650000000001,189.16666666666666,776.7750000000001,6,117.8836997496544,328,19,0.016740088105726872,4.139847715736041,0.003978037915673887,168
23313,2272,10964.8,378.6666666666667,1827.4666666666665,6,274.30761321309814,862,31,0.013644366197183098,4.9192307692307695,0.023733841915660057,253
23318,2553,6074.07,425.5,1012.3449999999999,6,322.92274617933,816,4,0.0015667841754798276,2.456955223880597,0.012493695593886819,270
23319,2683,6428.52,447.1666666666667,1071.42,6,342.3077075770668,854,0,0.0,2.463619302949062,0.01014734930381391,300
23320,2418,6381.0199999999995,403.0,1063.5033333333333,6,237.3925019877418,709,17,0.007030603804797354,2.658634920634921,0.31115067839450017,260
23321,3920,6355.6,560.0,907.9428571428572,7,254.23742184553922,905,57,0.014540816326530611,1.6436241610738254,0.002375078675765615,378
23322,2553,7377.330000000001,364.7142857142857,1053.9042857142858,7,193.15858276358858,637,40,0.015667841754798278,2.947562862669246,0.03994056047861102,350
23323,1377,2869.2,196.71428571428572,409.88571428571424,7,170.90417810936657,491,12,0.008714596949891068,2.096402877697842,0.0008895410747214385,210
23324,339,692.7,84.75,173.175,4,58.22012824902856,155,0,0.0,2.068205128205128,0.0026414304993252202,38
23325,372,595.2,93.0,148.8,4,48.579831205964474,161,0,0.0,1.6233333333333333,0.004781609195402298,27
23326,1271,784.8,254.2,156.95999999999998,5,163.04048576963942,422,0,0.0,0.6192727272727273,0.000817979797979797,52
23327,672,412.56,134.4,82.512,5,108.88204627026441,300,0,0.0,0.6185714285714285,0.0008067226890756289,33
23328,1724,6276.36,344.8,1255.272,5,135.99705879172535,457,32,0.018561484918793503,3.7212280701754383,0.044166444279713404,195
23329,1608,2643.0,321.6,528.6,5,149.83591024851154,478,5,0.003109452736318408,1.6482758620689655,0.0003433348260934464,168
23330,1598,1991.83,319.6,398.366,5,207.99110557906076,592,6,0.0037546933667083854,1.2489603960396038,0.00021831683168316735,158
23331,978,613.98,195.6,122.796,5,89.77917353150451,278,8,0.0081799591002045,0.6290697674418605,7.441860465116241e-05,67
23332,1886,3104.1,377.2,620.8199999999999,5,163.88624103322402,534,10,0.005302226935312832,1.6485507246376812,0.00028880105401844487,207
23333,1912,2379.29,382.4,475.858,5,247.52636223238932,759,8,0.0041841004184100415,1.2481415929203539,0.00038853097345132844,179
23334,1313,822.8700000000001,262.6,164.574,5,134.821363292321,411,34,0.025894897182025894,0.6284158415841584,0.00012546534653465352,83
23335,316,644.86,45.142857142857146,92.12285714285714,7,24.936108834570074,75,7,0.022151898734177215,2.074390243902439,0.0012743149653718746,62
23336,199,415.97,28.428571428571427,59.424285714285716,7,20.156530313665453,66,9,0.04522613065326633,2.1120312500000002,0.06566406249999997,46
23337,169,351.52000000000004,24.142857142857142,50.21714285714286,7,17.648688066714488,56,9,0.05325443786982249,2.08,0.0,49
23338,363,742.62,51.857142857142854,106.08857142857143,7,21.89694477492672,82,7,0.01928374655647383,2.0749450549450548,0.001149719169719167,62
23339,150,312.0,21.428571428571427,44.57142857142857,7,13.73386499202055,42,8,0.05333333333333334,2.08,0.0,43
23340,1415,2318.5499999999997,235.83333333333334,386.42499999999995,6,240.63866411419977,593,12,0.008480565371024734,1.645121951219512,0.0009596161535385847,112
23343,3557,7287.11,508.14285714285717,1041.0157142857142,7,467.2606084301096,1245,96,0.02698903570424515,2.0784223918575067,0.024998015007529666,286
23344,6252,12750.9,893.1428571428571,1821.5571428571427,7,814.8329948669294,2324,193,0.030870121561100448,2.070135135135135,0.019046343805734684,391
23345,1108,1362.05,184.66666666666666,227.00833333333333,6,126.44629953726074,405,12,0.010830324909747292,1.2437037037037038,0.0010384190160309542,100
23346,1164,1432.0500000000002,194.0,238.67500000000004,6,132.4764129949177,391,0,0.0,1.2439285714285715,0.0010024409044193205,106
23347,572,710.41,95.33333333333333,118.40166666666666,6,81.80383039116607,201,0,0.0,1.247605633802817,0.00040704225352112666,51
23348,636,1291.56,159.0,322.89,4,91.12628599915614,249,6,0.009433962264150943,2.0706451612903227,0.0026467348544453166,95
23349,2442,3018.48,488.4,603.696,5,314.41103670195804,791,17,0.006961506961506962,1.245,0.0010290836653386443,214
23350,2314,2869.82,462.8,573.964,5,246.7897890918504,687,29,0.012532411408815903,1.2466666666666668,0.0006916334661354587,205
23351,2664,3284.6400000000003,532.8,656.9280000000001,5,397.49679243988874,1004,37,0.013888888888888888,1.2438909090909092,0.001250134041141337,242
23352,1485,1844.9099999999999,297.0,368.98199999999997,5,185.1472387047671,475,13,0.008754208754208754,1.2474233128834356,0.000537764144512611,151
23353,3001,2487.86,600.2,497.572,5,396.06400997818525,1055,51,0.016994335221592802,0.8295719844357976,4.708171206225627e-05,227
23354,3008,2493.67,601.6,498.73400000000004,5,420.7793958834011,1034,63,0.020944148936170214,0.8295910780669145,4.4981412639405184e-05,235
23355,4641,21513.75,928.2,4302.75,5,637.399560715255,1693,30,0.006464124111182934,4.866142270861833,0.05984865918332927,474
23356,2067,11677.65,413.4,2335.5299999999997,5,318.52676496646245,808,8,0.0038703434929850023,5.891176470588236,0.05548420241459026,316
23357,432,1832.0,86.4,366.4,5,56.6859771019253,154,4,0.009259259259259259,4.479213483146068,1.18800051072523,79
23358,518,1656.54,103.6,331.308,5,66.08933348128123,179,0,0.0,3.437761194029851,0.6650176390773405,61
23359,868,1656.6,173.6,331.32,5,85.47104772962597,248,1,0.001152073732718894,1.9302631578947367,0.005605263157894741,73
23360,930,1789.2,186.0,357.84000000000003,5,107.5987918147783,283,36,0.03870967741935484,1.941743119266055,0.002431192660550455,94
23365,1209,783.45,302.25,195.8625,4,227.36516150603782,528,5,0.0041356492969396195,0.649236641221374,7.633587786259545e-05,107
23366,1423,922.25,355.75,230.5625,4,200.10892866969564,543,4,0.0028109627547434997,0.6493055555555556,6.944444444444442e-05,115
23367,2348,1523.8000000000002,587.0,380.95000000000005,4,358.44571881016145,1029,94,0.04003407155025554,0.6495726495726496,4.273504273504293e-05,184
23368,1719,1114.95,429.75,278.7375,4,302.6553320197746,712,32,0.01861547411285631,0.6494505494505495,5.494505494505517e-05,134
23369,588,719.61,147.0,179.9025,4,77.39939706914174,216,0,0.0,1.2441836734693879,0.0010823164317273304,80
23370,1026,1272.24,256.5,318.06,4,164.04166137498933,424,32,0.031189083820662766,1.2464814814814815,0.0006622706818968471,86
23371,1079,1328.23,269.75,332.0575,4,181.06973794646083,473,36,0.033364226135310475,1.2443283582089553,0.0010533049040511659,98
23372,880,1079.48,220.0,269.87,4,165.81716839137417,378,32,0.03636363636363636,1.2426213592233009,0.0013607081667618504,76
23373,1169,953.18,233.8,190.636,5,177.05846492048892,447,27,0.023096663815226688,0.8177272727272726,0.00022466039707419,86
23374,1683,1371.96,336.6,274.392,5,188.1058212815329,536,0,0.0,0.8175409836065574,0.00024183714943774515,108
23375,1112,909.1399999999999,222.4,181.82799999999997,5,192.53389312014653,476,10,0.008992805755395683,0.8188636363636363,0.00011363636363636365,85
23376,1961,762.9,490.25,190.725,4,221.23799402453457,623,5,0.0025497195308516064,0.38940170940170943,4.1880341880341906e-05,104
23377,1170,456.29999999999995,292.5,114.07499999999999,4,218.52917425369088,518,0,0.0,0.39,0.0,69
23378,2342,909.5999999999999,585.5,227.39999999999998,4,293.9041793963922,773,4,0.0017079419299743809,0.3890728476821192,6.446799116997783e-05,127
23379,728,282.03,182.0,70.5075,4,131.1716432770437,307,0,0.0,0.38862745098039214,9.60784313725491e-05,49
23380,1523,592.0799999999999,380.75,148.01999999999998,4,243.39320039803906,668,0,0.0,0.3892708333333334,5.1041666666666676e-05,86
23381,1048,406.83,262.0,101.7075,4,197.051600687062,516,0,0.0,0.3889230769230769,7.538461538461543e-05,59
23382,1148,4131.120000000001,382.6666666666667,1377.0400000000002,3,257.06484266296184,561,16,0.013937282229965157,3.710731707317073,0.016622774203202142,136
23388,597,2434.3500000000004,149.25,608.5875000000001,4,88.96581740571301,225,8,0.01340033500837521,4.138148148148149,0.0046346047540077595,115
23389,796,3260.2000000000003,199.0,815.0500000000001,4,107.55773643335316,283,8,0.010050251256281407,4.142270531400967,0.003046761408939555,159
23390,529,2152.15,132.25,538.0375,4,67.74154313762469,207,9,0.017013232514177693,4.139261744966443,0.004208235080718327,117
23391,301,1227.5500000000002,75.25,306.88750000000005,4,47.45787605866912,123,0,0.0,4.138571428571429,0.004505175983436855,58
23392,428,874.58,107.0,218.645,4,52.23664103545199,140,5,0.011682242990654205,2.0726582278481014,0.0021018175916910032,70
23393,763,2861.25,190.75,715.3125,4,110.20700219738005,287,0,0.0,3.75,0.0,165
23394,392,1470.0,98.0,367.5,4,60.95353421528019,159,2,0.00510204081632653,3.75,0.0,90
23395,666,2491.98,166.5,622.995,4,79.96874389409903,215,4,0.006006006006006006,3.7473863636363633,0.0012022727272727287,141
23396,589,2203.23,147.25,550.8075,4,79.34051087979373,199,0,0.0,3.7472781065088756,0.001252071005917161,134
23398,545,460.13,136.25,115.0325,4,71.5,225,6,0.011009174311926606,0.847936507936508,0.00026825396825396847,53
23399,1713,1452.9299999999998,428.25,363.23249999999996,4,311.18202068885665,774,12,0.0070052539404553416,0.8492972972972973,9.135135135135141e-05,146
23400,278,1542.71,69.5,385.6775,4,66.9850729640567,153,0,0.0,6.153333333333333,0.18491298245614032,76
23401,259,1391.91,64.75,347.9775,4,31.212978070027216,108,1,0.003861003861003861,6.0931428571428565,0.26284795031055874,59
23402,259,958.8299999999999,64.75,239.70749999999998,4,45.988223130130464,115,1,0.003861003861003861,3.7416363636363634,0.003847272727272726,47
23403,409,1447.42,102.25,361.855,4,53.393975939862976,152,1,0.0024449877750611247,3.7067567567567568,0.04641665847665857,80
23404,672,3124.34,168.0,781.085,4,90.46914759555695,273,6,0.008928571428571428,4.863676470588236,0.12891230936819179,104
23405,235,1128.0500000000002,58.75,282.01250000000005,4,34.94161797436785,101,2,0.00851063829787234,4.908620689655172,0.03194192377495455,54
23406,250,1384.94,62.5,346.235,4,36.33639130862245,89,1,0.004,6.1423404255319145,0.19386758178906424,65
23408,310,644.8000000000001,77.5,161.20000000000002,4,52.82991576748916,138,2,0.0064516129032258064,2.08,0.0,53
23409,208,771.72,52.0,192.93,4,32.383123176535435,83,0,0.0,3.7275609756097565,0.010063902439024393,39
23410,3,21.15,1.5,10.575,2,0.7071067811865476,2,0,0.0,7.05,0.0,1
23411,196,929.4000000000001,49.0,232.35000000000002,4,39.6232255123179,97,0,0.0,4.915957446808511,0.026641998149861245,42
23412,91,533.34,45.5,266.67,2,3.5355339059327378,48,0,0.0,5.982000000000001,0.8366699999999996,4
23413,156,743.4,39.0,185.85,4,21.322914122292634,60,0,0.0,4.894186046511629,0.04252491694352159,34
23415,326,405.6,81.5,101.4,4,30.160680805755472,105,0,0.0,1.3699999999999999,0.2806363636363635,42
23416,123,155.07,30.75,38.7675,4,23.65551380404436,61,0,0.0,1.16,0.39949411764705867,18
23417,140,137.76,35.0,34.44,4,27.141603981096377,74,0,0.0,1.1345454545454545,0.40205454545454533,21
23418,470,954.11,117.5,238.5275,4,85.14497440640092,212,2,0.00425531914893617,2.0655,0.00406245762711865,55
23419,416,857.45,104.0,214.3625,4,64.90505886806257,157,2,0.004807692307692308,2.0752459016393443,0.001378688524590163,56
23420,159,330.72,39.75,82.68,4,33.089525029330154,80,0,0.0,2.08,0.0,26
23421,152,316.16,38.0,79.04,4,27.26414006223804,60,0,0.0,2.08,0.0,24
23422,196,407.68,49.0,101.92,4,36.09247382303777,82,0,0.0,2.08,0.0,29
23423,202,757.5,50.5,189.375,4,37.863790970618176,98,2,0.009900990099009901,3.75,0.0,47
23424,409,1966.95,102.25,491.7375,4,63.41069836129126,157,0,0.0,4.926699029126214,0.01827527127355795,87
23425,237,435.43,59.25,108.8575,4,26.612966764342527,91,3,0.012658227848101266,2.052857142857143,0.5682857142857145,35
23426,987,2696.25,246.75,674.0625,4,127.0232918273915,333,36,0.0364741641337386,2.8544508670520234,0.03157716763005777,126
23428,10,70.5,10.0,70.5,1,,10,0,0.0,7.05,,1
23431,857,702.7300000000001,171.4,140.54600000000002,5,171.3484753360823,444,0,0.0,0.8252173913043478,0.0005106138107416878,63
23432,1014,835.6800000000001,202.8,167.13600000000002,5,228.81149446651494,580,0,0.0,0.8268571428571428,0.00034070393374741205,65
23433,1155,955.6800000000001,231.0,191.13600000000002,5,216.56523266674176,574,0,0.0,0.8286585365853659,0.00014756097560975588,76
23434,1530,1425.42,382.5,356.355,4,248.30424885611603,653,20,0.013071895424836602,0.9046666666666667,0.1357773134328358,129
23435,503,469.61,125.75,117.4025,4,64.32923130272893,173,10,0.019880715705765408,0.9072727272727273,0.14072727272727273,40
23436,1251,1541.07,250.2,308.214,5,186.5119299133436,507,0,0.0,1.2408695652173913,0.001854180602006688,91
23437,1467,1828.08,293.4,365.616,5,260.76004295136937,632,0,0.0,1.248108108108108,0.00039729729729729693,108
23438,1362,1696.83,272.4,339.366,5,177.46915224905987,434,0,0.0,1.247857142857143,0.0004499999999999997,88
23439,2887,6001.950000000001,577.4,1200.39,5,406.90084787328715,1122,3,0.0010391409767925182,2.0941709844559586,0.0014269732857815857,268
23440,47,89.92999999999999,23.5,44.964999999999996,2,6.363961030678928,28,12,0.2553191489361702,2.022,0.01681999999999999,5
23441,22,9.24,11.0,4.62,2,12.727922061357855,20,0,0.0,0.42,0.0,3
23442,40,83.2,20.0,41.6,2,15.556349186104045,31,0,0.0,2.08,0.0,7
23445,1937,1598.8,387.4,319.76,5,265.0147165724953,694,20,0.010325245224574084,0.8265263157894737,0.00037397536394176927,81
23446,40,60.599999999999994,20.0,30.299999999999997,2,9.899494936611665,27,0,0.0,1.5833333333333333,0.013333333333333327,3
23447,41,62.25,20.5,31.125,2,9.192388155425117,27,0,0.0,1.5999999999999999,0.009999999999999997,4
23448,25,41.25,12.5,20.625,2,0.7071067811865476,13,12,0.48,1.6499999999999997,0.0,3
23449,12,15.0,12.0,15.0,1,,12,0,0.0,1.25,,1
23451,268,519.0,89.33333333333333,173.0,3,60.78102774166732,156,4,0.014925373134328358,1.9433333333333334,0.0020000000000000044,38
23452,510,990.8999999999999,170.0,330.29999999999995,3,110.01363551851198,279,4,0.00784313725490196,1.9462962962962964,0.0011111111111111122,69
23453,315,611.85,105.0,203.95000000000002,3,69.63476143421474,172,8,0.025396825396825397,1.9437499999999999,0.0018750000000000043,40
23454,161,658.5500000000001,53.666666666666664,219.51666666666668,3,42.19399641339196,101,12,0.07453416149068323,4.141836734693878,0.0032653061224490014,41
23455,188,521.72,62.666666666666664,173.90666666666667,3,36.11555528208494,85,1,0.005319148936170213,2.8671428571428574,0.008873949579831932,32
23456,158,634.1,52.666666666666664,211.36666666666667,3,39.576929306520654,77,1,0.006329113924050633,4.116666666666667,0.012571428571428601,33
23457,104,498.6,34.666666666666664,166.20000000000002,3,20.404247923737188,57,1,0.009615384615384616,4.9189655172413795,0.013466748768472925,27
23461,236,951.65,59.0,237.9125,4,47.867873708086655,114,6,0.025423728813559324,4.1359550561797755,0.009828907048008166,75
23464,16,79.2,5.333333333333333,26.400000000000002,3,5.131601439446884,11,0,0.0,4.95,0.0,6
23467,23,75.66999999999999,7.666666666666667,25.22333333333333,3,3.7859388972001824,12,0,0.0,3.29,0.0,5
23469,275,1107.7099999999998,68.75,276.92749999999995,4,76.28182396001466,165,6,0.02181818181818182,4.122698412698413,0.023100665642601107,61
23470,211,1274.8899999999999,70.33333333333333,424.9633333333333,3,65.06407098647712,137,4,0.018957345971563982,6.2156,0.028784432432432394,70
23473,500,412.03,166.66666666666666,137.34333333333333,3,146.98752781557124,336,12,0.024,0.8274418604651163,0.00028139534883720927,41
23474,297,246.51000000000002,99.0,82.17,3,92.7739187487518,206,0,0.0,0.83,0.0,26
23475,280,232.40000000000003,93.33333333333333,77.46666666666668,3,108.19118879711662,218,0,0.0,0.83,0.0,25
23476,198,247.5,99.0,123.75,2,89.09545442950498,162,12,0.06060606060606061,1.25,0.0,18
23477,85,106.25,42.5,53.125,2,26.16295090390226,61,0,0.0,1.25,0.0,8
23478,113,135.57999999999998,37.666666666666664,45.19333333333333,3,25.026652459594615,62,0,0.0,1.2289999999999999,0.004410000000000001,9
23479,36,246.60000000000002,36.0,246.60000000000002,1,,36,0,0.0,6.8500000000000005,0.02999999999999999,3
23480,1256,4599.6,418.6666666666667,1533.2,3,315.56985491857955,782,44,0.03503184713375796,3.726477272727273,0.010325805194805198,143
23481,217,266.21000000000004,72.33333333333333,88.73666666666668,3,51.79124765183141,127,0,0.0,1.2429999999999999,0.0014700000000000008,23
23482,298,481.5,99.33333333333333,160.5,3,53.35103872778236,135,0,0.0,1.6388888888888888,0.0021587301587301573,32
23483,959,1159.69,319.6666666666667,386.56333333333333,3,184.5815086441037,501,0,0.0,1.2280597014925374,0.0041886024423337795,57
23484,174,483.66,43.5,120.915,4,49.969990994595946,114,4,0.022988505747126436,2.8592307692307695,0.01181538461538461,25
23489,855,2460.1499999999996,285.0,820.0499999999998,3,197.45379206285202,507,13,0.0152046783625731,2.8872027972027974,0.0011188811188811217,125
23490,515,1906.41,171.66666666666666,635.47,3,141.13941098549807,322,26,0.05048543689320388,3.740315789473684,0.004407346024636067,83
23493,2944,5724.6,736.0,1431.15,4,516.3487193748039,1358,62,0.021059782608695652,1.9483240223463687,0.0005013849115065023,282
23494,670,3911.5000000000005,167.5,977.8750000000001,4,120.28161400092148,294,4,0.005970149253731343,5.933050847457627,0.016756548536209556,145
23495,192,240.0,64.0,80.0,3,73.97972695272672,147,12,0.0625,1.25,0.0,21
23496,88,110.0,29.333333333333332,36.666666666666664,3,30.369941279714936,63,1,0.011363636363636364,1.25,0.0,21
23497,1720,2441.1099999999997,573.3333333333334,813.7033333333333,3,549.6638366614028,1188,37,0.021511627906976746,1.4383050847457626,0.0021630200308166408,150
23498,805,1143.76,402.5,571.88,2,57.27564927611035,443,69,0.08571428571428572,1.4402247191011237,0.001777221654749742,77
23499,1196,502.32,398.6666666666667,167.44,3,431.2937900472639,892,137,0.11454849498327759,0.42,0.0,86
23500,1310,1621.96,436.6666666666667,540.6533333333333,3,203.84389452061922,612,40,0.030534351145038167,1.2428409090909092,0.0014688479623824434,76
23501,1142,1400.6200000000001,380.6666666666667,466.8733333333334,3,166.89018345407058,509,0,0.0,1.2379310344827588,0.0024165998396150717,77
23502,617,763.06,154.25,190.765,4,105.45575691571639,259,4,0.006482982171799027,1.2452272727272726,0.0009907523510971818,80
23503,3184,3963.62,796.0,990.905,4,466.6011858821907,1288,54,0.016959798994974875,1.24811377245509,0.0003937287586988172,284
23504,1591,1986.23,397.75,496.5575,4,244.04422413434278,657,40,0.0251414204902577,1.2489447236180904,0.00022160804020100408,164
23505,748,912.3199999999999,187.0,228.07999999999998,4,95.47076341302957,281,0,0.0,1.2420754716981133,0.0016166037735849043,93
23506,1481,619.2,370.25,154.8,4,306.86193964061425,732,27,0.01823092505064146,0.41909090909090907,5.412907702984043e-05,114
23507,1043,433.62,260.75,108.405,4,171.2296216585592,435,0,0.0,0.41834862385321103,9.724770642201827e-05,91
23508,1228,512.9399999999999,307.0,128.23499999999999,4,237.99579828223858,585,34,0.02768729641693811,0.4189473684210526,6.259897531439224e-05,95
23509,554,229.86,138.5,57.465,4,132.8896785558106,325,17,0.030685920577617327,0.4178181818181818,0.00012848484848484838,51
23510,1006,419.28000000000003,251.5,104.82000000000001,4,220.86873930006482,528,0,0.0,0.41879999999999995,7.127272727272728e-05,90
23511,407,836.99,101.75,209.2475,4,75.44700126578923,198,0,0.0,2.0732558139534887,0.0019328043775649738,83
23512,250,502.6,62.5,125.65,4,53.631458430042095,137,0,0.0,2.0622448979591836,0.004934438775510201,46
23513,322,654.1,80.5,163.525,4,65.76980056733233,169,6,0.018633540372670808,2.0706451612903227,0.0026684294024325772,59
23514,341,699.71,85.25,174.9275,4,55.79351814204466,140,6,0.017595307917888565,2.0706451612903227,0.0026684294024325785,57
23515,324,656.52,81.0,164.13,4,60.371074751628086,162,0,0.0,2.0655,0.004062457627118638,58
23516,201,728.91,50.25,182.2275,4,51.207909545303636,126,0,0.0,3.7280952380952384,0.009830429732868755,39
23517,243,689.07,60.75,172.2675,4,59.67900244921436,146,0,0.0,2.8743137254901963,0.00614901960784313,50
23518,219,611.3100000000001,54.75,152.82750000000001,4,58.403053573136624,139,6,0.0273972602739726,2.870487804878049,0.007609756097560973,40
23519,129,458.90999999999997,43.0,152.97,3,20.42057785666214,66,0,0.0,3.701578947368421,0.02103625730994152,18
23520,120,437.58,30.0,109.395,4,23.7346441585572,56,0,0.0,3.734666666666667,0.007053333333333334,30
23521,172,402.59000000000003,57.333333333333336,134.1966666666667,3,49.35922743857863,93,0,0.0,2.618181818181818,0.36428225108225093,21
23522,155,348.99,51.666666666666664,116.33,3,36.29508690350987,85,0,0.0,2.575714285714286,0.34000571428571436,20
23523,243,834.96,81.0,278.32,3,80.2932126645833,170,0,0.0,3.656315789473684,0.07236443812233281,35
23524,258,878.1300000000001,86.0,292.71000000000004,3,63.97655820689325,154,0,0.0,3.6588235294117646,0.07550258823529414,42
23525,267,909.0,89.0,303.0,3,93.7923237797209,196,0,0.0,3.6584090909090907,0.06686950317124739,38
23526,477,2548.53,159.0,849.5100000000001,3,111.77208953938367,275,0,0.0,5.814565217391305,0.19658991877687548,79
23527,256,900.21,85.33333333333333,300.07,3,79.12226825194873,171,0,0.0,3.6818604651162787,0.043686932447397575,40
23528,231,766.9200000000001,77.0,255.64000000000001,3,73.50510186374821,150,0,0.0,3.626764705882353,0.10518618538324415,30
23529,230,756.78,76.66666666666667,252.26,3,78.39855440844131,161,0,0.0,3.6103333333333336,0.11732057471264368,26
23530,611,2691.78,203.66666666666666,897.2600000000001,3,100.60483752451138,313,0,0.0,4.7518918918918915,0.18612513883746748,60
23531,522,3204.3900000000003,174.0,1068.13,3,106.10843510296436,264,0,0.0,6.744897959183674,0.3028788554597094,77
23532,112,467.52,37.333333333333336,155.84,3,33.85754470326124,76,0,0.0,4.470769230769231,0.9628953846153843,23
23533,147,678.67,49.0,226.22333333333333,3,57.29746940310715,115,0,0.0,5.151935483870968,2.3061894623655914,27
23534,810,4533.030000000001,270.0,1511.0100000000002,3,189.86310858089308,434,4,0.0049382716049382715,5.881230769230768,0.08377579698651873,159
23535,789,4374.33,263.0,1458.11,3,129.78058406402707,381,4,0.005069708491761723,5.866196319018405,0.11822494887525596,135
23536,322,1783.33,107.33333333333333,594.4433333333333,3,88.75434261676064,202,1,0.003105590062111801,5.869864864864865,0.1251136801184748,68
23537,98,446.70000000000005,32.666666666666664,148.9,3,27.465129406819354,50,0,0.0,4.835714285714286,0.0822857142857143,20
23538,137,597.3000000000001,45.666666666666664,199.10000000000002,3,60.71518206621251,115,0,0.0,4.78925925925926,0.16677635327635323,25
23539,159,827.07,53.0,275.69,3,58.12916651733448,118,4,0.025157232704402517,5.797428571428571,0.24926672268907546,32
23540,53,309.29,17.666666666666668,103.09666666666668,3,25.482019804821856,47,1,0.018867924528301886,6.142,2.4668622222222227,9
23541,289,2101.57,144.5,1050.785,2,68.58935777509511,193,0,0.0,7.319999999999999,0.08947058823529416,12
23542,168,1158.0,56.0,386.0,3,16.522711641858304,72,0,0.0,7.15,0.15600000000000006,9
23543,215,1435.88,71.66666666666667,478.6266666666667,3,38.17503547258776,115,0,0.0,6.462380952380952,2.2649290476190473,18
23544,47,274.12,23.5,137.06,2,30.405591591021544,45,0,0.0,5.3420000000000005,2.1368699999999996,4
23545,2114,885.72,352.3333333333333,147.62,6,164.2567096549382,533,25,0.011825922421948912,0.419047619047619,7.619047619047591e-05,76
23546,3020,1268.4,503.3333333333333,211.4,6,208.22071622839712,681,50,0.016556291390728478,0.42,0.0,106
23547,1552,651.84,258.6666666666667,108.64,6,126.69122568933754,427,50,0.03221649484536082,0.42,0.0,57
23548,1075,451.5,179.16666666666666,75.25,6,101.7554257357644,300,25,0.023255813953488372,0.42,0.0,42
23549,1277,536.34,212.83333333333334,89.39,6,112.50851819603113,350,25,0.01957713390759593,0.42,0.0,46
23550,1585,663.54,264.1666666666667,110.58999999999999,6,122.31666553118045,354,25,0.015772870662460567,0.41873015873015873,0.00010158730158730151,60
23551,1530,596.6999999999999,382.5,149.17499999999998,4,260.34912457441965,697,0,0.0,0.38999999999999996,0.0,88
23552,849,1713.0,424.5,856.5,2,53.033008588991066,462,94,0.11071849234393404,2.062181818181818,0.004752994161801499,93
23559,455,930.74,113.75,232.685,4,65.95137097387236,201,0,0.0,2.0722666666666667,0.0022123603603603553,69
23560,130,364.9,65.0,182.45,2,25.45584412271571,83,22,0.16923076923076924,2.87,0.008000000000000005,20
23561,134,376.46000000000004,67.0,188.23000000000002,2,22.627416997969522,83,6,0.04477611940298507,2.8592307692307695,0.012307692307692323,13
23562,210,596.1,105.0,298.05,2,101.82337649086284,177,11,0.05238095238095238,2.8791891891891894,0.00432432432432432,37
23564,449,555.5799999999999,149.66666666666666,185.1933333333333,3,115.51767541520793,234,0,0.0,1.2449999999999999,0.00105,39
23565,327,408.75,109.0,136.25,3,79.30321557162736,181,0,0.0,1.25,0.0,28
23566,529,649.91,176.33333333333334,216.63666666666666,3,118.42860014934455,275,36,0.06805293005671077,1.2408695652173913,0.0018747826086956527,44
23567,187,233.75,62.333333333333336,77.91666666666667,3,55.139217743211894,112,12,0.06417112299465241,1.25,0.0,15
23568,337,409.90999999999997,112.33333333333333,136.63666666666666,3,78.34113436333006,181,0,0.0,1.2349999999999999,0.0030333333333333328,24
23569,845,4161.150000000001,281.6666666666667,1387.0500000000002,3,219.30876255483577,534,4,0.004733727810650888,4.9455056179775285,0.003595505617977538,152
23570,1806,2257.5,602.0,752.5,3,492.26923527679446,1170,43,0.023809523809523808,1.25,0.0,203
23571,1892,3116.4,630.6666666666666,1038.8,3,610.1084603030295,1329,38,0.0200845665961945,1.6490950226244343,0.00018099547511312217,195
23575,143,270.75,71.5,135.375,2,61.518289963229634,115,12,0.08391608391608392,1.9375,0.0037500000000000038,22
23576,164,311.7,82.0,155.85,2,59.39696961966999,124,13,0.07926829268292683,1.94,0.003,28
23578,56,109.19999999999999,28.0,54.599999999999994,2,14.142135623730951,38,0,0.0,1.95,0.0,11
23579,128,241.49999999999997,42.666666666666664,80.49999999999999,3,51.733290377989036,102,0,0.0,1.9375,0.003750000000000002,22
23580,110,214.5,55.0,107.25,2,21.213203435596427,70,18,0.16363636363636364,1.9499999999999997,0.0,20
23581,2926,5912.74,975.3333333333334,1970.9133333333332,3,782.3709691273913,1877,31,0.010594668489405332,2.059223300970874,0.005654589585172103,230
23582,2249,4595.64,749.6666666666666,1531.88,3,638.6276954011103,1487,72,0.03201422854602046,2.0663713080168775,0.0038384717156547403,186
23583,2433,3974.6499999999996,811.0,1324.8833333333332,3,743.267784852808,1669,30,0.012330456226880395,1.6447540983606557,0.0010250215703192405,233
23597,167,460.25,83.5,230.125,2,14.849242404917497,94,9,0.05389221556886228,2.9071428571428575,0.01587301587301591,28
23598,314,904.7,157.0,452.35,2,74.95331880577403,210,6,0.01910828025477707,2.930952380952381,0.007433217189314758,40
23630,1,2.99,1.0,2.99,1,,1,0,0.0,2.99,,1
23660,293,483.45000000000005,97.66666666666667,161.15,3,82.43987708223086,172,24,0.08191126279863481,1.65,0.0,30
23661,204,336.6,68.0,112.2,3,53.018864567246254,103,12,0.058823529411764705,1.6499999999999997,0.0,23
23664,1,1.65,1.0,1.65,1,,1,0,0.0,1.65,,1
23681,1063,1726.9499999999998,531.5,863.4749999999999,2,433.4564568673536,838,54,0.05079962370649106,1.6415966386554621,0.0016237003275886626,105
23691,956,399.9,478.0,199.95,2,251.7300141024109,656,0,0.0,0.4184210526315789,9.473684210526316e-05,36
23692,50,21.0,50.0,21.0,1,,50,0,0.0,0.42,0.0,2
23694,303,125.64000000000001,151.5,62.82000000000001,2,78.48885271170677,207,12,0.039603960396039604,0.4175,0.00014999999999999993,23
23695,604,250.44,302.0,125.22,2,151.32085117392117,409,13,0.02152317880794702,0.41727272727272724,0.00015983086680761106,41
23697,372,154.62,186.0,77.31,2,127.27922061357856,276,0,0.0,0.41777777777777775,0.00013333333333333334,26
23702,3,6.0,1.5,3.0,2,0.7071067811865476,2,0,0.0,2.25,1.125,2
23843,27,56.16,27.0,56.16,1,,27,0,0.0,2.08,,1
35001G,141,455.73,14.1,45.573,10,13.625547899279338,34,0,0.0,3.602692307692308,1.2954844615384615,23
35001W,41,119.57000000000001,41.0,119.57000000000001,1,,41,0,0.0,3.0840000000000005,0.42188000000000003,5
35004B,403,1916.35,31.0,147.41153846153844,13,28.556960622587273,97,0,0.0,5.1000000000000005,0.1608510638297872,30
35004C,249,1213.05,62.25,303.2625,4,74.46419721360506,163,2,0.008032128514056224,5.239473684210527,0.12745376955903254,28
35004G,105,407.34999999999997,10.5,40.735,10,9.947082207584515,31,0,0.0,5.3,3.219473684210526,16
35004P,1,5.45,1.0,5.45,1,,1,0,0.0,5.45,,1
35095A,457,188.43,41.54545454545455,17.13,11,46.77042577604706,155,12,0.0262582056892779,0.41617647058823526,0.0004970588235294112,29
35095B,418,172.04999999999998,32.15384615384615,13.234615384615383,13,23.244519618776643,75,12,0.028708133971291867,0.4168292682926829,0.00041219512195121927,36
35241,89,413.95,14.833333333333334,68.99166666666666,6,12.089940722214758,33,0,0.0,4.786666666666666,0.09067816091954034,27
35265,16,50.25,2.2857142857142856,7.178571428571429,7,1.6035674514745462,5,0,0.0,2.3181818181818183,2.441136363636364,11
35271S,19,3.6100000000000003,19.0,3.6100000000000003,1,,19,0,0.0,0.19,0.0,2
35443,7,5.949999999999999,1.4,1.19,5,0.8944271909999159,3,0,0.0,0.85,0.0,5
35471D,1582,661.92,121.6923076923077,50.91692307692308,13,177.39897811401687,631,28,0.017699115044247787,0.47482758620689663,0.0651293103448276,114
35591T,5,6.25,1.6666666666666667,2.0833333333333335,3,1.1547005383792517,3,0,0.0,1.25,0.0,4
35597A,1,1.25,1.0,1.25,1,,1,0,0.0,1.25,,1
35597B,1,1.25,1.0,1.25,1,,1,0,0.0,1.25,,1
35597D,46,17.479999999999997,23.0,8.739999999999998,2,1.4142135623730951,24,0,0.0,0.38,0.0,2
35598A,9,26.550000000000004,9.0,26.550000000000004,1,,9,0,0.0,2.95,0.0,2
35598B,296,266.0,49.333333333333336,44.333333333333336,6,44.38768598008536,135,0,0.0,1.2772727272727273,1.0992207792207793,20
35598C,2,5.9,2.0,5.9,1,,2,0,0.0,2.95,0.0,2
35598D,426,281.12,47.333333333333336,31.235555555555557,9,33.904277016329374,123,0,0.0,0.7504166666666667,0.14756938405797101,23
35599B,159,373.65,31.8,74.72999999999999,5,28.039258192755387,80,0,0.0,2.215,1.4044999999999999,17
35599D,173,427.03000000000003,24.714285714285715,61.00428571428572,7,25.824499257580232,80,0,0.0,2.573157894736842,0.853745029239766,17
35607A,24,4.5600000000000005,24.0,4.5600000000000005,1,,24,0,0.0,0.19,,1
35607B,96,18.240000000000002,19.2,3.6480000000000006,5,19.588261791185047,51,0,0.0,0.19,0.0,7
35610A,8,10.0,8.0,10.0,1,,8,0,0.0,1.25,,1
35610B,24,30.0,24.0,30.0,1,,24,0,0.0,1.25,,1
35610C,24,30.0,24.0,30.0,1,,24,0,0.0,1.25,,1
35637A,121,275.95,15.125,34.49375,8,16.617009357883866,42,0,0.0,2.6166666666666667,2.3188405797101455,23
35637C,28,62.6,7.0,15.65,4,6.879922480183431,17,0,0.0,2.5214285714285714,2.285714285714286,7
35638A,32,70.39999999999999,6.4,14.079999999999998,5,11.523888232710346,27,0,0.0,3.55,4.8,5
35638B,35,68.25,8.75,17.0625,4,12.392874296680867,27,0,0.0,1.95,0.0,4
35645,4,17.0,2.0,8.5,2,1.4142135623730951,3,0,0.0,4.25,0.0,2
35646,513,668.88,46.63636363636363,60.807272727272725,11,33.77949889288687,108,28,0.05458089668615984,1.4330434782608696,0.43082164251207744,32
35647,13,16.25,6.5,8.125,2,7.7781745930520225,12,0,0.0,1.25,0.0,2
35648,728,704.2,66.18181818181819,64.01818181818182,11,43.99731396760075,129,4,0.005494505494505495,0.995079365079365,0.2414060419866872,40
35649,16,51.82,3.2,10.364,5,1.9235384061671346,6,0,0.0,3.095714285714286,0.18859523809523815,5
35650,1,4.95,1.0,4.95,1,,1,1,1.0,4.95,,1
35651,328,541.2,36.44444444444444,60.13333333333334,9,25.860738152221757,91,0,0.0,1.65,0.0,28
35653,47,138.65,5.875,17.33125,8,4.823676724538776,16,0,0.0,2.95,0.0,11
35809A,388,374.11,55.42857142857143,53.44428571428572,7,55.54234763630703,155,0,0.0,1.1087804878048781,0.28324097560975625,37
35809B,8,9.18,8.0,9.18,1,,8,0,0.0,1.6766666666666667,0.5376333333333336,3
35810A,581,527.95,52.81818181818182,47.99545454545455,11,44.40679718650779,131,0,0.0,1.021698113207547,0.2106835994194485,46
35810B,147,155.03,18.375,19.37875,8,19.70451362360556,48,1,0.006802721088435374,1.1928571428571428,0.34562142857142863,18
35815P,109,43.14,36.333333333333336,14.38,3,40.808495847474376,81,0,0.0,0.724,0.5916800000000001,5
35816P,54,20.52,54.0,20.52,1,,54,0,0.0,0.38,0.0,2
35817P,18,19.86,9.0,9.93,2,4.242640687119285,12,0,0.0,1.4649999999999999,2.35445,2
35818B,31,11.78,10.333333333333334,3.9266666666666663,3,12.096831541082702,24,0,0.0,0.38000000000000006,0.0,3
35818P,217,82.46,43.4,16.491999999999997,5,40.0349847008838,107,12,0.055299539170506916,0.38,0.0,15
35819B,257,97.66,64.25,24.415,4,40.92574576799629,101,26,0.10116731517509728,0.38,0.0,19
35819P,87,56.55,29.0,18.849999999999998,3,16.09347693943108,46,0,0.0,0.5042857142857143,0.10812857142857142,7
35833P,36,45.0,7.2,9.0,5,8.318653737234168,19,0,0.0,1.25,0.0,8
35909A,8,23.6,2.6666666666666665,7.866666666666667,3,2.8867513459481287,6,0,0.0,2.9500000000000006,0.0,3
35909B,8,23.6,4.0,11.8,2,2.8284271247461903,6,0,0.0,2.95,0.0,2
35910A,20,39.0,6.666666666666667,13.0,3,5.033222956847166,12,0,0.0,1.95,0.0,4
35910B,13,25.349999999999998,6.5,12.674999999999999,2,7.7781745930520225,12,0,0.0,1.95,0.0,3
35911A,205,194.14999999999998,25.625,24.268749999999997,8,24.05314057308466,62,0,0.0,1.0984,0.2612806666666667,23
35911B,17,35.7,8.5,17.85,2,9.192388155425117,15,0,0.0,2.1,0.0,4
35912B,159,188.49,22.714285714285715,26.927142857142858,7,24.12270220984295,72,0,0.0,1.228888888888889,0.0037751633986928095,15
35913B,34,28.9,6.8,5.779999999999999,5,6.534523701081817,18,0,0.0,0.85,0.0,8
35914,135,162.25,22.5,27.041666666666668,6,25.944170828916466,72,0,0.0,1.2666666666666666,0.3676470588235295,16
35915B,91,150.14999999999998,30.333333333333332,50.04999999999999,3,41.52509281546922,78,12,0.13186813186813187,1.65,0.0,14
35915C,49,80.85000000000001,12.25,20.212500000000002,4,10.594810050208546,24,0,0.0,1.65,0.0,8
35916A,20,17.0,6.666666666666667,5.666666666666667,3,5.033222956847166,12,0,0.0,0.85,0.0,3
35916B,6,5.1,6.0,5.1,1,,6,0,0.0,0.85,,1
35916C,54,45.9,18.0,15.299999999999999,3,15.874507866387544,36,0,0.0,0.85,0.0,5
35920,67,83.75,16.75,20.9375,4,3.5,21,0,0.0,1.25,0.0,11
35921,54,67.5,13.5,16.875,4,9.03696114115064,24,0,0.0,1.25,0.0,9
35922,28,138.6,7.0,34.65,4,5.0990195135927845,14,0,0.0,4.95,0.0,10
35923,529,266.28,48.09090909090909,24.207272727272724,11,36.23383652183286,110,0,0.0,0.48333333333333334,0.06709105691056909,30
35924,289,526.95,26.272727272727273,47.904545454545456,11,20.02543836769078,72,0,0.0,2.0006060606060605,0.03183712121212125,25
35933,206,78.28,34.333333333333336,13.046666666666667,6,38.32318706301273,109,0,0.0,0.38,0.0,15
35953,1921,854.1099999999999,240.125,106.76374999999999,8,357.8544945724649,1056,4,0.002082248828735034,0.48772727272727273,0.07535109717868337,81
35954,617,146.67000000000002,102.83333333333333,24.445000000000004,6,83.75778570775773,240,2,0.0032414910858995136,0.2596969696969697,0.0115217803030303,30
35957,189,60.75,94.5,30.375,2,95.45941546018392,162,27,0.14285714285714285,0.32142857142857145,0.01511428571428571,7
35958,12,10.2,12.0,10.2,1,,12,0,0.0,0.85,0.0,3
35961,1566,1317.06,120.46153846153847,101.31230769230768,13,48.39183020685652,200,3,0.0019157088122605363,0.846687898089172,0.0004222929936305726,116
35964,477,189.45,119.25,47.3625,4,76.45205469224922,192,0,0.0,0.43500000000000005,0.07694999999999999,34
35965,181,181.87,18.1,18.187,10,20.733494104414184,59,0,0.0,1.4071428571428573,0.9874285714285717,22
35966,27,10.260000000000002,13.5,5.130000000000001,2,2.1213203435596424,15,0,0.0,0.38,0.0,2
35967,363,143.7,40.333333333333336,15.966666666666665,9,29.478805945967352,91,0,0.0,0.39655172413793105,0.00760911330049261,24
35968,145,52.760000000000005,20.714285714285715,7.537142857142858,7,9.268482179125227,38,0,0.0,0.37,0.0018,14
35970,3680,6197.68,525.7142857142857,885.3828571428572,7,532.2035056522753,1385,78,0.021195652173913043,1.7356976744186043,0.1389808529391823,270
35971,402,495.82,30.923076923076923,38.14,13,32.91519795490005,113,24,0.05970149253731343,1.4080357142857143,0.20005607142857154,39
35972,96,120.0,10.666666666666666,13.333333333333334,9,13.143439428094915,42,0,0.0,1.25,0.0,14
37327,855,343.68,77.72727272727273,31.243636363636366,11,53.363078826265095,173,0,0.0,0.41957446808510634,0.0359041628122109,36
37330,6,2.34,6.0,2.34,1,,6,0,0.0,0.39,,1
37333,14,54.3,2.3333333333333335,9.049999999999999,6,1.505545305418162,5,1,0.07142857142857142,3.5863636363636364,2.4545454545454555,9
37340,1193,472.62999999999994,99.41666666666667,39.38583333333333,12,77.78345037034003,269,27,0.022632020117351215,0.40437500000000004,0.006507539682539683,59
37342,1174,936.1,130.44444444444446,104.01111111111112,9,86.68204991679522,266,0,0.0,0.795625,0.0003107142857142851,50
37343,62,89.7,20.666666666666668,29.900000000000002,3,11.015141094572204,32,0,0.0,1.4925,0.19845,8
37351,4,1.56,4.0,1.56,1,,4,0,0.0,0.39,,1
37370,1157,1381.51,115.7,138.151,10,108.4732942044057,324,12,0.010371650821089023,1.233189655172414,0.01730191154422787,72
37379A,6,7.5,6.0,7.5,1,,6,0,0.0,1.25,,1
37413,524,214.68,47.63636363636363,19.516363636363636,11,30.43771583832377,98,10,0.019083969465648856,0.4112345679012346,0.018033456790123456,52
37423,57,24.99,57.0,24.99,1,,57,0,0.0,0.5433333333333333,0.07053333333333332,3
37444A,47,31.130000000000003,6.714285714285714,4.4471428571428575,7,8.59678788296896,22,0,0.0,0.9385714285714286,1.1882901098901102,9
37444B,4,11.8,1.3333333333333333,3.9333333333333336,3,0.5773502691896257,2,0,0.0,2.9500000000000006,0.0,2
37444C,19,30.45,6.333333333333333,10.15,3,4.725815626252609,10,0,0.0,1.487142857142857,1.8724571428571428,5
37446,1129,1563.6499999999999,86.84615384615384,120.28076923076922,13,44.63153995746011,178,10,0.008857395925597875,1.4316993464052286,0.0033470932232542152,93
37447,715,1052.39,55.0,80.95307692307694,13,28.83574171059243,104,4,0.005594405594405594,1.483684210526316,0.0014955789473684207,51
37448,1315,1930.55,101.15384615384616,148.50384615384615,13,64.18313142075851,220,18,0.013688212927756654,1.4823566878980892,0.0017873591376776092,78
37449,27,183.33,27.0,183.33,1,,27,0,0.0,6.79,,1
37450,638,1763.3,49.07692307692308,135.63846153846154,13,29.83695007442265,110,0,0.0,2.89,0.020606060606060638,47
37461,1,1.25,1.0,1.25,1,,1,0,0.0,1.25,,1
37462E,27,5.59,6.75,1.3975,4,6.075908711186061,12,0,0.0,0.2475,0.013224999999999999,4
37464,3,3.75,3.0,3.75,1,,3,0,0.0,1.25,0.0,2
37467,127,59.65,18.142857142857142,8.52142857142857,7,11.725024114098465,39,0,0.0,0.5154545454545455,0.04616727272727272,11
37468,63,24.57,10.5,4.095,6,14.293355099485915,38,0,0.0,0.38999999999999996,0.0,11
37471,12,10.2,12.0,10.2,1,,12,0,0.0,0.85,,1
37479B,94,47.459999999999994,15.666666666666666,7.909999999999999,6,14.179797835888447,40,2,0.02127659574468085,0.898235294117647,0.8919529411764705,16
37479P,118,52.5,13.11111111111111,5.833333333333333,9,10.409664313084795,30,2,0.01694915254237288,0.5957142857142858,0.42212571428571416,15
37482P,318,154.26,79.5,38.565,4,94.74351341032975,206,2,0.006289308176100629,0.6368571428571428,0.48616336134453775,30
37487B,35,10.149999999999999,35.0,10.149999999999999,1,,35,0,0.0,0.29,0.0,2
37488A,28,10.92,14.0,5.46,2,16.97056274847714,26,0,0.0,0.38999999999999996,0.0,3
37489A,33,14.43,3.6666666666666665,1.6033333333333333,9,2.598076211353316,9,0,0.0,0.494,0.16223999999999997,14
37489B,31,16.77,3.875,2.09625,8,2.997022331772464,10,0,0.0,0.65,0.3687272727272726,12
37489C,23,13.65,3.8333333333333335,2.275,6,2.7141603981096374,8,0,0.0,0.78,0.5214857142857143,8
37489D,40,17.16,4.0,1.716,10,3.2998316455372216,11,0,0.0,0.48176470588235293,0.14315294117647054,16
37491B,4,6.6,4.0,6.6,1,,4,0,0.0,1.65,,1
37491C,8,13.2,8.0,13.2,1,,8,0,0.0,1.65,,1
37491D,2,3.3,2.0,3.3,1,,2,0,0.0,1.65,,1
37495,410,1494.3,31.53846153846154,114.94615384615385,13,15.68234349311025,64,4,0.00975609756097561,3.7309523809523806,0.01505450372920254,75
37500,264,1306.8000000000002,26.4,130.68,10,19.715757939047414,62,2,0.007575757575757576,4.95,0.0,43
37501,102,708.9,11.333333333333334,78.76666666666667,9,10.547511554864494,29,0,0.0,6.95,0.0,28
37509,2,5.1,2.0,5.1,1,,2,0,0.0,2.55,0.0,2
40001,542,433.61,49.27272727272727,39.41909090909091,11,35.631701921437624,108,0,0.0,0.82,0.005558823529411764,23
40003,78,89.4,11.142857142857142,12.771428571428572,7,8.687703406320365,27,0,0.0,1.2227272727272727,0.008181818181818188,10
40005B,12,10.2,4.0,3.4,3,4.358898943540674,9,0,0.0,0.85,0.0,4
40016,1632,657.9,163.2,65.78999999999999,10,76.64028531610077,342,0,0.0,0.4062162162162162,0.002182747130692334,53
40046A,50,62.5,10.0,12.5,5,9.669539802906858,26,0,0.0,1.25,0.0,6
44089A,15,6.3,3.75,1.575,4,3.095695936834452,8,0,0.0,0.42,0.0,4
44089C,24,10.08,6.0,2.52,4,4.396968652757639,11,0,0.0,0.42,0.0,6
44091A,9,3.78,4.5,1.89,2,4.949747468305833,8,0,0.0,0.42,0.0,3
44092B,14,11.899999999999999,2.8,2.38,5,2.0493901531919194,6,0,0.0,0.85,0.0,4
44092C,18,15.299999999999999,3.6,3.0599999999999996,5,1.51657508881031,6,0,0.0,0.85,0.0,5
44228,36,30.599999999999998,18.0,15.299999999999999,2,8.48528137423857,24,0,0.0,0.85,0.0,2
44234,193,38.91,17.545454545454547,3.537272727272727,11,16.627469057939255,54,0,0.0,0.207,8.526315789473697e-05,17
44235,133,54.24,13.3,5.424,10,15.026273286776362,48,0,0.0,0.41600000000000004,0.00023999999999999946,11
44236,52,56.52,17.333333333333332,18.84,3,22.233608194203057,43,0,0.0,1.3414285714285714,2.1285142857142856,6
44242A,12,9.48,12.0,9.48,1,,12,0,0.0,0.79,,1
44242B,52,50.28,26.0,25.14,2,8.48528137423857,32,0,0.0,0.9433333333333334,0.07053333333333332,3
44265,2,8.5,2.0,8.5,1,,2,0,0.0,4.25,,1
45013,3,8.850000000000001,1.5,4.425000000000001,2,0.7071067811865476,2,0,0.0,2.95,0.0,2
46000M,976,1512.8,75.07692307692308,116.36923076923077,13,57.31413661925177,189,0,0.0,1.55,0.0,92
46000P,17,72.25,5.666666666666667,24.083333333333332,3,4.509249752822894,10,0,0.0,4.25,0.0,5
46000R,101,146.45,8.416666666666666,12.204166666666666,12,5.264949854433276,18,0,0.0,1.45,0.0,22
46000S,1371,1987.9499999999998,105.46153846153847,152.91923076923075,13,67.20939342162346,218,16,0.011670313639679067,1.45,0.0,128
46000U,107,133.75,9.727272727272727,12.159090909090908,11,10.0607247163503,29,0,0.0,1.25,0.0,16
46115B,12,2.28,6.0,1.14,2,0.0,6,0,0.0,0.19,0.0,1
46118,184,156.4,23.0,19.55,8,12.011898862615947,45,0,0.0,0.85,0.0,12
46126A,48,60.0,16.0,20.0,3,12.165525060596439,24,0,0.0,1.25,0.0,5
46138B,43,43.15,6.142857142857143,6.164285714285714,7,6.335839103296196,19,0,0.0,1.0333333333333334,0.18333333333333332,8
46776A,14,69.30000000000001,2.8,13.860000000000003,5,2.16794833886788,6,0,0.0,4.95,0.0,6
46776B,15,74.25,2.142857142857143,10.607142857142858,7,0.8997354108424372,4,0,0.0,4.95,0.0,6
46776C,11,54.45,2.2,10.89,5,1.0954451150103321,4,0,0.0,4.95,0.0,6
46776D,12,59.400000000000006,4.0,19.8,3,2.0,6,0,0.0,4.95,0.0,3
46776E,14,69.3,2.8,13.86,5,1.7888543819998317,6,0,0.0,4.95,0.0,5
46776F,19,94.05000000000001,3.8,18.810000000000002,5,1.4832396974191326,6,0,0.0,4.95,0.0,6
47013A,14,3.04,7.0,1.52,2,1.4142135623730951,8,6,0.42857142857142855,0.205,0.009633333333333332,4
47013C,43,5.5,14.333333333333334,1.8333333333333333,3,16.441816606851365,33,0,0.0,0.1442857142857143,0.0041285714285714285,7
47016,2,4.2,2.0,4.2,1,,2,0,0.0,2.1,,1
47021G,241,122.37,48.2,24.474,5,48.14768945650455,108,0,0.0,0.6193333333333334,0.1549638095238095,12
47310M,244,304.68,20.333333333333332,25.39,12,15.310919058771177,46,12,0.04918032786885246,1.3279166666666666,0.09855726950354604,23
47341A,27,38.75,6.75,9.6875,4,5.619905100029122,13,0,0.0,1.75,1.25,5
47341B,45,56.25,6.428571428571429,8.035714285714286,7,8.423323628614833,25,4,0.08888888888888889,1.25,0.0,11
47343A,129,120.27000000000001,21.5,20.045,6,15.188811671753653,42,0,0.0,0.9714285714285714,0.07898241758241759,13
47344B,44,43.660000000000004,11.0,10.915000000000001,4,12.516655570345725,29,0,0.0,0.9700000000000001,0.04704000000000001,6
47348A,97,50.31,12.125,6.28875,8,14.865468134476723,48,0,0.0,0.702,0.4171885714285714,11
47351B,65,180.95000000000002,8.125,22.618750000000002,8,9.357006542082326,31,0,0.0,2.905555555555556,0.01777777777777781,7
47367B,57,194.55,7.125,24.31875,8,10.13392463813643,32,4,0.07017543859649122,3.6772727272727277,0.05818181818181819,11
47369A,8,23.6,2.6666666666666665,7.866666666666667,3,2.8867513459481287,6,0,0.0,2.9500000000000006,0.0,6
47369B,3,11.690000000000001,1.5,5.845000000000001,2,0.7071067811865476,2,0,0.0,3.896666666666667,2.6885333333333334,3
47420,154,29.26,17.11111111111111,3.2511111111111113,9,14.97868856446088,41,0,0.0,0.19,0.0,11
47421,670,274.92,51.53846153846154,21.14769230769231,13,32.57712741739564,113,24,0.03582089552238806,0.41600000000000004,0.00022779661016949165,16
47422,363,147.60000000000002,27.923076923076923,11.353846153846156,13,25.98865630251507,85,0,0.0,0.416,0.00022909090909090858,16
47469,94,54.89,11.75,6.86125,8,12.103718436910205,32,0,0.0,0.6335714285714287,0.0037785714285714297,10
47471,124,75.74,12.4,7.574,10,12.703455347966464,32,0,0.0,0.7075,0.05485434782608696,19
47480,396,659.68,30.46153846153846,50.74461538461538,13,15.08650271277489,53,2,0.005050505050505051,1.8553846153846152,0.3292880844645554,29
47481,104,83.81,10.4,8.381,10,10.793001847905378,39,0,0.0,0.8410526315789474,0.0015210526315789464,15
47503A,2367,1070.35,197.25,89.19583333333333,12,174.5035165053337,437,24,0.010139416983523447,0.503855421686747,0.062210500182548395,123
47503H,95,90.13000000000001,7.916666666666667,7.510833333333334,12,12.673941292225868,43,0,0.0,1.1214285714285714,0.2826890756302521,30
47504H,759,710.31,58.38461538461539,54.639230769230764,13,55.26231154162009,196,25,0.03293807641633729,1.2371739130434782,0.7185897276636406,68
47504K,1654,1582.84,137.83333333333334,131.90333333333334,12,127.53597234672358,413,48,0.02902055622732769,1.0948314606741574,0.2565618358407923,141
47518F,479,71.88,43.54545454545455,6.534545454545454,11,19.658909615559235,83,0,0.0,0.14142857142857143,0.00619047619047619,19
47556B,54,125.55,27.0,62.775,2,0.0,27,0,0.0,2.325,0.10124999999999998,1
47559B,1673,2064.67,128.69230769230768,158.82076923076923,13,57.22089451617101,233,20,0.011954572624028692,1.2812345679012345,0.049061279461279465,152
47563A,198,250.0,19.8,25.0,10,14.195460933379767,40,1,0.005050505050505051,1.3055555555555556,0.1388888888888889,31
47566,10298,48219.3,792.1538461538462,3709.1769230769232,13,539.8962625903001,1865,115,0.011167216935327249,4.863419913419914,0.0587042524262741,707
47566B,1863,8692.35,143.30769230769232,668.6423076923077,13,113.91399139656829,355,11,0.005904455179817499,4.860191082802548,0.0602152988339677,192
47567B,511,2884.4500000000003,39.30769230769231,221.88076923076926,13,20.532026265425014,72,3,0.005870841487279843,5.895833333333333,0.06804971988795505,80
47574A,247,234.25,27.444444444444443,26.02777777777778,9,29.837522983280262,74,4,0.016194331983805668,1.2303921568627452,1.4796078431372548,36
47574B,4,17.0,4.0,17.0,1,,4,0,0.0,4.25,0.0,2
47578A,192,163.2,14.76923076923077,12.553846153846154,13,15.885810472209918,53,6,0.03125,0.85,0.0,26
47579,1,2.1,1.0,2.1,1,,1,0,0.0,2.1,,1
47580,305,765.31,23.46153846153846,58.87,13,19.461994521868277,56,0,0.0,2.569868421052631,0.0824413157894737,55
47585A,102,382.5,8.5,31.875,12,8.151965741742629,32,4,0.0392156862745098,3.75,0.0,23
47586A,21,53.55,3.0,7.6499999999999995,7,1.8257418583505538,6,0,0.0,2.55,0.0,7
47589,13,70.85,4.333333333333333,23.616666666666664,3,4.163331998932265,9,0,0.0,5.45,0.0,3
47590A,1599,8455.35,123.0,650.4115384615385,13,68.45436436049933,289,32,0.020012507817385866,5.422727272727273,0.021134421134421082,227
47590B,1769,9273.85,136.07692307692307,713.373076923077,13,78.97411130497295,324,19,0.010740531373657434,5.412222222222223,0.028875270813989592,238
47591B,38,62.7,19.0,31.35,2,0.0,19,0,0.0,1.65,0.0,9
47591D,2539,4823.91,195.30769230769232,371.07,13,121.15512412838387,530,64,0.02520677432059866,1.9740806045340051,0.08774391267842176,250
47593A,33,14.37,8.25,3.5925,4,13.17510278264778,28,1,0.030303030303030304,0.5853846153846154,0.21267692307692312,10
47593B,892,375.7,68.61538461538461,28.9,13,55.50005775002771,146,28,0.03139013452914798,0.4895833333333333,0.05706929824561405,68
47594A,52,101.39999999999999,5.777777777777778,11.266666666666666,9,2.386303510546059,8,0,0.0,1.9499999999999997,0.0,26
47594B,91,177.45,7.583333333333333,14.7875,12,10.184286767844716,32,0,0.0,1.95,0.0,26
47599A,1263,2530.53,97.15384615384616,194.65615384615387,13,46.98908765845917,157,4,0.003167062549485352,2.069109589041096,0.011791615493623063,102
47599B,814,1642.98,62.61538461538461,126.38307692307693,13,22.220630284859393,85,2,0.002457002457002457,2.0772222222222223,0.008902492211838007,69
48111,357,2324.2599999999998,27.46153846153846,178.78923076923076,13,14.448848769685105,50,0,0.0,6.663225806451613,0.32429591397849433,19
48116,506,3209.5299999999997,50.6,320.953,10,29.216433731720237,97,0,0.0,6.530285714285714,0.5139028571428571,15
48129,324,2094.91,27.0,174.57583333333332,12,19.60519411695881,74,0,0.0,6.6160000000000005,0.3873166666666665,17
48138,1348,8956.71,103.6923076923077,688.9776923076922,13,51.05615309863023,170,20,0.01483679525222552,6.745943396226416,0.20529862533692655,50
48173C,465,2773.84,38.75,231.15333333333334,12,24.264171117101856,84,10,0.021505376344086023,6.3345161290322585,0.945772258064516,12
48184,908,6082.12,69.84615384615384,467.8553846153846,13,34.83974300002358,134,10,0.011013215859030838,6.758970588235294,0.164863103599649,34
48185,626,3973.24,52.166666666666664,331.1033333333333,12,33.83337065231559,127,20,0.03194888178913738,6.577173913043478,0.5204340579710136,24
48187,1204,7799.38,92.61538461538461,599.9523076923077,13,47.47725501321389,177,20,0.016611295681063124,6.630930232558139,0.3926650068399452,37
48188,506,3043.66,46.0,276.6963636363636,11,34.75917145157519,108,0,0.0,6.382000000000001,0.852492941176471,21
48194,802,5078.62,66.83333333333333,423.2183333333333,12,21.674590625612257,108,0,0.0,6.595483870967742,0.546448122686409,34
51008,237,804.1500000000001,33.857142857142854,114.87857142857145,7,55.583056685254284,156,0,0.0,3.4236842105263157,0.01315789473684211,16
51014A,2648,1331.8799999999999,203.69230769230768,102.45230769230768,13,206.64840696836765,723,36,0.013595166163141994,0.5129936305732484,0.04171726277968314,106
51014C,1730,874.0799999999999,133.07692307692307,67.23692307692308,13,113.10427455705165,426,0,0.0,0.5413513513513514,0.04625906633906634,71
51014L,1615,790.47,124.23076923076923,60.80538461538462,13,103.33372621926965,356,60,0.03715170278637771,0.5336792452830189,0.04613585804132972,72
51020A,193,78.05,38.6,15.61,5,60.10241259716618,145,2,0.010362694300518135,0.5566666666666666,0.195764705882353,16
51020B,134,52.3,33.5,13.075,4,52.392747589718944,112,2,0.014925373134328358,0.6739999999999999,0.23698285714285716,13
62018,572,890.7,44.0,68.51538461538462,13,40.531880456417674,160,0,0.0,1.8076271186440676,0.08075978959672706,39
62043B,17,14.110000000000001,8.5,7.055000000000001,2,7.7781745930520225,14,0,0.0,0.8299999999999998,0.0,5
62074B,16,6.72,4.0,1.68,4,4.08248290463863,10,2,0.125,0.42,0.0,4
62086A,83,161.85,13.833333333333334,26.974999999999998,6,10.303721010715822,33,0,0.0,1.9499999999999997,0.0,13
62094B,13,33.15,6.5,16.575,2,7.7781745930520225,12,0,0.0,2.55,0.0,2
62096A,87,108.75,29.0,36.25,3,14.177446878757825,45,0,0.0,1.25,0.0,7
62096B,2,2.5,2.0,2.5,1,,2,0,0.0,1.25,,1
62097B,9,7.470000000000001,4.5,3.7350000000000003,2,0.7071067811865476,5,0,0.0,0.83,0.0,2
70006,1053,940.13,105.3,94.013,10,146.83781680631338,426,54,0.05128205128205128,1.2315,0.31151417721518987,72
70007,515,526.65,57.22222222222222,58.516666666666666,9,59.94326020867104,182,0,0.0,1.385925925925926,0.21185856044723972,46
71038,238,1239.5,21.636363636363637,112.68181818181819,11,8.617107719794703,32,0,0.0,5.3999999999999995,0.0382978723404255,34
71050,33,11.55,8.25,2.8875,4,6.652067347825035,18,0,0.0,0.3499999999999999,0.0,5
71053,1456,5259.12,112.0,404.5476923076923,13,57.07889277132134,209,2,0.0013736263736263737,3.697351778656126,0.016245736871823877,148
71101E,304,248.26,30.4,24.826,10,15.875907673088944,60,0,0.0,0.8322727272727272,0.002085064935064935,17
71143,10,8.5,10.0,8.5,1,,10,0,0.0,0.85,,1
71215,11,4.62,5.5,2.31,2,6.363961030678928,10,0,0.0,0.42,0.0,2
71270,195,244.96,16.25,20.413333333333334,12,15.8752236920532,44,0,0.0,1.2878125,0.045753125,16
71279,155,447.6500000000001,14.090909090909092,40.69545454545455,11,7.46263419248921,30,2,0.012903225806451613,2.935714285714286,0.005714285714285731,20
71403,53,156.35000000000002,7.571428571428571,22.33571428571429,7,6.654751256486923,16,0,0.0,2.95,0.0,12
71406C,138,57.96,12.545454545454545,5.2690909090909095,11,9.740263203462588,30,0,0.0,0.42000000000000004,0.0,13
71459,6632,5425.79,510.15384615384613,417.36846153846153,13,281.33812579464063,1116,48,0.007237635705669481,0.8327105263157895,0.005971789334814613,226
71477,2868,9253.09,239.0,771.0908333333333,12,162.68877147374482,575,20,0.00697350069735007,3.5367293233082706,0.6328303943821821,155
71495A,54,19.44,27.0,9.72,2,0.0,27,0,0.0,0.36,0.0,2
71495B,97,35.88,19.4,7.176,5,10.78424777163433,27,12,0.12371134020618557,0.384,0.0010800000000000004,4
71496A,72,39.6,14.4,7.92,5,12.157302332343306,27,12,0.16666666666666666,0.554,0.0028800000000000032,5
71496B,13,7.37,4.333333333333333,2.4566666666666666,3,3.511884584284246,8,0,0.0,0.56,0.0035999999999999995,4
71510,52,36.519999999999996,8.666666666666666,6.086666666666666,6,8.477420991472975,24,0,0.0,0.8099999999999999,0.012800000000000002,5
72024U,72,15.120000000000001,36.0,7.5600000000000005,2,16.97056274847714,48,0,0.0,0.21,0.0,3
72051S,40,16.8,10.0,4.2,4,12.110601416389967,28,2,0.05,0.42000000000000004,0.0,5
72122,270,256.5,20.76923076923077,19.73076923076923,13,15.39022333687768,52,0,0.0,0.95,0.0,38
72127,159,196.85,15.9,19.685,10,18.982155362925,57,0,0.0,1.2436666666666667,0.001203333333333328,25
72128,171,134.01,17.1,13.401,10,14.54074734438823,46,0,0.0,0.8372727272727273,0.002589204545454545,28
72130,188,112.48,18.8,11.248000000000001,10,17.29354407478891,54,0,0.0,0.6356,0.0015840000000000006,20
72131,115,201.75,12.777777777777779,22.416666666666668,9,25.621171800767513,80,0,0.0,1.8999999999999997,0.013235294117647069,14
72132,28,54.599999999999994,4.666666666666667,9.1,6,5.278888771954441,14,0,0.0,1.95,0.0,9
72133,39,48.75,4.333333333333333,5.416666666666667,9,1.5,6,0,0.0,1.25,0.0,11
72134,68,34.58,9.714285714285714,4.9399999999999995,7,12.52616309588702,29,0,0.0,0.7424999999999999,0.03962142857142857,6
72140E,31,26.349999999999998,6.2,5.27,5,3.1144823004794873,9,0,0.0,0.85,0.0,8
72225C,396,110.51999999999998,39.6,11.051999999999998,10,20.966640169564606,75,0,0.0,0.27999999999999997,0.0007466666666666671,12
72232,1220,231.8,93.84615384615384,17.83076923076923,13,55.57104484928303,213,0,0.0,0.19,0.0,45
72349B,483,970.0200000000001,37.15384615384615,74.61692307692309,13,26.507376815539963,88,0,0.0,2.0823655913978496,0.006994343151005152,51
72351A,826,1668.1800000000003,63.53846153846154,128.3215384615385,13,34.73138682473291,151,5,0.006053268765133172,2.0819117647058825,0.007141503267973859,78
72351B,1165,2324.73,89.61538461538461,178.82538461538462,13,44.09372302557826,186,5,0.004291845493562232,2.0712738853503185,0.01102272578801242,87
72369A,28,35.0,9.333333333333334,11.666666666666666,3,7.571877794400365,18,0,0.0,1.25,0.0,3
72586,399,167.57999999999998,66.5,27.929999999999996,6,84.28226385189235,217,5,0.012531328320802004,0.42,0.0,36
72598,381,313.14,34.63636363636363,28.467272727272725,11,47.346114364903755,151,0,0.0,0.8402325581395349,0.0020023255813953486,38
72709,44,37.39999999999999,7.333333333333333,6.233333333333332,6,6.153589738247641,18,0,0.0,0.85,0.0,4
72741,3281,4611.650000000001,252.3846153846154,354.74230769230775,13,112.1156682936113,494,36,0.01097226455348979,1.4284,0.003868915662650607,195
72780,137,116.44999999999999,11.416666666666666,9.704166666666666,12,6.3883179367190275,24,0,0.0,0.85,0.0,18
72783,16,33.6,8.0,16.8,2,5.656854249492381,12,0,0.0,2.1,0.0,2
72798C,7,11.549999999999999,2.3333333333333335,3.8499999999999996,3,1.5275252316519465,4,0,0.0,1.6499999999999997,0.0,3
72799C,80,123.68,13.333333333333334,20.613333333333333,6,22.527020812052946,58,0,0.0,2.23,1.0977882352941177,17
72799E,276,632.7600000000001,25.09090909090909,57.52363636363637,11,23.36858808509639,84,0,0.0,2.5532653061224493,0.714122448979592,43
72799F,127,365.05000000000007,14.11111111111111,40.56111111111112,9,8.006941432976209,24,0,0.0,2.930952380952381,0.007619047619047638,19
72800B,138,265.66,11.5,22.138333333333335,12,16.822603841260722,49,6,0.043478260869565216,2.312162162162162,0.37208408408408405,31
72800C,124,229.96,11.272727272727273,20.905454545454546,11,14.799262880906664,49,7,0.056451612903225805,2.2566666666666664,0.4450574712643677,26
72800D,85,216.75,7.7272727272727275,19.704545454545453,11,5.8153402151707185,19,2,0.023529411764705882,2.55,0.0,20
72800E,441,906.63,33.92307692307692,69.74076923076923,13,30.3904084058922,91,2,0.0045351473922902496,2.308989898989899,0.3096744794887653,62
72801C,117,141.12,13.0,15.68,9,9.16515138991168,29,0,0.0,1.2364285714285714,0.0025785714285714236,13
72801D,58,72.5,8.285714285714286,10.357142857142858,7,3.7733400639347674,13,0,0.0,1.25,0.0,10
72801G,43,53.75,5.375,6.71875,8,5.423164600647327,14,0,0.0,1.25,0.0,9
72802A,303,1212.51,23.307692307692307,93.27,13,21.379057569596057,71,0,0.0,4.166981132075471,0.030206095791001412,43
72802B,409,1268.69,34.083333333333336,105.72416666666668,12,32.50023309939718,133,6,0.014669926650366748,4.0116000000000005,0.7347919999999999,54
72802C,546,1820.58,45.5,151.715,12,35.7707346100895,134,18,0.03296703296703297,4.036666666666667,0.6193483146067418,63
72803A,147,523.5,13.363636363636363,47.59090909090909,11,9.458041311738146,35,4,0.027210884353741496,4.15625,0.3515624999999999,30
72807A,310,1291.54,25.833333333333332,107.62833333333333,12,22.658866750661705,75,0,0.0,4.230298507462686,0.008405970149253738,53
72807B,315,1309.27,26.25,109.10583333333334,12,20.168044030098706,72,3,0.009523809523809525,4.2335,0.007076202531645571,56
72807C,542,2244.1,45.166666666666664,187.00833333333333,12,25.279648060457767,92,3,0.005535055350553505,4.226428571428571,0.009904247104247109,83
72811,49,67.25,9.8,13.45,5,9.23038460737146,24,0,0.0,1.45,0.009599999999999987,6
72812,18,49.98,4.5,12.495,4,2.380476142847617,6,0,0.0,3.1149999999999998,1.373633333333333,3
72815,2,7.5,2.0,7.5,1,,2,0,0.0,3.75,,1
72816,430,460.74,143.33333333333334,153.58,3,46.177194948733444,187,0,0.0,1.2583870967741935,0.23954731182795705,26
72817,1027,944.81,171.16666666666666,157.46833333333333,6,179.50756715711643,405,0,0.0,0.935,0.07975578947368414,74
72818,876,411.24999999999994,219.0,102.81249999999999,4,214.46211786700232,475,0,0.0,0.5966153846153847,0.1280633653846153,51
72819,208,436.40000000000003,18.90909090909091,39.67272727272728,11,20.72416244606544,64,1,0.004807692307692308,2.188333333333333,0.3378764367816091,28
72821,11,18.15,5.5,9.075,2,4.949747468305833,9,0,0.0,1.65,0.0,4
75011,127,103.21,15.875,12.90125,8,10.736286934636999,28,0,0.0,0.7999999999999999,0.0005454545454545444,9
75013B,25,41.25,12.5,20.625,2,3.5355339059327378,15,0,0.0,1.65,0.0,6
75049L,1823,1835.95,151.91666666666666,152.99583333333334,12,81.97389643642478,259,33,0.018102029621503018,1.1155737704918032,0.03599512261211217,71
75131,90,116.31,18.0,23.262,5,11.76860229593982,29,0,0.0,1.5692307692307692,0.056141025641025626,13
75172,84,78.2,21.0,19.55,4,36.02776706930364,75,0,0.0,1.53,1.8774857142857144,8
75178,104,62.769999999999996,17.333333333333332,10.461666666666666,6,13.909229549715063,32,0,0.0,0.9733333333333333,0.17222500000000002,6
77079,1,2.12,1.0,2.12,1,,1,0,0.0,2.12,,1
77101A,124,145.31,31.0,36.3275,4,32.751590292177674,76,4,0.03225806451612903,1.231,0.003419999999999999,16
78033,37,179.35,7.4,35.87,5,5.5497747702046425,14,0,0.0,5.464285714285714,0.6880952380952383,6
78034B,8,15.6,1.6,3.12,5,0.8944271909999159,3,0,0.0,1.95,0.0,6
78124,190,246.5,27.142857142857142,35.214285714285715,7,20.594728867913194,58,6,0.031578947368421054,1.338235294117647,0.1323529411764706,16
79000,1630,1311.1,163.0,131.10999999999999,10,78.18354473075946,270,0,0.0,0.8205263157894737,0.0050795072788353815,69
79026B,25,10.61,8.333333333333334,3.5366666666666666,3,8.736894948054104,18,0,0.0,0.4855555555555556,0.08217777777777777,7
79030D,435,207.45,43.5,20.744999999999997,10,42.59694824749773,117,6,0.013793103448275862,0.5579999999999999,0.1897820689655172,26
79030G,932,441.59999999999997,133.14285714285714,63.08571428571428,7,197.69962786293468,462,0,0.0,0.5596153846153846,0.1885723981900452,44
79051A,609,206.13,50.75,17.1775,12,49.49035718749113,173,12,0.019704433497536946,0.33421052631578946,0.013560170697012808,32
79062D,52,19.4,17.333333333333332,6.466666666666666,3,9.237604307034012,28,0,0.0,0.38,0.032400000000000005,4
79063C,149,28.04,18.625,3.505,8,15.720209922262487,40,0,0.0,0.18928571428571428,7.14285714285719e-06,13
79063D,102,19.11,17.0,3.185,6,15.401298646542765,41,0,0.0,0.189,1.0000000000000038e-05,9
79066K,697,591.25,53.61538461538461,45.48076923076923,13,48.215727830827255,193,1,0.0014347202295552368,0.9029090909090909,0.042637331109257694,69
79067,120,428.4,120.0,428.4,1,,120,0,0.0,3.7055555555555557,0.03555555555555558,16
79071B,20,59.0,3.3333333333333335,9.833333333333334,6,1.96638416050035,6,0,0.0,2.95,0.0,10
79144B,107,42.54,13.375,5.3175,8,9.5608950567253,30,0,0.0,0.41333333333333333,0.0003095238095238096,14
79144C,63,24.059999999999995,15.75,6.014999999999999,4,13.81725973797506,30,0,0.0,0.4033333333333333,0.0006666666666666662,5
79149B,18,7.56,3.0,1.26,6,4.427188724235731,12,0,0.0,0.42,0.0,8
79151B,11,4.62,5.5,2.31,2,6.363961030678928,10,0,0.0,0.42,0.0,2
79157B,4,3.4,2.0,1.7,2,1.4142135623730951,3,0,0.0,0.85,0.0,2
79157V,5,4.25,2.5,2.125,2,0.7071067811865476,3,0,0.0,0.85,0.0,3
79160,242,452.85,20.166666666666668,37.737500000000004,12,21.212489174297694,69,2,0.008264462809917356,2.0598039215686272,0.015161960784313725,30
79161A,2,5.9,2.0,5.9,1,,2,0,0.0,2.95,0.0,2
79163,665,289.59,73.88888888888889,32.17666666666666,9,56.32593639799618,141,0,0.0,0.5045454545454545,0.13530681818181817,25
79164,316,171.12,39.5,21.39,8,57.14642845982841,174,0,0.0,0.642,0.26738526315789474,12
79190A,307,128.94,25.583333333333332,10.745,12,17.328160650084925,54,0,0.0,0.42,0.0,24
79190B,379,156.48,29.153846153846153,12.036923076923076,13,19.650471384702854,67,6,0.0158311345646438,0.41714285714285715,0.0002857142857142854,24
79190D,227,95.34,18.916666666666668,7.945,12,9.949493667640793,36,6,0.02643171806167401,0.42,0.0,16
79191B,154,130.9,11.846153846153847,10.069230769230769,13,6.950373537277858,25,0,0.0,0.8499999999999999,0.0,23
79191C,637,517.6899999999999,49.0,39.82230769230769,13,23.43786110832926,87,12,0.018838304552590265,0.8364615384615384,0.0028388461538461523,57
79191D,25,21.249999999999996,4.166666666666667,3.541666666666666,6,4.490731195102493,12,0,0.0,0.85,0.0,7
79192A,3,3.75,1.5,1.875,2,0.7071067811865476,2,0,0.0,1.25,0.0,2
79302M,337,904.5500000000001,28.083333333333332,75.37916666666668,12,21.394384706499437,61,1,0.002967359050445104,2.85,0.03063829787234046,26
79321,5518,27273.33,424.46153846153845,2097.9484615384617,13,274.38404210905304,1004,56,0.010148604566872055,5.318791423001949,0.27570791148879115,204
79323B,8,54.0,8.0,54.0,1,,8,0,0.0,6.75,,1
79323P,4,27.0,4.0,27.0,1,,4,0,0.0,6.75,,1
79329,12,12.18,6.0,6.09,2,0.0,6,0,0.0,1.015,0.8064499999999999,2
79331,26,17.5,13.0,8.75,2,9.899494936611665,20,0,0.0,0.8033333333333333,0.5376333333333333,3
79336,36,13.679999999999998,12.0,4.56,3,10.392304845413264,24,0,0.0,0.38000000000000006,0.0,2
79337,140,68.44,17.5,8.555,8,15.547163269043189,39,0,0.0,0.634,0.28673777777777776,9
79403,89,75.64999999999999,9.88888888888889,8.405555555555555,9,6.954215348341688,22,0,0.0,0.85,0.0,9
79406,95,20.900000000000002,15.833333333333334,3.483333333333334,6,10.18659249536697,27,0,0.0,0.22,0.0,6
81950B,93,26.97,46.5,13.485,2,60.10407640085654,89,0,0.0,0.29,0.0,8
81950V,20,8.6,5.0,2.15,4,6.733003292241386,15,0,0.0,0.57,0.09407999999999998,6
81952B,127,24.13,127.0,24.13,1,,127,0,0.0,0.19,0.0,9
81952V,269,51.11,53.8,10.222,5,69.34839579975878,175,0,0.0,0.19,0.0,22
81953B,11,2.09,11.0,2.09,1,,11,0,0.0,0.19,0.0,2
81953P,28,5.32,28.0,5.32,1,,28,0,0.0,0.19000000000000003,0.0,2
82001S,1202,4193.74,92.46153846153847,322.5953846153846,13,52.35394825068972,206,53,0.04409317803660566,3.827547169811321,0.8285863072776273,49
82011A,16,60.0,2.2857142857142856,8.571428571428571,7,0.951189731211342,4,0,0.0,3.75,0.0,8
82011B,41,139.35,4.555555555555555,15.483333333333333,9,4.612784167699349,12,2,0.04878048780487805,3.6657894736842107,0.06362573099415206,11
82011C,51,172.05,6.375,21.50625,8,5.2898150116183515,17,2,0.0392156862745098,3.6700000000000004,0.060631578947368425,17
82482,6208,15718.9,477.53846153846155,1209.1461538461538,13,156.6182276453454,687,79,0.012725515463917526,2.6547505668934237,0.1347139558736851,410
82483,2167,13541.41,180.58333333333334,1128.4508333333333,12,71.1355407058606,335,32,0.014766958929395477,6.596003976143141,0.34057981671722615,240
82484,1929,11620.02,148.3846153846154,893.8476923076923,13,76.43247396835378,351,30,0.015552099533437015,6.26608695652174,0.38802394868139833,93
82486,206,1431.7000000000003,103.0,715.8500000000001,2,26.870057685088806,122,12,0.05825242718446602,6.95,0.0,10
82494L,5638,15977.270000000002,433.6923076923077,1229.0207692307695,13,227.97747864477924,844,65,0.011528910961333806,2.9328921568627453,0.11524119571755098,392
82551,1696,2504.5699999999997,130.46153846153845,192.65923076923076,13,47.47563477654509,212,36,0.02122641509433962,1.4927450980392156,0.04124046626524627,156
82552,1967,2901.97,151.30769230769232,223.22846153846152,13,78.36387838728655,269,52,0.026436197254702594,1.4685472972972973,0.015935848602840134,184
82567,495,1007.21,38.07692307692308,77.47769230769231,13,14.091732437032825,68,9,0.01818181818181818,2.0566442953020134,0.018290014511155517,86
82578,1521,849.89,117.0,65.37615384615384,13,43.62338822237448,206,22,0.014464168310322156,0.5614864864864865,0.007242576739635562,142
82580,3295,1838.1200000000001,253.46153846153845,141.39384615384617,13,56.25331899040179,311,47,0.014264036418816389,0.5642487046632124,0.010010992530785284,210
82581,2488,1376.19,191.3846153846154,105.86076923076924,13,60.5688842854955,311,37,0.01487138263665595,0.5550495049504951,0.0041038882696216635,172
82582,3061,6275.97,235.46153846153845,482.7669230769231,13,82.76131884785245,391,111,0.03626265926167919,2.109095744680851,0.059873846808510676,176
82583,3385,6927.72,260.38461538461536,532.9015384615385,13,152.68733764436092,484,72,0.021270310192023634,2.081275510204082,0.0091569366877186,206
82599,421,879.1800000000001,70.16666666666667,146.53,6,40.79910129729167,115,24,0.057007125890736345,2.0952873563218395,0.0019321839080459731,67
82600,3759,7721.460000000001,289.15384615384613,593.9584615384616,13,132.98674504992726,551,145,0.03857408885341846,2.0834834123222747,0.008239856018732221,221
82605,14,29.4,7.0,14.7,2,8.48528137423857,13,0,0.0,2.1,0.0,3
82613A,66,82.5,8.25,10.3125,8,9.422617167523802,25,0,0.0,1.25,0.0,13
82613B,374,256.68,28.76923076923077,19.744615384615386,13,44.22132563623168,157,20,0.053475935828877004,1.0286666666666666,0.13778000000000004,39
82613C,334,223.28,27.833333333333332,18.606666666666666,12,39.341935371660085,121,40,0.11976047904191617,1.0032432432432432,0.147916966966967,33
82613D,456,265.39,35.07692307692308,20.414615384615384,13,66.89103270551485,201,40,0.08771929824561403,0.9512,0.16196179591836732,43
82615,27,68.85,27.0,68.85,1,,27,0,0.0,2.55,,1
82616B,286,387.58,26.0,35.234545454545454,11,24.145392935299274,72,0,0.0,1.6657142857142857,0.45855416666666676,35
82616C,277,385.52,27.7,38.552,10,20.445320029559607,66,1,0.0036101083032490976,1.5763461538461538,0.3756981523378582,40
84006,750,637.5,62.5,53.125,12,69.90578074678933,273,0,0.0,0.8500000000000001,0.0,46
84012,970,984.3,74.61538461538461,75.71538461538461,13,88.09042556897474,324,0,0.0,1.0826315789473684,0.3449876819708846,78
84016,25,10.5,25.0,10.5,1,,25,0,0.0,0.42,,1
84029E,2271,8643.630000000001,227.1,864.363,10,269.90016672836646,717,28,0.012329370321444297,3.9746687697160885,0.09982876652158276,227
84029G,2117,8054.61,162.84615384615384,619.5853846153846,13,202.7682774966892,669,34,0.01606046291922532,4.000835913312693,0.3172927773397683,211
84030E,1305,5302.75,100.38461538461539,407.90384615384613,13,118.58719609183396,357,48,0.0367816091954023,4.213636363636364,0.01692103516921038,197
84031A,173,498.53,24.714285714285715,71.21857142857142,7,29.346858353801604,88,0,0.0,3.967551020408163,1.5188272108843537,34
84031B,93,338.09,11.625,42.26125,8,9.395097505766351,26,0,0.0,4.000270270270271,1.54536936936937,29
84032A,429,1092.7900000000002,42.9,109.27900000000002,10,36.06922356925484,96,4,0.009324009324009324,2.7401886792452834,0.5035066307277625,78
84032B,507,1203.5500000000002,39.0,92.58076923076925,13,50.11819363597748,148,4,0.007889546351084813,2.6450000000000005,0.6307198473282442,106
84033,23,37.95,3.8333333333333335,6.325,6,4.167333280008532,12,0,0.0,1.65,0.0,7
84050,1816,2702.88,151.33333333333334,225.24,12,126.61418370447883,402,1,0.0005506607929515419,1.6407389162561576,0.14487222357703747,139
84051,186,152.43,18.6,15.243,10,11.673331429659088,45,0,0.0,0.8416,0.001764,24
84077,12447,3576.8799999999997,957.4615384615385,275.14461538461535,13,418.42096334206605,1872,108,0.008676789587852495,0.2926059322033898,0.0031263157184497417,307
84086B,16,47.2,2.6666666666666665,7.866666666666667,6,2.1602468994692865,7,0,0.0,2.95,0.0,3
84086C,133,392.35,19.0,56.050000000000004,7,20.37972849017703,61,24,0.18045112781954886,2.95,0.0,13
84192,111,138.75,11.1,13.875,10,9.503800409426864,28,0,0.0,1.25,0.0,19
84199,128,26.88,12.8,2.6879999999999997,10,13.406466101599381,47,0,0.0,0.21,0.0,28
84201B,13,2.4699999999999998,6.5,1.2349999999999999,2,7.7781745930520225,12,0,0.0,0.19,0.0,2
84201C,5,0.95,5.0,0.95,1,,5,0,0.0,0.19,,1
84206A,24,4.56,12.0,2.28,2,8.48528137423857,18,0,0.0,0.19000000000000003,0.0,3
84206B,5,0.95,5.0,0.95,1,,5,0,0.0,0.19,,1
84206C,8,1.52,4.0,0.76,2,1.4142135623730951,5,0,0.0,0.19,0.0,2
84212,2167,1321.61,166.69230769230768,101.66230769230768,13,111.65302251124882,390,27,0.012459621596677434,0.61873786407767,0.006273881591471544,72
84218,89,166.52999999999997,29.666666666666668,55.50999999999999,3,14.977761292440647,42,0,0.0,1.9434999999999998,0.001690000000000001,37
84226,42,30.03,8.4,6.006,5,10.478549517943788,27,0,0.0,0.8266666666666667,0.0049,9
84227,1,0.42,1.0,0.42,1,,1,0,0.0,0.42,,1
84228,170,70.05,28.333333333333332,11.674999999999999,6,29.776948578836393,86,0,0.0,0.41736842105263156,0.00013157894736842119,16
84231,105,68.25,21.0,13.65,5,14.983324063771697,46,0,0.0,0.65,0.0,13
84247E,80,236.0,16.0,47.2,5,10.606601717798213,30,0,0.0,2.95,0.0,23
84247G,315,132.3,39.375,16.5375,8,15.990510578822322,63,0,0.0,0.42,0.0,17
84247K,22,64.9,3.142857142857143,9.271428571428572,7,3.9761191895520196,12,0,0.0,2.95,0.0,7
84247L,108,45.36,36.0,15.12,3,41.569219381653056,84,0,0.0,0.42,0.0,8
84247N,22,64.9,2.4444444444444446,7.211111111111112,9,1.0137937550497034,4,0,0.0,2.95,0.0,16
84249A,151,65.06,21.571428571428573,9.294285714285715,7,12.817398889233116,36,0,0.0,0.483076923076923,0.02370641025641025,12
84251B,157,29.83,17.444444444444443,3.3144444444444443,9,13.408123574079177,48,0,0.0,0.19,0.0,12
84251C,24,4.56,12.0,2.28,2,0.0,12,0,0.0,0.19,0.0,2
84251G,180,34.199999999999996,22.5,4.2749999999999995,8,11.892374507581378,36,0,0.0,0.19,0.0,15
84279B,179,666.9300000000001,35.8,133.38600000000002,5,21.64948036327893,66,0,0.0,3.7436842105263155,0.0022736842105263097,48
84279P,336,1242.72,25.846153846153847,95.59384615384616,13,15.399383937061433,54,4,0.011904761904761904,3.7348421052631577,0.005282687569988794,79
84313B,76,175.8,15.2,35.160000000000004,5,15.974980438172686,38,1,0.013157894736842105,3.1884615384615387,1.4242307692307692,6
84313C,233,463.55,33.285714285714285,66.22142857142858,7,41.33890131467891,115,0,0.0,2.2375000000000003,0.6037500000000001,17
84341B,438,183.82999999999998,73.0,30.638333333333332,6,64.33972334413632,191,0,0.0,0.5044117647058823,0.04429812834224598,30
84347,3569,8909.53,324.45454545454544,809.9572727272728,11,401.74528339144535,1205,49,0.013729335948444943,2.6070625,0.2560032562695926,192
84356,298,1374.1000000000001,22.923076923076923,105.70000000000002,13,18.737046807779585,56,12,0.040268456375838924,5.645652173913043,4.483091787439614,32
84360,65,346.45,6.5,34.644999999999996,10,9.419247433963195,33,0,0.0,5.797058823529412,0.18639705882352936,9
84375,3539,7483.02,272.2307692307692,575.6169230769231,13,138.53528662772396,504,75,0.021192427239333143,2.1499522673031026,0.10674497379269399,290
84378,4250,5584.83,326.9230769230769,429.6023076923077,13,208.40683831489372,864,88,0.020705882352941178,1.3282954545454546,0.031120808176643127,376
84380,4165,5427.48,320.38461538461536,417.4984615384615,13,92.1244977024194,447,92,0.022088835534213685,1.3282306163021869,0.03234088694922105,325
84387A,11,21.45,11.0,21.45,1,,11,0,0.0,1.95,,1
84388,24,13.139999999999999,8.0,4.38,3,11.269427669584644,21,0,0.0,1.0199999999999998,0.4762799999999999,6
84402B,61,48.19,61.0,48.19,1,,61,0,0.0,0.79,0.0,3
84406B,1518,5637.9800000000005,116.76923076923077,433.69076923076926,13,73.5868578010071,273,29,0.019104084321475624,3.8149382716049387,0.23399782675237238,133
84415A,12,15.0,12.0,15.0,1,,12,0,0.0,1.25,0.0,2
84415B,6,12.5,3.0,6.25,2,1.4142135623730951,4,0,0.0,2.5,3.125,2
84422,98,43.739999999999995,32.666666666666664,14.579999999999998,3,39.87898360456712,78,0,0.0,0.4475,0.026449999999999998,8
84429A,46,135.70000000000002,5.111111111111111,15.07777777777778,9,4.226240777701989,12,6,0.13043478260869565,2.95,0.0,13
84452,74,62.9,18.5,15.725,4,5.066228051190222,23,0,0.0,0.85,0.0,14
84457,119,101.14999999999999,19.833333333333332,16.85833333333333,6,18.25833143161408,52,0,0.0,0.85,0.0,21
84459A,367,527.39,36.7,52.739,10,49.47064224815001,154,0,0.0,1.477142857142857,0.00297350649350649,50
84459B,442,645.62,88.4,129.124,5,80.62443798253729,176,0,0.0,1.4821311475409835,0.0018570491803278667,54
84461,41,104.55000000000001,10.25,26.137500000000003,4,10.750968948580091,21,0,0.0,2.55,0.0,13
84462,12,15.0,3.0,3.75,4,1.632993161855452,5,0,0.0,1.25,0.0,6
84465,10,29.500000000000004,2.5,7.375000000000001,4,2.3804761428476167,6,0,0.0,2.95,0.0,7
84466,46,57.5,7.666666666666667,9.583333333333334,6,11.16542281629615,30,7,0.15217391304347827,1.25,0.0,8
84497,13,48.75,2.6,9.75,5,2.073644135332772,6,0,0.0,3.75,0.0,7
84499,7,5.949999999999999,3.5,2.9749999999999996,2,3.5355339059327378,6,6,0.8571428571428571,0.85,0.0,2
84507B,31,79.05,3.4444444444444446,8.783333333333333,9,2.788866755113585,9,0,0.0,2.55,0.0,10
84507C,63,160.64999999999998,7.0,17.849999999999998,9,5.5677643628300215,16,0,0.0,2.55,0.0,11
84508A,347,751.2,34.7,75.12,10,19.499572644889767,59,28,0.08069164265129683,2.4085714285714284,0.04492436974789911,17
84508B,56,142.79999999999998,5.090909090909091,12.98181818181818,11,2.3432688900143517,8,0,0.0,2.55,0.0,21
84508C,51,130.05,5.1,13.005,10,4.794672969962487,18,0,0.0,2.55,0.0,14
84509A,567,2061.89,43.61538461538461,158.60692307692307,13,24.449057451288592,85,19,0.03350970017636684,3.80705035971223,0.3144919612136377,103
84509B,156,585.0,12.0,45.0,13,6.493586579592718,26,3,0.019230769230769232,3.75,0.0,37
84509C,77,269.55,8.555555555555555,29.950000000000003,9,8.187049393876757,28,0,0.0,3.715217391304348,0.027826086956521723,20
84509E,70,101.06,10.0,14.437142857142858,7,10.567244989431572,24,0,0.0,2.385,2.1596285714285712,7
84509G,356,687.5,29.666666666666668,57.291666666666664,12,40.20477885058246,140,14,0.03932584269662921,2.717391304347826,1.5489130434782614,42
84510A,912,1134.58,70.15384615384616,87.27538461538461,13,26.393958127590977,116,14,0.015350877192982455,1.2722602739726028,0.030290717997165772,100
84510C,96,122.42,8.0,10.201666666666666,12,7.135060680126758,22,0,0.0,1.325625,0.08855443548387101,25
84510E,25,26.05,3.5714285714285716,3.7214285714285715,7,3.2071349029490928,10,0,0.0,1.018888888888889,0.21031111111111114,9
84519A,393,579.59,32.75,48.29916666666667,12,27.945157329702376,103,5,0.01272264631043257,1.4506557377049178,0.5034262295081966,45
84519B,404,519.74,33.666666666666664,43.31166666666667,12,22.860578746087345,80,4,0.009900990099009901,1.336304347826087,0.28248729096989966,63
84520B,379,316.48,94.75,79.12,4,73.16362939785496,183,0,0.0,0.8461818181818181,0.0008018181818181808,51
84522,12,23.4,2.0,3.9,6,2.0,6,0,0.0,1.95,0.0,6
84527,47,84.45,9.4,16.89,5,9.316651759081692,24,0,0.0,1.9000000000000001,0.015000000000000003,6
84531A,140,71.75999999999999,35.0,17.939999999999998,4,40.80032679607685,92,0,0.0,0.6900000000000001,0.39312000000000014,24
84531B,149,81.50999999999999,37.25,20.377499999999998,4,38.87051153080786,81,0,0.0,0.7020000000000001,0.40559999999999996,24
84534B,46,39.1,23.0,19.55,2,31.11269837220809,45,0,0.0,0.85,0.0,5
84535A,105,62.04,35.0,20.68,3,40.84115571332428,81,0,0.0,0.6385,0.0026450000000000015,19
84535B,1013,648.46,77.92307692307692,49.88153846153846,13,48.101388646728175,174,27,0.02665350444225074,0.6680733944954129,0.01887495752633366,80
84536A,2330,979.42,179.23076923076923,75.34,13,95.97235178785769,403,71,0.030472103004291845,0.42364444444444443,0.0014875515873015884,140
84536B,1042,434.7,80.15384615384616,33.43846153846154,13,47.90067180086683,190,0,0.0,0.4303,0.005188797979797976,74
84539,16,26.4,16.0,26.4,1,,16,0,0.0,1.65,,1
84548,15,24.75,5.0,8.25,3,4.58257569495584,10,0,0.0,1.65,0.0,3
84549,31,46.349999999999994,10.333333333333334,15.449999999999998,3,12.096831541082702,24,0,0.0,1.5833333333333333,0.01333333333333332,3
84550,1,1.65,1.0,1.65,1,,1,0,0.0,1.65,,1
84551,1,1.65,1.0,1.65,1,,1,0,0.0,1.65,,1
84558A,272,802.4000000000001,22.666666666666668,66.86666666666667,12,21.007935008784973,67,0,0.0,2.95,0.0,49
84559A,263,224.32999999999998,21.916666666666668,18.694166666666664,12,13.701083788142345,40,0,0.0,0.8685714285714285,0.014485714285714284,34
84559B,216,183.6,18.0,15.299999999999999,12,15.857318356347186,45,21,0.09722222222222222,0.85,0.0,36
84563A,59,198.05,11.8,39.61,5,12.988456413292534,34,0,0.0,4.021428571428571,2.225274725274726,11
84563B,69,209.55,11.5,34.925000000000004,6,11.979148550710939,33,0,0.0,3.2357142857142858,0.8142857142857143,18
84568,621,126.09,69.0,14.01,9,36.0,108,54,0.08695652173913043,0.20304347826086958,0.0002403162055335965,18
84569A,191,239.96,15.916666666666666,19.996666666666666,12,12.420352310427893,40,0,0.0,1.2965384615384616,0.05631153846153845,26
84569B,75,93.75,18.75,23.4375,4,10.436314802968846,30,0,0.0,1.25,0.0,11
84569C,1,1.25,1.0,1.25,1,,1,0,0.0,1.25,,1
84569D,268,337.42,22.333333333333332,28.118333333333336,12,18.612475451273063,58,0,0.0,1.2855882352941177,0.04306176470588236,32
84575A,14,39.3,4.666666666666667,13.1,3,5.507570547286102,11,0,0.0,3.95,5.333333333333333,4
84576,57,111.15,14.25,27.7875,4,10.90489186863706,30,0,0.0,1.9500000000000002,0.0,8
84580,334,1256.3,25.692307692307693,96.63846153846154,13,15.33180036930114,57,4,0.011976047904191617,3.765573770491803,0.005722395339384915,91
84581,164,615.76,13.666666666666666,51.31333333333333,12,10.093502260305284,32,2,0.012195121951219513,3.7608571428571427,0.004065921325051752,60
84584,83,211.65,10.375,26.45625,8,10.32247893815102,27,0,0.0,2.55,0.0,18
84592,70,206.50000000000003,7.777777777777778,22.944444444444446,9,3.929942040850532,12,6,0.08571428571428572,2.95,0.0,15
84593,5,14.750000000000002,5.0,14.750000000000002,1,,5,0,0.0,2.95,0.0,1
84595E,64,109.8,16.0,27.45,4,22.19609575278199,48,0,0.0,2.1166666666666667,0.8575000000000003,8
84596B,3564,1645.15,274.15384615384613,126.55000000000001,13,173.4007142208696,521,27,0.007575757575757576,0.48358695652173916,0.04243560004738772,189
84596E,276,175.53,55.2,35.106,5,66.65733267990852,174,10,0.036231884057971016,0.7702857142857144,0.16940285714285716,33
84596F,2845,1338.42,218.84615384615384,102.95538461538462,13,139.652453226958,423,8,0.00281195079086116,0.49737373737373736,0.049874836199836244,166
84596G,1370,623.58,105.38461538461539,47.96769230769231,13,71.36471871256187,233,0,0.0,0.4859375,0.039102260220125785,84
84596J,297,133.04,59.4,26.607999999999997,5,55.48693539924511,135,0,0.0,0.5122222222222222,0.07065641025641026,21
84596L,811,345.59999999999997,90.11111111111111,38.4,9,71.28191293105924,199,0,0.0,0.48303797468354426,0.04896757546251217,49
84597B,41,51.25,8.2,10.25,5,5.215361924162119,12,0,0.0,1.25,0.0,3
84597C,46,57.5,6.571428571428571,8.214285714285714,7,7.546680127869536,18,0,0.0,1.25,0.0,11
84598,135,28.35,33.75,7.0875,4,13.5,54,0,0.0,0.21000000000000002,0.0,5
84600,14,97.30000000000001,7.0,48.650000000000006,2,1.4142135623730951,8,0,0.0,6.95,0.0,1
84609,36,261.0,18.0,130.5,2,2.8284271247461903,20,0,0.0,7.25,0.0,1
84613A,6,27.9,2.0,9.299999999999999,3,1.0,3,0,0.0,4.65,0.0,3
84613C,1,4.65,1.0,4.65,1,,1,0,0.0,4.65,,1
84614A,2,11.9,2.0,11.9,1,,2,0,0.0,5.95,,1
84620,2,11.9,2.0,11.9,1,,2,0,0.0,5.95,,1
84625A,455,470.75,41.36363636363637,42.79545454545455,11,27.540053475883912,78,0,0.0,1.4596774193548387,0.9389032258064519,24
84625C,419,461.15,46.55555555555556,51.23888888888889,9,27.11600593335563,94,0,0.0,1.5250000000000001,0.9975000000000002,20
84629,17,84.15,17.0,84.15,1,,17,0,0.0,4.95,0.0,7
84637,29,172.55,3.2222222222222223,19.172222222222224,9,2.048034287907418,7,0,0.0,5.950000000000001,0.0,11
84638,19,132.05,2.111111111111111,14.672222222222224,9,1.4529663145135578,5,0,0.0,6.95,0.0,11
84658,42,291.90000000000003,4.666666666666667,32.43333333333334,9,1.8708286933869709,8,0,0.0,6.95,0.0,13
84659A,106,255.51,11.777777777777779,28.39,9,7.996527023930104,28,0,0.0,2.4695454545454543,0.08583311688311683,19
84660A,512,489.97,64.0,61.24625,8,65.55041680155163,189,0,0.0,1.3680555555555556,1.9589703968253973,30
84660B,431,464.13,47.888888888888886,51.57,9,51.67311787681396,142,0,0.0,1.3410344827586207,1.0051881773399012,20
84660C,441,412.99,73.5,68.83166666666666,6,61.71142519825644,160,0,0.0,1.0018518518518518,0.3392079772079772,20
84661A,73,116.4,12.166666666666666,19.400000000000002,6,15.025533823018291,42,0,0.0,2.129090909090909,1.6249690909090906,10
84661B,86,202.54,17.2,40.507999999999996,5,14.429137188342205,33,0,0.0,2.5658333333333334,2.710153787878788,10
84661C,41,53.51,13.666666666666666,17.836666666666666,3,13.279056191361391,29,0,0.0,1.494,0.9292799999999999,5
84663A,187,266.37,23.375,33.29625,8,35.8765243578583,106,3,0.016042780748663103,2.1212,4.922602666666666,21
84665,105,624.75,13.125,78.09375,8,10.575409482109226,32,0,0.0,5.95,0.0,14
84666,24,94.80000000000001,8.0,31.600000000000005,3,3.4641016151377544,12,0,0.0,3.95,0.0,4
84673A,63,40.95,5.7272727272727275,3.722727272727273,11,7.336087637029823,25,0,0.0,0.6500000000000001,0.0,21
84673B,135,114.21,11.25,9.5175,12,14.416688561903149,52,0,0.0,0.86,0.16564390243902438,31
84674,186,426.30000000000007,14.307692307692308,32.792307692307695,13,14.516568782972413,48,0,0.0,2.825609756097561,0.20089024390243893,31
84675,9,26.55,9.0,26.55,1,,9,0,0.0,2.95,0.0,2
84678,117,200.85,29.25,50.2125,4,7.88986691902975,36,0,0.0,2.1599999999999997,0.39433333333333326,10
84679,4,15.8,4.0,15.8,1,,4,0,0.0,3.95,,1
84683,124,106.4,31.0,26.6,4,13.85640646055102,51,0,0.0,0.9928571428571429,0.10285714285714286,6
84685,21,78.75,5.25,19.6875,4,3.8622100754188224,9,1,0.047619047619047616,3.75,0.0,6
84686,49,66.39,12.25,16.5975,4,19.311050377094116,41,0,0.0,2.9525,3.2066785714285713,7
84687,70,376.5,8.75,47.0625,8,7.7597864477243,20,2,0.02857142857142857,5.7,0.19736842105263153,16
84688,34,144.5,6.8,28.9,5,3.03315017762062,12,0,0.0,4.25,0.0,7
84689,3,9.95,1.5,4.975,2,0.7071067811865476,2,0,0.0,3.975,7.8012500000000005,2
84691,83,60.02,20.75,15.005,4,12.499999999999998,27,0,0.0,0.7525,0.004224999999999997,2
84692,5221,2207.51,401.61538461538464,169.80846153846156,13,132.04452434787444,575,35,0.006703696609844857,0.430972972972973,0.0055724924924925,209
84705C,12,15.0,12.0,15.0,1,,12,0,0.0,1.25,,1
84706D,4,7.8,4.0,7.8,1,,4,0,0.0,1.95,0.0,2
84706F,16,47.2,4.0,11.8,4,1.632993161855452,6,0,0.0,2.95,0.0,9
84707A,32,62.4,32.0,62.4,1,,32,0,0.0,1.95,0.0,5
84707B,15,29.249999999999996,15.0,29.249999999999996,1,,15,0,0.0,1.95,0.0,3
84708B,53,256.75,6.625,32.09375,8,3.77728171346236,13,4,0.07547169811320754,4.8500000000000005,0.06461538461538463,13
84709B,20,119.0,3.3333333333333335,19.833333333333332,6,1.7511900715418265,6,0,0.0,5.95,0.0,11
84712B,2,12.72,2.0,12.72,1,,2,0,0.0,6.36,,1
84715,16,47.2,5.333333333333333,15.733333333333334,3,2.309401076758503,8,0,0.0,2.9500000000000006,0.0,3
84723,38,74.1,19.0,37.05,2,15.556349186104045,30,0,0.0,1.95,0.0,3
84725,41,39.65,5.857142857142857,5.664285714285714,7,10.270160197201916,29,0,0.0,1.2444444444444445,0.7476143790849673,16
84731,2,2.04,1.0,1.02,2,0.0,1,0,0.0,1.02,0.7937999999999997,2
84732B,22,8.58,11.0,4.29,2,12.727922061357855,20,0,0.0,0.39,0.0,2
84732D,11,4.29,5.5,2.145,2,4.949747468305833,9,0,0.0,0.39,0.0,2
84741C,60,116.99999999999999,15.0,29.249999999999996,4,10.739335795724674,28,6,0.1,1.95,0.0,14
84743C,1,1.25,1.0,1.25,1,,1,0,0.0,1.25,,1
84744,108,135.0,12.0,15.0,9,12.786711852544421,37,0,0.0,1.25,0.0,17
84745A,32,13.440000000000001,10.666666666666666,4.48,3,5.033222956847166,16,0,0.0,0.42000000000000004,0.0,5
84745B,32,13.440000000000001,10.666666666666666,4.48,3,5.033222956847166,16,0,0.0,0.42000000000000004,0.0,5
84746,3,11.25,3.0,11.25,1,,3,0,0.0,3.75,,1
84748,24,90.0,4.8,18.0,5,1.7888543819998317,6,0,0.0,3.75,0.0,7
84750A,24,46.8,24.0,46.8,1,,24,0,0.0,1.95,,1
84750B,61,54.99,15.25,13.7475,4,18.409689477736084,41,0,0.0,1.17,0.6637090909090909,12
84751B,17,37.11,4.25,9.2775,4,3.304037933599835,9,0,0.0,1.9,2.346857142857143,8
84754,340,414.74,56.666666666666664,69.12333333333333,6,59.031065267930465,164,0,0.0,1.2397297297297296,0.00189714714714714,35
84755,9073,5815.82,697.9230769230769,447.3707692307692,13,449.8941470943399,1677,145,0.015981483522539402,0.648377358490566,0.004777324250098086,318
84760S,43,62.349999999999994,8.6,12.469999999999999,5,4.33589667773576,14,0,0.0,1.45,0.0,8
84763,431,528.49,71.83333333333333,88.08166666666666,6,38.64410261173969,145,0,0.0,1.2422448979591836,0.0014427721088435348,39
84766,146,340.7,20.857142857142858,48.67142857142857,7,26.327606369414923,72,12,0.0821917808219178,3.3785714285714286,3.9560439560439566,11
84773,3,8.850000000000001,3.0,8.850000000000001,1,,3,0,0.0,2.95,,1
84789,175,581.0500000000001,25.0,83.00714285714287,7,19.096247449870006,59,0,0.0,3.6383720930232557,0.07867109634551486,33
84792,751,3372.27,57.76923076923077,259.4053846153846,13,28.125178062114397,107,11,0.014647137150466045,4.61921052631579,0.025185087719298282,124
84795B,78,542.1,15.6,108.42,5,8.049844718999243,30,0,0.0,6.95,0.0,6
84798A,14,35.699999999999996,7.0,17.849999999999998,2,0.0,7,0,0.0,2.55,0.0,3
84798B,7,17.85,7.0,17.85,1,,7,0,0.0,2.55,0.0,2
84799,157,129.01999999999998,39.25,32.254999999999995,4,31.10600156454271,81,0,0.0,0.9733333333333333,0.17222500000000004,9
84800L,318,568.38,45.42857142857143,81.19714285714285,7,31.213550171131036,99,0,0.0,1.9245454545454548,0.04802597402597406,20
84800M,127,174.31,21.166666666666668,29.051666666666666,6,16.845375230806425,42,0,0.0,1.5372727272727273,0.04490181818181817,11
84800S,89,100.99000000000001,14.833333333333334,16.831666666666667,6,9.867454923467687,27,0,0.0,1.2077777777777778,0.007019444444444436,9
84801A,46,96.60000000000001,9.2,19.32,5,3.03315017762062,12,0,0.0,2.1,0.0,5
84801B,22,46.2,7.333333333333333,15.4,3,4.163331998932265,12,0,0.0,2.1,0.0,3
84802A,2,3.38,2.0,3.38,1,,2,0,0.0,1.69,,1
84802B,4,6.76,4.0,6.76,1,,4,0,0.0,1.69,,1
84803B,15,25.35,15.0,25.35,1,,15,0,0.0,1.6900000000000002,0.0,3
84804A,70,180.58,10.0,25.79714285714286,7,7.32575365861197,24,0,0.0,2.68,0.5832,8
84804B,90,181.26000000000002,18.0,36.252,5,13.910427743243556,39,0,0.0,2.23,1.2441600000000002,6
84805A,30,52.5,15.0,26.25,2,12.727922061357855,24,0,0.0,2.0833333333333335,2.0833333333333335,3
84805B,38,52.5,19.0,26.25,2,24.041630560342615,36,0,0.0,2.0833333333333335,2.083333333333333,3
84806A,137,96.88999999999999,19.571428571428573,13.841428571428569,7,34.62107808285363,96,0,0.0,1.0645454545454545,0.2860072727272728,11
84806B,275,367.90999999999997,25.0,33.446363636363635,11,21.66564100136435,72,0,0.0,1.3836842105263158,0.06000233918128655,18
84809A,38,79.8,12.666666666666666,26.599999999999998,3,5.033222956847167,18,0,0.0,2.1,0.0,5
84809B,18,37.8,18.0,37.8,1,,18,0,0.0,2.1,,1
84813,69,243.55,23.0,81.18333333333334,3,6.557438524302,29,8,0.11594202898550725,3.5055555555555555,0.2777777777777778,8
84817,699,605.4300000000001,53.76923076923077,46.571538461538466,13,63.41681407712238,190,0,0.0,1.4351785714285714,0.6955781493506495,48
84818,1288,1351.64,117.0909090909091,122.87636363636365,11,108.19468983776842,304,0,0.0,1.3489898989898987,0.6646724386724385,79
84819,663,826.29,55.25,68.8575,12,84.32310693775678,213,3,0.004524886877828055,2.2196774193548388,2.770094976203068,56
84820,206,416.8,18.727272727272727,37.89090909090909,11,24.53605880776662,66,2,0.009708737864077669,3.877741935483871,5.796018064516128,31
84821,683,354.22999999999996,52.53846153846154,27.248461538461534,13,46.050000696010464,162,0,0.0,0.614390243902439,0.09865024390243901,35
84826,533,192.76999999999998,48.45454545454545,17.524545454545454,11,66.51821350030927,189,0,0.0,0.54875,0.10619193548387094,28
84827,218,70.74,36.333333333333336,11.79,6,29.736621641784843,84,0,0.0,0.465,0.06173333333333335,12
84828,821,1034.14,63.15384615384615,79.54923076923077,13,67.91029150510026,245,51,0.06211936662606577,1.3108849557522124,0.07533849557522122,82
84832,2234,1899.29,171.84615384615384,146.09923076923076,13,118.61481509058791,472,25,0.011190689346463742,0.8724607329842932,0.01897233397630199,137
84836,4784,5964.25,368.0,458.78846153846155,13,164.9459507434683,706,55,0.011496655518394648,1.255514403292181,0.00939798226634422,311
84842,14,52.5,3.5,13.125,4,0.5773502691896257,4,3,0.21428571428571427,3.75,0.0,8
84843,152,822.5,11.692307692307692,63.26923076923077,13,10.819616562711573,31,3,0.019736842105263157,5.857142857142857,0.1148257839721254,36
84846A,52,109.20000000000002,10.4,21.840000000000003,5,9.555103348473002,24,0,0.0,2.1,0.0,9
84847,20,75.0,2.5,9.375,8,2.138089935299395,7,1,0.05,3.75,0.0,9
84849A,155,261.95,14.090909090909092,23.813636363636363,11,8.734466731913809,29,5,0.03225806451612903,1.69,0.0,25
84849B,232,392.08000000000004,29.0,49.010000000000005,8,20.14235055087379,53,20,0.08620689655172414,1.69,0.0,41
84849D,389,657.4100000000001,29.923076923076923,50.57000000000001,13,18.750384611439923,63,28,0.07197943444730077,1.69,0.0,64
84854,5,24.75,5.0,24.75,1,,5,0,0.0,4.95,,1
84857B,24,46.8,24.0,46.8,1,,24,0,0.0,1.95,,1
84857C,93,181.35,31.0,60.449999999999996,3,35.53871128783372,72,0,0.0,1.95,0.0,7
84858C,58,91.3,19.333333333333332,30.433333333333334,3,15.044378795195678,29,0,0.0,4.07,6.627000000000002,4
84859A,123,248.20999999999998,13.666666666666666,27.578888888888887,9,14.2828568570857,42,0,0.0,2.2196774193548388,0.7750098924731182,24
84859B,30,60.67999999999999,4.285714285714286,8.668571428571427,7,3.8606685826112948,12,0,0.0,2.168,0.47524000000000005,10
84859C,83,176.39,10.375,22.04875,8,9.884150371753181,24,0,0.0,2.348095238095238,1.1088361904761905,17
84865,17,50.15,8.5,25.075,2,9.192388155425117,15,0,0.0,2.95,0.0,5
84870B,20,75.0,3.3333333333333335,12.5,6,2.250925735484551,6,0,0.0,3.75,0.0,9
84870C,20,75.0,3.3333333333333335,12.5,6,2.250925735484551,6,0,0.0,3.75,0.0,10
84874B,34,56.1,6.8,11.22,5,8.288546314040842,20,0,0.0,1.65,0.0,7
84875B,125,168.75,15.625,21.09375,8,15.202795795510772,42,0,0.0,1.5833333333333333,0.7738095238095237,14
84875D,51,63.75,10.2,12.75,5,5.890670590009257,17,0,0.0,1.25,0.0,8
84876B,180,225.0,30.0,37.5,6,17.67484087622856,58,2,0.011111111111111112,1.25,0.0,17
84876D,124,187.5,15.5,23.4375,8,16.27443218232645,49,0,0.0,2.2916666666666665,1.6571969696969697,12
84877A,12,15.0,12.0,15.0,1,,12,0,0.0,1.25,,1
84877B,126,157.5,25.2,31.5,5,16.66433316997713,48,3,0.023809523809523808,1.25,0.0,8
84877D,87,121.25,21.75,30.3125,4,22.276669409945463,50,0,0.0,1.7045454545454546,1.0227272727272725,11
84879,20297,33952.01,1561.3076923076924,2611.693076923077,13,571.0283683284898,2850,308,0.015174656353155638,1.6807096774193548,0.0021449048919331658,678
84880,188,1056.6000000000001,31.333333333333332,176.10000000000002,6,33.93916125461362,99,0,0.0,5.7441176470588236,0.5455882352941177,12
84881,11,69.85,2.75,17.4625,4,1.5,4,0,0.0,6.35,0.0,5
84882,34,127.5,4.25,15.9375,8,2.434865792722759,9,2,0.058823529411764705,3.75,0.0,12
84884A,273,1012.99,21.0,77.9223076923077,13,15.540270267920054,45,0,0.0,3.8906451612903226,0.07741597038603923,51
84898F,45,94.5,11.25,23.625,4,7.365459931328117,20,0,0.0,2.1,0.0,15
84905,12,59.400000000000006,6.0,29.700000000000003,2,2.8284271247461903,8,0,0.0,4.95,0.0,2
84906,28,98.6,5.6,19.72,5,3.646916505762094,12,0,0.0,4.35,4.2666666666666675,9
84910A,10,59.5,2.5,14.875,4,1.2909944487358056,4,0,0.0,5.95,0.0,6
84912A,103,386.25,10.3,38.625,10,7.424434134816082,22,0,0.0,3.75,0.0,25
84912B,148,555.0,12.333333333333334,46.25,12,4.696871944241834,20,0,0.0,3.75,0.0,32
84913A,37,172.05,4.625,21.50625,8,3.7008686239082538,12,0,0.0,4.65,0.0,10
84913B,70,325.5,6.363636363636363,29.59090909090909,11,2.8025961989814827,10,8,0.11428571428571428,4.65,0.0,19
84915,113,174.45000000000002,22.6,34.89,5,27.718225051398942,69,0,0.0,2.89,3.94776,8
84916,139,316.15,27.8,63.23,5,30.954805765825768,80,0,0.0,3.8055555555555554,5.584967320261438,17
84917,169,394.55,33.8,78.91,5,33.41706151055176,80,0,0.0,3.2642857142857147,5.8259340659340655,13
84919,29,201.55,7.25,50.3875,4,5.737304826019502,15,0,0.0,6.95,0.0,9
84920,71,266.25,6.454545454545454,24.204545454545453,11,3.0777796010642597,11,0,0.0,3.75,0.0,22
84921,11,41.25,2.75,10.3125,4,2.362907813126304,6,0,0.0,3.75,0.0,5
84922,8,34.0,1.6,6.8,5,0.8944271909999159,3,0,0.0,4.25,0.0,5
84924A,72,281.13,6.545454545454546,25.55727272727273,11,4.502524544378106,15,9,0.125,4.059166666666667,1.0971384057971019,21
84924F,10,7.9,10.0,7.9,1,,10,0,0.0,0.79,0.0,3
84925D,15,38.25,2.5,6.375,6,1.9748417658131499,6,0,0.0,2.55,0.0,8
84925F,79,109.93,11.285714285714286,15.704285714285716,7,18.08972347047061,52,0,0.0,1.9214285714285713,0.7658901098901096,14
84926A,552,185.04,50.18181818181818,16.82181818181818,11,60.406652252575924,147,49,0.08876811594202899,0.47580645161290325,0.1486451612903226,24
84926D,525,196.49999999999997,52.5,19.65,10,43.00452172608003,147,24,0.045714285714285714,0.6515624999999999,0.47049102822580646,25
84926E,714,238.09999999999997,71.4,23.809999999999995,10,73.63604189978346,234,90,0.12605042016806722,0.44054054054054054,0.1861885885885886,32
84926F,333,142.92999999999998,37.0,15.881111111111109,9,28.574464124459098,99,48,0.14414414414414414,0.9091304347826087,0.9269264822134389,18
84927A,46,53.85,6.571428571428571,7.692857142857143,7,5.798193478924933,19,6,0.13043478260869565,1.4892857142857143,0.7229917582417583,12
84927D,44,39.39,11.0,9.8475,4,13.4412301024373,31,0,0.0,0.8563636363636363,0.6379854545454546,9
84927E,57,71.82,11.4,14.363999999999999,5,10.089598604503552,28,0,0.0,1.53,0.7088727272727273,10
84927F,277,159.32999999999998,27.7,15.932999999999998,10,31.822598539053622,91,0,0.0,0.7971428571428573,0.5433867595818815,36
84929,1338,361.14,121.63636363636364,32.83090909090909,11,112.7645979261867,351,27,0.020179372197309416,0.2770967741935484,0.024158646218931795,57
84931A,82,209.1,7.454545454545454,19.009090909090908,11,6.638729341728527,23,0,0.0,2.55,0.0,20
84931B,128,326.4,12.8,32.64,10,17.99259106780714,62,12,0.09375,2.55,0.0,21
84944,476,871.2,59.5,108.9,8,86.93675862372602,229,5,0.01050420168067227,2.1555555555555554,1.07377151799687,62
84945,5515,4671.7,424.2307692307692,359.36153846153843,13,208.02329751182273,952,117,0.021214868540344513,0.8538585209003215,0.012720547661031026,208
84946,10354,12600.970000000001,796.4615384615385,969.3053846153847,13,448.10036364349884,2062,222,0.021440988989762412,1.2384604105571848,0.019475012380447947,415
84947,4027,4790.7,309.7692307692308,368.5153846153846,13,164.0122728365949,644,87,0.021604171840079463,1.2456890459363958,0.042852980978873814,177
84949,2661,4271.85,204.69230769230768,328.6038461538462,13,113.44777404558202,437,63,0.02367531003382187,1.6325396825396825,0.0031998988174286786,165
84950,1327,864.1700000000001,102.07692307692308,66.47461538461539,13,58.575395202054956,198,12,0.00904295403165034,0.6763636363636364,0.024487774294670833,66
84951A,362,314.27,30.166666666666668,26.189166666666665,12,19.206217427666175,55,26,0.0718232044198895,1.0033333333333334,0.3213104166666667,26
84951B,301,277.19,27.363636363636363,25.19909090909091,11,22.996837727273405,72,26,0.08637873754152824,1.0784375,0.3911490927419353,24
84952A,38,146.21,9.5,36.5525,4,5.744562646538029,18,0,0.0,4.368333333333333,2.294016666666667,6
84952B,103,194.96,12.875,24.37,8,22.93118587675495,69,0,0.0,3.266153846153846,2.97672564102564,10
84952C,86,157.5,17.2,31.5,5,23.058620947489466,58,0,0.0,3.0,1.4583333333333335,7
84969,291,1234.83,22.384615384615383,94.98692307692308,13,16.393791820576784,54,9,0.030927835051546393,4.236285714285715,0.01316571428571428,48
84970L,4507,4569.32,346.6923076923077,351.4861538461538,13,127.78000927074143,557,96,0.02130019968937209,1.0274777448071217,0.03956653596156566,234
84970S,5810,4926.7699999999995,446.9230769230769,378.98230769230764,13,187.10400919384455,764,111,0.01910499139414802,0.8687864077669902,0.038634533342782267,271
84971S,1522,1267.37,117.07692307692308,97.49,13,43.696799155204225,203,26,0.017082785808147174,0.8574782608695652,0.029489199084668204,69
84975,5,8.45,5.0,8.45,1,,5,0,0.0,1.69,0.0,2
84976,340,292.7,42.5,36.5875,8,49.184782780275214,153,0,0.0,1.000344827586207,0.29310344827586204,27
84978,7936,9422.24,610.4615384615385,724.7876923076923,13,268.04496369844844,1155,160,0.020161290322580645,1.2278856152512998,0.01842399383785868,304
84984A,19,88.35,3.8,17.669999999999998,5,1.7888543819998317,6,0,0.0,4.65,0.0,4
84984B,17,79.05,4.25,19.7625,4,1.707825127659933,6,0,0.0,4.65,0.0,4
84984D,13,60.45,3.25,15.1125,4,1.892969448600091,6,0,0.0,4.65,0.0,3
84985A,41,59.45,10.25,14.8625,4,8.220908303425682,21,0,0.0,1.45,0.0,15
84987,2107,3028.6299999999997,162.07692307692307,232.97153846153844,13,90.07354544894737,325,49,0.023255813953488372,1.4633749999999999,0.027948812761506278,201
84988,2906,4196.48,223.53846153846155,322.8061538461538,13,89.31649286350142,355,32,0.011011699931176875,1.4693181818181817,0.035731455433817005,209
84989A,27,14.850000000000001,3.375,1.8562500000000002,8,2.5035688811888406,7,0,0.0,0.55,0.0,16
84990,2,1.1,1.0,0.55,2,0.0,1,0,0.0,0.55,0.0,2
84991,9861,5286.98,758.5384615384615,406.6907692307692,13,253.36588016299515,1081,139,0.014095933475306764,0.5481696428571429,0.005452531536086861,414
84992,6486,3486.14,498.9230769230769,268.1646153846154,13,184.99390149338328,992,150,0.02312673450508788,0.556116504854369,0.010492671225114283,325
84993A,305,128.1,23.46153846153846,9.853846153846153,13,16.070757006725938,52,1,0.003278688524590164,0.42,0.0,30
84993B,57,23.94,9.5,3.99,6,7.368853370776216,19,1,0.017543859649122806,0.42,0.0,16
84997A,1478,5810.18,113.6923076923077,446.9369230769231,13,39.75002015803391,165,26,0.017591339648173207,4.026190476190476,0.0402915113871636,142
84997B,2224,8659.800000000001,171.07692307692307,666.1384615384616,13,83.17197198021051,374,52,0.023381294964028777,4.0182926829268295,0.043811143432535296,201
84997C,1888,7421.52,145.23076923076923,570.8861538461539,13,65.67109187224092,259,24,0.012711864406779662,4.01935064935065,0.038869935276450024,202
84997D,2658,10477.18,204.46153846153845,805.9369230769231,13,75.05843877119501,308,47,0.017682468021068473,4.045602836879433,0.034823273167288456,247
85006,55,57.25,18.333333333333332,19.083333333333332,3,27.465129406819354,50,0,0.0,1.55,1.1025,9
85008,12,55.95,3.0,13.9875,4,2.449489742783178,6,0,0.0,4.457142857142857,1.7003571428571431,7
85014A,907,5180.650000000001,69.76923076923077,398.5115384615385,13,45.627392806941906,153,37,0.040793825799338476,5.917871485943775,0.031221660836896013,182
85014B,1274,7208.300000000001,98.0,554.4846153846155,13,49.695740930855095,192,12,0.009419152276295133,5.898979591836735,0.04858257296092502,209
85015,1873,1424.37,144.07692307692307,109.56692307692308,13,125.75734672936709,365,0,0.0,1.0183185840707965,0.5662748261694059,103
85016,267,293.25,44.5,48.875,6,35.93187999534675,103,0,0.0,1.7139999999999997,0.9265666666666664,22
85017A,6,5.1,3.0,2.55,2,0.0,3,0,0.0,0.85,0.0,2
85017B,806,414.27,73.27272727272727,37.66090909090909,11,48.748519791047826,142,0,0.0,0.4998666666666667,0.032828360360360374,65
85017C,49,26.169999999999998,9.8,5.234,5,8.136338242723197,22,0,0.0,0.6154545454545454,0.05042727272727272,10
85018D,12,30.599999999999998,6.0,15.299999999999999,2,7.0710678118654755,11,0,0.0,2.55,0.0,6
85019A,388,521.0,32.333333333333336,43.416666666666664,12,17.3537176176033,72,0,0.0,1.7857142857142858,1.3690476190476188,25
85019B,456,588.0,41.45454545454545,53.45454545454545,11,35.23453884007463,126,0,0.0,1.37,0.3600000000000001,21
85019C,139,209.75,19.857142857142858,29.964285714285715,7,12.45563555756418,30,0,0.0,2.45,2.4000000000000004,9
85020,78,163.8,7.8,16.380000000000003,10,4.848825745591515,16,1,0.01282051282051282,2.1,0.0,11
85023B,59,138.3,6.555555555555555,15.366666666666667,9,9.514608650794724,27,1,0.01694915254237288,2.5124999999999997,0.016874999999999977,10
85024B,76,120.0,7.6,12.0,10,11.824644697504539,39,0,0.0,1.633333333333333,0.0033333333333333383,12
85024C,12,19.799999999999997,2.0,3.2999999999999994,6,1.0954451150103324,4,0,0.0,1.65,0.0,8
85025B,186,301.5,20.666666666666668,33.5,9,28.142494558940577,74,1,0.005376344086021506,1.6404761904761902,0.001904761904761907,20
85025C,183,296.55,20.333333333333332,32.95,9,17.449928366615147,51,1,0.00546448087431694,1.643103448275862,0.001379310344827589,27
85026B,75,63.75,10.714285714285714,9.107142857142858,7,9.499373412920203,30,0,0.0,0.85,0.0,9
85027L,66,128.7,33.0,64.35,2,11.313708498984761,41,0,0.0,1.95,0.0,14
85028L,10,19.5,5.0,9.75,2,1.4142135623730951,6,0,0.0,1.95,0.0,4
85028S,24,51.599999999999994,12.0,25.799999999999997,2,1.4142135623730951,13,0,0.0,2.025,0.04500000000000002,8
85030,15,29.249999999999996,7.5,14.624999999999998,2,7.7781745930520225,13,0,0.0,1.95,0.0,6
85031A,16,45.900000000000006,4.0,11.475000000000001,4,3.4641016151377544,9,0,0.0,3.892857142857143,3.2595238095238095,7
85031B,1,4.95,1.0,4.95,1,,1,0,0.0,4.95,,1
85031C,3,14.85,3.0,14.85,1,,3,0,0.0,4.95,,1
85032A,662,569.5,60.18181818181818,51.77272727272727,11,49.036350153367216,156,13,0.019637462235649546,0.7708333333333334,0.1622982456140351,82
85032B,652,538.35,59.27272727272727,48.940909090909095,11,26.597334111113124,98,14,0.02147239263803681,0.7591397849462367,0.14793186068256198,84
85032C,520,455.45,43.333333333333336,37.954166666666666,12,30.77878056930348,115,2,0.0038461538461538464,0.7864705882352943,0.18139215686274515,72
85032D,570,428.5,81.42857142857143,61.214285714285715,7,84.38771068281041,261,1,0.0017543859649122807,0.871186440677966,0.2764830508474577,57
85034A,488,832.0,44.36363636363637,75.63636363636364,11,97.80109685200134,328,1,0.0020491803278688526,2.2083333333333335,1.9841549295774648,57
85034B,869,1266.25,96.55555555555556,140.69444444444446,9,145.24127436020993,449,0,0.0,1.7327586206896552,1.2293504410585405,79
85034C,1061,1497.6100000000001,106.1,149.76100000000002,10,180.9238329610926,567,5,0.00471253534401508,1.6049253731343285,0.937393603411514,109
85035A,259,668.75,25.9,66.875,10,45.35403938888893,153,0,0.0,3.2636986301369864,2.013698630136987,58
85035B,287,478.75,41.0,68.39285714285714,7,52.290853247325515,138,0,0.0,2.5755813953488373,2.2724252491694363,38
85035C,800,1195.0,72.72727272727273,108.63636363636364,11,110.34680866168347,312,16,0.02,1.9789719626168225,1.6711338388291304,85
85036A,189,588.45,17.181818181818183,53.49545454545455,11,21.37670779993113,75,0,0.0,3.415818181818182,1.798424781144781,47
85036B,289,522.08,26.272727272727273,47.46181818181819,11,28.768353825309187,75,18,0.06228373702422145,2.078809523809524,1.88451806039489,40
85036C,426,702.9000000000001,35.5,58.57500000000001,12,59.35026996951695,169,0,0.0,2.17987012987013,1.8842934039644572,65
85038,693,1399.21,53.30769230769231,107.63153846153847,13,43.35393987360437,136,6,0.008658008658008658,2.1428947368421056,0.15290393572426625,70
85039A,311,462.92,28.272727272727273,42.083636363636366,11,25.17971766756295,89,0,0.0,1.59825,0.03924557692307692,26
85039B,299,448.78,24.916666666666668,37.39833333333333,12,19.814862802421516,70,0,0.0,1.6151923076923076,0.030068589743589738,38
85039C,111,83.32000000000001,15.857142857142858,11.902857142857144,7,18.98621053491693,54,0,0.0,1.3358333333333332,0.3050810606060606,9
85040A,766,1284.74,58.92307692307692,98.82615384615384,13,39.37736561880344,121,8,0.010443864229765013,1.7115384615384615,0.10074180083482409,86
85040B,135,222.75,27.0,44.55,5,8.746427842267952,41,8,0.05925925925925926,1.65,0.0,28
85045,41,186.15,6.833333333333333,31.025000000000002,6,10.496030995889193,28,0,0.0,4.880000000000001,0.049000000000000016,9
85047,3,19.049999999999997,3.0,19.049999999999997,1,,3,0,0.0,6.35,0.0,2
85048,599,4163.05,119.8,832.61,5,129.0356539875704,308,0,0.0,6.95,0.0,31
85049A,2303,2946.85,177.15384615384616,226.68076923076922,13,245.09720729873897,698,74,0.03213200173686496,1.2925461254612545,0.05281015990159906,204
85049B,54,67.5,27.0,33.75,2,14.142135623730951,37,1,0.018518518518518517,1.25,0.0,13
85049C,1079,1344.83,83.0,103.44846153846153,13,30.886890422961002,122,45,0.04170528266913809,1.2548571428571427,0.007154285714285708,162
85049D,528,660.0,52.8,66.0,10,42.24478929077788,151,8,0.015151515151515152,1.25,0.0,85
85049E,2519,3239.21,193.76923076923077,249.17000000000002,13,172.95575245620572,582,61,0.02421595871377531,1.2920234604105572,0.05000912885975512,248
85049F,374,467.5,37.4,46.75,10,27.949160194101633,101,4,0.0106951871657754,1.25,0.0,70
85049G,1318,1643.29,101.38461538461539,126.40692307692308,13,51.22098928749564,231,28,0.021244309559939303,1.2739240506329115,0.030750214546234726,161
85049H,438,507.97,33.69230769230769,39.074615384615385,13,21.261799137516622,70,12,0.0273972602739726,1.194078947368421,0.04692847368421052,58
85053,1373,2803.6,105.61538461538461,215.66153846153844,13,65.87303249628341,214,56,0.04078659868900218,2.1339495798319326,0.11026197213062441,157
85054,540,1216.16,45.0,101.34666666666668,12,52.7291535714697,206,18,0.03333333333333333,2.784772727272727,0.8433332810867292,66
85055,37,122.75,18.5,61.375,2,13.435028842544403,28,0,0.0,3.6700000000000004,0.06399999999999999,9
85059,290,771.21,22.307692307692307,59.323846153846155,13,25.821130285693716,105,11,0.03793103448275862,3.358875,1.1269088449367086,62
85061W,1557,1304.37,119.76923076923077,100.33615384615383,13,55.222510274575896,206,32,0.020552344251766216,0.8562608695652174,0.012181510297482843,77
85062,1260,2057.67,96.92307692307692,158.2823076923077,13,45.49626640077466,178,57,0.04523809523809524,1.666842105263158,0.02111116427432217,97
85064,72,350.01,36.0,175.005,2,31.11269837220809,58,2,0.027777777777777776,5.381739130434783,0.10716956521739132,20
85071A,886,478.39,80.54545454545455,43.49,11,76.28284687446272,181,6,0.006772009029345372,0.723804347826087,0.7515622909698998,77
85071B,948,504.59000000000003,86.18181818181819,45.871818181818185,11,68.5168857754323,178,1,0.0010548523206751054,0.6335238095238095,0.5702826556776557,88
85071C,538,287.56,48.90909090909091,26.14181818181818,11,61.12193476233314,209,4,0.007434944237918215,0.7483561643835617,0.8078667047184172,62
85071D,362,205.98,32.90909090909091,18.725454545454543,11,33.333030301652876,82,5,0.013812154696132596,0.6845454545454546,0.5579144055944055,58
85078,1248,281.88,113.45454545454545,25.625454545454545,11,91.22429899578692,285,27,0.021634615384615384,0.2989230769230769,0.10498788461538462,46
85084,17,14.45,17.0,14.45,1,,17,0,0.0,0.85,0.0,6
85086A,45,38.25,9.0,7.65,5,8.336666000266533,23,0,0.0,0.85,0.0,8
85087,40,119.36000000000001,8.0,23.872000000000003,5,2.449489742783178,12,0,0.0,2.9985714285714287,0.016514285714285704,7
85088,158,330.88,17.555555555555557,36.76444444444444,9,17.657230184198703,54,0,0.0,2.2738095238095237,0.3887747619047618,18
85089,13,38.35,3.25,9.5875,4,0.9574271077563381,4,0,0.0,2.95,0.0,5
85092,27,40.05,27.0,40.05,1,,27,0,0.0,2.3,2.2049999999999996,2
85093,325,178.35,54.166666666666664,29.724999999999998,6,87.69587599577683,233,0,0.0,0.5947619047619048,0.1408761904761905,20
85094,366,97.1,40.666666666666664,10.788888888888888,9,42.391036788453285,131,0,0.0,0.29600000000000004,0.10461103448275862,29
85095,66,128.26,8.25,16.0325,8,5.496752287877426,16,1,0.015151515151515152,2.356,0.8829377777777778,9
85096,20,75.0,2.857142857142857,10.714285714285714,7,1.2149857925879117,5,0,0.0,3.75,0.0,10
85099B,19943,39127.39,1534.076923076923,3009.7992307692307,13,526.6473300572312,2299,301,0.015093015093015093,2.015969040247678,0.027791981692696636,635
85099C,6537,12783.12,502.84615384615387,983.3169230769231,13,165.6275169136287,745,168,0.02569986232216613,2.0121189024390245,0.012266801107801123,306
85099F,7046,13651.76,542.0,1050.1353846153847,13,237.97864049811977,924,130,0.01845018450184502,2.006326219512195,0.028406788074846392,315
85103,71,426.45000000000005,17.75,106.61250000000001,4,24.878035828149027,54,0,0.0,6.3500000000000005,0.19199999999999995,6
85104,79,204.13,9.875,25.51625,8,8.999007881824687,27,0,0.0,3.084285714285714,1.6783648351648357,13
85106,51,106.83,10.2,21.366,5,10.917875251164945,28,0,0.0,2.4544444444444444,0.08217777777777777,9
85107,220,475.86,24.444444444444443,52.873333333333335,9,27.509594285953725,84,0,0.0,2.4225925925925926,0.09692763532763535,21
85109,12,10.2,12.0,10.2,1,,12,0,0.0,0.85,,1
85111,741,226.40999999999997,67.36363636363636,20.58272727272727,11,59.60079316128726,192,10,0.01349527665317139,0.30846153846153845,0.017723076923076925,40
85114A,330,522.9,25.384615384615383,40.223076923076924,13,20.06048546080271,65,6,0.01818181818181818,1.630952380952381,0.0035307781649245055,20
85114B,327,528.75,27.25,44.0625,12,19.30673457630782,61,6,0.01834862385321101,1.642156862745098,0.0015372549019607785,36
85114C,382,619.5,31.833333333333332,51.625,12,27.587326910387784,93,21,0.0549738219895288,1.6436507936507936,0.0012493599590373795,37
85116,466,513.2,42.36363636363637,46.654545454545456,11,48.36377306884302,159,0,0.0,1.231578947368421,0.4773541963015648,30
85118,112,116.50999999999999,56.0,58.254999999999995,2,9.899494936611665,63,0,0.0,1.105,0.12614999999999998,5
85123A,20232,56056.780000000006,1556.3076923076924,4312.06,13,488.91229353456714,2318,432,0.021352313167259787,2.8927681660899656,0.061422105969286,856
85124B,82,209.1,6.833333333333333,17.425,12,5.734002779802943,22,0,0.0,2.55,0.0,23
85124C,84,214.20000000000002,8.4,21.42,10,9.335713982098827,33,0,0.0,2.55,0.0,23
85125,119,540.75,13.222222222222221,60.083333333333336,9,13.283239230114184,38,0,0.0,4.794444444444444,0.08967320261437917,14
85127,80,396.0,10.0,49.5,8,5.879747322073336,22,0,0.0,4.95,0.0,17
85129B,101,124.11,12.625,15.51375,8,13.647998283369512,38,0,0.0,1.389375,0.17689958333333333,10
85129C,77,99.88,11.0,14.268571428571429,7,10.954451150103322,26,1,0.012987012987012988,1.5525,0.2994749999999999,8
85129D,165,240.13,13.75,20.010833333333334,12,14.598412117885847,42,0,0.0,1.4991176470588234,0.24662647058823525,16
85130A,77,127.05,19.25,31.7625,4,22.0661883130428,47,0,0.0,1.65,0.0,10
85130B,729,638.97,66.27272727272727,58.08818181818182,11,80.36179553630059,225,0,0.0,0.9564,0.1987500408163265,44
85130C,457,407.47,45.7,40.747,10,61.36602389668805,189,0,0.0,0.9268181818181819,0.10124545454545454,37
85130D,486,474.24,37.38461538461539,36.480000000000004,13,62.12291372960874,216,0,0.0,1.1207692307692307,0.17848567119155345,41
85131A,318,370.53,39.75,46.31625,8,20.74160759715326,74,0,0.0,1.2092,0.028474333333333324,19
85131B,124,105.44,20.666666666666668,17.573333333333334,6,19.12764142979125,45,0,0.0,0.8946153846153846,0.024876923076923078,2
85131C,73,78.71,12.166666666666666,13.118333333333332,6,9.703951085339758,24,0,0.0,1.0036363636363637,0.04268545454545457,5
85131D,115,113.09,16.428571428571427,16.155714285714286,7,15.904476758208078,48,0,0.0,1.005,0.04677272727272728,5
85132A,400,780.0,133.33333333333334,260.0,3,105.65194429509252,205,0,0.0,1.95,0.0,32
85132B,408,795.5999999999999,136.0,265.2,3,24.0,160,0,0.0,1.95,0.0,39
85132C,1220,2379.0,203.33333333333334,396.5,6,108.54983494536813,313,12,0.009836065573770493,1.95,0.0,91
85141,95,375.25,23.75,93.8125,4,24.62214450449026,47,0,0.0,3.95,0.0,23
85144,182,508.6,30.333333333333332,84.76666666666667,6,46.808831075627886,124,4,0.02197802197802198,3.9690476190476187,6.785969802555169,38
85145,35,138.25,35.0,138.25,1,,35,0,0.0,3.95,0.0,10
85146,43,147.85000000000002,8.6,29.570000000000004,5,9.633275663033837,24,0,0.0,3.6166666666666663,4.000000000000001,8
85150,2599,6276.18,236.27272727272728,570.5618181818182,11,123.08378521079932,414,37,0.014236244709503656,2.5139673913043477,0.020721546617699326,196
85152,5007,10164.490000000002,385.15384615384613,781.8838461538463,13,156.15048625916717,651,136,0.027161973237467545,2.1021452702702703,0.09155291963918256,270
85159A,451,779.4499999999999,34.69230769230769,59.957692307692305,13,27.42074827384249,98,13,0.028824833702882482,1.9744444444444442,1.0018888888888882,38
85159B,601,1108.25,50.083333333333336,92.35416666666667,12,18.27297225827028,82,0,0.0,2.090677966101695,1.0403857393337232,45
85160B,105,46.11,13.125,5.76375,8,11.531788363352097,36,8,0.0761904761904762,0.44375,0.04622499999999999,15
85163A,24,94.80000000000001,24.0,94.80000000000001,1,,24,0,0.0,3.95,0.0,1
85163B,24,94.80000000000001,24.0,94.80000000000001,1,,24,0,0.0,3.95,0.0,1
85167B,45,89.25,11.25,22.3125,4,12.685293322058685,30,0,0.0,3.392857142857143,2.142857142857143,7
85169A,457,449.02,35.15384615384615,34.54,13,48.47137669774151,184,0,0.0,1.1691836734693877,0.1106993197278912,44
85169B,201,191.49,20.1,19.149,10,30.80566326000608,99,2,0.009950248756218905,1.1503999999999999,0.07577899999999999,17
85169C,173,180.94,15.727272727272727,16.44909090909091,11,19.759002551196296,58,0,0.0,1.1833333333333333,0.03519333333333333,14
85169D,187,188.78,18.7,18.878,10,17.776701356300922,60,12,0.06417112299465241,1.1659090909090908,0.059920562770562756,20
85170A,1,2.1,1.0,2.1,1,,1,0,0.0,2.1,,1
85170B,134,157.65,13.4,15.765,10,18.349689673428024,58,0,0.0,1.8282608695652176,0.27791501976284594,13
85170C,207,327.98,18.818181818181817,29.816363636363636,11,14.027246214551035,40,0,0.0,1.9544827586206897,0.40426133004926107,26
85170D,310,458.96000000000004,25.833333333333332,38.24666666666667,12,23.432042293846393,85,0,0.0,2.1970588235294115,1.0513771764705884,30
85172,908,381.35999999999996,69.84615384615384,29.335384615384612,13,54.42249252200502,178,59,0.06497797356828194,0.42,0.0,34
85173,371,557.28,28.53846153846154,42.86769230769231,13,24.047229170306313,78,27,0.07277628032345014,2.167,0.7128826530612243,40
85174,466,1810.3,35.84615384615385,139.25384615384615,13,42.102743683054975,138,0,0.0,4.571621621621622,0.7850055534987044,54
85175,2699,1127.18,224.91666666666666,93.93166666666667,12,81.03025061760279,431,43,0.01593182660244535,0.4194615384615385,0.001526064400715564,84
85176,605,524.39,46.53846153846154,40.33769230769231,13,34.16776108315992,127,4,0.006611570247933884,0.9228,0.05217989189189187,50
85177,444,374.07,37.0,31.1725,12,26.764970322487496,100,2,0.0045045045045045045,0.8821428571428571,0.029695296167247365,40
85178,1125,1367.89,86.53846153846153,105.2223076923077,13,54.06264172947185,174,0,0.0,1.2705050505050506,0.05092525252525253,77
85179A,117,170.05,19.5,28.34166666666667,6,30.592482736777022,79,0,0.0,2.1566666666666667,2.4220952380952383,14
85179C,69,89.65,17.25,22.4125,4,13.59840676942217,32,0,0.0,1.7357142857142858,1.651428571428572,7
85180A,399,784.83,39.9,78.483,10,69.73672713220138,216,0,0.0,2.714444444444444,2.7926196825396823,31
85180B,163,339.75,18.11111111111111,37.75,9,27.809370922606483,75,0,0.0,3.354761904761905,2.862476190476191,19
85183A,585,736.75,53.18181818181818,66.97727272727273,11,30.671870441230617,105,2,0.003418803418803419,1.3283132530120483,0.22854833970026456,60
85183B,842,1080.5,64.76923076923077,83.11538461538461,13,42.934356573249985,127,13,0.015439429928741092,1.4042056074766356,0.39344912713807084,84
85184C,1204,2072.88,92.61538461538461,159.4523076923077,13,179.94144346682083,631,56,0.046511627906976744,2.5513138686131387,0.7045953198797766,116
85185B,282,812.7000000000002,23.5,67.72500000000001,12,13.872798760687962,57,2,0.0070921985815602835,2.9370967741935488,0.005076679005817036,51
85185D,15,44.25000000000001,3.75,11.062500000000002,4,1.707825127659933,6,0,0.0,2.95,0.0,7
85186A,456,191.51999999999998,114.0,47.879999999999995,4,163.46457312416862,359,24,0.05263157894736842,0.42,0.0,35
85186C,371,155.82,74.2,31.163999999999998,5,60.69761115562951,160,0,0.0,0.42,0.0,32
85187,282,454.5,35.25,56.8125,8,47.146428436157436,139,0,0.0,1.6433333333333333,0.0013107344632768362,53
85188A,302,256.7,75.5,64.175,4,62.44731112439243,150,0,0.0,0.85,0.0,29
85188B,75,63.75,25.0,21.25,3,22.271057451320086,49,0,0.0,0.85,0.0,8
85189,9,7.6499999999999995,4.5,3.8249999999999997,2,2.1213203435596424,6,0,0.0,0.85,0.0,2
85194L,711,600.84,118.5,100.14,6,100.231232657291,273,25,0.035161744022503515,0.8476785714285714,0.00030178571428571434,52
85194S,875,393.03000000000003,79.54545454545455,35.730000000000004,11,73.3244347218083,286,0,0.0,0.466,0.05172444444444443,50
85195,11,23.1,3.6666666666666665,7.7,3,3.7859388972001824,8,0,0.0,2.1,0.0,3
85197,32,67.2,6.4,13.440000000000001,5,3.9115214431215897,11,1,0.03125,2.1,0.0,18
85198,86,68.06,21.5,17.015,4,17.69180601295413,48,0,0.0,0.815,0.007349999999999998,6
85199L,736,475.52000000000004,56.61538461538461,36.57846153846154,13,43.39266155610966,137,0,0.0,0.6481538461538462,0.00022153846153846144,52
85199S,1810,767.99,139.23076923076923,59.076153846153844,13,155.90122612632751,597,52,0.028729281767955802,0.44249999999999995,0.008772239263803699,101
85200,183,228.75,45.75,57.1875,4,29.74754891863642,72,0,0.0,1.25,0.0,24
85202,296,124.32,32.888888888888886,13.813333333333333,9,27.62899041063772,77,0,0.0,0.42,0.0,34
85203,500,208.56,45.45454545454545,18.96,11,35.864644530132004,106,0,0.0,0.41888888888888887,6.666666666666667e-05,45
85204,563,91.92,46.916666666666664,7.66,12,41.07079991990181,123,0,0.0,0.1883720930232558,0.015871096345514948,40
85205B,116,295.8,23.2,59.160000000000004,5,12.11197754291181,37,0,0.0,2.55,0.0,22
85206A,707,1144.95,176.75,286.2375,4,122.2412232704936,335,0,0.0,1.6423076923076922,0.0014936519790888713,99
85206B,14,23.099999999999998,14.0,23.099999999999998,1,,14,0,0.0,1.65,0.0,4
85208,91,180.03,9.1,18.003,10,8.345990387938123,27,0,0.0,2.0829166666666667,0.007004166666666675,22
85211,133,144.81,16.625,18.10125,8,25.22435048009873,76,4,0.03007518796992481,1.2321052631578948,0.18768421052631573,15
85212,1224,403.28,94.15384615384616,31.02153846153846,13,76.53631616629906,307,27,0.022058823529411766,0.3677142857142857,0.04470194616977226,60
85213,335,160.42999999999998,47.857142857142854,22.918571428571425,7,58.179115873391574,174,0,0.0,0.5233333333333333,0.07953623188405799,23
85214,103,169.95,11.444444444444445,18.883333333333333,9,10.405660852525312,36,0,0.0,1.6500000000000001,0.0,36
85215,115,74.75,19.166666666666668,12.458333333333334,6,8.328665359267754,27,0,0.0,0.65,0.0,8
85216,55,35.75,9.166666666666666,5.958333333333333,6,6.013872850889572,18,0,0.0,0.65,0.0,6
85224,3,6.300000000000001,3.0,6.300000000000001,1,,3,0,0.0,2.1,,1
85225,6,6.25,3.0,3.125,2,2.8284271247461903,5,0,0.0,1.0833333333333333,0.020833333333333343,3
85227,1052,897.1099999999999,80.92307692307692,69.00846153846153,13,40.94602450882043,168,25,0.02376425855513308,0.8744370860927152,0.019972847682119203,115
85230A,453,118.40999999999998,50.333333333333336,13.156666666666665,9,32.338058074040255,123,0,0.0,0.26333333333333336,0.0015058823529411755,14
85230B,880,242.23999999999998,73.33333333333333,20.186666666666664,12,57.21781879693412,195,72,0.08181818181818182,0.27736842105263154,0.0008739687055476523,30
85230E,600,158.88,60.0,15.888,10,28.74021572639983,123,0,0.0,0.26666666666666666,0.0013797101449275354,17
85230F,275,75.42999999999999,39.285714285714285,10.775714285714285,7,35.093751987660546,99,0,0.0,0.27666666666666667,0.0009696969696969698,11
85230G,618,166.73999999999998,51.5,13.894999999999998,12,28.137648670904838,99,24,0.038834951456310676,0.2708,0.0012160000000000003,20
85231B,726,620.22,55.84615384615385,47.70923076923077,13,55.49151009215457,187,12,0.01652892561983471,0.8898198198198198,0.03189269451269448,74
85231G,501,419.61,45.54545454545455,38.14636363636364,11,24.27494031450391,104,0,0.0,0.8577611940298507,0.009669154228855715,49
85232A,74,349.5,12.333333333333334,58.25,6,15.35795125225584,42,0,0.0,4.922000000000001,0.019599999999999985,22
85232B,54,267.3,18.0,89.10000000000001,3,23.430749027719962,45,0,0.0,4.95,0.0,7
85232D,174,827.7,15.818181818181818,75.24545454545455,11,14.204352725965247,47,3,0.017241379310344827,4.923584905660377,0.018134978229317856,45
90000A,11,65.45,2.2,13.09,5,1.6431676725154984,5,0,0.0,5.95,0.0,6
90000B,3,17.85,1.5,8.925,2,0.7071067811865476,2,0,0.0,5.95,0.0,2
90000D,6,35.7,1.5,8.925,4,0.5773502691896257,2,0,0.0,5.95,0.0,4
90001A,2,8.5,2.0,8.5,1,,2,0,0.0,4.25,,1
90001B,4,17.0,2.0,8.5,2,0.0,2,0,0.0,4.25,0.0,2
90001C,2,8.5,1.0,4.25,2,0.0,1,0,0.0,4.25,0.0,2
90001D,5,21.25,1.6666666666666667,7.083333333333333,3,0.5773502691896258,2,0,0.0,4.25,0.0,3
90002D,10,37.5,2.5,9.375,4,2.3804761428476167,6,0,0.0,3.75,0.0,5
90003B,6,22.5,2.0,7.5,3,1.7320508075688772,4,0,0.0,3.75,0.0,3
90003C,12,45.0,3.0,11.25,4,2.449489742783178,6,0,0.0,3.75,0.0,5
90003D,18,67.5,3.6,13.5,5,2.0736441353327724,6,0,0.0,3.75,0.0,7
90003E,8,30.0,4.0,15.0,2,0.0,4,0,0.0,3.75,0.0,2
90011A,1,2.95,1.0,2.95,1,,1,0,0.0,2.95,,1
90011B,7,20.650000000000002,3.5,10.325000000000001,2,3.5355339059327378,6,0,0.0,2.95,0.0,2
90012A,8,23.6,8.0,23.6,1,,8,0,0.0,2.95,0.0,2
90012B,12,35.400000000000006,6.0,17.700000000000003,2,0.0,6,0,0.0,2.95,0.0,2
90013A,16,60.0,5.333333333333333,20.0,3,2.309401076758503,8,0,0.0,3.75,0.0,3
90013C,11,41.25,3.6666666666666665,13.75,3,1.5275252316519468,5,0,0.0,3.75,0.0,4
90014A,8,23.6,4.0,11.8,2,4.242640687119285,7,0,0.0,2.9500000000000006,0.0,3
90014B,2,5.9,2.0,5.9,1,,2,0,0.0,2.95,0.0,2
90014C,1,2.95,1.0,2.95,1,,1,0,0.0,2.95,,1
90016A,9,38.25,9.0,38.25,1,,9,0,0.0,4.25,,1
90018A,17,72.25,3.4,14.45,5,1.51657508881031,5,0,0.0,4.25,0.0,8
90018B,8,34.0,2.0,8.5,4,1.4142135623730951,4,0,0.0,4.25,0.0,5
90018C,6,25.5,3.0,12.75,2,1.4142135623730951,4,0,0.0,4.25,0.0,3
90019A,18,89.10000000000001,3.0,14.850000000000001,6,1.2649110640673518,5,0,0.0,4.95,0.0,8
90019B,2,9.9,1.0,4.95,2,0.0,1,1,0.5,4.95,0.0,2
90019C,4,19.8,1.3333333333333333,6.6000000000000005,3,0.5773502691896257,2,0,0.0,4.95,0.0,3
90022,8,30.0,2.0,7.5,4,1.4142135623730951,4,0,0.0,3.75,0.0,4
90023,8,34.0,2.0,8.5,4,0.816496580927726,3,0,0.0,4.25,0.0,2
90025A,2,7.5,1.0,3.75,2,0.0,1,0,0.0,3.75,0.0,2
90025F,1,3.75,1.0,3.75,1,,1,0,0.0,3.75,,1
90027A,4,11.8,4.0,11.8,1,,4,0,0.0,2.95,,1
90027D,4,11.8,4.0,11.8,1,,4,0,0.0,2.95,,1
90030A,72,72.0,18.0,18.0,4,24.0,54,0,0.0,1.0,0.0,7
90030B,112,131.8,16.0,18.82857142857143,7,11.135528725660043,36,0,0.0,1.3299999999999998,1.6335000000000002,13
90030C,74,74.0,18.5,18.5,4,23.043437243605826,53,0,0.0,1.0,0.0,8
90031,48,48.0,12.0,12.0,4,12.0,30,0,0.0,1.0,0.0,5
90032,19,90.67,3.1666666666666665,15.111666666666666,6,3.0605010483034745,9,0,0.0,5.73,1.6224000000000003,4
90033,2,5.1,2.0,5.1,1,,2,0,0.0,2.55,,1
90037B,6,15.3,6.0,15.3,1,,6,0,0.0,2.55,,1
90038A,6,22.5,6.0,22.5,1,,6,0,0.0,3.75,,1
90038B,6,22.5,6.0,22.5,1,,6,0,0.0,3.75,,1
90038C,6,22.5,6.0,22.5,1,,6,0,0.0,3.75,,1
90039A,6,22.5,6.0,22.5,1,,6,0,0.0,3.75,,1
90039B,6,22.5,6.0,22.5,1,,6,0,0.0,3.75,,1
90039C,1,3.75,1.0,3.75,1,,1,0,0.0,3.75,,1
90039D,14,52.5,7.0,26.25,2,7.0710678118654755,12,2,0.14285714285714285,3.75,0.0,2
90040A,6,21.0,3.0,10.5,2,0.0,3,0,0.0,3.5,0.0,2
90040B,4,14.0,2.0,7.0,2,1.4142135623730951,3,0,0.0,3.5,0.0,2
90040C,7,24.5,2.3333333333333335,8.166666666666666,3,1.1547005383792517,3,0,0.0,3.5,0.0,3
90041,2,7.0,2.0,7.0,1,,2,0,0.0,3.5,,1
90042A,3,7.6499999999999995,1.5,3.8249999999999997,2,0.7071067811865476,2,0,0.0,2.55,0.0,1
90043,3,14.85,3.0,14.85,1,,3,0,0.0,4.95,,1
90046,3,14.85,3.0,14.85,1,,3,0,0.0,4.95,,1
90048,3,14.85,3.0,14.85,1,,3,0,0.0,4.95,,1
90049,3,14.85,3.0,14.85,1,,3,0,0.0,4.95,,1
90050,6,41.7,3.0,20.85,2,0.0,3,0,0.0,6.95,0.0,2
90051,6,41.7,3.0,20.85,2,0.0,3,0,0.0,6.95,0.0,3
90054,1,2.55,1.0,2.55,1,,1,0,0.0,2.55,,1
90055,1,2.55,1.0,2.55,1,,1,0,0.0,2.55,,1
90057,540,726.36,90.0,121.06,6,54.43160846420029,195,0,0.0,1.3472727272727274,0.2081636363636364,21
90058A,189,71.82,47.25,17.955,4,40.5,108,0,0.0,0.38,0.0,7
90058B,405,153.9,67.5,25.650000000000002,6,53.320727676955045,135,0,0.0,0.38,0.0,15
90059A,6,9.9,6.0,9.9,1,,6,0,0.0,1.65,,1
90059B,9,14.850000000000001,3.0,4.95,3,2.6457513110645907,6,0,0.0,1.6499999999999997,0.0,3
90059C,8,13.200000000000001,2.6666666666666665,4.4,3,2.8867513459481287,6,0,0.0,1.6499999999999997,0.0,3
90059D,6,9.9,6.0,9.9,1,,6,0,0.0,1.65,,1
90059E,10,16.5,3.3333333333333335,5.5,3,2.516611478423583,6,0,0.0,1.6499999999999997,0.0,3
90059F,9,14.850000000000001,3.0,4.95,3,2.6457513110645907,6,0,0.0,1.6499999999999997,0.0,3
90060B,1,5.95,1.0,5.95,1,,1,0,0.0,5.95,,1
90060D,3,17.85,3.0,17.85,1,,3,0,0.0,5.95,0.0,3
90064A,7,26.25,3.5,13.125,2,2.1213203435596424,5,0,0.0,3.75,0.0,3
90064B,11,41.25,2.2,8.25,5,1.3038404810405297,4,0,0.0,3.75,0.0,6
90065A,6,40.5,2.0,13.5,3,1.0,3,0,0.0,6.75,0.0,3
90065B,1,6.75,1.0,6.75,1,,1,0,0.0,6.75,,1
90067A,10,29.500000000000004,3.3333333333333335,9.833333333333334,3,2.5166114784235836,6,0,0.0,2.9500000000000006,0.0,3
90070,8,47.6,2.6666666666666665,15.866666666666667,3,0.5773502691896258,3,0,0.0,5.95,0.0,3
90071,1,1.25,1.0,1.25,1,,1,0,0.0,1.25,,1
90072,10,37.5,3.3333333333333335,12.5,3,2.3094010767585034,6,0,0.0,3.75,0.0,2
90073,13,64.35000000000001,4.333333333333333,21.450000000000003,3,4.041451884327381,9,0,0.0,4.95,0.0,4
90076,6,15.3,6.0,15.3,1,,6,0,0.0,2.55,,1
90079,5,24.75,2.5,12.375,2,2.1213203435596424,4,0,0.0,4.95,0.0,2
90081A,15,74.25,2.142857142857143,10.607142857142858,7,1.0690449676496976,4,0,0.0,4.95,0.0,7
90081C,11,54.45,2.2,10.89,5,1.0954451150103324,3,0,0.0,4.95,0.0,6
90082A,21,133.35,3.0,19.05,7,2.7688746209726918,9,0,0.0,6.35,0.0,8
90082B,25,158.75,4.166666666666667,26.458333333333332,6,5.382068994974579,15,0,0.0,6.35,0.0,8
90082D,7,44.449999999999996,3.5,22.224999999999998,2,3.5355339059327378,6,0,0.0,6.35,0.0,4
90083,19,13.69,9.5,6.845,2,3.5355339059327378,12,0,0.0,1.27,0.5184000000000001,2
90084,1,0.85,1.0,0.85,1,,1,0,0.0,0.85,,1
90085,24,20.4,12.0,10.2,2,0.0,12,0,0.0,0.85,0.0,2
90086,64,45.94,10.666666666666666,7.656666666666666,6,14.403703227526824,39,0,0.0,1.2863636363636362,0.2599854545454545,5
90087,69,29.669999999999998,17.25,7.4174999999999995,4,23.0416289933387,51,0,0.0,1.1724999999999999,0.4401642857142856,4
90089,13,2.4699999999999998,13.0,2.4699999999999998,1,,13,0,0.0,0.19,0.0,2
90093,47,20.39,9.4,4.078,5,13.501851724856113,32,0,0.0,0.89,0.41567999999999994,5
90094,13,33.15,2.1666666666666665,5.5249999999999995,6,1.6020819787597222,5,0,0.0,2.55,0.0,12
90096,8,20.4,2.6666666666666665,6.8,3,2.0816659994661326,5,0,0.0,2.55,0.0,3
90098,28,71.39999999999999,5.6,14.279999999999998,5,4.560701700396552,13,0,0.0,2.55,0.0,9
90099,20,50.99999999999999,4.0,10.2,5,4.636809247747852,12,0,0.0,2.55,0.0,12
90100,1,2.55,1.0,2.55,1,,1,0,0.0,2.55,,1
90101,15,38.25,3.75,9.5625,4,2.6299556396765835,6,0,0.0,2.55,0.0,3
90102,10,8.5,10.0,8.5,1,,10,0,0.0,0.85,,1
90103,8,20.4,4.0,10.2,2,2.8284271247461903,6,0,0.0,2.55,0.0,2
90104,1,0.85,1.0,0.85,1,,1,0,0.0,0.85,,1
90108,64,67.2,12.8,13.440000000000001,5,8.228000972289685,24,0,0.0,1.05,0.0,6
90114,51,130.04999999999998,10.2,26.009999999999998,5,14.096098751072935,35,0,0.0,2.55,0.0,11
90116,16,27.04,5.333333333333333,9.013333333333334,3,5.773502691896257,12,0,0.0,1.6900000000000002,0.0,3
90118,6,15.3,6.0,15.3,1,,6,0,0.0,2.55,,1
90119,59,145.76999999999998,14.75,36.442499999999995,4,6.800735254367722,24,0,0.0,2.472,0.001002857142857142,3
90120B,20,85.0,4.0,17.0,5,3.6742346141747673,10,0,0.0,4.25,0.0,5
90120C,31,131.75,4.428571428571429,18.821428571428573,7,2.699206232527312,10,0,0.0,4.25,0.0,6
90120D,2,8.5,1.0,4.25,2,0.0,1,0,0.0,4.25,0.0,2
90122A,8,39.6,2.6666666666666665,13.200000000000001,3,2.8867513459481287,6,0,0.0,4.95,0.0,3
90122B,1,4.95,1.0,4.95,1,,1,0,0.0,4.95,,1
90122C,17,84.15,3.4,16.830000000000002,5,2.3021728866442674,6,0,0.0,4.95,0.0,3
90123A,14,83.30000000000001,2.3333333333333335,13.883333333333335,6,1.2110601416389968,4,3,0.21428571428571427,5.95,0.0,8
90123B,8,47.6,2.0,11.9,4,0.816496580927726,3,3,0.375,5.95,0.0,4
90123C,13,77.35,2.6,15.469999999999999,5,1.140175425099138,4,3,0.23076923076923078,5.95,0.0,5
90123D,3,17.85,1.5,8.925,2,0.7071067811865476,2,0,0.0,5.95,0.0,2
90125A,88,76.05,29.333333333333332,25.349999999999998,3,18.036999011291577,48,0,0.0,1.0583333333333333,0.2604166666666667,4
90125B,19,24.9,6.333333333333333,8.299999999999999,3,5.507570547286102,12,0,0.0,1.6833333333333336,0.5208333333333335,3
90125C,52,45.45,26.0,22.725,2,2.8284271247461903,28,0,0.0,1.2666666666666666,0.5208333333333335,2
90125D,53,47.55,17.666666666666668,15.85,3,8.962886439832502,28,0,0.0,1.35,0.46875,3
90125E,1,2.1,1.0,2.1,1,,1,0,0.0,2.1,,1
90128B,1,1.25,1.0,1.25,1,,1,0,0.0,1.25,,1
90129A,7,20.650000000000002,3.5,10.325000000000001,2,0.7071067811865476,4,0,0.0,2.9500000000000006,0.0,3
90129B,21,61.95,4.2,12.39,5,2.7748873851023217,8,0,0.0,2.9500000000000006,0.0,6
90129C,17,50.150000000000006,3.4,10.030000000000001,5,2.701851217221259,8,0,0.0,2.9500000000000006,0.0,6
90129D,8,23.6,8.0,23.6,1,,8,0,0.0,2.95,0.0,2
90129E,6,17.700000000000003,6.0,17.700000000000003,1,,6,0,0.0,2.95,,1
90129F,16,47.2,3.2,9.440000000000001,5,3.3466401061363023,9,0,0.0,2.95,0.0,5
90130A,1,2.95,1.0,2.95,1,,1,0,0.0,2.95,,1
90130B,9,26.55,3.0,8.85,3,2.6457513110645907,6,0,0.0,2.9500000000000006,0.0,3
90131,4,27.8,4.0,27.8,1,,4,0,0.0,6.95,,1
90133,9,44.550000000000004,4.5,22.275000000000002,2,4.949747468305833,8,0,0.0,4.95,0.0,3
90135,6,29.700000000000003,6.0,29.700000000000003,1,,6,0,0.0,4.95,,1
90138,4,19.8,4.0,19.8,1,,4,0,0.0,4.95,,1
90141A,4,19.8,2.0,9.9,2,1.4142135623730951,3,0,0.0,4.95,0.0,2
90141B,6,29.7,3.0,14.85,2,0.0,3,0,0.0,4.95,0.0,2
90141C,4,19.8,2.0,9.9,2,1.4142135623730951,3,0,0.0,4.95,0.0,2
90141D,3,14.85,3.0,14.85,1,,3,0,0.0,4.95,,1
90141E,3,14.85,3.0,14.85,1,,3,0,0.0,4.95,,1
90142D,9,44.550000000000004,4.5,22.275000000000002,2,2.1213203435596424,6,0,0.0,4.95,0.0,3
90144,7,26.25,3.5,13.125,2,2.1213203435596424,5,0,0.0,3.75,0.0,3
90145,21,124.95,2.3333333333333335,13.883333333333333,9,1.224744871391589,5,0,0.0,5.95,0.0,7
90146,9,33.75,9.0,33.75,1,,9,0,0.0,3.75,,1
90149,27,171.72,27.0,171.72,1,,27,0,0.0,6.36,,1
90152A,3,17.85,1.0,5.95,3,0.0,1,0,0.0,5.95,0.0,3
90152B,1,5.95,1.0,5.95,1,,1,0,0.0,5.95,,1
90152C,1,5.95,1.0,5.95,1,,1,0,0.0,5.95,,1
90154,27,195.75,27.0,195.75,1,,27,0,0.0,7.25,,1
90156,3,14.850000000000001,1.5,7.425000000000001,2,0.7071067811865476,2,0,0.0,4.95,0.0,2
90157,7,34.65,3.5,17.325,2,2.1213203435596424,5,0,0.0,4.95,0.0,2
90158,14,69.3,3.5,17.325,4,4.358898943540673,10,0,0.0,4.95,0.0,6
90159,3,14.850000000000001,1.5,7.425000000000001,2,0.7071067811865476,2,0,0.0,4.95,0.0,2
90160A,31,215.45,3.4444444444444446,23.938888888888886,9,2.7436796055257213,9,2,0.06451612903225806,6.95,0.0,10
90160B,21,145.95,3.0,20.849999999999998,7,2.70801280154532,9,2,0.09523809523809523,6.95,0.0,7
90160C,41,284.95,4.1,28.494999999999997,10,2.9981475762358474,11,3,0.07317073170731707,6.95,0.0,14
90160D,32,222.4,4.571428571428571,31.771428571428572,7,3.7796447300922718,10,0,0.0,6.95,0.0,9
90161A,9,44.55,1.5,7.425,6,0.8366600265340756,3,0,0.0,4.95,0.0,6
90161B,45,222.75,5.625,27.84375,8,3.9618718519695424,12,0,0.0,4.95,0.0,10
90161C,45,222.75,5.0,24.75,9,4.330127018922194,13,1,0.022222222222222223,4.95,0.0,13
90161D,31,153.45,4.428571428571429,21.92142857142857,7,2.8784916685156974,8,0,0.0,4.95,0.0,6
90162A,6,17.700000000000003,6.0,17.700000000000003,1,,6,0,0.0,2.95,,1
90162B,27,79.65,3.857142857142857,11.37857142857143,7,3.804758924845367,12,0,0.0,2.95,0.0,7
90162C,14,41.300000000000004,2.8,8.260000000000002,5,0.8366600265340756,4,0,0.0,2.95,0.0,3
90162D,10,29.500000000000004,3.3333333333333335,9.833333333333334,3,0.5773502691896257,4,0,0.0,2.95,0.0,3
90164A,13,25.349999999999998,6.5,12.674999999999999,2,0.7071067811865476,7,1,0.07692307692307693,1.95,0.0,3
90164B,26,50.699999999999996,13.0,25.349999999999998,2,8.48528137423857,19,1,0.038461538461538464,1.95,0.0,6
90165B,1,2.55,1.0,2.55,1,,1,0,0.0,2.55,,1
90166,14,58.9,2.8,11.78,5,1.3038404810405297,4,0,0.0,4.1875,0.0026785714285713844,4
90167,10,8.5,10.0,8.5,1,,10,0,0.0,0.85,,1
90168,6,17.700000000000003,6.0,17.700000000000003,1,,6,0,0.0,2.95,,1
90169,6,15.3,6.0,15.3,1,,6,0,0.0,2.55,,1
90170,46,75.9,9.2,15.180000000000001,5,5.630275304103699,15,0,0.0,1.6499999999999997,0.0,6
90173,16,60.0,8.0,30.0,2,5.656854249492381,12,0,0.0,3.75,0.0,3
90174,16,40.8,5.333333333333333,13.6,3,4.041451884327381,9,0,0.0,2.55,0.0,4
90177A,6,17.700000000000003,6.0,17.700000000000003,1,,6,0,0.0,2.95,,1
90177B,7,20.650000000000002,3.5,10.325000000000001,2,3.5355339059327378,6,0,0.0,2.95,0.0,2
90177C,13,38.35000000000001,4.333333333333333,12.783333333333337,3,2.886751345948129,6,0,0.0,2.9500000000000006,0.0,3
90177D,17,50.150000000000006,3.4,10.030000000000001,5,2.8809720581775866,7,0,0.0,2.9500000000000006,0.0,5
90177E,6,17.700000000000003,6.0,17.700000000000003,1,,6,0,0.0,2.95,,1
90179A,3,17.85,1.5,8.925,2,0.7071067811865476,2,0,0.0,5.95,0.0,2
90179C,1,5.95,1.0,5.95,1,,1,0,0.0,5.95,,1
90180A,6,17.700000000000003,6.0,17.700000000000003,1,,6,0,0.0,2.95,,1
90182C,6,17.700000000000003,6.0,17.700000000000003,1,,6,0,0.0,2.95,,1
90183A,20,59.00000000000001,6.666666666666667,19.666666666666668,3,9.814954576223638,18,0,0.0,2.95,0.0,5
90183C,1,2.95,1.0,2.95,1,,1,0,0.0,2.95,,1
90185A,22,93.5,5.5,23.375,4,4.795831523312719,12,0,0.0,4.25,0.0,5
90185B,13,55.25,4.333333333333333,18.416666666666668,3,2.886751345948129,6,0,0.0,4.25,0.0,3
90185C,21,89.25,7.0,29.75,3,4.58257569495584,12,0,0.0,4.25,0.0,5
90185D,32,136.0,8.0,34.0,4,2.8284271247461903,12,0,0.0,4.25,0.0,7
90186A,4,11.8,2.0,5.9,2,1.4142135623730951,3,0,0.0,2.9500000000000006,0.0,3
90186B,12,35.400000000000006,3.0,8.850000000000001,4,4.0,9,0,0.0,2.9500000000000006,0.0,6
90187B,4,13.4,4.0,13.4,1,,4,0,0.0,3.35,,1
90188,2,5.1,1.0,2.55,2,0.0,1,0,0.0,2.55,0.0,2
90190A,6,17.700000000000003,6.0,17.700000000000003,1,,6,0,0.0,2.95,,1
90190B,6,17.700000000000003,6.0,17.700000000000003,1,,6,0,0.0,2.95,,1
90190C,5,14.750000000000002,1.6666666666666667,4.916666666666667,3,1.1547005383792517,3,0,0.0,2.95,0.0,4
90191,17,50.150000000000006,8.5,25.075000000000003,2,3.5355339059327378,11,0,0.0,2.9500000000000006,0.0,3
90192,23,113.85,3.2857142857142856,16.264285714285712,7,1.7994708216848745,6,0,0.0,4.95,0.0,5
90194,12,51.0,2.4,10.2,5,1.6733200530681511,5,0,0.0,4.25,0.0,6
90195A,8,23.6,2.6666666666666665,7.866666666666667,3,2.8867513459481287,6,0,0.0,2.9500000000000006,0.0,3
90195B,1,2.95,1.0,2.95,1,,1,0,0.0,2.95,,1
90197B,3,14.85,3.0,14.85,1,,3,0,0.0,4.95,,1
90198A,34,144.5,4.25,18.0625,8,2.712405363721075,10,2,0.058823529411764705,4.25,0.0,8
90198B,30,127.5,3.0,12.75,10,2.70801280154532,10,2,0.06666666666666667,4.25,0.0,11
90199A,8,50.8,2.6666666666666665,16.933333333333334,3,1.1547005383792515,4,0,0.0,6.349999999999999,0.0,3
90199B,2,12.7,2.0,12.7,1,,2,0,0.0,6.35,,1
90199C,16,101.6,3.2,20.32,5,1.9235384061671346,6,0,0.0,6.35,0.0,7
90199D,2,12.7,1.0,6.35,2,0.0,1,0,0.0,6.35,0.0,2
90200A,41,174.25,4.555555555555555,19.36111111111111,9,4.503085362035432,15,3,0.07317073170731707,4.25,0.0,14
90200B,67,284.75,6.090909090909091,25.886363636363637,11,3.9611752158808997,15,3,0.04477611940298507,4.25,0.0,18
90200C,20,85.0,10.0,42.5,2,11.313708498984761,18,0,0.0,4.25,0.0,6
90200D,98,404.5,9.8,40.45,10,9.693067396627116,31,3,0.030612244897959183,4.229166666666667,0.010416666666666666,21
90200E,76,311.0,8.444444444444445,34.55555555555556,9,8.308295720409678,26,0,0.0,4.222222222222222,0.013888888888888892,15
90201A,47,138.65,9.4,27.73,5,9.235799911215054,25,0,0.0,2.95,0.0,11
90201B,64,188.80000000000004,9.142857142857142,26.97142857142858,7,7.358183005529092,24,0,0.0,2.95,0.0,9
90201C,52,153.40000000000003,10.4,30.680000000000007,5,6.465291950097845,19,0,0.0,2.9500000000000006,0.0,12
90201D,46,135.70000000000002,9.2,27.140000000000004,5,9.909591313469997,26,0,0.0,2.95,0.0,9
90202A,6,17.700000000000003,6.0,17.700000000000003,1,,6,0,0.0,2.95,,1
90202B,7,20.650000000000002,3.5,10.325000000000001,2,3.5355339059327378,6,0,0.0,2.95,0.0,2
90202C,7,20.650000000000002,3.5,10.325000000000001,2,3.5355339059327378,6,0,0.0,2.95,0.0,2
90202D,12,35.400000000000006,6.0,17.700000000000003,2,0.0,6,0,0.0,2.95,0.0,2
90204,17,56.95,4.25,14.2375,4,1.707825127659933,6,0,0.0,3.35,0.0,8
90205A,16,26.4,4.0,6.6,4,3.559026084010437,9,0,0.0,1.6499999999999997,0.0,6
90205C,6,9.899999999999999,2.0,3.2999999999999994,3,1.7320508075688772,4,0,0.0,1.6499999999999997,0.0,3
90206A,6,29.7,2.0,9.9,3,1.0,3,0,0.0,4.95,0.0,2
90206C,12,59.4,4.0,19.8,3,2.6457513110645907,7,0,0.0,4.95,0.0,6
90208,10,25.5,3.3333333333333335,8.5,3,2.516611478423583,6,0,0.0,2.55,0.0,4
90209A,62,120.75,20.666666666666668,40.25,3,12.741009902410928,29,0,0.0,2.0125,0.030625000000000013,3
90209B,74,136.5,14.8,27.3,5,15.801898620102586,36,0,0.0,2.0416666666666665,0.01856060606060607,7
90209C,108,198.45000000000002,18.0,33.075,6,15.697133496278868,36,0,0.0,2.0125,0.025056818181818194,8
90210A,26,35.9,13.0,17.95,2,15.556349186104045,24,0,0.0,1.8166666666666667,0.9633333333333334,3
90210B,40,58.6,10.0,14.65,4,3.265986323710904,14,0,0.0,2.016666666666667,1.053666666666667,6
90210C,61,74.65,20.333333333333332,24.883333333333336,3,18.502252115170556,39,0,0.0,1.49,0.6817500000000002,5
90210D,71,83.75,23.666666666666668,27.916666666666668,3,23.671361036774655,51,0,0.0,1.15,0.01875000000000001,4
90211A,5,29.75,2.5,14.875,2,0.7071067811865476,3,0,0.0,5.95,0.0,3
90211B,4,23.8,2.0,11.9,2,0.0,2,0,0.0,5.95,0.0,2
90212B,3,11.25,3.0,11.25,1,,3,0,0.0,3.75,,1
90212C,6,22.5,3.0,11.25,2,0.0,3,0,0.0,3.75,0.0,2
90214A,63,55.71,7.875,6.96375,8,8.492643875731515,24,1,0.015873015873015872,1.1128571428571428,0.12152967032967031,5
90214B,13,4.7299999999999995,6.5,2.3649999999999998,2,7.7781745930520225,12,0,0.0,0.77,0.4608,2
90214C,52,40.04,10.4,8.008,5,11.148990985734986,26,0,0.0,0.8233333333333334,0.256,7
90214D,39,25.71,6.5,4.285,6,8.916277250063503,24,0,0.0,0.9757142857142858,0.21942857142857145,5
90214E,41,27.25,10.25,6.8125,4,9.97914491994847,25,0,0.0,0.89,0.24685714285714289,6
90214F,13,3.7699999999999996,13.0,3.7699999999999996,1,,13,0,0.0,0.29,0.0,2
90214G,34,18.5,6.8,3.7,5,10.401922899156675,25,0,0.0,0.8385714285714286,0.2633142857142857,5
90214H,22,15.02,7.333333333333333,5.006666666666667,3,5.507570547286102,13,0,0.0,0.93,0.24576000000000003,4
90214I,25,18.77,12.5,9.385,2,0.7071067811865476,13,0,0.0,0.61,0.3072,3
90214J,23,17.23,5.75,4.3075,4,4.5,12,0,0.0,1.058,0.18431999999999998,3
90214K,47,34.75,6.714285714285714,4.964285714285714,7,8.240434570140211,25,0,0.0,1.01,0.18850909090909093,6
90214L,51,29.189999999999998,12.75,7.297499999999999,4,16.276260831857748,36,0,0.0,0.866,0.27648,4
90214M,27,22.23,6.75,5.5575,4,4.573474244670748,12,0,0.0,1.058,0.18431999999999998,3
90214N,18,10.02,4.5,2.505,4,5.686240703077327,13,2,0.1111111111111111,0.866,0.27648,3
90214O,12,3.4799999999999995,12.0,3.4799999999999995,1,,12,0,0.0,0.29,,1
90214P,28,11.0,7.0,2.75,4,12.0,25,0,0.0,0.77,0.27648,4
90214R,15,6.27,5.0,2.09,3,6.928203230275509,13,0,0.0,0.77,0.3072,3
90214S,40,26.0,13.333333333333334,8.666666666666666,3,11.06044001535804,25,0,0.0,0.77,0.27648,5
90214T,12,3.4799999999999995,12.0,3.4799999999999995,1,,12,0,0.0,0.29,,1
90214U,12,3.4799999999999995,12.0,3.4799999999999995,1,,12,0,0.0,0.29,,1
90214V,14,5.9799999999999995,4.666666666666667,1.9933333333333332,3,6.3508529610858835,12,0,0.0,0.93,0.3072,2
90214W,12,3.4799999999999995,12.0,3.4799999999999995,1,,12,0,0.0,0.29,,1
90214Y,40,12.559999999999999,20.0,6.279999999999999,2,26.870057685088806,39,0,0.0,0.61,0.3072,3
90214Z,12,3.4799999999999995,12.0,3.4799999999999995,1,,12,0,0.0,0.29,,1
BANK CHARGES,1,0.001,1.0,0.001,1,,1,0,0.0,0.001,,1
M,1337,1002.33,102.84615384615384,77.10230769230769,13,87.45841502665344,273,10,0.0074794315632011965,1.27,1.607622916666667,146
PADS,3,0.003,1.0,0.001,3,0.0,1,0,0.0,0.001,0.0,3
POST,20,55.27,2.0,5.527,10,1.3333333333333333,5,0,0.0,3.5192857142857146,3.8348225274725274,13
